object_id,timestamp,location,detected_type,speed_mps,accel,jerk,heading_deg,d_heading_deg,nn_dist_m,closing_rate_mps,ttc_s,rel_speed_mps,heading_diff_deg,zone_change,path_gap,certainty,is_confident,lat,lon
150558,2025-10-06 18:55:21.717000+00:00,foothill,Car,0.0,1.6500771,1.6500771,0.0,0.0,3.4879891872406006,0.0,inf,0.0,0.0,1,0,0.79,True,35.294167,-120.66764
150558,2025-10-06 18:55:21.789000+00:00,foothill,Car,0.0,1.6500771,1.6500771,0.0,0.0,3.4879891872406006,0.0,inf,0.0,0.0,0,0,0.79,True,35.294167,-120.66764
150558,2025-10-06 18:55:21.860000+00:00,foothill,Car,17.461601,1.6500771,1.6500771,90.0,90.0,2.801973581314087,2.643413543701172,inf,17.46160125732422,90.0,0,0,0.79,True,35.294167,-120.66763
150558,2025-10-06 18:55:21.922000+00:00,foothill,Car,0.0,1.6500771,1.6500771,0.0,-90.0,2.801973581314087,0.0,inf,0.0,0.0,0,0,0.79,True,35.294167,-120.66763
150558,2025-10-06 18:55:21.993000+00:00,foothill,Car,0.0,1.6500771,1.6500771,0.0,0.0,2.801973581314087,0.0,inf,0.0,0.0,0,0,0.79,True,35.294167,-120.66763
150558,2025-10-06 18:55:22.054000+00:00,foothill,Car,0.0,1.6500771,1.6500771,0.0,0.0,2.801973581314087,0.0,inf,0.0,0.0,0,0,0.79,True,35.294167,-120.66763
150558,2025-10-06 18:55:22.114000+00:00,foothill,Car,0.0,1.6500771,1.6500771,0.0,0.0,2.801973581314087,0.0,inf,0.0,0.0,0,0,0.79,True,35.294167,-120.66763
150558,2025-10-06 18:55:22.186000+00:00,foothill,Car,0.0,1.6500771,1.6500771,0.0,0.0,2.801973581314087,0.0,inf,0.0,0.0,0,0,0.79,True,35.294167,-120.66763
150558,2025-10-06 18:55:22.257000+00:00,foothill,Car,0.0,1.6500771,1.6500771,0.0,0.0,2.801973581314087,0.0,inf,0.0,0.0,0,0,0.79,True,35.294167,-120.66763
150558,2025-10-06 18:55:22.327000+00:00,foothill,Car,0.0,1.6500771,1.6500771,0.0,0.0,2.801973581314087,0.0,inf,0.0,0.0,0,0,0.79,True,35.294167,-120.66763
150558,2025-10-06 18:55:22.404000+00:00,foothill,Car,16.100956,1.6500771,1.6500771,270.0,-90.0,3.4879891872406006,-1.9580401182174683,1.781367540359497,16.100955963134766,90.0,0,0,0.79,True,35.294167,-120.66764
150558,2025-10-06 18:55:22.460000+00:00,foothill,Car,0.0,1.6500771,1.6500771,0.0,90.0,3.4879891872406006,0.0,inf,0.0,0.0,0,0,0.79,True,35.294167,-120.66764
150558,2025-10-06 18:55:22.520000+00:00,foothill,Car,20.662893,-5.1423974,-6.7924747,90.0,90.0,2.801973581314087,3.1280391216278076,inf,20.662893295288086,90.0,0,0,0.79,True,35.294167,-120.66763
150558,2025-10-06 18:55:22.604000+00:00,foothill,Car,0.0,-5.1423974,-6.7924747,0.0,-90.0,2.801973581314087,0.0,inf,0.0,0.0,0,0,0.79,True,35.294167,-120.66763
150558,2025-10-06 18:55:22.653000+00:00,foothill,Car,0.0,-5.1423974,-6.7924747,0.0,0.0,2.801973581314087,0.0,inf,0.0,0.0,0,0,0.79,True,35.294167,-120.66763
150558,2025-10-06 18:55:22.725000+00:00,foothill,Car,0.0,-5.1423974,-6.7924747,0.0,0.0,2.801973581314087,0.0,inf,0.0,0.0,0,0,0.79,True,35.294167,-120.66763
150558,2025-10-06 18:55:22.786000+00:00,foothill,Car,0.0,-5.1423974,-6.7924747,0.0,0.0,2.801973581314087,0.0,inf,0.0,0.0,0,0,0.79,True,35.294167,-120.66763
150558,2025-10-06 18:55:22.867000+00:00,foothill,Car,0.0,-5.1423974,-6.7924747,0.0,0.0,2.801973581314087,0.0,inf,0.0,0.0,0,0,0.79,True,35.294167,-120.66763
150558,2025-10-06 18:55:22.919000+00:00,foothill,Car,23.8418,-5.1423974,-6.7924747,270.0,-90.0,3.4879891872406006,-2.8994057178497314,1.2030013799667358,23.841800689697266,90.0,0,0,0.79,True,35.294167,-120.66764
150558,2025-10-06 18:55:22.994000+00:00,foothill,Car,16.530315,-5.1423974,-6.7924747,90.0,-180.0,2.801973581314087,2.5024313926696777,inf,16.530315399169922,90.0,0,0,0.79,True,35.294167,-120.66763
150558,2025-10-06 18:55:23.055000+00:00,foothill,Car,0.0,-5.1423974,-6.7924747,0.0,-90.0,2.801973581314087,0.0,inf,0.0,0.0,0,0,0.79,True,35.294167,-120.66763
150558,2025-10-06 18:55:23.115000+00:00,foothill,Car,0.0,-5.1423974,-6.7924747,0.0,0.0,2.801973581314087,0.0,inf,0.0,0.0,0,0,0.79,True,35.294167,-120.66763
150558,2025-10-06 18:55:23.187000+00:00,foothill,Car,0.0,-5.1423974,-6.7924747,0.0,0.0,2.801973581314087,0.0,inf,0.0,0.0,0,0,0.79,True,35.294167,-120.66763
150558,2025-10-06 18:55:24.458000+00:00,foothill,Car,0.0,4.1984177,9.340815,0.0,0.0,2.801973581314087,0.0,inf,0.0,0.0,0,0,0.79,True,35.294167,-120.66763
150558,2025-10-06 18:55:24.519000+00:00,foothill,Car,20.324158,-4.1984177,-8.396835,270.0,-90.0,3.4879891872406006,-2.4716243743896484,1.4112132787704468,20.32415771484375,90.0,0,0,0.79,True,35.294167,-120.66764
150558,2025-10-06 18:55:24.590000+00:00,foothill,Car,17.461601,-4.1984177,-8.396835,90.0,-180.0,2.801973581314087,2.643413543701172,inf,17.46160125732422,90.0,0,0,0.79,True,35.294167,-120.66763
150558,2025-10-06 18:55:24.650000+00:00,foothill,Car,0.0,-4.1984177,-8.396835,0.0,-90.0,2.801973581314087,0.0,inf,0.0,0.0,0,0,0.79,True,35.294167,-120.66763
150558,2025-10-06 18:55:24.721000+00:00,foothill,Car,0.0,-4.1984177,-8.396835,0.0,0.0,2.801973581314087,0.0,inf,0.0,0.0,0,0,0.79,True,35.294167,-120.66763
150558,2025-10-06 18:55:24.793000+00:00,foothill,Car,0.0,-4.1984177,-8.396835,0.0,0.0,2.801973581314087,0.0,inf,0.0,0.0,0,0,0.79,True,35.294167,-120.66763
150558,2025-10-06 18:55:24.854000+00:00,foothill,Car,0.0,-4.1984177,-8.396835,0.0,0.0,2.801973581314087,0.0,inf,0.0,0.0,0,0,0.79,True,35.294167,-120.66763
150558,2025-10-06 18:55:24.925000+00:00,foothill,Car,0.0,-4.1984177,-8.396835,0.0,0.0,2.801973581314087,0.0,inf,0.0,0.0,0,0,0.79,True,35.294167,-120.66763
150558,2025-10-06 18:55:24.996000+00:00,foothill,Car,0.0,-4.1984177,-8.396835,0.0,0.0,2.801973581314087,0.0,inf,0.0,0.0,0,0,0.79,True,35.294167,-120.66763
150558,2025-10-06 18:55:25.067000+00:00,foothill,Car,0.0,-4.1984177,-8.396835,0.0,0.0,2.801973581314087,0.0,inf,0.0,0.0,0,0,0.79,True,35.294167,-120.66763
150558,2025-10-06 18:55:25.127000+00:00,foothill,Car,0.0,-4.1984177,-8.396835,0.0,0.0,2.801973581314087,0.0,inf,0.0,0.0,0,0,0.79,True,35.294167,-120.66763
150558,2025-10-06 18:55:25.189000+00:00,foothill,Car,0.0,-4.1984177,-8.396835,0.0,0.0,2.801973581314087,0.0,inf,0.0,0.0,0,0,0.79,True,35.294167,-120.66763
150558,2025-10-06 18:55:25.251000+00:00,foothill,Car,0.0,-4.1984177,-8.396835,0.0,0.0,2.801973581314087,0.0,inf,0.0,0.0,0,0,0.79,True,35.294167,-120.66763
150558,2025-10-06 18:55:25.322000+00:00,foothill,Car,0.0,-4.1984177,-8.396835,0.0,0.0,2.801973581314087,0.0,inf,0.0,0.0,0,0,0.79,True,35.294167,-120.66763
150558,2025-10-06 18:55:25.393000+00:00,foothill,Car,0.0,-4.1984177,-8.396835,0.0,0.0,2.801973581314087,0.0,inf,0.0,0.0,0,0,0.79,True,35.294167,-120.66763
150558,2025-10-06 18:55:25.464000+00:00,foothill,Car,0.0,-4.1984177,-8.396835,0.0,0.0,2.801973581314087,0.0,inf,0.0,0.0,0,0,0.79,True,35.294167,-120.66763
150558,2025-10-06 18:55:25.525000+00:00,foothill,Car,0.0,0.0,4.1984177,0.0,0.0,2.801973581314087,0.0,inf,0.0,0.0,0,0,0.79,True,35.294167,-120.66763
150558,2025-10-06 18:55:25.587000+00:00,foothill,Car,0.0,0.0,4.1984177,0.0,0.0,2.801973581314087,0.0,inf,0.0,0.0,0,0,0.79,True,35.294167,-120.66763
150558,2025-10-06 18:55:25.658000+00:00,foothill,Car,0.0,0.0,4.1984177,0.0,0.0,2.801973581314087,0.0,inf,0.0,0.0,0,0,0.79,True,35.294167,-120.66763
150558,2025-10-06 18:55:25.719000+00:00,foothill,Car,0.0,0.0,4.1984177,0.0,0.0,2.801973581314087,0.0,inf,0.0,0.0,0,0,0.79,True,35.294167,-120.66763
150558,2025-10-06 18:55:25.794000+00:00,foothill,Car,0.0,0.0,4.1984177,0.0,0.0,2.801973581314087,0.0,inf,0.0,0.0,0,0,0.79,True,35.294167,-120.66763
150558,2025-10-06 18:55:25.852000+00:00,foothill,Car,0.0,0.0,4.1984177,0.0,0.0,2.801973581314087,0.0,inf,0.0,0.0,0,0,0.79,True,35.294167,-120.66763
150558,2025-10-06 18:55:25.922000+00:00,foothill,Car,0.0,0.0,4.1984177,0.0,0.0,2.801973581314087,0.0,inf,0.0,0.0,0,0,0.79,True,35.294167,-120.66763
150558,2025-10-06 18:55:25.995000+00:00,foothill,Car,0.0,0.0,4.1984177,0.0,0.0,2.801973581314087,0.0,inf,0.0,0.0,0,0,0.79,True,35.294167,-120.66763
150558,2025-10-06 18:55:26.056000+00:00,foothill,Car,0.0,0.0,4.1984177,0.0,0.0,2.801973581314087,0.0,inf,0.0,0.0,0,0,0.79,True,35.294167,-120.66763
150558,2025-10-06 18:55:26.127000+00:00,foothill,Car,0.0,0.0,4.1984177,0.0,0.0,2.801973581314087,0.0,inf,0.0,0.0,0,0,0.79,True,35.294167,-120.66763
150558,2025-10-06 18:55:26.188000+00:00,foothill,Car,0.0,0.0,4.1984177,0.0,0.0,2.801973581314087,0.0,inf,0.0,0.0,0,0,0.79,True,35.294167,-120.66763
150558,2025-10-06 18:55:26.250000+00:00,foothill,Car,0.0,0.0,4.1984177,0.0,0.0,2.801973581314087,0.0,inf,0.0,0.0,0,0,0.79,True,35.294167,-120.66763
150558,2025-10-06 18:55:26.322000+00:00,foothill,Car,0.0,0.0,4.1984177,0.0,0.0,2.801973581314087,0.0,inf,0.0,0.0,0,0,0.8,True,35.294167,-120.66763
150558,2025-10-06 18:55:26.393000+00:00,foothill,Car,0.0,0.0,4.1984177,0.0,0.0,2.801973581314087,0.0,inf,0.0,0.0,0,0,0.8,True,35.294167,-120.66763
150558,2025-10-06 18:55:26.464000+00:00,foothill,Car,0.0,0.0,4.1984177,0.0,0.0,2.801973581314087,0.0,inf,0.0,0.0,0,0,0.8,True,35.294167,-120.66763
150558,2025-10-06 18:55:26.514000+00:00,foothill,Car,0.0,0.0,0.0,0.0,0.0,2.801973581314087,0.0,inf,0.0,0.0,0,0,0.8,True,35.294167,-120.66763
150558,2025-10-06 18:55:26.595000+00:00,foothill,Car,0.0,0.0,0.0,0.0,0.0,2.801973581314087,0.0,inf,0.0,0.0,0,0,0.8,True,35.294167,-120.66763
150558,2025-10-06 18:55:26.657000+00:00,foothill,Car,0.0,0.0,0.0,0.0,0.0,2.801973581314087,0.0,inf,0.0,0.0,0,0,0.8,True,35.294167,-120.66763
150558,2025-10-06 18:55:26.728000+00:00,foothill,Car,0.0,0.0,0.0,0.0,0.0,2.801973581314087,0.0,inf,0.0,0.0,0,0,0.8,True,35.294167,-120.66763
150558,2025-10-06 18:55:26.789000+00:00,foothill,Car,0.0,0.0,0.0,0.0,0.0,2.801973581314087,0.0,inf,0.0,0.0,0,0,0.8,True,35.294167,-120.66763
150558,2025-10-06 18:55:26.860000+00:00,foothill,Car,0.0,0.0,0.0,0.0,0.0,2.801973581314087,0.0,inf,0.0,0.0,0,0,0.8,True,35.294167,-120.66763
150558,2025-10-06 18:55:26.921000+00:00,foothill,Car,0.0,0.0,0.0,0.0,0.0,2.801973581314087,0.0,inf,0.0,0.0,0,0,0.8,True,35.294167,-120.66763
150558,2025-10-06 18:55:26.992000+00:00,foothill,Car,0.0,0.0,0.0,0.0,0.0,2.801973581314087,0.0,inf,0.0,0.0,0,0,0.8,True,35.294167,-120.66763
150558,2025-10-06 18:55:27.063000+00:00,foothill,Car,0.0,0.0,0.0,0.0,0.0,2.801973581314087,0.0,inf,0.0,0.0,0,0,0.8,True,35.294167,-120.66763
150558,2025-10-06 18:55:27.123000+00:00,foothill,Car,0.0,0.0,0.0,0.0,0.0,2.801973581314087,0.0,inf,0.0,0.0,0,0,0.8,True,35.294167,-120.66763
150558,2025-10-06 18:55:27.186000+00:00,foothill,Car,0.0,0.0,0.0,0.0,0.0,2.801973581314087,0.0,inf,0.0,0.0,0,0,0.8,True,35.294167,-120.66763
150558,2025-10-06 18:55:27.257000+00:00,foothill,Car,0.0,0.0,0.0,0.0,0.0,2.801973581314087,0.0,inf,0.0,0.0,0,0,0.8,True,35.294167,-120.66763
150558,2025-10-06 18:55:27.318000+00:00,foothill,Car,0.0,0.0,0.0,0.0,0.0,2.801973581314087,0.0,inf,0.0,0.0,0,0,0.8,True,35.294167,-120.66763
150558,2025-10-06 18:55:27.389000+00:00,foothill,Car,0.0,0.0,0.0,0.0,0.0,2.801973581314087,0.0,inf,0.0,0.0,0,0,0.8,True,35.294167,-120.66763
150558,2025-10-06 18:55:27.460000+00:00,foothill,Car,0.0,0.0,0.0,0.0,0.0,2.801973581314087,0.0,inf,0.0,0.0,0,0,0.8,True,35.294167,-120.66763
150558,2025-10-06 18:55:27.521000+00:00,foothill,Car,0.0,0.0,0.0,0.0,0.0,2.801973581314087,0.0,inf,0.0,0.0,0,0,0.8,True,35.294167,-120.66763
150558,2025-10-06 18:55:27.596000+00:00,foothill,Car,0.0,0.0,0.0,0.0,0.0,2.801973581314087,0.0,inf,0.0,0.0,0,0,0.8,True,35.294167,-120.66763
150558,2025-10-06 18:55:27.662000+00:00,foothill,Car,0.0,0.0,0.0,0.0,0.0,2.801973581314087,0.0,inf,0.0,0.0,0,0,0.8,True,35.294167,-120.66763
150558,2025-10-06 18:55:27.723000+00:00,foothill,Car,0.0,0.0,0.0,0.0,0.0,2.801973581314087,0.0,inf,0.0,0.0,0,0,0.8,True,35.294167,-120.66763
150558,2025-10-06 18:55:27.794000+00:00,foothill,Car,0.0,0.0,0.0,0.0,0.0,2.801973581314087,0.0,inf,0.0,0.0,0,0,0.8,True,35.294167,-120.66763
150558,2025-10-06 18:55:27.854000+00:00,foothill,Car,0.0,0.0,0.0,0.0,0.0,2.801973581314087,0.0,inf,0.0,0.0,0,0,0.8,True,35.294167,-120.66763
150558,2025-10-06 18:55:27.936000+00:00,foothill,Car,0.0,0.0,0.0,0.0,0.0,2.801973581314087,0.0,inf,0.0,0.0,0,0,0.8,True,35.294167,-120.66763
150558,2025-10-06 18:55:28.008000+00:00,foothill,Car,0.0,0.0,0.0,0.0,0.0,2.801973581314087,0.0,inf,0.0,0.0,0,0,0.8,True,35.294167,-120.66763
150558,2025-10-06 18:55:28.058000+00:00,foothill,Car,0.0,0.0,0.0,0.0,0.0,2.801973581314087,0.0,inf,0.0,0.0,0,0,0.79,True,35.294167,-120.66763
150558,2025-10-06 18:55:28.129000+00:00,foothill,Car,0.0,0.0,0.0,0.0,0.0,2.801973581314087,0.0,inf,0.0,0.0,0,0,0.79,True,35.294167,-120.66763
150558,2025-10-06 18:55:28.190000+00:00,foothill,Car,0.0,0.0,0.0,0.0,0.0,2.801973581314087,0.0,inf,0.0,0.0,0,0,0.79,True,35.294167,-120.66763
150558,2025-10-06 18:55:28.251000+00:00,foothill,Car,0.0,0.0,0.0,0.0,0.0,2.801973581314087,0.0,inf,0.0,0.0,0,0,0.79,True,35.294167,-120.66763
150558,2025-10-06 18:55:28.322000+00:00,foothill,Car,0.0,0.0,0.0,0.0,0.0,2.801973581314087,0.0,inf,0.0,0.0,0,0,0.79,True,35.294167,-120.66763
150558,2025-10-06 18:55:28.388000+00:00,foothill,Car,0.0,0.0,0.0,0.0,0.0,2.801973581314087,0.0,inf,0.0,0.0,0,0,0.79,True,35.294167,-120.66763
150558,2025-10-06 18:55:28.449000+00:00,foothill,Car,0.0,0.0,0.0,0.0,0.0,2.801973581314087,0.0,inf,0.0,0.0,0,0,0.79,True,35.294167,-120.66763
150558,2025-10-06 18:55:28.520000+00:00,foothill,Car,0.0,0.0,0.0,0.0,0.0,2.801973581314087,0.0,inf,0.0,0.0,0,0,0.79,True,35.294167,-120.66763
150558,2025-10-06 18:55:28.591000+00:00,foothill,Car,0.0,0.0,0.0,0.0,0.0,2.801973581314087,0.0,inf,0.0,0.0,0,0,0.79,True,35.294167,-120.66763
150558,2025-10-06 18:55:28.653000+00:00,foothill,Car,0.0,0.0,0.0,0.0,0.0,2.801973581314087,0.0,inf,0.0,0.0,0,0,0.79,True,35.294167,-120.66763
150558,2025-10-06 18:55:28.724000+00:00,foothill,Car,0.0,0.0,0.0,0.0,0.0,2.801973581314087,0.0,inf,0.0,0.0,0,0,0.79,True,35.294167,-120.66763
150558,2025-10-06 18:55:28.795000+00:00,foothill,Car,0.0,0.0,0.0,0.0,0.0,2.801973581314087,0.0,inf,0.0,0.0,0,0,0.79,True,35.294167,-120.66763
150558,2025-10-06 18:55:28.856000+00:00,foothill,Car,0.0,0.0,0.0,0.0,0.0,2.801973581314087,0.0,inf,0.0,0.0,0,0,0.8,True,35.294167,-120.66763
150558,2025-10-06 18:55:28.917000+00:00,foothill,Car,0.0,0.0,0.0,0.0,0.0,2.801973581314087,0.0,inf,0.0,0.0,0,0,0.8,True,35.294167,-120.66763
150558,2025-10-06 18:55:28.999000+00:00,foothill,Car,0.0,0.0,0.0,0.0,0.0,2.801973581314087,0.0,inf,0.0,0.0,0,0,0.79,True,35.294167,-120.66763
150558,2025-10-06 18:55:29.060000+00:00,foothill,Car,0.0,0.0,0.0,0.0,0.0,2.801973581314087,0.0,inf,0.0,0.0,0,0,0.79,True,35.294167,-120.66763
150558,2025-10-06 18:55:29.121000+00:00,foothill,Car,0.0,0.0,0.0,0.0,0.0,2.801973581314087,0.0,inf,0.0,0.0,0,0,0.8,True,35.294167,-120.66763
150558,2025-10-06 18:55:29.193000+00:00,foothill,Car,0.0,0.0,0.0,0.0,0.0,2.801973581314087,0.0,inf,0.0,0.0,0,0,0.79,True,35.294167,-120.66763
150558,2025-10-06 18:55:29.284000+00:00,foothill,Car,0.0,0.0,0.0,0.0,0.0,2.801973581314087,0.0,inf,0.0,0.0,0,0,0.79,True,35.294167,-120.66763
150558,2025-10-06 18:55:31.073000+00:00,foothill,Car,0.0,0.0,0.0,0.0,0.0,2.801973581314087,0.0,inf,0.0,0.0,0,0,0.8,True,35.294167,-120.66763
150558,2025-10-06 18:55:32.122000+00:00,foothill,Car,0.0,0.0,0.0,0.0,0.0,2.801973581314087,0.0,inf,0.0,0.0,0,0,0.8,True,35.294167,-120.66763
150558,2025-10-06 18:55:32.193000+00:00,foothill,Car,0.0,0.0,0.0,0.0,0.0,2.801973581314087,0.0,inf,0.0,0.0,0,0,0.8,True,35.294167,-120.66763
150558,2025-10-06 18:55:32.265000+00:00,foothill,Car,0.0,0.0,0.0,0.0,0.0,2.801973581314087,0.0,inf,0.0,0.0,0,0,0.8,True,35.294167,-120.66763
150558,2025-10-06 18:55:32.325000+00:00,foothill,Car,0.0,0.0,0.0,0.0,0.0,2.801973581314087,0.0,inf,0.0,0.0,0,0,0.8,True,35.294167,-120.66763
150558,2025-10-06 18:55:32.396000+00:00,foothill,Car,0.0,0.0,0.0,0.0,0.0,2.801973581314087,0.0,inf,0.0,0.0,0,0,0.8,True,35.294167,-120.66763
150558,2025-10-06 18:55:32.458000+00:00,foothill,Car,0.0,0.0,0.0,0.0,0.0,2.801973581314087,0.0,inf,0.0,0.0,0,0,0.8,True,35.294167,-120.66763
150558,2025-10-06 18:55:32.529000+00:00,foothill,Car,0.0,0.0,0.0,0.0,0.0,2.801973581314087,0.0,inf,0.0,0.0,0,0,0.8,True,35.294167,-120.66763
150558,2025-10-06 18:55:32.590000+00:00,foothill,Car,0.0,0.0,0.0,0.0,0.0,2.801973581314087,0.0,inf,0.0,0.0,0,0,0.8,True,35.294167,-120.66763
150558,2025-10-06 18:55:32.651000+00:00,foothill,Car,0.0,0.0,0.0,0.0,0.0,2.801973581314087,0.0,inf,0.0,0.0,0,0,0.8,True,35.294167,-120.66763
150558,2025-10-06 18:55:32.732000+00:00,foothill,Car,0.0,0.0,0.0,0.0,0.0,2.801973581314087,0.0,inf,0.0,0.0,0,0,0.8,True,35.294167,-120.66763
150558,2025-10-06 18:55:32.793000+00:00,foothill,Car,0.0,0.0,0.0,0.0,0.0,2.801973581314087,0.0,inf,0.0,0.0,0,0,0.8,True,35.294167,-120.66763
150558,2025-10-06 18:55:32.855000+00:00,foothill,Car,0.0,0.0,0.0,0.0,0.0,2.801973581314087,0.0,inf,0.0,0.0,0,0,0.8,True,35.294167,-120.66763
150558,2025-10-06 18:55:32.926000+00:00,foothill,Car,0.0,0.0,0.0,0.0,0.0,2.801973581314087,0.0,inf,0.0,0.0,0,0,0.8,True,35.294167,-120.66763
150558,2025-10-06 18:55:32.986000+00:00,foothill,Car,0.0,0.0,0.0,0.0,0.0,2.801973581314087,0.0,inf,0.0,0.0,0,0,0.8,True,35.294167,-120.66763
150558,2025-10-06 18:55:33.057000+00:00,foothill,Car,0.0,0.0,0.0,0.0,0.0,2.801973581314087,0.0,inf,0.0,0.0,0,0,0.8,True,35.294167,-120.66763
150558,2025-10-06 18:55:33.128000+00:00,foothill,Car,0.0,0.0,0.0,0.0,0.0,2.801973581314087,0.0,inf,0.0,0.0,0,0,0.8,True,35.294167,-120.66763
150558,2025-10-06 18:55:33.189000+00:00,foothill,Car,0.0,0.0,0.0,0.0,0.0,2.801973581314087,0.0,inf,0.0,0.0,0,0,0.8,True,35.294167,-120.66763
150558,2025-10-06 18:55:33.260000+00:00,foothill,Car,0.0,0.0,0.0,0.0,0.0,2.801973581314087,0.0,inf,0.0,0.0,0,0,0.8,True,35.294167,-120.66763
150558,2025-10-06 18:55:33.321000+00:00,foothill,Car,0.0,0.0,0.0,0.0,0.0,2.801973581314087,0.0,inf,0.0,0.0,0,0,0.8,True,35.294167,-120.66763
150558,2025-10-06 18:55:33.392000+00:00,foothill,Car,0.0,0.0,0.0,0.0,0.0,2.801973581314087,0.0,inf,0.0,0.0,0,0,0.8,True,35.294167,-120.66763
150558,2025-10-06 18:55:33.453000+00:00,foothill,Car,0.0,0.0,0.0,0.0,0.0,2.801973581314087,0.0,inf,0.0,0.0,0,0,0.8,True,35.294167,-120.66763
150558,2025-10-06 18:55:33.524000+00:00,foothill,Car,0.0,0.0,0.0,0.0,0.0,2.801973581314087,0.0,inf,0.0,0.0,0,0,0.8,True,35.294167,-120.66763
150558,2025-10-06 18:55:33.585000+00:00,foothill,Car,0.0,0.0,0.0,0.0,0.0,2.801973581314087,0.0,inf,0.0,0.0,0,0,0.8,True,35.294167,-120.66763
150558,2025-10-06 18:55:33.656000+00:00,foothill,Car,0.0,0.0,0.0,0.0,0.0,2.801973581314087,0.0,inf,0.0,0.0,0,0,0.8,True,35.294167,-120.66763
150558,2025-10-06 18:55:33.717000+00:00,foothill,Car,0.0,0.0,0.0,0.0,0.0,2.801973581314087,0.0,inf,0.0,0.0,0,0,0.8,True,35.294167,-120.66763
150558,2025-10-06 18:55:33.777000+00:00,foothill,Car,0.0,0.0,0.0,0.0,0.0,2.801973581314087,0.0,inf,0.0,0.0,0,0,0.8,True,35.294167,-120.66763
150558,2025-10-06 18:55:33.859000+00:00,foothill,Car,0.0,0.0,0.0,0.0,0.0,2.801973581314087,0.0,inf,0.0,0.0,0,0,0.8,True,35.294167,-120.66763
150558,2025-10-06 18:55:33.930000+00:00,foothill,Car,0.0,0.0,0.0,0.0,0.0,2.801973581314087,0.0,inf,0.0,0.0,0,0,0.8,True,35.294167,-120.66763
150558,2025-10-06 18:55:33.995000+00:00,foothill,Car,0.0,0.0,0.0,0.0,0.0,2.801973581314087,0.0,inf,0.0,0.0,0,0,0.8,True,35.294167,-120.66763
150558,2025-10-06 18:55:34.055000+00:00,foothill,Car,0.0,0.0,0.0,0.0,0.0,2.801973581314087,0.0,inf,0.0,0.0,0,0,0.8,True,35.294167,-120.66763
150558,2025-10-06 18:55:34.126000+00:00,foothill,Car,0.0,0.0,0.0,0.0,0.0,2.801973581314087,0.0,inf,0.0,0.0,0,0,0.8,True,35.294167,-120.66763
150558,2025-10-06 18:55:34.187000+00:00,foothill,Car,0.0,0.0,0.0,0.0,0.0,2.801973581314087,0.0,inf,0.0,0.0,0,0,0.8,True,35.294167,-120.66763
150558,2025-10-06 18:55:34.258000+00:00,foothill,Car,0.0,0.0,0.0,0.0,0.0,2.801973581314087,0.0,inf,0.0,0.0,0,0,0.8,True,35.294167,-120.66763
150558,2025-10-06 18:55:34.319000+00:00,foothill,Car,0.0,0.0,0.0,0.0,0.0,2.801973581314087,0.0,inf,0.0,0.0,0,0,0.8,True,35.294167,-120.66763
150558,2025-10-06 18:55:34.390000+00:00,foothill,Car,0.0,0.0,0.0,0.0,0.0,2.801973581314087,0.0,inf,0.0,0.0,0,0,0.8,True,35.294167,-120.66763
150558,2025-10-06 18:55:34.451000+00:00,foothill,Car,0.0,0.0,0.0,0.0,0.0,2.801973581314087,0.0,inf,0.0,0.0,0,0,0.8,True,35.294167,-120.66763
150558,2025-10-06 18:55:34.522000+00:00,foothill,Car,0.0,0.0,0.0,0.0,0.0,2.801973581314087,0.0,inf,0.0,0.0,0,0,0.8,True,35.294167,-120.66763
150558,2025-10-06 18:55:34.603000+00:00,foothill,Car,0.0,0.0,0.0,0.0,0.0,2.801973581314087,0.0,inf,0.0,0.0,0,0,0.8,True,35.294167,-120.66763
150558,2025-10-06 18:55:34.664000+00:00,foothill,Car,0.0,0.0,0.0,0.0,0.0,2.801973581314087,0.0,inf,0.0,0.0,0,0,0.8,True,35.294167,-120.66763
150558,2025-10-06 18:55:34.715000+00:00,foothill,Car,0.0,0.0,0.0,0.0,0.0,2.801973581314087,0.0,inf,0.0,0.0,0,0,0.8,True,35.294167,-120.66763
150558,2025-10-06 18:55:34.797000+00:00,foothill,Car,0.0,0.0,0.0,0.0,0.0,2.801973581314087,0.0,inf,0.0,0.0,0,0,0.8,True,35.294167,-120.66763
150558,2025-10-06 18:55:34.858000+00:00,foothill,Car,0.0,0.0,0.0,0.0,0.0,2.801973581314087,0.0,inf,0.0,0.0,0,0,0.8,True,35.294167,-120.66763
150558,2025-10-06 18:55:34.919000+00:00,foothill,Car,0.0,0.0,0.0,0.0,0.0,2.801973581314087,0.0,inf,0.0,0.0,0,0,0.81,True,35.294167,-120.66763
150558,2025-10-06 18:55:35+00:00,foothill,Car,0.0,0.0,0.0,0.0,0.0,2.801973581314087,0.0,inf,0.0,0.0,0,0,0.81,True,35.294167,-120.66763
150558,2025-10-06 18:55:35.061000+00:00,foothill,Car,0.0,0.0,0.0,0.0,0.0,2.801973581314087,0.0,inf,0.0,0.0,0,0,0.81,True,35.294167,-120.66763
150558,2025-10-06 18:55:35.122000+00:00,foothill,Car,0.0,0.0,0.0,0.0,0.0,2.801973581314087,0.0,inf,0.0,0.0,0,0,0.81,True,35.294167,-120.66763
150558,2025-10-06 18:55:35.193000+00:00,foothill,Car,0.0,0.0,0.0,0.0,0.0,2.801973581314087,0.0,inf,0.0,0.0,0,0,0.81,True,35.294167,-120.66763
150558,2025-10-06 18:55:35.254000+00:00,foothill,Car,0.0,0.0,0.0,0.0,0.0,2.801973581314087,0.0,inf,0.0,0.0,0,0,0.81,True,35.294167,-120.66763
150558,2025-10-06 18:55:35.325000+00:00,foothill,Car,0.0,0.0,0.0,0.0,0.0,2.801973581314087,0.0,inf,0.0,0.0,0,0,0.81,True,35.294167,-120.66763
150558,2025-10-06 18:55:35.397000+00:00,foothill,Car,0.0,0.0,0.0,0.0,0.0,2.801973581314087,0.0,inf,0.0,0.0,0,0,0.81,True,35.294167,-120.66763
150558,2025-10-06 18:55:35.447000+00:00,foothill,Car,0.0,0.0,0.0,0.0,0.0,2.801973581314087,0.0,inf,0.0,0.0,0,0,0.81,True,35.294167,-120.66763
150558,2025-10-06 18:55:35.518000+00:00,foothill,Car,0.0,0.0,0.0,0.0,0.0,2.801973581314087,0.0,inf,0.0,0.0,0,0,0.81,True,35.294167,-120.66763
150558,2025-10-06 18:55:35.589000+00:00,foothill,Car,0.0,0.0,0.0,0.0,0.0,2.801973581314087,0.0,inf,0.0,0.0,0,0,0.81,True,35.294167,-120.66763
150558,2025-10-06 18:55:35.650000+00:00,foothill,Car,0.0,0.0,0.0,0.0,0.0,2.801973581314087,0.0,inf,0.0,0.0,0,0,0.81,True,35.294167,-120.66763
150558,2025-10-06 18:55:35.721000+00:00,foothill,Car,0.0,0.0,0.0,0.0,0.0,2.801973581314087,0.0,inf,0.0,0.0,0,0,0.81,True,35.294167,-120.66763
150558,2025-10-06 18:55:35.792000+00:00,foothill,Car,0.0,0.0,0.0,0.0,0.0,2.801973581314087,0.0,inf,0.0,0.0,0,0,0.81,True,35.294167,-120.66763
150558,2025-10-06 18:55:35.863000+00:00,foothill,Car,0.0,0.0,0.0,0.0,0.0,2.801973581314087,0.0,inf,0.0,0.0,0,0,0.81,True,35.294167,-120.66763
150642,2025-10-06 18:55:21.717000+00:00,foothill,Car,0.0,0.0,0.0,0.0,0.0,2.8966925144195557,0.0,inf,0.0,0.0,1,0,0.98,True,35.294174,-120.66768
150642,2025-10-06 18:55:21.789000+00:00,foothill,Car,0.0,0.0,0.0,0.0,0.0,2.8966925144195557,0.0,inf,0.0,0.0,0,0,0.98,True,35.294174,-120.66768
150642,2025-10-06 18:55:21.860000+00:00,foothill,Car,0.0,0.0,0.0,0.0,0.0,2.8966925144195557,0.0,inf,0.0,0.0,0,0,0.98,True,35.294174,-120.66768
150642,2025-10-06 18:55:21.922000+00:00,foothill,Car,0.0,0.0,0.0,0.0,0.0,2.8966925144195557,0.0,inf,0.0,0.0,0,0,0.98,True,35.294174,-120.66768
150642,2025-10-06 18:55:21.993000+00:00,foothill,Car,0.0,0.0,0.0,0.0,0.0,2.8966925144195557,0.0,inf,0.0,0.0,0,0,0.98,True,35.294174,-120.66768
150642,2025-10-06 18:55:22.054000+00:00,foothill,Car,0.0,0.0,0.0,0.0,0.0,2.8966925144195557,0.0,inf,0.0,0.0,0,0,0.98,True,35.294174,-120.66768
150642,2025-10-06 18:55:22.114000+00:00,foothill,Car,0.0,0.0,0.0,0.0,0.0,2.8966925144195557,0.0,inf,0.0,0.0,0,0,0.98,True,35.294174,-120.66768
150642,2025-10-06 18:55:22.186000+00:00,foothill,Car,0.0,0.0,0.0,0.0,0.0,2.8966925144195557,0.0,inf,0.0,0.0,0,0,0.98,True,35.294174,-120.66768
150642,2025-10-06 18:55:22.257000+00:00,foothill,Car,0.0,0.0,0.0,0.0,0.0,2.8966925144195557,0.0,inf,0.0,0.0,0,0,0.98,True,35.294174,-120.66768
150642,2025-10-06 18:55:22.327000+00:00,foothill,Car,0.0,0.0,0.0,0.0,0.0,2.8966925144195557,0.0,inf,0.0,0.0,0,0,0.98,True,35.294174,-120.66768
150642,2025-10-06 18:55:22.404000+00:00,foothill,Car,0.0,0.0,0.0,0.0,0.0,2.8966925144195557,0.0,inf,0.0,0.0,0,0,0.98,True,35.294174,-120.66768
150642,2025-10-06 18:55:22.460000+00:00,foothill,Car,0.0,0.0,0.0,0.0,0.0,2.8966925144195557,0.0,inf,0.0,0.0,0,0,0.98,True,35.294174,-120.66768
150642,2025-10-06 18:55:22.520000+00:00,foothill,Car,0.0,0.0,0.0,0.0,0.0,2.8966925144195557,0.0,inf,0.0,0.0,0,0,0.98,True,35.294174,-120.66768
150642,2025-10-06 18:55:22.604000+00:00,foothill,Car,0.0,0.0,0.0,0.0,0.0,2.8966925144195557,0.0,inf,0.0,0.0,0,0,0.98,True,35.294174,-120.66768
150642,2025-10-06 18:55:22.653000+00:00,foothill,Car,0.0,0.0,0.0,0.0,0.0,2.8966925144195557,0.0,inf,0.0,0.0,0,0,0.98,True,35.294174,-120.66768
150642,2025-10-06 18:55:22.725000+00:00,foothill,Car,0.0,0.0,0.0,0.0,0.0,2.8966925144195557,0.0,inf,0.0,0.0,0,0,0.98,True,35.294174,-120.66768
150642,2025-10-06 18:55:22.786000+00:00,foothill,Car,0.0,0.0,0.0,0.0,0.0,2.8966925144195557,0.0,inf,0.0,0.0,0,0,0.98,True,35.294174,-120.66768
150642,2025-10-06 18:55:22.867000+00:00,foothill,Car,0.0,0.0,0.0,0.0,0.0,2.8966925144195557,0.0,inf,0.0,0.0,0,0,0.98,True,35.294174,-120.66768
150642,2025-10-06 18:55:22.919000+00:00,foothill,Car,0.0,0.0,0.0,0.0,0.0,2.8966925144195557,0.0,inf,0.0,0.0,0,0,0.98,True,35.294174,-120.66768
150642,2025-10-06 18:55:22.994000+00:00,foothill,Car,0.0,0.0,0.0,0.0,0.0,2.8966925144195557,0.0,inf,0.0,0.0,0,0,0.98,True,35.294174,-120.66768
150642,2025-10-06 18:55:23.055000+00:00,foothill,Car,0.0,0.0,0.0,0.0,0.0,2.8966925144195557,0.0,inf,0.0,0.0,0,0,0.98,True,35.294174,-120.66768
150642,2025-10-06 18:55:23.115000+00:00,foothill,Car,0.0,0.0,0.0,0.0,0.0,2.8966925144195557,0.0,inf,0.0,0.0,0,0,0.98,True,35.294174,-120.66768
150642,2025-10-06 18:55:23.187000+00:00,foothill,Car,0.0,0.0,0.0,0.0,0.0,2.8966925144195557,0.0,inf,0.0,0.0,0,0,0.98,True,35.294174,-120.66768
150642,2025-10-06 18:55:24.458000+00:00,foothill,Car,0.0,0.0,0.0,0.0,0.0,2.8966925144195557,0.0,inf,0.0,0.0,0,0,0.98,True,35.294174,-120.66768
150642,2025-10-06 18:55:24.519000+00:00,foothill,Car,0.0,0.0,0.0,0.0,0.0,2.8966925144195557,0.0,inf,0.0,0.0,0,0,0.98,True,35.294174,-120.66768
150642,2025-10-06 18:55:24.590000+00:00,foothill,Car,0.0,0.0,0.0,0.0,0.0,2.8966925144195557,0.0,inf,0.0,0.0,0,0,0.98,True,35.294174,-120.66768
150642,2025-10-06 18:55:24.650000+00:00,foothill,Car,0.0,0.0,0.0,0.0,0.0,2.8966925144195557,0.0,inf,0.0,0.0,0,0,0.98,True,35.294174,-120.66768
150642,2025-10-06 18:55:24.721000+00:00,foothill,Car,0.0,0.0,0.0,0.0,0.0,2.8966925144195557,0.0,inf,0.0,0.0,0,0,0.98,True,35.294174,-120.66768
150642,2025-10-06 18:55:24.793000+00:00,foothill,Car,0.0,0.0,0.0,0.0,0.0,2.8966925144195557,0.0,inf,0.0,0.0,0,0,0.98,True,35.294174,-120.66768
150642,2025-10-06 18:55:24.854000+00:00,foothill,Car,0.0,0.0,0.0,0.0,0.0,2.8966925144195557,0.0,inf,0.0,0.0,0,0,0.98,True,35.294174,-120.66768
150642,2025-10-06 18:55:24.925000+00:00,foothill,Car,0.0,0.0,0.0,0.0,0.0,2.8966925144195557,0.0,inf,0.0,0.0,0,0,0.98,True,35.294174,-120.66768
150642,2025-10-06 18:55:24.996000+00:00,foothill,Car,0.0,0.0,0.0,0.0,0.0,2.8966925144195557,0.0,inf,0.0,0.0,0,0,0.98,True,35.294174,-120.66768
150642,2025-10-06 18:55:25.067000+00:00,foothill,Car,0.0,0.0,0.0,0.0,0.0,2.8966925144195557,0.0,inf,0.0,0.0,0,0,0.98,True,35.294174,-120.66768
150642,2025-10-06 18:55:25.127000+00:00,foothill,Car,0.0,0.0,0.0,0.0,0.0,2.8966925144195557,0.0,inf,0.0,0.0,0,0,0.98,True,35.294174,-120.66768
150642,2025-10-06 18:55:25.189000+00:00,foothill,Car,0.0,0.0,0.0,0.0,0.0,2.8966925144195557,0.0,inf,0.0,0.0,0,0,0.98,True,35.294174,-120.66768
150642,2025-10-06 18:55:25.251000+00:00,foothill,Car,0.0,0.0,0.0,0.0,0.0,2.8966925144195557,0.0,inf,0.0,0.0,0,0,0.98,True,35.294174,-120.66768
150642,2025-10-06 18:55:25.322000+00:00,foothill,Car,0.0,0.0,0.0,0.0,0.0,2.8966925144195557,0.0,inf,0.0,0.0,0,0,0.98,True,35.294174,-120.66768
150642,2025-10-06 18:55:25.393000+00:00,foothill,Car,0.0,0.0,0.0,0.0,0.0,2.8966925144195557,0.0,inf,0.0,0.0,0,0,0.98,True,35.294174,-120.66768
150642,2025-10-06 18:55:25.464000+00:00,foothill,Car,0.0,0.0,0.0,0.0,0.0,2.8966925144195557,0.0,inf,0.0,0.0,0,0,0.98,True,35.294174,-120.66768
150642,2025-10-06 18:55:25.525000+00:00,foothill,Car,0.0,0.0,0.0,0.0,0.0,2.8966925144195557,0.0,inf,0.0,0.0,0,0,0.98,True,35.294174,-120.66768
150642,2025-10-06 18:55:25.587000+00:00,foothill,Car,0.0,0.0,0.0,0.0,0.0,2.8966925144195557,0.0,inf,0.0,0.0,0,0,0.98,True,35.294174,-120.66768
150642,2025-10-06 18:55:25.658000+00:00,foothill,Car,0.0,0.0,0.0,0.0,0.0,2.8966925144195557,0.0,inf,0.0,0.0,0,0,0.98,True,35.294174,-120.66768
150642,2025-10-06 18:55:25.719000+00:00,foothill,Car,0.0,0.0,0.0,0.0,0.0,2.8966925144195557,0.0,inf,0.0,0.0,0,0,0.98,True,35.294174,-120.66768
150642,2025-10-06 18:55:25.794000+00:00,foothill,Car,0.0,0.0,0.0,0.0,0.0,2.8966925144195557,0.0,inf,0.0,0.0,0,0,0.98,True,35.294174,-120.66768
150642,2025-10-06 18:55:25.852000+00:00,foothill,Car,0.0,0.0,0.0,0.0,0.0,2.8966925144195557,0.0,inf,0.0,0.0,0,0,0.98,True,35.294174,-120.66768
150642,2025-10-06 18:55:25.922000+00:00,foothill,Car,0.0,0.0,0.0,0.0,0.0,2.8966925144195557,0.0,inf,0.0,0.0,0,0,0.98,True,35.294174,-120.66768
150642,2025-10-06 18:55:25.995000+00:00,foothill,Car,0.0,0.0,0.0,0.0,0.0,2.8966925144195557,0.0,inf,0.0,0.0,0,0,0.98,True,35.294174,-120.66768
150642,2025-10-06 18:55:26.056000+00:00,foothill,Car,0.0,0.0,0.0,0.0,0.0,2.8966925144195557,0.0,inf,0.0,0.0,0,0,0.98,True,35.294174,-120.66768
150642,2025-10-06 18:55:26.127000+00:00,foothill,Car,0.0,0.0,0.0,0.0,0.0,2.8966925144195557,0.0,inf,0.0,0.0,0,0,0.98,True,35.294174,-120.66768
150642,2025-10-06 18:55:26.188000+00:00,foothill,Car,0.0,0.0,0.0,0.0,0.0,2.8966925144195557,0.0,inf,0.0,0.0,0,0,0.98,True,35.294174,-120.66768
150642,2025-10-06 18:55:26.250000+00:00,foothill,Car,0.0,0.0,0.0,0.0,0.0,2.8966925144195557,0.0,inf,0.0,0.0,0,0,0.98,True,35.294174,-120.66768
150642,2025-10-06 18:55:26.322000+00:00,foothill,Car,0.0,0.0,0.0,0.0,0.0,2.8966925144195557,0.0,inf,0.0,0.0,0,0,0.98,True,35.294174,-120.66768
150642,2025-10-06 18:55:26.393000+00:00,foothill,Car,0.0,0.0,0.0,0.0,0.0,2.8966925144195557,0.0,inf,0.0,0.0,0,0,0.98,True,35.294174,-120.66768
150642,2025-10-06 18:55:26.464000+00:00,foothill,Car,0.0,0.0,0.0,0.0,0.0,2.8966925144195557,0.0,inf,0.0,0.0,0,0,0.98,True,35.294174,-120.66768
150642,2025-10-06 18:55:26.514000+00:00,foothill,Car,0.0,0.0,0.0,0.0,0.0,2.8966925144195557,0.0,inf,0.0,0.0,0,0,0.98,True,35.294174,-120.66768
150642,2025-10-06 18:55:26.595000+00:00,foothill,Car,0.0,0.0,0.0,0.0,0.0,2.8966925144195557,0.0,inf,0.0,0.0,0,0,0.98,True,35.294174,-120.66768
150642,2025-10-06 18:55:26.657000+00:00,foothill,Car,0.0,0.0,0.0,0.0,0.0,2.8966925144195557,0.0,inf,0.0,0.0,0,0,0.98,True,35.294174,-120.66768
150642,2025-10-06 18:55:26.728000+00:00,foothill,Car,0.0,0.0,0.0,0.0,0.0,2.8966925144195557,0.0,inf,0.0,0.0,0,0,0.98,True,35.294174,-120.66768
150642,2025-10-06 18:55:26.789000+00:00,foothill,Car,0.0,0.0,0.0,0.0,0.0,2.8966925144195557,0.0,inf,0.0,0.0,0,0,0.98,True,35.294174,-120.66768
150642,2025-10-06 18:55:26.860000+00:00,foothill,Car,0.0,0.0,0.0,0.0,0.0,2.8966925144195557,0.0,inf,0.0,0.0,0,0,0.98,True,35.294174,-120.66768
150642,2025-10-06 18:55:26.921000+00:00,foothill,Car,0.0,0.0,0.0,0.0,0.0,2.8966925144195557,0.0,inf,0.0,0.0,0,0,0.98,True,35.294174,-120.66768
150642,2025-10-06 18:55:26.992000+00:00,foothill,Car,0.0,0.0,0.0,0.0,0.0,2.8966925144195557,0.0,inf,0.0,0.0,0,0,0.98,True,35.294174,-120.66768
150642,2025-10-06 18:55:27.063000+00:00,foothill,Car,0.0,0.0,0.0,0.0,0.0,2.8966925144195557,0.0,inf,0.0,0.0,0,0,0.98,True,35.294174,-120.66768
150642,2025-10-06 18:55:27.123000+00:00,foothill,Car,0.0,0.0,0.0,0.0,0.0,2.8966925144195557,0.0,inf,0.0,0.0,0,0,0.98,True,35.294174,-120.66768
150642,2025-10-06 18:55:27.186000+00:00,foothill,Car,0.0,0.0,0.0,0.0,0.0,2.8966925144195557,0.0,inf,0.0,0.0,0,0,0.98,True,35.294174,-120.66768
150642,2025-10-06 18:55:27.257000+00:00,foothill,Car,0.0,0.0,0.0,0.0,0.0,2.8966925144195557,0.0,inf,0.0,0.0,0,0,0.98,True,35.294174,-120.66768
150642,2025-10-06 18:55:27.318000+00:00,foothill,Car,0.0,0.0,0.0,0.0,0.0,2.8966925144195557,0.0,inf,0.0,0.0,0,0,0.98,True,35.294174,-120.66768
150642,2025-10-06 18:55:27.389000+00:00,foothill,Car,0.0,0.0,0.0,0.0,0.0,2.8966925144195557,0.0,inf,0.0,0.0,0,0,0.98,True,35.294174,-120.66768
150642,2025-10-06 18:55:27.460000+00:00,foothill,Car,0.0,0.0,0.0,0.0,0.0,2.8966925144195557,0.0,inf,0.0,0.0,0,0,0.98,True,35.294174,-120.66768
150642,2025-10-06 18:55:27.521000+00:00,foothill,Car,0.0,0.0,0.0,0.0,0.0,2.8966925144195557,0.0,inf,0.0,0.0,0,0,0.98,True,35.294174,-120.66768
150642,2025-10-06 18:55:27.596000+00:00,foothill,Car,0.0,0.0,0.0,0.0,0.0,2.8966925144195557,0.0,inf,0.0,0.0,0,0,0.98,True,35.294174,-120.66768
150642,2025-10-06 18:55:27.662000+00:00,foothill,Car,0.0,0.0,0.0,0.0,0.0,2.8966925144195557,0.0,inf,0.0,0.0,0,0,0.98,True,35.294174,-120.66768
150642,2025-10-06 18:55:27.723000+00:00,foothill,Car,0.0,0.0,0.0,0.0,0.0,2.8966925144195557,0.0,inf,0.0,0.0,0,0,0.98,True,35.294174,-120.66768
150642,2025-10-06 18:55:27.794000+00:00,foothill,Car,0.0,0.0,0.0,0.0,0.0,2.8966925144195557,0.0,inf,0.0,0.0,0,0,0.98,True,35.294174,-120.66768
150642,2025-10-06 18:55:27.854000+00:00,foothill,Car,0.0,0.0,0.0,0.0,0.0,2.8966925144195557,0.0,inf,0.0,0.0,0,0,0.98,True,35.294174,-120.66768
150642,2025-10-06 18:55:27.936000+00:00,foothill,Car,0.0,0.0,0.0,0.0,0.0,2.8966925144195557,0.0,inf,0.0,0.0,0,0,0.98,True,35.294174,-120.66768
150642,2025-10-06 18:55:28.008000+00:00,foothill,Car,0.0,0.0,0.0,0.0,0.0,2.8966925144195557,0.0,inf,0.0,0.0,0,0,0.98,True,35.294174,-120.66768
150642,2025-10-06 18:55:28.058000+00:00,foothill,Car,0.0,0.0,0.0,0.0,0.0,2.8966925144195557,0.0,inf,0.0,0.0,0,0,0.98,True,35.294174,-120.66768
150642,2025-10-06 18:55:28.129000+00:00,foothill,Car,0.0,0.0,0.0,0.0,0.0,2.8966925144195557,0.0,inf,0.0,0.0,0,0,0.98,True,35.294174,-120.66768
150642,2025-10-06 18:55:28.190000+00:00,foothill,Car,0.0,0.0,0.0,0.0,0.0,2.8966925144195557,0.0,inf,0.0,0.0,0,0,0.98,True,35.294174,-120.66768
150642,2025-10-06 18:55:28.251000+00:00,foothill,Car,0.0,0.0,0.0,0.0,0.0,2.8966925144195557,0.0,inf,0.0,0.0,0,0,0.98,True,35.294174,-120.66768
150642,2025-10-06 18:55:28.322000+00:00,foothill,Car,0.0,0.0,0.0,0.0,0.0,2.8966925144195557,0.0,inf,0.0,0.0,0,0,0.98,True,35.294174,-120.66768
150642,2025-10-06 18:55:28.388000+00:00,foothill,Car,0.0,0.0,0.0,0.0,0.0,2.8966925144195557,0.0,inf,0.0,0.0,0,0,0.98,True,35.294174,-120.66768
150642,2025-10-06 18:55:28.449000+00:00,foothill,Car,0.0,0.0,0.0,0.0,0.0,2.8966925144195557,0.0,inf,0.0,0.0,0,0,0.98,True,35.294174,-120.66768
150642,2025-10-06 18:55:28.520000+00:00,foothill,Car,0.0,0.0,0.0,0.0,0.0,2.8966925144195557,0.0,inf,0.0,0.0,0,0,0.98,True,35.294174,-120.66768
150642,2025-10-06 18:55:28.591000+00:00,foothill,Car,0.0,0.0,0.0,0.0,0.0,2.8966925144195557,0.0,inf,0.0,0.0,0,0,0.98,True,35.294174,-120.66768
150642,2025-10-06 18:55:28.653000+00:00,foothill,Car,0.0,0.0,0.0,0.0,0.0,2.8966925144195557,0.0,inf,0.0,0.0,0,0,0.98,True,35.294174,-120.66768
150642,2025-10-06 18:55:28.724000+00:00,foothill,Car,0.0,0.0,0.0,0.0,0.0,2.8966925144195557,0.0,inf,0.0,0.0,0,0,0.98,True,35.294174,-120.66768
150642,2025-10-06 18:55:28.795000+00:00,foothill,Car,0.0,0.0,0.0,0.0,0.0,2.8966925144195557,0.0,inf,0.0,0.0,0,0,0.98,True,35.294174,-120.66768
150642,2025-10-06 18:55:28.856000+00:00,foothill,Car,0.0,0.0,0.0,0.0,0.0,2.8966925144195557,0.0,inf,0.0,0.0,0,0,0.98,True,35.294174,-120.66768
150642,2025-10-06 18:55:28.917000+00:00,foothill,Car,0.0,0.0,0.0,0.0,0.0,2.8966925144195557,0.0,inf,0.0,0.0,0,0,0.98,True,35.294174,-120.66768
150642,2025-10-06 18:55:28.999000+00:00,foothill,Car,0.0,0.0,0.0,0.0,0.0,2.8966925144195557,0.0,inf,0.0,0.0,0,0,0.98,True,35.294174,-120.66768
150642,2025-10-06 18:55:29.060000+00:00,foothill,Car,0.0,0.0,0.0,0.0,0.0,2.8966925144195557,0.0,inf,0.0,0.0,0,0,0.98,True,35.294174,-120.66768
150642,2025-10-06 18:55:29.121000+00:00,foothill,Car,0.0,0.0,0.0,0.0,0.0,2.8966925144195557,0.0,inf,0.0,0.0,0,0,0.98,True,35.294174,-120.66768
150642,2025-10-06 18:55:29.193000+00:00,foothill,Car,0.0,0.0,0.0,0.0,0.0,2.8966925144195557,0.0,inf,0.0,0.0,0,0,0.98,True,35.294174,-120.66768
150642,2025-10-06 18:55:29.284000+00:00,foothill,Car,0.0,0.0,0.0,0.0,0.0,2.8966925144195557,0.0,inf,0.0,0.0,0,0,0.98,True,35.294174,-120.66768
150642,2025-10-06 18:55:31.073000+00:00,foothill,Car,0.0,0.0,0.0,0.0,0.0,2.8966925144195557,0.0,inf,0.0,0.0,0,0,0.98,True,35.294174,-120.66768
150642,2025-10-06 18:55:32.122000+00:00,foothill,Car,0.0,0.0,0.0,0.0,0.0,2.8966925144195557,0.0,inf,0.0,0.0,0,0,0.98,True,35.294174,-120.66768
150642,2025-10-06 18:55:32.193000+00:00,foothill,Car,0.0,0.0,0.0,0.0,0.0,2.8966925144195557,0.0,inf,0.0,0.0,0,0,0.98,True,35.294174,-120.66768
150642,2025-10-06 18:55:32.265000+00:00,foothill,Car,0.0,0.0,0.0,0.0,0.0,2.8966925144195557,0.0,inf,0.0,0.0,0,0,0.98,True,35.294174,-120.66768
150642,2025-10-06 18:55:32.325000+00:00,foothill,Car,0.0,0.0,0.0,0.0,0.0,2.8966925144195557,0.0,inf,0.0,0.0,0,0,0.98,True,35.294174,-120.66768
150642,2025-10-06 18:55:32.396000+00:00,foothill,Car,0.0,0.0,0.0,0.0,0.0,2.8966925144195557,0.0,inf,0.0,0.0,0,0,0.98,True,35.294174,-120.66768
150642,2025-10-06 18:55:32.458000+00:00,foothill,Car,0.0,0.0,0.0,0.0,0.0,2.8966925144195557,0.0,inf,0.0,0.0,0,0,0.98,True,35.294174,-120.66768
150642,2025-10-06 18:55:32.529000+00:00,foothill,Car,0.0,0.0,0.0,0.0,0.0,2.8966925144195557,0.0,inf,0.0,0.0,0,0,0.98,True,35.294174,-120.66768
150642,2025-10-06 18:55:32.590000+00:00,foothill,Car,0.0,0.0,0.0,0.0,0.0,2.8966925144195557,0.0,inf,0.0,0.0,0,0,0.98,True,35.294174,-120.66768
150642,2025-10-06 18:55:32.651000+00:00,foothill,Car,0.0,0.0,0.0,0.0,0.0,2.8966925144195557,0.0,inf,0.0,0.0,0,0,0.98,True,35.294174,-120.66768
150642,2025-10-06 18:55:32.732000+00:00,foothill,Car,0.0,0.0,0.0,0.0,0.0,2.8966925144195557,0.0,inf,0.0,0.0,0,0,0.98,True,35.294174,-120.66768
150642,2025-10-06 18:55:32.793000+00:00,foothill,Car,0.0,0.0,0.0,0.0,0.0,2.8966925144195557,0.0,inf,0.0,0.0,0,0,0.98,True,35.294174,-120.66768
150642,2025-10-06 18:55:32.855000+00:00,foothill,Car,0.0,0.0,0.0,0.0,0.0,2.8966925144195557,0.0,inf,0.0,0.0,0,0,0.98,True,35.294174,-120.66768
150642,2025-10-06 18:55:32.926000+00:00,foothill,Car,0.0,0.0,0.0,0.0,0.0,2.8966925144195557,0.0,inf,0.0,0.0,0,0,0.98,True,35.294174,-120.66768
150642,2025-10-06 18:55:32.986000+00:00,foothill,Car,0.0,0.0,0.0,0.0,0.0,2.8966925144195557,0.0,inf,0.0,0.0,0,0,0.98,True,35.294174,-120.66768
150642,2025-10-06 18:55:33.057000+00:00,foothill,Car,0.0,0.0,0.0,0.0,0.0,2.8966925144195557,0.0,inf,0.0,0.0,0,0,0.98,True,35.294174,-120.66768
150642,2025-10-06 18:55:33.128000+00:00,foothill,Car,0.0,0.0,0.0,0.0,0.0,2.8966925144195557,0.0,inf,0.0,0.0,0,0,0.98,True,35.294174,-120.66768
150642,2025-10-06 18:55:33.189000+00:00,foothill,Car,0.0,0.0,0.0,0.0,0.0,2.8966925144195557,0.0,inf,0.0,0.0,0,0,0.98,True,35.294174,-120.66768
150642,2025-10-06 18:55:33.260000+00:00,foothill,Car,0.0,0.0,0.0,0.0,0.0,2.8966925144195557,0.0,inf,0.0,0.0,0,0,0.98,True,35.294174,-120.66768
150642,2025-10-06 18:55:33.321000+00:00,foothill,Car,0.0,0.0,0.0,0.0,0.0,2.8966925144195557,0.0,inf,0.0,0.0,0,0,0.98,True,35.294174,-120.66768
150642,2025-10-06 18:55:33.392000+00:00,foothill,Car,0.0,0.0,0.0,0.0,0.0,2.8966925144195557,0.0,inf,0.0,0.0,0,0,0.98,True,35.294174,-120.66768
150642,2025-10-06 18:55:33.453000+00:00,foothill,Car,0.0,0.0,0.0,0.0,0.0,2.8966925144195557,0.0,inf,0.0,0.0,0,0,0.98,True,35.294174,-120.66768
150642,2025-10-06 18:55:33.524000+00:00,foothill,Car,0.0,0.0,0.0,0.0,0.0,2.8966925144195557,0.0,inf,0.0,0.0,0,0,0.98,True,35.294174,-120.66768
150642,2025-10-06 18:55:33.585000+00:00,foothill,Car,0.0,0.0,0.0,0.0,0.0,2.8966925144195557,0.0,inf,0.0,0.0,0,0,0.98,True,35.294174,-120.66768
150642,2025-10-06 18:55:33.656000+00:00,foothill,Car,0.0,0.0,0.0,0.0,0.0,2.8966925144195557,0.0,inf,0.0,0.0,0,0,0.98,True,35.294174,-120.66768
150642,2025-10-06 18:55:33.717000+00:00,foothill,Car,0.0,0.0,0.0,0.0,0.0,2.8966925144195557,0.0,inf,0.0,0.0,0,0,0.98,True,35.294174,-120.66768
150642,2025-10-06 18:55:33.777000+00:00,foothill,Car,0.0,0.0,0.0,0.0,0.0,2.8966925144195557,0.0,inf,0.0,0.0,0,0,0.98,True,35.294174,-120.66768
150642,2025-10-06 18:55:33.859000+00:00,foothill,Car,0.0,0.0,0.0,0.0,0.0,2.8966925144195557,0.0,inf,0.0,0.0,0,0,0.98,True,35.294174,-120.66768
150642,2025-10-06 18:55:33.930000+00:00,foothill,Car,0.0,0.0,0.0,0.0,0.0,2.8966925144195557,0.0,inf,0.0,0.0,0,0,0.98,True,35.294174,-120.66768
150642,2025-10-06 18:55:33.995000+00:00,foothill,Car,0.0,0.0,0.0,0.0,0.0,2.8966925144195557,0.0,inf,0.0,0.0,0,0,0.98,True,35.294174,-120.66768
150642,2025-10-06 18:55:34.055000+00:00,foothill,Car,0.0,0.0,0.0,0.0,0.0,2.8966925144195557,0.0,inf,0.0,0.0,0,0,0.98,True,35.294174,-120.66768
150642,2025-10-06 18:55:34.126000+00:00,foothill,Car,0.0,0.0,0.0,0.0,0.0,2.8966925144195557,0.0,inf,0.0,0.0,0,0,0.98,True,35.294174,-120.66768
150642,2025-10-06 18:55:34.187000+00:00,foothill,Car,0.0,0.0,0.0,0.0,0.0,2.8966925144195557,0.0,inf,0.0,0.0,0,0,0.98,True,35.294174,-120.66768
150642,2025-10-06 18:55:34.258000+00:00,foothill,Car,0.0,0.0,0.0,0.0,0.0,2.8966925144195557,0.0,inf,0.0,0.0,0,0,0.98,True,35.294174,-120.66768
150642,2025-10-06 18:55:34.319000+00:00,foothill,Car,0.0,0.0,0.0,0.0,0.0,2.8966925144195557,0.0,inf,0.0,0.0,0,0,0.98,True,35.294174,-120.66768
150642,2025-10-06 18:55:34.390000+00:00,foothill,Car,0.0,0.0,0.0,0.0,0.0,2.8966925144195557,0.0,inf,0.0,0.0,0,0,0.98,True,35.294174,-120.66768
150642,2025-10-06 18:55:34.451000+00:00,foothill,Car,0.0,0.0,0.0,0.0,0.0,2.8966925144195557,0.0,inf,0.0,0.0,0,0,0.98,True,35.294174,-120.66768
150642,2025-10-06 18:55:34.522000+00:00,foothill,Car,0.0,0.0,0.0,0.0,0.0,2.8966925144195557,0.0,inf,0.0,0.0,0,0,0.98,True,35.294174,-120.66768
150642,2025-10-06 18:55:34.603000+00:00,foothill,Car,0.0,0.0,0.0,0.0,0.0,2.8966925144195557,0.0,inf,0.0,0.0,0,0,0.98,True,35.294174,-120.66768
150642,2025-10-06 18:55:34.664000+00:00,foothill,Car,0.0,0.0,0.0,0.0,0.0,2.8966925144195557,0.0,inf,0.0,0.0,0,0,0.98,True,35.294174,-120.66768
150642,2025-10-06 18:55:34.715000+00:00,foothill,Car,0.0,0.0,0.0,0.0,0.0,2.8966925144195557,0.0,inf,0.0,0.0,0,0,0.98,True,35.294174,-120.66768
150642,2025-10-06 18:55:34.797000+00:00,foothill,Car,0.0,0.0,0.0,0.0,0.0,2.8966925144195557,0.0,inf,0.0,0.0,0,0,0.98,True,35.294174,-120.66768
150642,2025-10-06 18:55:34.858000+00:00,foothill,Car,0.0,0.0,0.0,0.0,0.0,2.8966925144195557,0.0,inf,0.0,0.0,0,0,0.98,True,35.294174,-120.66768
150642,2025-10-06 18:55:34.919000+00:00,foothill,Car,0.0,0.0,0.0,0.0,0.0,2.8966925144195557,0.0,inf,0.0,0.0,0,0,0.98,True,35.294174,-120.66768
150642,2025-10-06 18:55:35+00:00,foothill,Car,0.0,0.0,0.0,0.0,0.0,2.8966925144195557,0.0,inf,0.0,0.0,0,0,0.98,True,35.294174,-120.66768
150642,2025-10-06 18:55:35.061000+00:00,foothill,Car,0.0,0.0,0.0,0.0,0.0,2.8966925144195557,0.0,inf,0.0,0.0,0,0,0.98,True,35.294174,-120.66768
150642,2025-10-06 18:55:35.122000+00:00,foothill,Car,0.0,0.0,0.0,0.0,0.0,2.8966925144195557,0.0,inf,0.0,0.0,0,0,0.98,True,35.294174,-120.66768
150642,2025-10-06 18:55:35.193000+00:00,foothill,Car,0.0,0.0,0.0,0.0,0.0,2.8966925144195557,0.0,inf,0.0,0.0,0,0,0.98,True,35.294174,-120.66768
150642,2025-10-06 18:55:35.254000+00:00,foothill,Car,0.0,0.0,0.0,0.0,0.0,2.8966925144195557,0.0,inf,0.0,0.0,0,0,0.98,True,35.294174,-120.66768
150642,2025-10-06 18:55:35.325000+00:00,foothill,Car,0.0,0.0,0.0,0.0,0.0,2.8966925144195557,0.0,inf,0.0,0.0,0,0,0.98,True,35.294174,-120.66768
150642,2025-10-06 18:55:35.397000+00:00,foothill,Car,0.0,0.0,0.0,0.0,0.0,2.8966925144195557,0.0,inf,0.0,0.0,0,0,0.98,True,35.294174,-120.66768
150642,2025-10-06 18:55:35.447000+00:00,foothill,Car,0.0,0.0,0.0,0.0,0.0,2.8966925144195557,0.0,inf,0.0,0.0,0,0,0.98,True,35.294174,-120.66768
150642,2025-10-06 18:55:35.518000+00:00,foothill,Car,0.0,0.0,0.0,0.0,0.0,2.8966925144195557,0.0,inf,0.0,0.0,0,0,0.98,True,35.294174,-120.66768
150642,2025-10-06 18:55:35.589000+00:00,foothill,Car,0.0,0.0,0.0,0.0,0.0,2.8966925144195557,0.0,inf,0.0,0.0,0,0,0.98,True,35.294174,-120.66768
150642,2025-10-06 18:55:35.650000+00:00,foothill,Car,0.0,0.0,0.0,0.0,0.0,2.8966925144195557,0.0,inf,0.0,0.0,0,0,0.98,True,35.294174,-120.66768
150642,2025-10-06 18:55:35.721000+00:00,foothill,Car,0.0,0.0,0.0,0.0,0.0,2.8966925144195557,0.0,inf,0.0,0.0,0,0,0.98,True,35.294174,-120.66768
150642,2025-10-06 18:55:35.792000+00:00,foothill,Car,0.0,0.0,0.0,0.0,0.0,2.8966925144195557,0.0,inf,0.0,0.0,0,0,0.98,True,35.294174,-120.66768
150642,2025-10-06 18:55:35.863000+00:00,foothill,Car,0.0,0.0,0.0,0.0,0.0,2.8966925144195557,0.0,inf,0.0,0.0,0,0,0.98,True,35.294174,-120.66768
150971,2025-10-06 18:55:21.717000+00:00,foothill,Car,0.0,0.0,0.0,0.0,0.0,2.8966925144195557,0.0,inf,0.0,0.0,1,0,0.73,True,35.29418,-120.66771
150971,2025-10-06 18:55:21.789000+00:00,foothill,Car,0.0,0.0,0.0,0.0,0.0,2.8966925144195557,0.0,inf,0.0,0.0,0,0,0.73,True,35.29418,-120.66771
150971,2025-10-06 18:55:21.860000+00:00,foothill,Car,0.0,0.0,0.0,0.0,0.0,2.8966925144195557,0.0,inf,0.0,0.0,0,0,0.73,True,35.29418,-120.66771
150971,2025-10-06 18:55:21.922000+00:00,foothill,Car,0.0,0.0,0.0,0.0,0.0,2.8966925144195557,0.0,inf,0.0,0.0,0,0,0.73,True,35.29418,-120.66771
150971,2025-10-06 18:55:21.993000+00:00,foothill,Car,0.0,0.0,0.0,0.0,0.0,2.8966925144195557,0.0,inf,0.0,0.0,0,0,0.73,True,35.29418,-120.66771
150971,2025-10-06 18:55:22.054000+00:00,foothill,Car,0.0,0.0,0.0,0.0,0.0,2.8966925144195557,0.0,inf,0.0,0.0,0,0,0.73,True,35.29418,-120.66771
150971,2025-10-06 18:55:22.114000+00:00,foothill,Car,0.0,0.0,0.0,0.0,0.0,2.8966925144195557,0.0,inf,0.0,0.0,0,0,0.73,True,35.29418,-120.66771
150971,2025-10-06 18:55:22.186000+00:00,foothill,Car,0.0,0.0,0.0,0.0,0.0,2.8966925144195557,0.0,inf,0.0,0.0,0,0,0.73,True,35.29418,-120.66771
150971,2025-10-06 18:55:22.257000+00:00,foothill,Car,0.0,0.0,0.0,0.0,0.0,2.8966925144195557,0.0,inf,0.0,0.0,0,0,0.73,True,35.29418,-120.66771
150971,2025-10-06 18:55:22.327000+00:00,foothill,Car,0.0,0.0,0.0,0.0,0.0,2.8966925144195557,0.0,inf,0.0,0.0,0,0,0.73,True,35.29418,-120.66771
150971,2025-10-06 18:55:22.404000+00:00,foothill,Car,0.0,0.0,0.0,0.0,0.0,2.8966925144195557,0.0,inf,0.0,0.0,0,0,0.73,True,35.29418,-120.66771
150971,2025-10-06 18:55:22.460000+00:00,foothill,Car,0.0,0.0,0.0,0.0,0.0,2.8966925144195557,0.0,inf,0.0,0.0,0,0,0.73,True,35.29418,-120.66771
150971,2025-10-06 18:55:22.520000+00:00,foothill,Car,0.0,0.0,0.0,0.0,0.0,2.8966925144195557,0.0,inf,0.0,0.0,0,0,0.73,True,35.29418,-120.66771
150971,2025-10-06 18:55:22.604000+00:00,foothill,Car,0.0,0.0,0.0,0.0,0.0,2.8966925144195557,0.0,inf,0.0,0.0,0,0,0.73,True,35.29418,-120.66771
150971,2025-10-06 18:55:22.653000+00:00,foothill,Car,0.0,0.0,0.0,0.0,0.0,2.8966925144195557,0.0,inf,0.0,0.0,0,0,0.73,True,35.29418,-120.66771
150971,2025-10-06 18:55:22.725000+00:00,foothill,Car,0.0,0.0,0.0,0.0,0.0,2.8966925144195557,0.0,inf,0.0,0.0,0,0,0.73,True,35.29418,-120.66771
150971,2025-10-06 18:55:22.786000+00:00,foothill,Car,0.0,0.0,0.0,0.0,0.0,2.8966925144195557,0.0,inf,0.0,0.0,0,0,0.73,True,35.29418,-120.66771
150971,2025-10-06 18:55:22.867000+00:00,foothill,Car,0.0,0.0,0.0,0.0,0.0,2.8966925144195557,0.0,inf,0.0,0.0,0,0,0.73,True,35.29418,-120.66771
150971,2025-10-06 18:55:22.919000+00:00,foothill,Car,0.0,0.0,0.0,0.0,0.0,2.8966925144195557,0.0,inf,0.0,0.0,0,0,0.73,True,35.29418,-120.66771
150971,2025-10-06 18:55:22.994000+00:00,foothill,Car,0.0,0.0,0.0,0.0,0.0,2.8966925144195557,0.0,inf,0.0,0.0,0,0,0.73,True,35.29418,-120.66771
150971,2025-10-06 18:55:23.055000+00:00,foothill,Car,0.0,0.0,0.0,0.0,0.0,2.8966925144195557,0.0,inf,0.0,0.0,0,0,0.73,True,35.29418,-120.66771
150971,2025-10-06 18:55:23.115000+00:00,foothill,Car,0.0,0.0,0.0,0.0,0.0,2.8966925144195557,0.0,inf,0.0,0.0,0,0,0.73,True,35.29418,-120.66771
150971,2025-10-06 18:55:23.187000+00:00,foothill,Car,0.0,0.0,0.0,0.0,0.0,2.8966925144195557,0.0,inf,0.0,0.0,0,0,0.73,True,35.29418,-120.66771
150971,2025-10-06 18:55:24.458000+00:00,foothill,Car,0.0,0.0,0.0,0.0,0.0,2.8966925144195557,0.0,inf,0.0,0.0,0,0,0.73,True,35.29418,-120.66771
150971,2025-10-06 18:55:24.519000+00:00,foothill,Car,0.0,0.0,0.0,0.0,0.0,2.8966925144195557,0.0,inf,0.0,0.0,0,0,0.73,True,35.29418,-120.66771
150971,2025-10-06 18:55:24.590000+00:00,foothill,Car,0.0,0.0,0.0,0.0,0.0,2.8966925144195557,0.0,inf,0.0,0.0,0,0,0.73,True,35.29418,-120.66771
150971,2025-10-06 18:55:24.650000+00:00,foothill,Car,0.0,0.0,0.0,0.0,0.0,2.8966925144195557,0.0,inf,0.0,0.0,0,0,0.73,True,35.29418,-120.66771
150971,2025-10-06 18:55:24.721000+00:00,foothill,Car,0.0,0.0,0.0,0.0,0.0,2.8966925144195557,0.0,inf,0.0,0.0,0,0,0.73,True,35.29418,-120.66771
150971,2025-10-06 18:55:24.793000+00:00,foothill,Car,0.0,0.0,0.0,0.0,0.0,2.8966925144195557,0.0,inf,0.0,0.0,0,0,0.73,True,35.29418,-120.66771
150971,2025-10-06 18:55:24.854000+00:00,foothill,Car,0.0,0.0,0.0,0.0,0.0,2.8966925144195557,0.0,inf,0.0,0.0,0,0,0.73,True,35.29418,-120.66771
150971,2025-10-06 18:55:24.925000+00:00,foothill,Car,0.0,0.0,0.0,0.0,0.0,2.8966925144195557,0.0,inf,0.0,0.0,0,0,0.73,True,35.29418,-120.66771
150971,2025-10-06 18:55:24.996000+00:00,foothill,Car,0.0,0.0,0.0,0.0,0.0,2.8966925144195557,0.0,inf,0.0,0.0,0,0,0.73,True,35.29418,-120.66771
150971,2025-10-06 18:55:25.067000+00:00,foothill,Car,0.0,0.0,0.0,0.0,0.0,2.8966925144195557,0.0,inf,0.0,0.0,0,0,0.73,True,35.29418,-120.66771
150971,2025-10-06 18:55:25.127000+00:00,foothill,Car,0.0,0.0,0.0,0.0,0.0,2.8966925144195557,0.0,inf,0.0,0.0,0,0,0.73,True,35.29418,-120.66771
150971,2025-10-06 18:55:25.189000+00:00,foothill,Car,0.0,0.0,0.0,0.0,0.0,2.8966925144195557,0.0,inf,0.0,0.0,0,0,0.73,True,35.29418,-120.66771
150971,2025-10-06 18:55:25.251000+00:00,foothill,Car,0.0,0.0,0.0,0.0,0.0,2.8966925144195557,0.0,inf,0.0,0.0,0,0,0.73,True,35.29418,-120.66771
150971,2025-10-06 18:55:25.322000+00:00,foothill,Car,0.0,0.0,0.0,0.0,0.0,2.8966925144195557,0.0,inf,0.0,0.0,0,0,0.73,True,35.29418,-120.66771
150971,2025-10-06 18:55:25.393000+00:00,foothill,Car,0.0,0.0,0.0,0.0,0.0,2.8966925144195557,0.0,inf,0.0,0.0,0,0,0.73,True,35.29418,-120.66771
150971,2025-10-06 18:55:25.464000+00:00,foothill,Car,0.0,0.0,0.0,0.0,0.0,2.8966925144195557,0.0,inf,0.0,0.0,0,0,0.73,True,35.29418,-120.66771
150971,2025-10-06 18:55:25.525000+00:00,foothill,Car,0.0,0.0,0.0,0.0,0.0,2.8966925144195557,0.0,inf,0.0,0.0,0,0,0.73,True,35.29418,-120.66771
150971,2025-10-06 18:55:25.587000+00:00,foothill,Car,0.0,0.0,0.0,0.0,0.0,2.8966925144195557,0.0,inf,0.0,0.0,0,0,0.73,True,35.29418,-120.66771
150971,2025-10-06 18:55:25.658000+00:00,foothill,Car,0.0,0.0,0.0,0.0,0.0,2.8966925144195557,0.0,inf,0.0,0.0,0,0,0.73,True,35.29418,-120.66771
150971,2025-10-06 18:55:25.719000+00:00,foothill,Car,0.0,0.0,0.0,0.0,0.0,2.8966925144195557,0.0,inf,0.0,0.0,0,0,0.73,True,35.29418,-120.66771
150971,2025-10-06 18:55:25.794000+00:00,foothill,Car,0.0,0.0,0.0,0.0,0.0,2.8966925144195557,0.0,inf,0.0,0.0,0,0,0.73,True,35.29418,-120.66771
150971,2025-10-06 18:55:25.852000+00:00,foothill,Car,0.0,0.0,0.0,0.0,0.0,2.8966925144195557,0.0,inf,0.0,0.0,0,0,0.73,True,35.29418,-120.66771
150971,2025-10-06 18:55:25.922000+00:00,foothill,Car,0.0,0.0,0.0,0.0,0.0,2.8966925144195557,0.0,inf,0.0,0.0,0,0,0.73,True,35.29418,-120.66771
150971,2025-10-06 18:55:25.995000+00:00,foothill,Car,0.0,0.0,0.0,0.0,0.0,2.8966925144195557,0.0,inf,0.0,0.0,0,0,0.73,True,35.29418,-120.66771
150971,2025-10-06 18:55:26.056000+00:00,foothill,Car,0.0,0.0,0.0,0.0,0.0,2.8966925144195557,0.0,inf,0.0,0.0,0,0,0.73,True,35.29418,-120.66771
150971,2025-10-06 18:55:26.127000+00:00,foothill,Car,0.0,0.0,0.0,0.0,0.0,2.8966925144195557,0.0,inf,0.0,0.0,0,0,0.73,True,35.29418,-120.66771
150971,2025-10-06 18:55:26.188000+00:00,foothill,Car,0.0,0.0,0.0,0.0,0.0,2.8966925144195557,0.0,inf,0.0,0.0,0,0,0.73,True,35.29418,-120.66771
150971,2025-10-06 18:55:26.250000+00:00,foothill,Car,0.0,0.0,0.0,0.0,0.0,2.8966925144195557,0.0,inf,0.0,0.0,0,0,0.73,True,35.29418,-120.66771
150971,2025-10-06 18:55:26.322000+00:00,foothill,Car,0.0,0.0,0.0,0.0,0.0,2.8966925144195557,0.0,inf,0.0,0.0,0,0,0.73,True,35.29418,-120.66771
150971,2025-10-06 18:55:26.393000+00:00,foothill,Car,0.0,0.0,0.0,0.0,0.0,2.8966925144195557,0.0,inf,0.0,0.0,0,0,0.73,True,35.29418,-120.66771
150971,2025-10-06 18:55:26.464000+00:00,foothill,Car,0.0,0.0,0.0,0.0,0.0,2.8966925144195557,0.0,inf,0.0,0.0,0,0,0.73,True,35.29418,-120.66771
150971,2025-10-06 18:55:26.514000+00:00,foothill,Car,0.0,0.0,0.0,0.0,0.0,2.8966925144195557,0.0,inf,0.0,0.0,0,0,0.73,True,35.29418,-120.66771
150971,2025-10-06 18:55:26.595000+00:00,foothill,Car,0.0,0.0,0.0,0.0,0.0,2.8966925144195557,0.0,inf,0.0,0.0,0,0,0.73,True,35.29418,-120.66771
150971,2025-10-06 18:55:26.657000+00:00,foothill,Car,0.0,0.0,0.0,0.0,0.0,2.8966925144195557,0.0,inf,0.0,0.0,0,0,0.73,True,35.29418,-120.66771
150971,2025-10-06 18:55:26.728000+00:00,foothill,Car,0.0,0.0,0.0,0.0,0.0,2.8966925144195557,0.0,inf,0.0,0.0,0,0,0.73,True,35.29418,-120.66771
150971,2025-10-06 18:55:26.789000+00:00,foothill,Car,0.0,0.0,0.0,0.0,0.0,2.8966925144195557,0.0,inf,0.0,0.0,0,0,0.73,True,35.29418,-120.66771
150971,2025-10-06 18:55:26.860000+00:00,foothill,Car,0.0,0.0,0.0,0.0,0.0,2.8966925144195557,0.0,inf,0.0,0.0,0,0,0.73,True,35.29418,-120.66771
150971,2025-10-06 18:55:26.921000+00:00,foothill,Car,0.0,0.0,0.0,0.0,0.0,2.8966925144195557,0.0,inf,0.0,0.0,0,0,0.73,True,35.29418,-120.66771
150971,2025-10-06 18:55:26.992000+00:00,foothill,Car,0.0,0.0,0.0,0.0,0.0,2.8966925144195557,0.0,inf,0.0,0.0,0,0,0.73,True,35.29418,-120.66771
150971,2025-10-06 18:55:27.063000+00:00,foothill,Car,0.0,0.0,0.0,0.0,0.0,2.8966925144195557,0.0,inf,0.0,0.0,0,0,0.73,True,35.29418,-120.66771
150971,2025-10-06 18:55:27.123000+00:00,foothill,Car,0.0,0.0,0.0,0.0,0.0,2.8966925144195557,0.0,inf,0.0,0.0,0,0,0.73,True,35.29418,-120.66771
150971,2025-10-06 18:55:27.186000+00:00,foothill,Car,0.0,0.0,0.0,0.0,0.0,2.8966925144195557,0.0,inf,0.0,0.0,0,0,0.73,True,35.29418,-120.66771
150971,2025-10-06 18:55:27.257000+00:00,foothill,Car,0.0,0.0,0.0,0.0,0.0,2.8966925144195557,0.0,inf,0.0,0.0,0,0,0.73,True,35.29418,-120.66771
150971,2025-10-06 18:55:27.318000+00:00,foothill,Car,0.0,0.0,0.0,0.0,0.0,2.8966925144195557,0.0,inf,0.0,0.0,0,0,0.73,True,35.29418,-120.66771
150971,2025-10-06 18:55:27.389000+00:00,foothill,Car,0.0,0.0,0.0,0.0,0.0,2.8966925144195557,0.0,inf,0.0,0.0,0,0,0.73,True,35.29418,-120.66771
150971,2025-10-06 18:55:27.460000+00:00,foothill,Car,0.0,0.0,0.0,0.0,0.0,2.8966925144195557,0.0,inf,0.0,0.0,0,0,0.73,True,35.29418,-120.66771
150971,2025-10-06 18:55:27.521000+00:00,foothill,Car,0.0,0.0,0.0,0.0,0.0,2.8966925144195557,0.0,inf,0.0,0.0,0,0,0.73,True,35.29418,-120.66771
150971,2025-10-06 18:55:27.596000+00:00,foothill,Car,0.0,0.0,0.0,0.0,0.0,2.8966925144195557,0.0,inf,0.0,0.0,0,0,0.73,True,35.29418,-120.66771
150971,2025-10-06 18:55:27.662000+00:00,foothill,Car,0.0,0.0,0.0,0.0,0.0,2.8966925144195557,0.0,inf,0.0,0.0,0,0,0.73,True,35.29418,-120.66771
150971,2025-10-06 18:55:27.723000+00:00,foothill,Car,0.0,0.0,0.0,0.0,0.0,2.8966925144195557,0.0,inf,0.0,0.0,0,0,0.73,True,35.29418,-120.66771
150971,2025-10-06 18:55:27.794000+00:00,foothill,Car,0.0,0.0,0.0,0.0,0.0,2.8966925144195557,0.0,inf,0.0,0.0,0,0,0.73,True,35.29418,-120.66771
150971,2025-10-06 18:55:27.854000+00:00,foothill,Car,0.0,0.0,0.0,0.0,0.0,2.8966925144195557,0.0,inf,0.0,0.0,0,0,0.73,True,35.29418,-120.66771
150971,2025-10-06 18:55:27.936000+00:00,foothill,Car,0.0,0.0,0.0,0.0,0.0,2.8966925144195557,0.0,inf,0.0,0.0,0,0,0.73,True,35.29418,-120.66771
150971,2025-10-06 18:55:28.008000+00:00,foothill,Car,0.0,0.0,0.0,0.0,0.0,2.8966925144195557,0.0,inf,0.0,0.0,0,0,0.73,True,35.29418,-120.66771
150971,2025-10-06 18:55:28.058000+00:00,foothill,Car,0.0,0.0,0.0,0.0,0.0,2.8966925144195557,0.0,inf,0.0,0.0,0,0,0.73,True,35.29418,-120.66771
150971,2025-10-06 18:55:28.129000+00:00,foothill,Car,0.0,0.0,0.0,0.0,0.0,2.8966925144195557,0.0,inf,0.0,0.0,0,0,0.73,True,35.29418,-120.66771
150971,2025-10-06 18:55:28.190000+00:00,foothill,Car,0.0,0.0,0.0,0.0,0.0,2.8966925144195557,0.0,inf,0.0,0.0,0,0,0.73,True,35.29418,-120.66771
150971,2025-10-06 18:55:28.251000+00:00,foothill,Car,0.0,0.0,0.0,0.0,0.0,2.8966925144195557,0.0,inf,0.0,0.0,0,0,0.73,True,35.29418,-120.66771
150971,2025-10-06 18:55:28.322000+00:00,foothill,Car,0.0,0.0,0.0,0.0,0.0,2.8966925144195557,0.0,inf,0.0,0.0,0,0,0.73,True,35.29418,-120.66771
150971,2025-10-06 18:55:28.388000+00:00,foothill,Car,0.0,0.0,0.0,0.0,0.0,2.8966925144195557,0.0,inf,0.0,0.0,0,0,0.73,True,35.29418,-120.66771
150971,2025-10-06 18:55:28.449000+00:00,foothill,Car,0.0,0.0,0.0,0.0,0.0,2.8966925144195557,0.0,inf,0.0,0.0,0,0,0.73,True,35.29418,-120.66771
150971,2025-10-06 18:55:28.520000+00:00,foothill,Car,0.0,0.0,0.0,0.0,0.0,2.8966925144195557,0.0,inf,0.0,0.0,0,0,0.73,True,35.29418,-120.66771
150971,2025-10-06 18:55:28.591000+00:00,foothill,Car,0.0,0.0,0.0,0.0,0.0,2.8966925144195557,0.0,inf,0.0,0.0,0,0,0.73,True,35.29418,-120.66771
150971,2025-10-06 18:55:28.653000+00:00,foothill,Car,0.0,0.0,0.0,0.0,0.0,2.8966925144195557,0.0,inf,0.0,0.0,0,0,0.73,True,35.29418,-120.66771
150971,2025-10-06 18:55:28.724000+00:00,foothill,Car,0.0,0.0,0.0,0.0,0.0,2.8966925144195557,0.0,inf,0.0,0.0,0,0,0.73,True,35.29418,-120.66771
150971,2025-10-06 18:55:28.795000+00:00,foothill,Car,0.0,0.0,0.0,0.0,0.0,2.8966925144195557,0.0,inf,0.0,0.0,0,0,0.73,True,35.29418,-120.66771
150971,2025-10-06 18:55:28.856000+00:00,foothill,Car,0.0,0.0,0.0,0.0,0.0,2.8966925144195557,0.0,inf,0.0,0.0,0,0,0.73,True,35.29418,-120.66771
150971,2025-10-06 18:55:28.917000+00:00,foothill,Car,0.0,0.0,0.0,0.0,0.0,2.8966925144195557,0.0,inf,0.0,0.0,0,0,0.73,True,35.29418,-120.66771
150971,2025-10-06 18:55:28.999000+00:00,foothill,Car,0.0,0.0,0.0,0.0,0.0,2.8966925144195557,0.0,inf,0.0,0.0,0,0,0.73,True,35.29418,-120.66771
150971,2025-10-06 18:55:29.060000+00:00,foothill,Car,0.0,0.0,0.0,0.0,0.0,2.8966925144195557,0.0,inf,0.0,0.0,0,0,0.73,True,35.29418,-120.66771
150971,2025-10-06 18:55:29.121000+00:00,foothill,Car,0.0,0.0,0.0,0.0,0.0,2.8966925144195557,0.0,inf,0.0,0.0,0,0,0.73,True,35.29418,-120.66771
150971,2025-10-06 18:55:29.193000+00:00,foothill,Car,0.0,0.0,0.0,0.0,0.0,2.8966925144195557,0.0,inf,0.0,0.0,0,0,0.73,True,35.29418,-120.66771
150971,2025-10-06 18:55:29.284000+00:00,foothill,Car,0.0,0.0,0.0,0.0,0.0,2.8966925144195557,0.0,inf,0.0,0.0,0,0,0.73,True,35.29418,-120.66771
150971,2025-10-06 18:55:31.073000+00:00,foothill,Car,0.0,0.0,0.0,0.0,0.0,2.8966925144195557,0.0,inf,0.0,0.0,0,0,0.72,True,35.29418,-120.66771
150971,2025-10-06 18:55:32.122000+00:00,foothill,Car,0.0,0.0,0.0,0.0,0.0,2.8966925144195557,0.0,inf,0.0,0.0,0,0,0.72,True,35.29418,-120.66771
150971,2025-10-06 18:55:32.193000+00:00,foothill,Car,0.0,0.0,0.0,0.0,0.0,2.8966925144195557,0.0,inf,0.0,0.0,0,0,0.72,True,35.29418,-120.66771
150971,2025-10-06 18:55:32.265000+00:00,foothill,Car,0.0,0.0,0.0,0.0,0.0,2.8966925144195557,0.0,inf,0.0,0.0,0,0,0.72,True,35.29418,-120.66771
150971,2025-10-06 18:55:32.325000+00:00,foothill,Car,0.0,0.0,0.0,0.0,0.0,2.8966925144195557,0.0,inf,0.0,0.0,0,0,0.72,True,35.29418,-120.66771
150971,2025-10-06 18:55:32.396000+00:00,foothill,Car,0.0,0.0,0.0,0.0,0.0,2.8966925144195557,0.0,inf,0.0,0.0,0,0,0.72,True,35.29418,-120.66771
150971,2025-10-06 18:55:32.458000+00:00,foothill,Car,0.0,0.0,0.0,0.0,0.0,2.8966925144195557,0.0,inf,0.0,0.0,0,0,0.72,True,35.29418,-120.66771
150971,2025-10-06 18:55:32.529000+00:00,foothill,Car,0.0,0.0,0.0,0.0,0.0,2.8966925144195557,0.0,inf,0.0,0.0,0,0,0.72,True,35.29418,-120.66771
150971,2025-10-06 18:55:32.590000+00:00,foothill,Car,0.0,0.0,0.0,0.0,0.0,2.8966925144195557,0.0,inf,0.0,0.0,0,0,0.72,True,35.29418,-120.66771
150971,2025-10-06 18:55:32.651000+00:00,foothill,Car,0.0,0.0,0.0,0.0,0.0,2.8966925144195557,0.0,inf,0.0,0.0,0,0,0.72,True,35.29418,-120.66771
150971,2025-10-06 18:55:32.732000+00:00,foothill,Car,0.0,0.0,0.0,0.0,0.0,2.8966925144195557,0.0,inf,0.0,0.0,0,0,0.72,True,35.29418,-120.66771
150971,2025-10-06 18:55:32.793000+00:00,foothill,Car,0.0,0.0,0.0,0.0,0.0,2.8966925144195557,0.0,inf,0.0,0.0,0,0,0.72,True,35.29418,-120.66771
150971,2025-10-06 18:55:32.855000+00:00,foothill,Car,0.0,0.0,0.0,0.0,0.0,2.8966925144195557,0.0,inf,0.0,0.0,0,0,0.72,True,35.29418,-120.66771
150971,2025-10-06 18:55:32.926000+00:00,foothill,Car,0.0,0.0,0.0,0.0,0.0,2.8966925144195557,0.0,inf,0.0,0.0,0,0,0.72,True,35.29418,-120.66771
150971,2025-10-06 18:55:32.986000+00:00,foothill,Car,0.0,0.0,0.0,0.0,0.0,2.8966925144195557,0.0,inf,0.0,0.0,0,0,0.72,True,35.29418,-120.66771
150971,2025-10-06 18:55:33.057000+00:00,foothill,Car,0.0,0.0,0.0,0.0,0.0,2.8966925144195557,0.0,inf,0.0,0.0,0,0,0.72,True,35.29418,-120.66771
150971,2025-10-06 18:55:33.128000+00:00,foothill,Car,0.0,0.0,0.0,0.0,0.0,2.8966925144195557,0.0,inf,0.0,0.0,0,0,0.72,True,35.29418,-120.66771
150971,2025-10-06 18:55:33.189000+00:00,foothill,Car,0.0,0.0,0.0,0.0,0.0,2.8966925144195557,0.0,inf,0.0,0.0,0,0,0.72,True,35.29418,-120.66771
150971,2025-10-06 18:55:33.260000+00:00,foothill,Car,0.0,0.0,0.0,0.0,0.0,2.8966925144195557,0.0,inf,0.0,0.0,0,0,0.72,True,35.29418,-120.66771
150971,2025-10-06 18:55:33.321000+00:00,foothill,Car,0.0,0.0,0.0,0.0,0.0,2.8966925144195557,0.0,inf,0.0,0.0,0,0,0.72,True,35.29418,-120.66771
150971,2025-10-06 18:55:33.392000+00:00,foothill,Car,0.0,0.0,0.0,0.0,0.0,2.8966925144195557,0.0,inf,0.0,0.0,0,0,0.72,True,35.29418,-120.66771
150971,2025-10-06 18:55:33.453000+00:00,foothill,Car,0.0,0.0,0.0,0.0,0.0,2.8966925144195557,0.0,inf,0.0,0.0,0,0,0.72,True,35.29418,-120.66771
150971,2025-10-06 18:55:33.524000+00:00,foothill,Car,0.0,0.0,0.0,0.0,0.0,2.8966925144195557,0.0,inf,0.0,0.0,0,0,0.72,True,35.29418,-120.66771
150971,2025-10-06 18:55:33.585000+00:00,foothill,Car,0.0,0.0,0.0,0.0,0.0,2.8966925144195557,0.0,inf,0.0,0.0,0,0,0.72,True,35.29418,-120.66771
150971,2025-10-06 18:55:33.656000+00:00,foothill,Car,0.0,0.0,0.0,0.0,0.0,2.8966925144195557,0.0,inf,0.0,0.0,0,0,0.72,True,35.29418,-120.66771
150971,2025-10-06 18:55:33.717000+00:00,foothill,Car,0.0,0.0,0.0,0.0,0.0,2.8966925144195557,0.0,inf,0.0,0.0,0,0,0.72,True,35.29418,-120.66771
150971,2025-10-06 18:55:33.777000+00:00,foothill,Car,0.0,0.0,0.0,0.0,0.0,2.8966925144195557,0.0,inf,0.0,0.0,0,0,0.72,True,35.29418,-120.66771
150971,2025-10-06 18:55:33.859000+00:00,foothill,Car,0.0,0.0,0.0,0.0,0.0,2.8966925144195557,0.0,inf,0.0,0.0,0,0,0.72,True,35.29418,-120.66771
150971,2025-10-06 18:55:33.930000+00:00,foothill,Car,0.0,0.0,0.0,0.0,0.0,2.8966925144195557,0.0,inf,0.0,0.0,0,0,0.72,True,35.29418,-120.66771
150971,2025-10-06 18:55:33.995000+00:00,foothill,Car,0.0,0.0,0.0,0.0,0.0,2.8966925144195557,0.0,inf,0.0,0.0,0,0,0.72,True,35.29418,-120.66771
150971,2025-10-06 18:55:34.055000+00:00,foothill,Car,0.0,0.0,0.0,0.0,0.0,2.8966925144195557,0.0,inf,0.0,0.0,0,0,0.72,True,35.29418,-120.66771
150971,2025-10-06 18:55:34.126000+00:00,foothill,Car,0.0,0.0,0.0,0.0,0.0,2.8966925144195557,0.0,inf,0.0,0.0,0,0,0.72,True,35.29418,-120.66771
150971,2025-10-06 18:55:34.187000+00:00,foothill,Car,0.0,0.0,0.0,0.0,0.0,2.8966925144195557,0.0,inf,0.0,0.0,0,0,0.72,True,35.29418,-120.66771
150971,2025-10-06 18:55:34.258000+00:00,foothill,Car,0.0,0.0,0.0,0.0,0.0,2.8966925144195557,0.0,inf,0.0,0.0,0,0,0.72,True,35.29418,-120.66771
150971,2025-10-06 18:55:34.319000+00:00,foothill,Car,0.0,0.0,0.0,0.0,0.0,2.8966925144195557,0.0,inf,0.0,0.0,0,0,0.73,True,35.29418,-120.66771
150971,2025-10-06 18:55:34.390000+00:00,foothill,Car,0.0,0.0,0.0,0.0,0.0,2.8966925144195557,0.0,inf,0.0,0.0,0,0,0.73,True,35.29418,-120.66771
150971,2025-10-06 18:55:34.451000+00:00,foothill,Car,0.0,0.0,0.0,0.0,0.0,2.8966925144195557,0.0,inf,0.0,0.0,0,0,0.73,True,35.29418,-120.66771
150971,2025-10-06 18:55:34.522000+00:00,foothill,Car,0.0,0.0,0.0,0.0,0.0,2.8966925144195557,0.0,inf,0.0,0.0,0,0,0.73,True,35.29418,-120.66771
150971,2025-10-06 18:55:34.603000+00:00,foothill,Car,0.0,0.0,0.0,0.0,0.0,2.8966925144195557,0.0,inf,0.0,0.0,0,0,0.73,True,35.29418,-120.66771
150971,2025-10-06 18:55:34.664000+00:00,foothill,Car,0.0,0.0,0.0,0.0,0.0,2.8966925144195557,0.0,inf,0.0,0.0,0,0,0.73,True,35.29418,-120.66771
150971,2025-10-06 18:55:34.715000+00:00,foothill,Car,0.0,0.0,0.0,0.0,0.0,2.8966925144195557,0.0,inf,0.0,0.0,0,0,0.73,True,35.29418,-120.66771
150971,2025-10-06 18:55:34.797000+00:00,foothill,Car,0.0,0.0,0.0,0.0,0.0,2.8966925144195557,0.0,inf,0.0,0.0,0,0,0.73,True,35.29418,-120.66771
150971,2025-10-06 18:55:34.858000+00:00,foothill,Car,0.0,0.0,0.0,0.0,0.0,2.8966925144195557,0.0,inf,0.0,0.0,0,0,0.73,True,35.29418,-120.66771
150971,2025-10-06 18:55:34.919000+00:00,foothill,Car,0.0,0.0,0.0,0.0,0.0,2.8966925144195557,0.0,inf,0.0,0.0,0,0,0.73,True,35.29418,-120.66771
150971,2025-10-06 18:55:35+00:00,foothill,Car,0.0,0.0,0.0,0.0,0.0,2.8966925144195557,0.0,inf,0.0,0.0,0,0,0.73,True,35.29418,-120.66771
150971,2025-10-06 18:55:35.061000+00:00,foothill,Car,0.0,0.0,0.0,0.0,0.0,2.8966925144195557,0.0,inf,0.0,0.0,0,0,0.73,True,35.29418,-120.66771
150971,2025-10-06 18:55:35.122000+00:00,foothill,Car,0.0,0.0,0.0,0.0,0.0,2.8966925144195557,0.0,inf,0.0,0.0,0,0,0.73,True,35.29418,-120.66771
150971,2025-10-06 18:55:35.193000+00:00,foothill,Car,0.0,0.0,0.0,0.0,0.0,2.8966925144195557,0.0,inf,0.0,0.0,0,0,0.73,True,35.29418,-120.66771
150971,2025-10-06 18:55:35.254000+00:00,foothill,Car,0.0,0.0,0.0,0.0,0.0,2.8966925144195557,0.0,inf,0.0,0.0,0,0,0.73,True,35.29418,-120.66771
150971,2025-10-06 18:55:35.325000+00:00,foothill,Car,0.0,0.0,0.0,0.0,0.0,2.8966925144195557,0.0,inf,0.0,0.0,0,0,0.73,True,35.29418,-120.66771
150971,2025-10-06 18:55:35.397000+00:00,foothill,Car,0.0,0.0,0.0,0.0,0.0,2.8966925144195557,0.0,inf,0.0,0.0,0,0,0.73,True,35.29418,-120.66771
150971,2025-10-06 18:55:35.447000+00:00,foothill,Car,0.0,0.0,0.0,0.0,0.0,2.8966925144195557,0.0,inf,0.0,0.0,0,0,0.73,True,35.29418,-120.66771
150971,2025-10-06 18:55:35.518000+00:00,foothill,Car,0.0,0.0,0.0,0.0,0.0,2.8966925144195557,0.0,inf,0.0,0.0,0,0,0.73,True,35.29418,-120.66771
150971,2025-10-06 18:55:35.589000+00:00,foothill,Car,0.0,0.0,0.0,0.0,0.0,2.8966925144195557,0.0,inf,0.0,0.0,0,0,0.73,True,35.29418,-120.66771
150971,2025-10-06 18:55:35.650000+00:00,foothill,Car,0.0,0.0,0.0,0.0,0.0,2.8966925144195557,0.0,inf,0.0,0.0,0,0,0.73,True,35.29418,-120.66771
150971,2025-10-06 18:55:35.721000+00:00,foothill,Car,0.0,0.0,0.0,0.0,0.0,2.8966925144195557,0.0,inf,0.0,0.0,0,0,0.73,True,35.29418,-120.66771
150971,2025-10-06 18:55:35.792000+00:00,foothill,Car,0.0,0.0,0.0,0.0,0.0,2.8966925144195557,0.0,inf,0.0,0.0,0,0,0.73,True,35.29418,-120.66771
150971,2025-10-06 18:55:35.863000+00:00,foothill,Car,0.0,0.0,0.0,0.0,0.0,2.8966925144195557,0.0,inf,0.0,0.0,0,0,0.73,True,35.29418,-120.66771
151616,2025-10-06 18:55:21.717000+00:00,foothill,Car,0.0,0.0,0.0,0.0,0.0,3.4879891872406006,0.0,inf,0.0,0.0,1,0,0.93,True,35.294163,-120.6676
151616,2025-10-06 18:55:21.789000+00:00,foothill,Car,0.0,0.0,0.0,0.0,0.0,3.4879891872406006,0.0,inf,0.0,0.0,0,0,0.93,True,35.294163,-120.6676
151616,2025-10-06 18:55:21.860000+00:00,foothill,Car,0.0,0.0,0.0,0.0,0.0,2.801973581314087,2.643413543701172,inf,17.46160125732422,90.0,0,0,0.93,True,35.294163,-120.6676
151616,2025-10-06 18:55:21.922000+00:00,foothill,Car,0.0,0.0,0.0,0.0,0.0,2.801973581314087,0.0,inf,0.0,0.0,0,0,0.93,True,35.294163,-120.6676
151616,2025-10-06 18:55:21.993000+00:00,foothill,Car,0.0,0.0,0.0,0.0,0.0,2.801973581314087,0.0,inf,0.0,0.0,0,0,0.93,True,35.294163,-120.6676
151616,2025-10-06 18:55:22.054000+00:00,foothill,Car,0.0,0.0,0.0,0.0,0.0,2.801973581314087,0.0,inf,0.0,0.0,0,0,0.92,True,35.294163,-120.6676
151616,2025-10-06 18:55:22.114000+00:00,foothill,Car,0.0,0.0,0.0,0.0,0.0,2.801973581314087,0.0,inf,0.0,0.0,0,0,0.92,True,35.294163,-120.6676
151616,2025-10-06 18:55:22.186000+00:00,foothill,Car,0.0,0.0,0.0,0.0,0.0,2.801973581314087,0.0,inf,0.0,0.0,0,0,0.92,True,35.294163,-120.6676
151616,2025-10-06 18:55:22.257000+00:00,foothill,Car,0.0,0.0,0.0,0.0,0.0,2.801973581314087,0.0,inf,0.0,0.0,0,0,0.92,True,35.294163,-120.6676
151616,2025-10-06 18:55:22.327000+00:00,foothill,Car,0.0,0.0,0.0,0.0,0.0,2.801973581314087,0.0,inf,0.0,0.0,0,0,0.92,True,35.294163,-120.6676
151616,2025-10-06 18:55:22.404000+00:00,foothill,Car,0.0,0.0,0.0,0.0,0.0,3.4879891872406006,-1.9580401182174683,1.781367540359497,16.100955963134766,90.0,0,0,0.92,True,35.294163,-120.6676
151616,2025-10-06 18:55:22.460000+00:00,foothill,Car,0.0,0.0,0.0,0.0,0.0,3.4879891872406006,0.0,inf,0.0,0.0,0,0,0.92,True,35.294163,-120.6676
151616,2025-10-06 18:55:22.520000+00:00,foothill,Car,0.0,0.0,0.0,0.0,0.0,2.801973581314087,3.1280391216278076,inf,20.662893295288086,90.0,0,0,0.92,True,35.294163,-120.6676
151616,2025-10-06 18:55:22.604000+00:00,foothill,Car,0.0,0.0,0.0,0.0,0.0,2.801973581314087,0.0,inf,0.0,0.0,0,0,0.93,True,35.294163,-120.6676
151616,2025-10-06 18:55:22.653000+00:00,foothill,Car,0.0,0.0,0.0,0.0,0.0,2.801973581314087,0.0,inf,0.0,0.0,0,0,0.93,True,35.294163,-120.6676
151616,2025-10-06 18:55:22.725000+00:00,foothill,Car,0.0,0.0,0.0,0.0,0.0,2.801973581314087,0.0,inf,0.0,0.0,0,0,0.93,True,35.294163,-120.6676
151616,2025-10-06 18:55:22.786000+00:00,foothill,Car,0.0,0.0,0.0,0.0,0.0,2.801973581314087,0.0,inf,0.0,0.0,0,0,0.93,True,35.294163,-120.6676
151616,2025-10-06 18:55:22.867000+00:00,foothill,Car,0.0,0.0,0.0,0.0,0.0,2.801973581314087,0.0,inf,0.0,0.0,0,0,0.93,True,35.294163,-120.6676
151616,2025-10-06 18:55:22.919000+00:00,foothill,Car,0.0,0.0,0.0,0.0,0.0,3.4879891872406006,-2.8994057178497314,1.2030013799667358,23.841800689697266,90.0,0,0,0.93,True,35.294163,-120.6676
151616,2025-10-06 18:55:22.994000+00:00,foothill,Car,0.0,0.0,0.0,0.0,0.0,2.801973581314087,2.5024313926696777,inf,16.530315399169922,90.0,0,0,0.93,True,35.294163,-120.6676
151616,2025-10-06 18:55:23.055000+00:00,foothill,Car,0.0,0.0,0.0,0.0,0.0,2.801973581314087,0.0,inf,0.0,0.0,0,0,0.93,True,35.294163,-120.6676
151616,2025-10-06 18:55:23.115000+00:00,foothill,Car,0.0,0.0,0.0,0.0,0.0,2.801973581314087,0.0,inf,0.0,0.0,0,0,0.93,True,35.294163,-120.6676
151616,2025-10-06 18:55:23.187000+00:00,foothill,Car,0.0,0.0,0.0,0.0,0.0,2.801973581314087,0.0,inf,0.0,0.0,0,0,0.93,True,35.294163,-120.6676
151616,2025-10-06 18:55:24.458000+00:00,foothill,Car,0.0,0.0,0.0,0.0,0.0,2.801973581314087,0.0,inf,0.0,0.0,0,0,0.93,True,35.294163,-120.6676
151616,2025-10-06 18:55:24.519000+00:00,foothill,Car,0.0,0.0,0.0,0.0,0.0,3.4879891872406006,-2.4716243743896484,1.4112132787704468,20.32415771484375,90.0,0,0,0.93,True,35.294163,-120.6676
151616,2025-10-06 18:55:24.590000+00:00,foothill,Car,0.0,0.0,0.0,0.0,0.0,2.801973581314087,2.643413543701172,inf,17.46160125732422,90.0,0,0,0.93,True,35.294163,-120.6676
151616,2025-10-06 18:55:24.650000+00:00,foothill,Car,0.0,0.0,0.0,0.0,0.0,2.801973581314087,0.0,inf,0.0,0.0,0,0,0.93,True,35.294163,-120.6676
151616,2025-10-06 18:55:24.721000+00:00,foothill,Car,0.0,0.0,0.0,0.0,0.0,2.801973581314087,0.0,inf,0.0,0.0,0,0,0.93,True,35.294163,-120.6676
151616,2025-10-06 18:55:24.793000+00:00,foothill,Car,0.0,0.0,0.0,0.0,0.0,2.801973581314087,0.0,inf,0.0,0.0,0,0,0.93,True,35.294163,-120.6676
151616,2025-10-06 18:55:24.854000+00:00,foothill,Car,0.0,0.0,0.0,0.0,0.0,2.801973581314087,0.0,inf,0.0,0.0,0,0,0.93,True,35.294163,-120.6676
151616,2025-10-06 18:55:24.925000+00:00,foothill,Car,0.0,0.0,0.0,0.0,0.0,2.801973581314087,0.0,inf,0.0,0.0,0,0,0.93,True,35.294163,-120.6676
151616,2025-10-06 18:55:24.996000+00:00,foothill,Car,0.0,0.0,0.0,0.0,0.0,2.801973581314087,0.0,inf,0.0,0.0,0,0,0.93,True,35.294163,-120.6676
151616,2025-10-06 18:55:25.067000+00:00,foothill,Car,0.0,0.0,0.0,0.0,0.0,2.801973581314087,0.0,inf,0.0,0.0,0,0,0.93,True,35.294163,-120.6676
151616,2025-10-06 18:55:25.127000+00:00,foothill,Car,0.0,0.0,0.0,0.0,0.0,2.801973581314087,0.0,inf,0.0,0.0,0,0,0.93,True,35.294163,-120.6676
151616,2025-10-06 18:55:25.189000+00:00,foothill,Car,0.0,0.0,0.0,0.0,0.0,2.801973581314087,0.0,inf,0.0,0.0,0,0,0.93,True,35.294163,-120.6676
151616,2025-10-06 18:55:25.251000+00:00,foothill,Car,0.0,0.0,0.0,0.0,0.0,2.801973581314087,0.0,inf,0.0,0.0,0,0,0.93,True,35.294163,-120.6676
151616,2025-10-06 18:55:25.322000+00:00,foothill,Car,0.0,0.0,0.0,0.0,0.0,2.801973581314087,0.0,inf,0.0,0.0,0,0,0.93,True,35.294163,-120.6676
151616,2025-10-06 18:55:25.393000+00:00,foothill,Car,0.0,0.0,0.0,0.0,0.0,2.801973581314087,0.0,inf,0.0,0.0,0,0,0.93,True,35.294163,-120.6676
151616,2025-10-06 18:55:25.464000+00:00,foothill,Car,0.0,0.0,0.0,0.0,0.0,2.801973581314087,0.0,inf,0.0,0.0,0,0,0.93,True,35.294163,-120.6676
151616,2025-10-06 18:55:25.525000+00:00,foothill,Car,0.0,0.0,0.0,0.0,0.0,2.801973581314087,0.0,inf,0.0,0.0,0,0,0.93,True,35.294163,-120.6676
151616,2025-10-06 18:55:25.587000+00:00,foothill,Car,0.0,0.0,0.0,0.0,0.0,2.801973581314087,0.0,inf,0.0,0.0,0,0,0.93,True,35.294163,-120.6676
151616,2025-10-06 18:55:25.658000+00:00,foothill,Car,0.0,0.0,0.0,0.0,0.0,2.801973581314087,0.0,inf,0.0,0.0,0,0,0.93,True,35.294163,-120.6676
151616,2025-10-06 18:55:25.719000+00:00,foothill,Car,0.0,0.0,0.0,0.0,0.0,2.801973581314087,0.0,inf,0.0,0.0,0,0,0.93,True,35.294163,-120.6676
151616,2025-10-06 18:55:25.794000+00:00,foothill,Car,0.0,0.0,0.0,0.0,0.0,2.801973581314087,0.0,inf,0.0,0.0,0,0,0.93,True,35.294163,-120.6676
151616,2025-10-06 18:55:25.852000+00:00,foothill,Car,0.0,0.0,0.0,0.0,0.0,2.801973581314087,0.0,inf,0.0,0.0,0,0,0.93,True,35.294163,-120.6676
151616,2025-10-06 18:55:25.922000+00:00,foothill,Car,0.0,0.0,0.0,0.0,0.0,2.801973581314087,0.0,inf,0.0,0.0,0,0,0.93,True,35.294163,-120.6676
151616,2025-10-06 18:55:25.995000+00:00,foothill,Car,0.0,0.0,0.0,0.0,0.0,2.801973581314087,0.0,inf,0.0,0.0,0,0,0.93,True,35.294163,-120.6676
151616,2025-10-06 18:55:26.056000+00:00,foothill,Car,0.0,0.0,0.0,0.0,0.0,2.801973581314087,0.0,inf,0.0,0.0,0,0,0.93,True,35.294163,-120.6676
151616,2025-10-06 18:55:26.127000+00:00,foothill,Car,0.0,0.0,0.0,0.0,0.0,2.801973581314087,0.0,inf,0.0,0.0,0,0,0.93,True,35.294163,-120.6676
151616,2025-10-06 18:55:26.188000+00:00,foothill,Car,0.0,0.0,0.0,0.0,0.0,2.801973581314087,0.0,inf,0.0,0.0,0,0,0.93,True,35.294163,-120.6676
151616,2025-10-06 18:55:26.250000+00:00,foothill,Car,0.0,0.0,0.0,0.0,0.0,2.801973581314087,0.0,inf,0.0,0.0,0,0,0.93,True,35.294163,-120.6676
151616,2025-10-06 18:55:26.322000+00:00,foothill,Car,0.0,0.0,0.0,0.0,0.0,2.801973581314087,0.0,inf,0.0,0.0,0,0,0.93,True,35.294163,-120.6676
151616,2025-10-06 18:55:26.393000+00:00,foothill,Car,0.0,0.0,0.0,0.0,0.0,2.801973581314087,0.0,inf,0.0,0.0,0,0,0.93,True,35.294163,-120.6676
151616,2025-10-06 18:55:26.464000+00:00,foothill,Car,0.0,0.0,0.0,0.0,0.0,2.801973581314087,0.0,inf,0.0,0.0,0,0,0.93,True,35.294163,-120.6676
151616,2025-10-06 18:55:26.514000+00:00,foothill,Car,0.0,0.0,0.0,0.0,0.0,2.801973581314087,0.0,inf,0.0,0.0,0,0,0.93,True,35.294163,-120.6676
151616,2025-10-06 18:55:26.595000+00:00,foothill,Car,0.0,0.0,0.0,0.0,0.0,2.801973581314087,0.0,inf,0.0,0.0,0,0,0.93,True,35.294163,-120.6676
151616,2025-10-06 18:55:26.657000+00:00,foothill,Car,0.0,0.0,0.0,0.0,0.0,2.801973581314087,0.0,inf,0.0,0.0,0,0,0.93,True,35.294163,-120.6676
151616,2025-10-06 18:55:26.728000+00:00,foothill,Car,0.0,0.0,0.0,0.0,0.0,2.801973581314087,0.0,inf,0.0,0.0,0,0,0.93,True,35.294163,-120.6676
151616,2025-10-06 18:55:26.789000+00:00,foothill,Car,0.0,0.0,0.0,0.0,0.0,2.801973581314087,0.0,inf,0.0,0.0,0,0,0.93,True,35.294163,-120.6676
151616,2025-10-06 18:55:26.860000+00:00,foothill,Car,0.0,0.0,0.0,0.0,0.0,2.801973581314087,0.0,inf,0.0,0.0,0,0,0.93,True,35.294163,-120.6676
151616,2025-10-06 18:55:26.921000+00:00,foothill,Car,0.0,0.0,0.0,0.0,0.0,2.801973581314087,0.0,inf,0.0,0.0,0,0,0.93,True,35.294163,-120.6676
151616,2025-10-06 18:55:26.992000+00:00,foothill,Car,0.0,0.0,0.0,0.0,0.0,2.801973581314087,0.0,inf,0.0,0.0,0,0,0.93,True,35.294163,-120.6676
151616,2025-10-06 18:55:27.063000+00:00,foothill,Car,0.0,0.0,0.0,0.0,0.0,2.801973581314087,0.0,inf,0.0,0.0,0,0,0.93,True,35.294163,-120.6676
151616,2025-10-06 18:55:27.123000+00:00,foothill,Car,0.0,0.0,0.0,0.0,0.0,2.801973581314087,0.0,inf,0.0,0.0,0,0,0.93,True,35.294163,-120.6676
151616,2025-10-06 18:55:27.186000+00:00,foothill,Car,0.0,0.0,0.0,0.0,0.0,2.801973581314087,0.0,inf,0.0,0.0,0,0,0.93,True,35.294163,-120.6676
151616,2025-10-06 18:55:27.257000+00:00,foothill,Car,0.0,0.0,0.0,0.0,0.0,2.801973581314087,0.0,inf,0.0,0.0,0,0,0.93,True,35.294163,-120.6676
151616,2025-10-06 18:55:27.318000+00:00,foothill,Car,0.0,0.0,0.0,0.0,0.0,2.801973581314087,0.0,inf,0.0,0.0,0,0,0.93,True,35.294163,-120.6676
151616,2025-10-06 18:55:27.389000+00:00,foothill,Car,0.0,0.0,0.0,0.0,0.0,2.801973581314087,0.0,inf,0.0,0.0,0,0,0.93,True,35.294163,-120.6676
151616,2025-10-06 18:55:27.460000+00:00,foothill,Car,0.0,0.0,0.0,0.0,0.0,2.801973581314087,0.0,inf,0.0,0.0,0,0,0.93,True,35.294163,-120.6676
151616,2025-10-06 18:55:27.521000+00:00,foothill,Car,0.0,0.0,0.0,0.0,0.0,2.801973581314087,0.0,inf,0.0,0.0,0,0,0.93,True,35.294163,-120.6676
151616,2025-10-06 18:55:27.596000+00:00,foothill,Car,0.0,0.0,0.0,0.0,0.0,2.801973581314087,0.0,inf,0.0,0.0,0,0,0.93,True,35.294163,-120.6676
151616,2025-10-06 18:55:27.662000+00:00,foothill,Car,0.0,0.0,0.0,0.0,0.0,2.801973581314087,0.0,inf,0.0,0.0,0,0,0.93,True,35.294163,-120.6676
151616,2025-10-06 18:55:27.723000+00:00,foothill,Car,0.0,0.0,0.0,0.0,0.0,2.801973581314087,0.0,inf,0.0,0.0,0,0,0.93,True,35.294163,-120.6676
151616,2025-10-06 18:55:27.794000+00:00,foothill,Car,0.0,0.0,0.0,0.0,0.0,2.801973581314087,0.0,inf,0.0,0.0,0,0,0.93,True,35.294163,-120.6676
151616,2025-10-06 18:55:27.854000+00:00,foothill,Car,0.0,0.0,0.0,0.0,0.0,2.801973581314087,0.0,inf,0.0,0.0,0,0,0.93,True,35.294163,-120.6676
151616,2025-10-06 18:55:27.936000+00:00,foothill,Car,0.0,0.0,0.0,0.0,0.0,2.801973581314087,0.0,inf,0.0,0.0,0,0,0.93,True,35.294163,-120.6676
151616,2025-10-06 18:55:28.008000+00:00,foothill,Car,0.0,0.0,0.0,0.0,0.0,2.801973581314087,0.0,inf,0.0,0.0,0,0,0.93,True,35.294163,-120.6676
151616,2025-10-06 18:55:28.058000+00:00,foothill,Car,0.0,0.0,0.0,0.0,0.0,2.801973581314087,0.0,inf,0.0,0.0,0,0,0.93,True,35.294163,-120.6676
151616,2025-10-06 18:55:28.129000+00:00,foothill,Car,0.0,0.0,0.0,0.0,0.0,2.801973581314087,0.0,inf,0.0,0.0,0,0,0.93,True,35.294163,-120.6676
151616,2025-10-06 18:55:28.190000+00:00,foothill,Car,0.0,0.0,0.0,0.0,0.0,2.801973581314087,0.0,inf,0.0,0.0,0,0,0.93,True,35.294163,-120.6676
151616,2025-10-06 18:55:28.251000+00:00,foothill,Car,0.0,0.0,0.0,0.0,0.0,2.801973581314087,0.0,inf,0.0,0.0,0,0,0.93,True,35.294163,-120.6676
151616,2025-10-06 18:55:28.322000+00:00,foothill,Car,0.0,0.0,0.0,0.0,0.0,2.801973581314087,0.0,inf,0.0,0.0,0,0,0.93,True,35.294163,-120.6676
151616,2025-10-06 18:55:28.388000+00:00,foothill,Car,0.0,0.0,0.0,0.0,0.0,2.801973581314087,0.0,inf,0.0,0.0,0,0,0.93,True,35.294163,-120.6676
151616,2025-10-06 18:55:28.449000+00:00,foothill,Car,0.0,0.0,0.0,0.0,0.0,2.801973581314087,0.0,inf,0.0,0.0,0,0,0.93,True,35.294163,-120.6676
151616,2025-10-06 18:55:28.520000+00:00,foothill,Car,0.0,0.0,0.0,0.0,0.0,2.801973581314087,0.0,inf,0.0,0.0,0,0,0.93,True,35.294163,-120.6676
151616,2025-10-06 18:55:28.591000+00:00,foothill,Car,0.0,0.0,0.0,0.0,0.0,2.801973581314087,0.0,inf,0.0,0.0,0,0,0.93,True,35.294163,-120.6676
151616,2025-10-06 18:55:28.653000+00:00,foothill,Car,0.0,0.0,0.0,0.0,0.0,2.801973581314087,0.0,inf,0.0,0.0,0,0,0.93,True,35.294163,-120.6676
151616,2025-10-06 18:55:28.724000+00:00,foothill,Car,0.0,0.0,0.0,0.0,0.0,2.801973581314087,0.0,inf,0.0,0.0,0,0,0.93,True,35.294163,-120.6676
151616,2025-10-06 18:55:28.795000+00:00,foothill,Car,0.0,0.0,0.0,0.0,0.0,2.801973581314087,0.0,inf,0.0,0.0,0,0,0.93,True,35.294163,-120.6676
151616,2025-10-06 18:55:28.856000+00:00,foothill,Car,0.0,0.0,0.0,0.0,0.0,2.801973581314087,0.0,inf,0.0,0.0,0,0,0.93,True,35.294163,-120.6676
151616,2025-10-06 18:55:28.917000+00:00,foothill,Car,0.0,0.0,0.0,0.0,0.0,2.801973581314087,0.0,inf,0.0,0.0,0,0,0.93,True,35.294163,-120.6676
151616,2025-10-06 18:55:28.999000+00:00,foothill,Car,0.0,0.0,0.0,0.0,0.0,2.801973581314087,0.0,inf,0.0,0.0,0,0,0.93,True,35.294163,-120.6676
151616,2025-10-06 18:55:29.060000+00:00,foothill,Car,0.0,0.0,0.0,0.0,0.0,2.801973581314087,0.0,inf,0.0,0.0,0,0,0.93,True,35.294163,-120.6676
151616,2025-10-06 18:55:29.121000+00:00,foothill,Car,0.0,0.0,0.0,0.0,0.0,2.801973581314087,0.0,inf,0.0,0.0,0,0,0.93,True,35.294163,-120.6676
151616,2025-10-06 18:55:29.193000+00:00,foothill,Car,0.0,0.0,0.0,0.0,0.0,2.801973581314087,0.0,inf,0.0,0.0,0,0,0.93,True,35.294163,-120.6676
151616,2025-10-06 18:55:29.284000+00:00,foothill,Car,0.0,0.0,0.0,0.0,0.0,2.801973581314087,0.0,inf,0.0,0.0,0,0,0.93,True,35.294163,-120.6676
151616,2025-10-06 18:55:31.073000+00:00,foothill,Car,0.0,0.0,0.0,0.0,0.0,2.801973581314087,0.0,inf,0.0,0.0,0,0,0.92,True,35.294163,-120.6676
151616,2025-10-06 18:55:32.122000+00:00,foothill,Car,0.0,0.0,0.0,0.0,0.0,2.801973581314087,0.0,inf,0.0,0.0,0,0,0.92,True,35.294163,-120.6676
151616,2025-10-06 18:55:32.193000+00:00,foothill,Car,0.0,0.0,0.0,0.0,0.0,2.801973581314087,0.0,inf,0.0,0.0,0,0,0.92,True,35.294163,-120.6676
151616,2025-10-06 18:55:32.265000+00:00,foothill,Car,0.0,0.0,0.0,0.0,0.0,2.801973581314087,0.0,inf,0.0,0.0,0,0,0.92,True,35.294163,-120.6676
151616,2025-10-06 18:55:32.325000+00:00,foothill,Car,0.0,0.0,0.0,0.0,0.0,2.801973581314087,0.0,inf,0.0,0.0,0,0,0.92,True,35.294163,-120.6676
151616,2025-10-06 18:55:32.396000+00:00,foothill,Car,0.0,0.0,0.0,0.0,0.0,2.801973581314087,0.0,inf,0.0,0.0,0,0,0.92,True,35.294163,-120.6676
151616,2025-10-06 18:55:32.458000+00:00,foothill,Car,0.0,0.0,0.0,0.0,0.0,2.801973581314087,0.0,inf,0.0,0.0,0,0,0.92,True,35.294163,-120.6676
151616,2025-10-06 18:55:32.529000+00:00,foothill,Car,0.0,0.0,0.0,0.0,0.0,2.801973581314087,0.0,inf,0.0,0.0,0,0,0.92,True,35.294163,-120.6676
151616,2025-10-06 18:55:32.590000+00:00,foothill,Car,0.0,0.0,0.0,0.0,0.0,2.801973581314087,0.0,inf,0.0,0.0,0,0,0.92,True,35.294163,-120.6676
151616,2025-10-06 18:55:32.651000+00:00,foothill,Car,0.0,0.0,0.0,0.0,0.0,2.801973581314087,0.0,inf,0.0,0.0,0,0,0.92,True,35.294163,-120.6676
151616,2025-10-06 18:55:32.732000+00:00,foothill,Car,0.0,0.0,0.0,0.0,0.0,2.801973581314087,0.0,inf,0.0,0.0,0,0,0.92,True,35.294163,-120.6676
151616,2025-10-06 18:55:32.793000+00:00,foothill,Car,0.0,0.0,0.0,0.0,0.0,2.801973581314087,0.0,inf,0.0,0.0,0,0,0.92,True,35.294163,-120.6676
151616,2025-10-06 18:55:32.855000+00:00,foothill,Car,0.0,0.0,0.0,0.0,0.0,2.801973581314087,0.0,inf,0.0,0.0,0,0,0.92,True,35.294163,-120.6676
151616,2025-10-06 18:55:32.926000+00:00,foothill,Car,0.0,0.0,0.0,0.0,0.0,2.801973581314087,0.0,inf,0.0,0.0,0,0,0.92,True,35.294163,-120.6676
151616,2025-10-06 18:55:32.986000+00:00,foothill,Car,0.0,0.0,0.0,0.0,0.0,2.801973581314087,0.0,inf,0.0,0.0,0,0,0.92,True,35.294163,-120.6676
151616,2025-10-06 18:55:33.057000+00:00,foothill,Car,0.0,0.0,0.0,0.0,0.0,2.801973581314087,0.0,inf,0.0,0.0,0,0,0.92,True,35.294163,-120.6676
151616,2025-10-06 18:55:33.128000+00:00,foothill,Car,0.0,0.0,0.0,0.0,0.0,2.801973581314087,0.0,inf,0.0,0.0,0,0,0.92,True,35.294163,-120.6676
151616,2025-10-06 18:55:33.189000+00:00,foothill,Car,0.0,0.0,0.0,0.0,0.0,2.801973581314087,0.0,inf,0.0,0.0,0,0,0.92,True,35.294163,-120.6676
151616,2025-10-06 18:55:33.260000+00:00,foothill,Car,0.0,0.0,0.0,0.0,0.0,2.801973581314087,0.0,inf,0.0,0.0,0,0,0.92,True,35.294163,-120.6676
151616,2025-10-06 18:55:33.321000+00:00,foothill,Car,0.0,0.0,0.0,0.0,0.0,2.801973581314087,0.0,inf,0.0,0.0,0,0,0.92,True,35.294163,-120.6676
151616,2025-10-06 18:55:33.392000+00:00,foothill,Car,0.0,0.0,0.0,0.0,0.0,2.801973581314087,0.0,inf,0.0,0.0,0,0,0.92,True,35.294163,-120.6676
151616,2025-10-06 18:55:33.453000+00:00,foothill,Car,0.0,0.0,0.0,0.0,0.0,2.801973581314087,0.0,inf,0.0,0.0,0,0,0.92,True,35.294163,-120.6676
151616,2025-10-06 18:55:33.524000+00:00,foothill,Car,0.0,0.0,0.0,0.0,0.0,2.801973581314087,0.0,inf,0.0,0.0,0,0,0.92,True,35.294163,-120.6676
151616,2025-10-06 18:55:33.585000+00:00,foothill,Car,0.0,0.0,0.0,0.0,0.0,2.801973581314087,0.0,inf,0.0,0.0,0,0,0.92,True,35.294163,-120.6676
151616,2025-10-06 18:55:33.656000+00:00,foothill,Car,0.0,0.0,0.0,0.0,0.0,2.801973581314087,0.0,inf,0.0,0.0,0,0,0.92,True,35.294163,-120.6676
151616,2025-10-06 18:55:33.717000+00:00,foothill,Car,0.0,0.0,0.0,0.0,0.0,2.801973581314087,0.0,inf,0.0,0.0,0,0,0.92,True,35.294163,-120.6676
151616,2025-10-06 18:55:33.777000+00:00,foothill,Car,0.0,0.0,0.0,0.0,0.0,2.801973581314087,0.0,inf,0.0,0.0,0,0,0.92,True,35.294163,-120.6676
151616,2025-10-06 18:55:33.859000+00:00,foothill,Car,0.0,0.0,0.0,0.0,0.0,2.801973581314087,0.0,inf,0.0,0.0,0,0,0.92,True,35.294163,-120.6676
151616,2025-10-06 18:55:33.930000+00:00,foothill,Car,0.0,0.0,0.0,0.0,0.0,2.801973581314087,0.0,inf,0.0,0.0,0,0,0.93,True,35.294163,-120.6676
151616,2025-10-06 18:55:33.995000+00:00,foothill,Car,0.0,0.0,0.0,0.0,0.0,2.801973581314087,0.0,inf,0.0,0.0,0,0,0.93,True,35.294163,-120.6676
151616,2025-10-06 18:55:34.055000+00:00,foothill,Car,0.0,0.0,0.0,0.0,0.0,2.801973581314087,0.0,inf,0.0,0.0,0,0,0.93,True,35.294163,-120.6676
151616,2025-10-06 18:55:34.126000+00:00,foothill,Car,0.0,0.0,0.0,0.0,0.0,2.801973581314087,0.0,inf,0.0,0.0,0,0,0.93,True,35.294163,-120.6676
151616,2025-10-06 18:55:34.187000+00:00,foothill,Car,0.0,0.0,0.0,0.0,0.0,2.801973581314087,0.0,inf,0.0,0.0,0,0,0.93,True,35.294163,-120.6676
151616,2025-10-06 18:55:34.258000+00:00,foothill,Car,0.0,0.0,0.0,0.0,0.0,2.801973581314087,0.0,inf,0.0,0.0,0,0,0.93,True,35.294163,-120.6676
151616,2025-10-06 18:55:34.319000+00:00,foothill,Car,0.0,0.0,0.0,0.0,0.0,2.801973581314087,0.0,inf,0.0,0.0,0,0,0.93,True,35.294163,-120.6676
151616,2025-10-06 18:55:34.390000+00:00,foothill,Car,0.0,0.0,0.0,0.0,0.0,2.801973581314087,0.0,inf,0.0,0.0,0,0,0.93,True,35.294163,-120.6676
151616,2025-10-06 18:55:34.451000+00:00,foothill,Car,0.0,0.0,0.0,0.0,0.0,2.801973581314087,0.0,inf,0.0,0.0,0,0,0.93,True,35.294163,-120.6676
151616,2025-10-06 18:55:34.522000+00:00,foothill,Car,0.0,0.0,0.0,0.0,0.0,2.801973581314087,0.0,inf,0.0,0.0,0,0,0.93,True,35.294163,-120.6676
151616,2025-10-06 18:55:34.603000+00:00,foothill,Car,0.0,0.0,0.0,0.0,0.0,2.801973581314087,0.0,inf,0.0,0.0,0,0,0.93,True,35.294163,-120.6676
151616,2025-10-06 18:55:34.664000+00:00,foothill,Car,0.0,0.0,0.0,0.0,0.0,2.801973581314087,0.0,inf,0.0,0.0,0,0,0.93,True,35.294163,-120.6676
151616,2025-10-06 18:55:34.715000+00:00,foothill,Car,0.0,0.0,0.0,0.0,0.0,2.801973581314087,0.0,inf,0.0,0.0,0,0,0.93,True,35.294163,-120.6676
151616,2025-10-06 18:55:34.797000+00:00,foothill,Car,0.0,0.0,0.0,0.0,0.0,2.801973581314087,0.0,inf,0.0,0.0,0,0,0.93,True,35.294163,-120.6676
151616,2025-10-06 18:55:34.858000+00:00,foothill,Car,0.0,0.0,0.0,0.0,0.0,2.801973581314087,0.0,inf,0.0,0.0,0,0,0.93,True,35.294163,-120.6676
151616,2025-10-06 18:55:34.919000+00:00,foothill,Car,0.0,0.0,0.0,0.0,0.0,2.801973581314087,0.0,inf,0.0,0.0,0,0,0.93,True,35.294163,-120.6676
151616,2025-10-06 18:55:35+00:00,foothill,Car,0.0,0.0,0.0,0.0,0.0,2.801973581314087,0.0,inf,0.0,0.0,0,0,0.93,True,35.294163,-120.6676
151616,2025-10-06 18:55:35.061000+00:00,foothill,Car,0.0,0.0,0.0,0.0,0.0,2.801973581314087,0.0,inf,0.0,0.0,0,0,0.93,True,35.294163,-120.6676
151616,2025-10-06 18:55:35.122000+00:00,foothill,Car,0.0,0.0,0.0,0.0,0.0,2.801973581314087,0.0,inf,0.0,0.0,0,0,0.93,True,35.294163,-120.6676
151616,2025-10-06 18:55:35.193000+00:00,foothill,Car,0.0,0.0,0.0,0.0,0.0,2.801973581314087,0.0,inf,0.0,0.0,0,0,0.93,True,35.294163,-120.6676
151616,2025-10-06 18:55:35.254000+00:00,foothill,Car,0.0,0.0,0.0,0.0,0.0,2.801973581314087,0.0,inf,0.0,0.0,0,0,0.93,True,35.294163,-120.6676
151616,2025-10-06 18:55:35.325000+00:00,foothill,Car,0.0,0.0,0.0,0.0,0.0,2.801973581314087,0.0,inf,0.0,0.0,0,0,0.93,True,35.294163,-120.6676
151616,2025-10-06 18:55:35.397000+00:00,foothill,Car,0.0,0.0,0.0,0.0,0.0,2.801973581314087,0.0,inf,0.0,0.0,0,0,0.93,True,35.294163,-120.6676
151616,2025-10-06 18:55:35.447000+00:00,foothill,Car,0.0,0.0,0.0,0.0,0.0,2.801973581314087,0.0,inf,0.0,0.0,0,0,0.93,True,35.294163,-120.6676
151616,2025-10-06 18:55:35.518000+00:00,foothill,Car,0.0,0.0,0.0,0.0,0.0,2.801973581314087,0.0,inf,0.0,0.0,0,0,0.93,True,35.294163,-120.6676
151616,2025-10-06 18:55:35.589000+00:00,foothill,Car,0.0,0.0,0.0,0.0,0.0,2.801973581314087,0.0,inf,0.0,0.0,0,0,0.93,True,35.294163,-120.6676
151616,2025-10-06 18:55:35.650000+00:00,foothill,Car,0.0,0.0,0.0,0.0,0.0,2.801973581314087,0.0,inf,0.0,0.0,0,0,0.93,True,35.294163,-120.6676
151616,2025-10-06 18:55:35.721000+00:00,foothill,Car,0.0,0.0,0.0,0.0,0.0,2.801973581314087,0.0,inf,0.0,0.0,0,0,0.93,True,35.294163,-120.6676
151616,2025-10-06 18:55:35.792000+00:00,foothill,Car,0.0,0.0,0.0,0.0,0.0,2.801973581314087,0.0,inf,0.0,0.0,0,0,0.93,True,35.294163,-120.6676
151616,2025-10-06 18:55:35.863000+00:00,foothill,Car,0.0,0.0,0.0,0.0,0.0,2.801973581314087,0.0,inf,0.0,0.0,0,0,0.93,True,35.294163,-120.6676
151720,2025-10-06 18:55:21.717000+00:00,foothill,Car,0.0,0.0,0.0,0.0,0.0,6.096057415008545,5.4340667724609375,inf,5.980170249938965,0.0,1,0,0.99,True,35.294037,-120.667694
151720,2025-10-06 18:55:21.789000+00:00,foothill,Car,0.0,0.0,0.0,0.0,0.0,6.096057415008545,5.561285972595215,inf,6.120174407958984,0.0,0,0,0.99,True,35.294037,-120.667694
151720,2025-10-06 18:55:21.860000+00:00,foothill,Car,0.0,0.0,0.0,0.0,0.0,6.903009414672852,-4.828407287597656,1.4296659231185913,5.3484673500061035,180.0,0,0,0.99,True,35.294037,-120.667694
151720,2025-10-06 18:55:21.922000+00:00,foothill,Car,0.0,0.0,0.0,0.0,0.0,6.903009414672852,5.543132781982422,inf,6.140174865722656,0.0,0,0,0.99,True,35.294037,-120.667694
151720,2025-10-06 18:55:21.993000+00:00,foothill,Car,0.0,0.0,0.0,0.0,0.0,7.533992290496826,-6.881811618804932,1.094768762588501,17.461633682250977,90.0,0,0,0.99,True,35.294037,-120.667694
151720,2025-10-06 18:55:22.054000+00:00,foothill,Car,0.0,0.0,0.0,0.0,0.0,7.533992290496826,5.26638126373291,inf,5.730163097381592,0.0,0,0,0.99,True,35.294037,-120.667694
151720,2025-10-06 18:55:22.114000+00:00,foothill,Car,0.0,0.0,0.0,0.0,0.0,7.533992290496826,5.257190704345703,inf,5.720162868499756,0.0,0,0,0.99,True,35.294037,-120.667694
151720,2025-10-06 18:55:22.186000+00:00,foothill,Car,0.0,0.0,0.0,0.0,0.0,8.174927711486816,5.329514503479004,inf,5.720162868499756,0.0,0,0,0.99,True,35.294037,-120.667694
151720,2025-10-06 18:55:22.257000+00:00,foothill,Car,0.0,0.0,0.0,0.0,0.0,8.174927711486816,5.329514503479004,inf,5.720162868499756,0.0,0,0,0.99,True,35.294037,-120.667694
151720,2025-10-06 18:55:22.327000+00:00,foothill,Car,0.0,0.0,0.0,0.0,0.0,8.174927711486816,5.25497579574585,inf,5.64016056060791,0.0,0,0,0.99,True,35.294037,-120.667694
151720,2025-10-06 18:55:22.404000+00:00,foothill,Car,0.0,0.0,0.0,0.0,0.0,8.82364559173584,-5.4181060791015625,1.6285479068756104,16.10098648071289,90.0,0,0,0.99,True,35.294037,-120.667694
151720,2025-10-06 18:55:22.460000+00:00,foothill,Car,0.0,0.0,0.0,0.0,0.0,8.82364559173584,5.292396545410156,inf,5.620160102844238,0.0,0,0,0.99,True,35.294037,-120.667694
151720,2025-10-06 18:55:22.520000+00:00,foothill,Car,0.0,0.0,0.0,0.0,0.0,9.47854995727539,5.2043304443359375,inf,5.480155944824219,0.0,0,0,0.99,True,35.294037,-120.667694
151720,2025-10-06 18:55:22.604000+00:00,foothill,Car,0.0,0.0,0.0,0.0,0.0,9.47854995727539,4.957409381866455,inf,5.22014856338501,0.0,0,0,0.99,True,35.294037,-120.667694
151720,2025-10-06 18:55:22.653000+00:00,foothill,Car,0.0,0.0,0.0,0.0,0.0,9.47854995727539,4.805458068847656,inf,5.060143947601318,0.0,0,0,0.99,True,35.294037,-120.667694
151720,2025-10-06 18:55:22.725000+00:00,foothill,Car,0.0,0.0,0.0,0.0,0.0,9.47854995727539,4.663004398345947,inf,4.910140037536621,0.0,0,0,0.99,True,35.294037,-120.667694
151720,2025-10-06 18:55:22.786000+00:00,foothill,Car,0.0,0.0,0.0,0.0,0.0,9.47854995727539,4.387592315673828,inf,4.620131492614746,0.0,0,0,0.99,True,35.294037,-120.667694
151720,2025-10-06 18:55:22.867000+00:00,foothill,Car,0.0,0.0,0.0,0.0,0.0,10.13844108581543,-4.482601165771484,2.2617316246032715,15.305876731872559,90.0,0,0,0.99,True,35.294037,-120.667694
151720,2025-10-06 18:55:22.919000+00:00,foothill,Car,0.0,0.0,0.0,0.0,0.0,10.13844108581543,4.0350799560546875,inf,4.220119953155518,0.0,0,0,0.99,True,35.294037,-120.667694
151720,2025-10-06 18:55:22.994000+00:00,foothill,Car,0.0,0.0,0.0,0.0,0.0,10.13844108581543,3.7673497200012207,inf,3.9401121139526367,0.0,0,0,0.99,True,35.294037,-120.667694
151720,2025-10-06 18:55:23.055000+00:00,foothill,Car,0.0,0.0,0.0,0.0,0.0,10.13844108581543,3.7482261657714844,inf,3.920111656188965,0.0,0,0,0.99,True,35.294037,-120.667694
151720,2025-10-06 18:55:23.115000+00:00,foothill,Car,0.0,0.0,0.0,0.0,0.0,10.13844108581543,3.738664150238037,inf,3.91011118888855,0.0,0,0,0.99,True,35.294037,-120.667694
151720,2025-10-06 18:55:23.187000+00:00,foothill,Car,0.0,0.0,0.0,0.0,0.0,10.693593978881836,-1.5887384414672852,6.730871200561523,18.00874137878418,81.2928466796875,0,0,0.99,True,35.294037,-120.667694
151720,2025-10-06 18:55:24.458000+00:00,foothill,Car,0.0,0.0,0.0,0.0,0.0,3.2851645946502686,-5.494349002838135,0.5979169607162476,6.854131698608398,87.4945068359375,0,0,0.99,True,35.294037,-120.667694
151720,2025-10-06 18:55:24.519000+00:00,foothill,Car,0.0,0.0,0.0,0.0,0.0,2.8974244594573975,-17.852439880371094,0.1622985154390335,20.32419776916504,90.0,0,0,0.99,True,35.294037,-120.667694
151720,2025-10-06 18:55:24.590000+00:00,foothill,Car,0.0,0.0,0.0,0.0,0.0,2.6375606060028076,-16.849178314208984,0.1565394252538681,17.461633682250977,90.0,0,0,0.99,True,35.294037,-120.667694
151720,2025-10-06 18:55:24.650000+00:00,foothill,Car,0.0,0.0,0.0,0.0,0.0,2.6375606060028076,-2.297145128250122,1.1481906175613403,8.750248908996582,0.0,0,0,0.99,True,35.294037,-120.667694
151720,2025-10-06 18:55:24.721000+00:00,foothill,Car,0.0,0.0,0.0,0.0,0.0,2.5450499057769775,0.0,inf,8.750248908996582,0.0,0,0,0.99,True,35.294037,-120.667694
151720,2025-10-06 18:55:24.793000+00:00,foothill,Car,0.0,0.0,0.0,0.0,0.0,2.6375606060028076,-16.615161895751953,0.1587442010641098,17.2191104888916,90.0,0,0,0.99,True,35.294037,-120.667694
151720,2025-10-06 18:55:24.854000+00:00,foothill,Car,0.0,0.0,0.0,0.0,0.0,2.6375606060028076,2.2551403045654297,inf,8.59024429321289,0.0,0,0,0.99,True,35.294037,-120.667694
151720,2025-10-06 18:55:24.925000+00:00,foothill,Car,0.0,0.0,0.0,0.0,0.0,2.8974244594573975,4.105762958526611,inf,8.59024429321289,0.0,0,0,0.99,True,35.294037,-120.667694
151720,2025-10-06 18:55:24.996000+00:00,foothill,Car,0.0,0.0,0.0,0.0,0.0,3.2851645946502686,-13.527702331542969,0.24284720420837402,17.461633682250977,90.0,0,0,0.99,True,35.294037,-120.667694
151720,2025-10-06 18:55:25.067000+00:00,foothill,Car,0.0,0.0,0.0,0.0,0.0,3.7614409923553467,6.487307548522949,inf,8.810250282287598,0.0,0,0,0.99,True,35.294037,-120.667694
151720,2025-10-06 18:55:25.127000+00:00,foothill,Car,0.0,0.0,0.0,0.0,0.0,4.296913146972656,-12.238598823547363,0.35109519958496094,20.662933349609375,90.0,0,0,0.99,True,35.294037,-120.667694
151720,2025-10-06 18:55:25.189000+00:00,foothill,Car,0.0,0.0,0.0,0.0,0.0,4.296913146972656,7.211395740509033,inf,8.950255393981934,0.0,0,0,0.99,True,35.294037,-120.667694
151720,2025-10-06 18:55:25.251000+00:00,foothill,Car,0.0,0.0,0.0,0.0,0.0,4.872102737426758,-10.445551872253418,0.4664284586906433,19.996387481689453,90.0,0,0,0.99,True,35.294037,-120.667694
151720,2025-10-06 18:55:25.322000+00:00,foothill,Car,0.0,0.0,0.0,0.0,0.0,5.4745049476623535,8.136759757995605,inf,9.190260887145996,0.0,0,0,0.99,True,35.294037,-120.667694
151720,2025-10-06 18:55:25.393000+00:00,foothill,Car,0.0,0.0,0.0,0.0,0.0,6.096057415008545,-7.290077209472656,0.8362129926681519,17.461633682250977,90.0,0,0,0.99,True,35.294037,-120.667694
151720,2025-10-06 18:55:25.464000+00:00,foothill,Car,0.0,0.0,0.0,0.0,0.0,6.284976482391357,-4.713963031768799,1.3332680463790894,5.3484673500061035,180.0,0,0,0.99,True,35.294037,-120.667694
151720,2025-10-06 18:55:25.525000+00:00,foothill,Car,0.0,0.0,0.0,0.0,0.0,6.903009414672852,8.197336196899414,inf,9.0802583694458,0.0,0,0,0.99,True,35.294037,-120.667694
151720,2025-10-06 18:55:25.587000+00:00,foothill,Car,0.0,0.0,0.0,0.0,0.0,7.21097469329834,-0.0,inf,7.810222148895264,0.0,0,0,0.99,True,35.294037,-120.667694
151720,2025-10-06 18:55:25.658000+00:00,foothill,Car,0.0,0.0,0.0,0.0,0.0,7.244142532348633,-0.730279266834259,9.91968822479248,7.640217304229736,0.0,0,0,0.99,True,35.294037,-120.667694
151720,2025-10-06 18:55:25.719000+00:00,foothill,Car,0.0,0.0,0.0,0.0,0.0,7.244142532348633,-0.7082944512367249,10.227585792541504,7.410211086273193,0.0,0,0,0.99,True,35.294037,-120.667694
151720,2025-10-06 18:55:25.794000+00:00,foothill,Car,0.0,0.0,0.0,0.0,0.0,7.759722709655762,-16.745532989501953,0.46339061856269836,17.288375854492188,65.32366943359375,0,0,0.99,True,35.294037,-120.667694
151720,2025-10-06 18:55:25.852000+00:00,foothill,Car,0.0,0.0,0.0,0.0,0.0,7.759722709655762,-1.3046191930770874,5.947883129119873,7.310208320617676,0.0,0,0,0.99,True,35.294037,-120.667694
151720,2025-10-06 18:55:25.922000+00:00,foothill,Car,0.0,0.0,0.0,0.0,0.0,7.912681579589844,-17.089862823486328,0.46300438046455383,17.7110652923584,90.0,0,0,0.99,True,35.294037,-120.667694
151720,2025-10-06 18:55:25.995000+00:00,foothill,Car,0.0,0.0,0.0,0.0,0.0,7.912681579589844,-1.8140873908996582,4.361797332763672,6.910196781158447,0.0,0,0,0.99,True,35.294037,-120.667694
151720,2025-10-06 18:55:26.056000+00:00,foothill,Car,0.0,0.0,0.0,0.0,0.0,8.322724342346191,-1.5537596940994263,5.356506824493408,6.2252655029296875,0.0,0,0,0.99,True,35.294037,-120.667694
151720,2025-10-06 18:55:26.127000+00:00,foothill,Car,0.0,0.0,0.0,0.0,0.0,8.521964073181152,-2.0735931396484375,4.109756946563721,6.380181789398193,0.0,0,0,0.99,True,35.294037,-120.667694
151720,2025-10-06 18:55:26.188000+00:00,foothill,Car,0.0,0.0,0.0,0.0,0.0,8.521964073181152,-1.9890894889831543,4.284354209899902,6.120174407958984,0.0,0,0,1.0,True,35.294037,-120.667694
151720,2025-10-06 18:55:26.250000+00:00,foothill,Car,0.0,0.0,0.0,0.0,0.0,8.521964073181152,-1.9305866956710815,4.414183616638184,5.940168857574463,0.0,0,0,1.0,True,35.294037,-120.667694
151720,2025-10-06 18:55:26.322000+00:00,foothill,Car,0.0,0.0,0.0,0.0,0.0,8.77148151397705,-15.821070671081543,0.5544176697731018,17.21908950805664,90.0,0,0,1.0,True,35.294037,-120.667694
151720,2025-10-06 18:55:26.393000+00:00,foothill,Car,0.0,0.0,0.0,0.0,0.0,9.162747383117676,-2.020895481109619,4.534003734588623,5.3484673500061035,0.0,0,0,1.0,True,35.294037,-120.667694
151720,2025-10-06 18:55:26.464000+00:00,foothill,Car,0.0,0.0,0.0,0.0,0.0,9.446155548095703,-2.3662521839141846,3.992032527923584,5.380153179168701,0.0,0,0,1.0,True,35.294037,-120.667694
151720,2025-10-06 18:55:26.514000+00:00,foothill,Car,0.0,0.0,0.0,0.0,0.0,9.446155548095703,-2.3354644775390625,4.044658184051514,5.310151100158691,0.0,0,0,1.0,True,35.294037,-120.667694
151720,2025-10-06 18:55:26.595000+00:00,foothill,Car,0.0,0.0,0.0,0.0,0.0,9.828873634338379,-3.963240385055542,2.4800095558166504,9.376325607299805,0.0,0,0,1.0,True,35.294037,-120.667694
151720,2025-10-06 18:55:26.657000+00:00,foothill,Car,0.0,0.0,0.0,0.0,0.0,10.140984535217285,-17.564476013183594,0.5773576498031616,19.996360778808594,90.0,0,0,1.0,True,35.294037,-120.667694
151720,2025-10-06 18:55:26.728000+00:00,foothill,Car,0.0,0.0,0.0,0.0,0.0,10.140984535217285,-2.5858168601989746,3.9217722415924072,5.410153865814209,0.0,0,0,1.0,True,35.294037,-120.667694
151720,2025-10-06 18:55:26.789000+00:00,foothill,Car,0.0,0.0,0.0,0.0,0.0,10.852097511291504,-3.177637815475464,3.4151461124420166,6.2252655029296875,0.0,0,0,1.0,True,35.294037,-120.667694
151720,2025-10-06 18:55:26.860000+00:00,foothill,Car,0.0,0.0,0.0,0.0,0.0,10.852097511291504,-2.807511568069458,3.8653793334960938,5.500156402587891,0.0,0,0,1.0,True,35.294037,-120.667694
151720,2025-10-06 18:55:26.921000+00:00,foothill,Car,0.0,0.0,0.0,0.0,0.0,10.852097511291504,-2.797302484512329,3.879486560821533,5.480155944824219,0.0,0,0,1.0,True,35.294037,-120.667694
151720,2025-10-06 18:55:26.992000+00:00,foothill,Car,0.0,0.0,0.0,0.0,0.0,11.576493263244629,-16.701370239257812,0.693146288394928,18.262365341186523,81.2928466796875,0,0,1.0,True,35.294037,-120.667694
151720,2025-10-06 18:55:27.063000+00:00,foothill,Car,0.0,0.0,0.0,0.0,0.0,11.936148643493652,-2.792401075363159,4.274510860443115,5.3484673500061035,0.0,0,0,1.0,True,35.294037,-120.667694
151720,2025-10-06 18:55:27.123000+00:00,foothill,Car,0.0,0.0,0.0,0.0,0.0,11.936148643493652,-2.9185869693756104,4.089701175689697,5.5901594161987305,0.0,0,0,1.0,True,35.294037,-120.667694
151720,2025-10-06 18:55:27.186000+00:00,foothill,Car,0.0,0.0,0.0,0.0,0.0,11.96400260925293,0.07871272414922714,inf,0.17000484466552734,0.0,0,0,1.0,True,35.294037,-120.667694
151720,2025-10-06 18:55:27.257000+00:00,foothill,Car,0.0,0.0,0.0,0.0,0.0,11.96400260925293,0.09260320663452148,inf,0.2000056952238083,0.0,0,0,1.0,True,35.294037,-120.667694
151720,2025-10-06 18:55:27.318000+00:00,foothill,Car,0.0,0.0,0.0,0.0,0.0,11.96400260925293,0.09260320663452148,inf,0.2000056952238083,0.0,0,0,1.0,True,35.294037,-120.667694
151720,2025-10-06 18:55:27.389000+00:00,foothill,Car,0.0,0.0,0.0,0.0,0.0,11.96400260925293,0.10649367421865463,inf,0.23000653088092804,0.0,0,0,1.0,True,35.294037,-120.667694
151720,2025-10-06 18:55:27.460000+00:00,foothill,Car,0.0,0.0,0.0,0.0,0.0,12.29991626739502,0.13680018484592438,inf,0.2700076997280121,0.0,0,0,1.0,True,35.294037,-120.667694
151720,2025-10-06 18:55:27.521000+00:00,foothill,Car,0.0,0.0,0.0,0.0,0.0,12.29991626739502,0.1672002226114273,inf,0.330009400844574,0.0,0,0,1.0,True,35.294037,-120.667694
151720,2025-10-06 18:55:27.596000+00:00,foothill,Car,0.0,0.0,0.0,0.0,0.0,12.29991626739502,0.2128002792596817,inf,0.420011967420578,0.0,0,0,1.0,True,35.294037,-120.667694
151720,2025-10-06 18:55:27.662000+00:00,foothill,Car,0.0,0.0,0.0,0.0,0.0,12.29991626739502,0.2128002792596817,inf,0.420011967420578,0.0,0,0,1.0,True,35.294037,-120.667694
151720,2025-10-06 18:55:27.723000+00:00,foothill,Car,0.0,0.0,0.0,0.0,0.0,12.29991626739502,0.23813365399837494,inf,0.47001340985298157,0.0,0,0,1.0,True,35.294037,-120.667694
151720,2025-10-06 18:55:27.794000+00:00,foothill,Car,0.0,0.0,0.0,0.0,0.0,12.664811134338379,14.620781898498535,inf,17.46160888671875,90.0,0,0,1.0,True,35.294037,-120.667694
151720,2025-10-06 18:55:27.854000+00:00,foothill,Car,0.0,0.0,0.0,0.0,0.0,12.664811134338379,0.24056725203990936,inf,0.44001251459121704,0.0,0,0,1.0,True,35.294037,-120.667694
151720,2025-10-06 18:55:27.936000+00:00,foothill,Car,0.0,0.0,0.0,0.0,0.0,12.664811134338379,0.24056725203990936,inf,0.44001251459121704,0.0,0,0,1.0,True,35.294037,-120.667694
151720,2025-10-06 18:55:28.008000+00:00,foothill,Car,0.0,0.0,0.0,0.0,0.0,12.664811134338379,0.24056725203990936,inf,0.44001251459121704,0.0,0,0,1.0,True,35.294037,-120.667694
151720,2025-10-06 18:55:28.058000+00:00,foothill,Car,0.0,0.0,0.0,0.0,0.0,12.664811134338379,0.24056725203990936,inf,0.44001251459121704,0.0,0,0,1.0,True,35.294037,-120.667694
151720,2025-10-06 18:55:28.129000+00:00,foothill,Car,0.0,0.0,0.0,0.0,0.0,12.664811134338379,0.24056725203990936,inf,0.44001251459121704,0.0,0,0,1.0,True,35.294037,-120.667694
151720,2025-10-06 18:55:28.190000+00:00,foothill,Car,0.0,0.0,0.0,0.0,0.0,12.664811134338379,0.24056725203990936,inf,0.44001251459121704,0.0,0,0,1.0,True,35.294037,-120.667694
151720,2025-10-06 18:55:28.251000+00:00,foothill,Car,0.0,0.0,0.0,0.0,0.0,12.664811134338379,0.24056725203990936,inf,0.44001251459121704,0.0,0,0,1.0,True,35.294037,-120.667694
151720,2025-10-06 18:55:28.322000+00:00,foothill,Car,0.0,0.0,0.0,0.0,0.0,12.664811134338379,0.24056725203990936,inf,0.44001251459121704,0.0,0,0,1.0,True,35.294037,-120.667694
151720,2025-10-06 18:55:28.388000+00:00,foothill,Car,0.0,0.0,0.0,0.0,0.0,12.664811134338379,0.24056725203990936,inf,0.44001251459121704,0.0,0,0,1.0,True,35.294037,-120.667694
151720,2025-10-06 18:55:28.449000+00:00,foothill,Car,0.0,0.0,0.0,0.0,0.0,12.664811134338379,0.24056725203990936,inf,0.44001251459121704,0.0,0,0,1.0,True,35.294037,-120.667694
151720,2025-10-06 18:55:28.520000+00:00,foothill,Car,0.0,0.0,0.0,0.0,0.0,12.664811134338379,0.24056725203990936,inf,0.44001251459121704,0.0,0,0,1.0,True,35.294037,-120.667694
151720,2025-10-06 18:55:28.591000+00:00,foothill,Car,0.0,0.0,0.0,0.0,0.0,12.664811134338379,0.24056725203990936,inf,0.44001251459121704,0.0,0,0,1.0,True,35.294037,-120.667694
151720,2025-10-06 18:55:28.653000+00:00,foothill,Car,0.0,0.0,0.0,0.0,0.0,12.664811134338379,0.24056725203990936,inf,0.44001251459121704,0.0,0,0,1.0,True,35.294037,-120.667694
151720,2025-10-06 18:55:28.724000+00:00,foothill,Car,0.0,0.0,0.0,0.0,0.0,12.664811134338379,0.24056725203990936,inf,0.44001251459121704,0.0,0,0,1.0,True,35.294037,-120.667694
151720,2025-10-06 18:55:28.795000+00:00,foothill,Car,0.0,0.0,0.0,0.0,0.0,12.664811134338379,0.24056725203990936,inf,0.44001251459121704,0.0,0,0,1.0,True,35.294037,-120.667694
151720,2025-10-06 18:55:28.856000+00:00,foothill,Car,0.0,0.0,0.0,0.0,0.0,12.664811134338379,0.24056725203990936,inf,0.44001251459121704,0.0,0,0,1.0,True,35.294037,-120.667694
151720,2025-10-06 18:55:28.917000+00:00,foothill,Car,0.0,0.0,0.0,0.0,0.0,12.664811134338379,0.24056725203990936,inf,0.44001251459121704,0.0,0,0,1.0,True,35.294037,-120.667694
151720,2025-10-06 18:55:28.999000+00:00,foothill,Car,0.0,0.0,0.0,0.0,0.0,12.664811134338379,0.24056725203990936,inf,0.44001251459121704,0.0,0,0,1.0,True,35.294037,-120.667694
151720,2025-10-06 18:55:29.060000+00:00,foothill,Car,0.0,0.0,0.0,0.0,0.0,12.664811134338379,0.24056725203990936,inf,0.44001251459121704,0.0,0,0,1.0,True,35.294037,-120.667694
151720,2025-10-06 18:55:29.121000+00:00,foothill,Car,0.0,0.0,0.0,0.0,0.0,12.664811134338379,0.24056725203990936,inf,0.44001251459121704,0.0,0,0,1.0,True,35.294037,-120.667694
151720,2025-10-06 18:55:29.193000+00:00,foothill,Car,0.0,0.0,0.0,0.0,0.0,12.664811134338379,0.24056725203990936,inf,0.44001251459121704,0.0,0,0,1.0,True,35.294037,-120.667694
151720,2025-10-06 18:55:29.284000+00:00,foothill,Car,0.0,0.0,0.0,0.0,0.0,12.664811134338379,0.24056725203990936,inf,0.44001251459121704,0.0,0,0,1.0,True,35.294037,-120.667694
151720,2025-10-06 18:55:31.073000+00:00,foothill,Car,0.0,0.0,0.0,0.0,0.0,8.692272186279297,-3.508058547973633,2.4778013229370117,4.17960786819458,85.62115478515625,0,0,1.0,True,35.294037,-120.667694
151720,2025-10-06 18:55:32.122000+00:00,foothill,Car,0.0,0.0,0.0,0.0,0.0,8.059324264526367,-4.710322380065918,1.7109920978546143,4.741292953491211,83.44760131835938,0,0,1.0,True,35.294037,-120.667694
151720,2025-10-06 18:55:32.193000+00:00,foothill,Car,0.0,0.0,0.0,0.0,0.0,8.059324264526367,-0.0,inf,3.920111656188965,0.0,0,0,1.0,True,35.294037,-120.667694
151720,2025-10-06 18:55:32.265000+00:00,foothill,Car,0.0,0.0,0.0,0.0,0.0,8.059324264526367,-0.0,inf,3.8001081943511963,0.0,0,0,1.0,True,35.294037,-120.667694
151720,2025-10-06 18:55:32.325000+00:00,foothill,Car,0.0,0.0,0.0,0.0,0.0,8.059324264526367,-0.0,inf,3.8001081943511963,0.0,0,0,1.0,True,35.294037,-120.667694
151720,2025-10-06 18:55:32.396000+00:00,foothill,Car,0.0,0.0,0.0,0.0,0.0,8.089015007019043,-0.33042600750923157,24.48056411743164,3.860109806060791,0.0,0,0,1.0,True,35.294037,-120.667694
151720,2025-10-06 18:55:32.458000+00:00,foothill,Car,0.0,0.0,0.0,0.0,0.0,8.511710166931152,-0.4982524514198303,17.083127975463867,6.1248579025268555,0.0,0,0,1.0,True,35.294037,-120.667694
151720,2025-10-06 18:55:32.529000+00:00,foothill,Car,0.0,0.0,0.0,0.0,0.0,8.511710166931152,-0.3099493682384491,27.46161460876465,3.8101084232330322,0.0,0,0,1.0,True,35.294037,-120.667694
151720,2025-10-06 18:55:32.590000+00:00,foothill,Car,0.0,0.0,0.0,0.0,0.0,8.511710166931152,-0.3050682842731476,27.900999069213867,3.7501068115234375,0.0,0,0,1.0,True,35.294037,-120.667694
151720,2025-10-06 18:55:32.651000+00:00,foothill,Car,0.0,0.0,0.0,0.0,0.0,8.595787048339844,-20.05867576599121,0.42853212356567383,20.32417106628418,90.0,0,0,1.0,True,35.294037,-120.667694
151720,2025-10-06 18:55:32.732000+00:00,foothill,Car,0.0,0.0,0.0,0.0,0.0,8.595787048339844,-0.5945019721984863,14.458803176879883,3.6901049613952637,0.0,0,0,1.0,True,35.294037,-120.667694
151720,2025-10-06 18:55:32.793000+00:00,foothill,Car,0.0,0.0,0.0,0.0,0.0,8.595787048339844,-0.5783908367156982,14.861555099487305,3.590102434158325,0.0,0,0,1.0,True,35.294037,-120.667694
151720,2025-10-06 18:55:32.855000+00:00,foothill,Car,0.0,0.0,0.0,0.0,0.0,8.595787048339844,-0.5381128787994385,15.973947525024414,3.340095043182373,0.0,0,0,1.0,True,35.294037,-120.667694
151720,2025-10-06 18:55:32.926000+00:00,foothill,Car,0.0,0.0,0.0,0.0,0.0,8.595787048339844,-0.49139055609703064,17.492780685424805,3.0500869750976562,0.0,0,0,1.0,True,35.294037,-120.667694
151720,2025-10-06 18:55:32.986000+00:00,foothill,Car,0.0,0.0,0.0,0.0,0.0,8.595787048339844,-0.4575570523738861,18.78626251220703,2.840080738067627,0.0,0,0,1.0,True,35.294037,-120.667694
151720,2025-10-06 18:55:33.057000+00:00,foothill,Car,0.0,0.0,0.0,0.0,0.0,8.595787048339844,-0.4156680405139923,20.67945098876953,2.580073356628418,0.0,0,0,1.0,True,35.294037,-120.667694
151720,2025-10-06 18:55:33.128000+00:00,foothill,Car,0.0,0.0,0.0,0.0,0.0,8.595787048339844,-0.349612295627594,24.586626052856445,2.1700618267059326,0.0,0,0,1.0,True,35.294037,-120.667694
151720,2025-10-06 18:55:33.189000+00:00,foothill,Car,0.0,0.0,0.0,0.0,0.0,8.595787048339844,-0.2610008716583252,32.93394088745117,1.6200461387634277,0.0,0,0,1.0,True,35.294037,-120.667694
151720,2025-10-06 18:55:33.260000+00:00,foothill,Car,0.0,0.0,0.0,0.0,0.0,8.734116554260254,-16.960569381713867,0.5149660110473633,17.461612701416016,90.0,0,0,1.0,True,35.294037,-120.667694
151720,2025-10-06 18:55:33.321000+00:00,foothill,Car,0.0,0.0,0.0,0.0,0.0,8.734116554260254,-0.3781655430793762,23.09601402282715,1.5900452136993408,0.0,0,0,1.0,True,35.294037,-120.667694
151720,2025-10-06 18:55:33.392000+00:00,foothill,Car,0.0,0.0,0.0,0.0,0.0,8.734116554260254,-0.3781655430793762,23.09601402282715,1.5900452136993408,0.0,0,0,1.0,True,35.294037,-120.667694
151720,2025-10-06 18:55:33.453000+00:00,foothill,Car,0.0,0.0,0.0,0.0,0.0,9.146676063537598,-2.827587366104126,3.2347986698150635,12.450531005859375,0.0,0,0,1.0,True,35.294037,-120.667694
151720,2025-10-06 18:55:33.524000+00:00,foothill,Car,0.0,0.0,0.0,0.0,0.0,9.146676063537598,-0.34521058201789856,26.49593162536621,1.5200432538986206,0.0,0,0,1.0,True,35.294037,-120.667694
151720,2025-10-06 18:55:33.585000+00:00,foothill,Car,0.0,0.0,0.0,0.0,0.0,9.146676063537598,-0.2907036542892456,31.463918685913086,1.280036449432373,0.0,0,0,1.0,True,35.294037,-120.667694
151720,2025-10-06 18:55:33.656000+00:00,foothill,Car,0.0,0.0,0.0,0.0,0.0,9.328333854675293,-0.3800567388534546,24.54458236694336,1.280036449432373,0.0,0,0,1.0,True,35.294037,-120.667694
151720,2025-10-06 18:55:33.717000+00:00,foothill,Car,0.0,0.0,0.0,0.0,0.0,9.328333854675293,-0.33848804235458374,27.558828353881836,1.140032410621643,0.0,0,0,1.0,True,35.294037,-120.667694
151720,2025-10-06 18:55:33.777000+00:00,foothill,Car,0.0,0.0,0.0,0.0,0.0,9.328333854675293,-0.33848804235458374,27.558828353881836,1.140032410621643,0.0,0,0,1.0,True,35.294037,-120.667694
151720,2025-10-06 18:55:33.859000+00:00,foothill,Car,0.0,0.0,0.0,0.0,0.0,9.328333854675293,-0.3028576970100403,30.80104637145996,1.0200289487838745,0.0,0,0,1.0,True,35.294037,-120.667694
151720,2025-10-06 18:55:33.930000+00:00,foothill,Car,0.0,0.0,0.0,0.0,0.0,8.906076431274414,-12.474820137023926,0.71392422914505,17.46161460876465,90.0,0,0,1.0,True,35.294037,-120.667694
151720,2025-10-06 18:55:33.995000+00:00,foothill,Car,0.0,0.0,0.0,0.0,0.0,8.319875717163086,-8.07970905303955,1.0297247171401978,8.090229988098145,0.0,0,0,1.0,True,35.294037,-120.667694
151720,2025-10-06 18:55:34.055000+00:00,foothill,Car,0.0,0.0,0.0,0.0,0.0,8.352252006530762,6.296287536621094,inf,6.329020023345947,180.0,0,0,1.0,True,35.294037,-120.667694
151720,2025-10-06 18:55:34.126000+00:00,foothill,Car,0.0,0.0,0.0,0.0,0.0,7.663734436035156,-1.932944416999817,3.9647982120513916,17.46162986755371,90.0,0,0,1.0,True,35.294037,-120.667694
151720,2025-10-06 18:55:34.187000+00:00,foothill,Car,0.0,0.0,0.0,0.0,0.0,7.722204685211182,6.14016056060791,inf,6.2252655029296875,180.0,0,0,1.0,True,35.294037,-120.667694
151720,2025-10-06 18:55:34.258000+00:00,foothill,Car,0.0,0.0,0.0,0.0,0.0,7.04017448425293,-3.1562228202819824,2.23056960105896,17.46162986755371,90.0,0,0,1.0,True,35.294037,-120.667694
151720,2025-10-06 18:55:34.319000+00:00,foothill,Car,0.0,0.0,0.0,0.0,0.0,6.458639621734619,6.006615161895752,inf,6.2252655029296875,180.0,0,0,1.0,True,35.294037,-120.667694
151720,2025-10-06 18:55:34.390000+00:00,foothill,Car,0.0,0.0,0.0,0.0,0.0,5.793394565582275,-5.113953113555908,1.1328603029251099,17.46162986755371,90.0,0,0,1.0,True,35.294037,-120.667694
151720,2025-10-06 18:55:34.451000+00:00,foothill,Car,0.0,0.0,0.0,0.0,0.0,5.793394565582275,-8.280519485473633,0.6996414661407471,8.660245895385742,0.0,0,0,1.0,True,35.294037,-120.667694
151720,2025-10-06 18:55:34.522000+00:00,foothill,Car,0.0,0.0,0.0,0.0,0.0,5.135339260101318,-8.23997688293457,0.6232225298881531,8.73024845123291,0.0,0,0,1.0,True,35.294037,-120.667694
151720,2025-10-06 18:55:34.603000+00:00,foothill,Car,0.0,0.0,0.0,0.0,0.0,4.664570331573486,-0.6613783836364746,7.052801132202148,16.007768630981445,114.67626953125,0,0,1.0,True,35.294037,-120.667694
151720,2025-10-06 18:55:34.664000+00:00,foothill,Car,0.0,0.0,0.0,0.0,0.0,4.664570331573486,-7.864717960357666,0.5931007862091064,8.830251693725586,0.0,0,0,1.0,True,35.294037,-120.667694
151720,2025-10-06 18:55:34.715000+00:00,foothill,Car,0.0,0.0,0.0,0.0,0.0,4.060085773468018,-7.623513221740723,0.5325741171836853,8.940254211425781,0.0,0,0,1.0,True,35.294037,-120.667694
151720,2025-10-06 18:55:34.797000+00:00,foothill,Car,0.0,0.0,0.0,0.0,0.0,3.488447904586792,-9.192045211791992,0.37950727343559265,15.119217872619629,90.0,0,0,1.0,True,35.294037,-120.667694
151720,2025-10-06 18:55:34.858000+00:00,foothill,Car,0.0,0.0,0.0,0.0,0.0,3.2851645946502686,7.872678279876709,inf,12.450531005859375,180.0,0,0,1.0,True,35.294037,-120.667694
151720,2025-10-06 18:55:34.919000+00:00,foothill,Car,0.0,0.0,0.0,0.0,0.0,2.8974244594573975,-17.852439880371094,0.1622985154390335,20.32419776916504,90.0,0,0,1.0,True,35.294037,-120.667694
151720,2025-10-06 18:55:35+00:00,foothill,Car,0.0,0.0,0.0,0.0,0.0,2.8974244594573975,-4.464240550994873,0.6490296721458435,9.340265274047852,0.0,0,0,1.0,True,35.294037,-120.667694
151720,2025-10-06 18:55:35.061000+00:00,foothill,Car,0.0,0.0,0.0,0.0,0.0,2.6375606060028076,-19.611339569091797,0.13449160754680634,20.32419776916504,90.0,0,0,1.0,True,35.294037,-120.667694
151720,2025-10-06 18:55:35.122000+00:00,foothill,Car,0.0,0.0,0.0,0.0,0.0,2.5450499057769775,0.0,inf,9.580272674560547,0.0,0,0,1.0,True,35.294037,-120.667694
151720,2025-10-06 18:55:35.193000+00:00,foothill,Car,0.0,0.0,0.0,0.0,0.0,2.6375606060028076,-16.849178314208984,0.1565394252538681,17.461633682250977,90.0,0,0,1.0,True,35.294037,-120.667694
151720,2025-10-06 18:55:35.254000+00:00,foothill,Car,0.0,0.0,0.0,0.0,0.0,2.8974244594573975,4.583733081817627,inf,9.590272903442383,0.0,0,0,1.0,True,35.294037,-120.667694
151720,2025-10-06 18:55:35.325000+00:00,foothill,Car,0.0,0.0,0.0,0.0,0.0,3.2851645946502686,-13.527702331542969,0.24284720420837402,17.461633682250977,90.0,0,0,1.0,True,35.294037,-120.667694
151720,2025-10-06 18:55:35.397000+00:00,foothill,Car,0.0,0.0,0.0,0.0,0.0,3.7614409923553467,7.378299713134766,inf,10.020284652709961,0.0,0,0,1.0,True,35.294037,-120.667694
151720,2025-10-06 18:55:35.447000+00:00,foothill,Car,0.0,0.0,0.0,0.0,0.0,4.296913146972656,-14.686319351196289,0.2925792932510376,24.795520782470703,90.0,0,0,1.0,True,35.294037,-120.667694
151720,2025-10-06 18:55:35.518000+00:00,foothill,Car,0.0,0.0,0.0,0.0,0.0,5.106505870819092,-12.74569320678711,0.40064558386802673,18.262386322021484,98.7071533203125,0,0,1.0,True,35.294037,-120.667694
151720,2025-10-06 18:55:35.589000+00:00,foothill,Car,0.0,0.0,0.0,0.0,0.0,5.684120178222656,9.473963737487793,inf,11.110316276550293,0.0,0,0,1.0,True,35.294037,-120.667694
151720,2025-10-06 18:55:35.650000+00:00,foothill,Car,0.0,0.0,0.0,0.0,0.0,6.903009414672852,-8.742145538330078,0.7896241545677185,20.32419776916504,90.0,0,0,1.0,True,35.294037,-120.667694
151720,2025-10-06 18:55:35.721000+00:00,foothill,Car,0.0,0.0,0.0,0.0,0.0,6.939318656921387,0.15167339146137238,inf,0.38001081347465515,0.0,0,0,1.0,True,35.294037,-120.667694
151720,2025-10-06 18:55:35.792000+00:00,foothill,Car,0.0,0.0,0.0,0.0,0.0,6.939318656921387,0.13171637058258057,inf,0.330009400844574,0.0,0,0,1.0,True,35.294037,-120.667694
151720,2025-10-06 18:55:35.863000+00:00,foothill,Car,0.0,0.0,0.0,0.0,0.0,6.939318656921387,0.11175934225320816,inf,0.2800079584121704,0.0,0,0,1.0,True,35.294037,-120.667694
151735,2025-10-06 18:55:21.717000+00:00,foothill,Person,1.5600444,-0.8073563,-0.8073563,0.0,0.0,4.665925025939941,0.0,inf,1.5600444078445435,0.0,1,0,0.81,True,35.294125,-120.66764
151735,2025-10-06 18:55:21.789000+00:00,foothill,Person,1.5000427,-0.8073563,-0.8073563,0.0,0.0,4.71702241897583,-0.220194011926651,21.422119140625,1.5000426769256592,0.0,0,0,0.81,True,35.294125,-120.66765
151735,2025-10-06 18:55:21.860000+00:00,foothill,Person,1.4500413,-0.8073563,-0.8073563,0.0,0.0,4.8670973777771,16.327274322509766,inf,16.011560440063477,90.0,0,0,0.81,True,35.294125,-120.66765
151735,2025-10-06 18:55:21.922000+00:00,foothill,Person,1.4200404,-0.8073563,-0.8073563,0.0,0.0,4.8670973777771,-0.4040457010269165,12.045907974243164,1.4200403690338135,0.0,0,0,0.81,True,35.294125,-120.66765
151735,2025-10-06 18:55:21.993000+00:00,foothill,Person,1.3900396,-0.8073563,-0.8073563,0.0,0.0,4.8670973777771,-0.3955095410346985,12.305891036987305,1.3900395631790161,0.0,0,0,0.81,True,35.294125,-120.66765
151735,2025-10-06 18:55:22.054000+00:00,foothill,Person,1.3100373,-0.8073563,-0.8073563,0.0,0.0,4.71702241897583,-0.19230276346206665,24.529146194458008,1.3100372552871704,0.0,0,0,0.81,True,35.294125,-120.66764
151735,2025-10-06 18:55:22.114000+00:00,foothill,Person,1.1400324,-0.8073563,-0.8073563,0.0,0.0,4.71702241897583,-0.16734744608402252,28.187000274658203,1.140032410621643,0.0,0,0,0.81,True,35.294125,-120.66764
151735,2025-10-06 18:55:22.186000+00:00,foothill,Person,0.9200261,-0.8073563,-0.8073563,0.0,0.0,4.71702241897583,-0.13505232334136963,34.9273681640625,0.9200261235237122,0.0,0,0,0.81,True,35.294125,-120.66764
151735,2025-10-06 18:55:22.257000+00:00,foothill,Person,0.6400182,-0.8073563,-0.8073563,0.0,0.0,4.8670973777771,-0.18210512399673462,26.726856231689453,0.6400182247161865,0.0,0,0,0.81,True,35.294125,-120.66765
151735,2025-10-06 18:55:22.327000+00:00,foothill,Person,0.62001765,-0.8073563,-0.8073563,0.0,0.0,4.8670973777771,-0.17641432583332062,27.589014053344727,0.6200176477432251,0.0,0,0,0.81,True,35.294125,-120.66765
151735,2025-10-06 18:55:22.404000+00:00,foothill,Person,0.5500157,-0.8073563,-0.8073563,0.0,0.0,4.71702241897583,-16.007278442382812,0.2946798503398895,15.55094051361084,90.0,0,0,0.81,True,35.294125,-120.66765
151735,2025-10-06 18:55:22.460000+00:00,foothill,Person,0.5300151,-0.8073563,-0.8073563,0.0,0.0,4.665925025939941,0.0,inf,0.5300151109695435,0.0,0,0,0.81,True,35.294125,-120.66764
151735,2025-10-06 18:55:22.520000+00:00,foothill,Person,0.48001367,-0.1700049,0.6373514,0.0,0.0,4.71702241897583,20.36859893798828,inf,20.182880401611328,90.0,0,0,0.81,True,35.294125,-120.66764
151735,2025-10-06 18:55:22.604000+00:00,foothill,Person,0.48001367,-0.1700049,0.6373514,0.0,0.0,4.71702241897583,-0.07046208530664444,66.94412231445312,0.4800136685371399,0.0,0,0,0.81,True,35.294125,-120.66764
151735,2025-10-06 18:55:22.653000+00:00,foothill,Person,0.48001367,-0.1700049,0.6373514,0.0,0.0,4.71702241897583,-0.07046208530664444,66.94412231445312,0.4800136685371399,0.0,0,0,0.81,True,35.294125,-120.66764
151735,2025-10-06 18:55:22.725000+00:00,foothill,Person,0.48001367,-0.1700049,0.6373514,0.0,0.0,4.71702241897583,-0.07046208530664444,66.94412231445312,0.4800136685371399,0.0,0,0,0.81,True,35.294125,-120.66764
151735,2025-10-06 18:55:22.786000+00:00,foothill,Person,0.50001425,-0.1700049,0.6373514,0.0,0.0,4.71702241897583,-0.07339800894260406,64.266357421875,0.5000142455101013,0.0,0,0,0.81,True,35.294125,-120.66764
151735,2025-10-06 18:55:22.867000+00:00,foothill,Person,0.5600159,-0.1700049,0.6373514,0.0,0.0,4.71702241897583,-0.08220576494932175,57.38067626953125,0.5600159168243408,0.0,0,0,0.81,True,35.294125,-120.66764
151735,2025-10-06 18:55:22.919000+00:00,foothill,Person,0.5800165,-0.1700049,0.6373514,0.0,0.0,4.665925025939941,-23.841798782348633,0.19570356607437134,23.261783599853516,90.0,0,0,0.81,True,35.294125,-120.66764
151735,2025-10-06 18:55:22.994000+00:00,foothill,Person,0.5800165,-0.1700049,0.6373514,0.0,0.0,4.71702241897583,16.2661075592041,inf,15.950299263000488,90.0,0,0,0.81,True,35.294125,-120.66764
151735,2025-10-06 18:55:23.055000+00:00,foothill,Person,0.50001425,-0.1700049,0.6373514,0.0,0.0,4.71702241897583,-0.07339800894260406,64.266357421875,0.5000142455101013,0.0,0,0,0.81,True,35.294125,-120.66764
151735,2025-10-06 18:55:23.115000+00:00,foothill,Person,0.48001367,-0.1700049,0.6373514,0.0,0.0,4.71702241897583,-0.07046208530664444,66.94412231445312,0.4800136685371399,0.0,0,0,0.81,True,35.294125,-120.66764
151735,2025-10-06 18:55:23.187000+00:00,foothill,Person,0.48001367,-0.1700049,0.6373514,0.0,0.0,4.71702241897583,-0.07046208530664444,66.94412231445312,0.4800136685371399,0.0,0,0,0.81,True,35.294125,-120.66764
151735,2025-10-06 18:55:24.458000+00:00,foothill,Person,0.29877356,-0.24014404,-0.07013914,0.0,0.0,4.462087631225586,-0.09272649884223938,48.12095260620117,0.29877355694770813,0.0,0,0,0.96,True,35.29413,-120.66765
151735,2025-10-06 18:55:24.519000+00:00,foothill,Person,0.50001425,1.1924103,1.4325544,0.0,0.0,4.297893524169922,-20.139217376708984,0.2134091556072235,19.82414436340332,90.0,0,0,0.96,True,35.29413,-120.66765
151735,2025-10-06 18:55:24.590000+00:00,foothill,Person,0.4400125,1.1924103,1.4325544,0.0,0.0,4.34613561630249,4.316065788269043,inf,9.030256271362305,0.0,0,0,0.95,True,35.29413,-120.66765
151735,2025-10-06 18:55:24.650000+00:00,foothill,Person,0.3300094,1.1924103,1.4325544,0.0,0.0,4.06099271774292,3.1578474044799805,inf,9.260263442993164,0.0,0,0,0.95,True,35.29413,-120.66765
151735,2025-10-06 18:55:24.721000+00:00,foothill,Person,0.3300094,1.1924103,1.4325544,0.0,0.0,3.8175747394561768,17.46161460876465,inf,17.13160514831543,90.0,0,0,0.95,True,35.29413,-120.66764
151735,2025-10-06 18:55:24.793000+00:00,foothill,Person,0.23000653,1.1924103,1.4325544,0.0,0.0,3.8175747394561768,0.0,inf,9.22026252746582,0.0,0,0,0.95,True,35.29413,-120.66764
151735,2025-10-06 18:55:24.854000+00:00,foothill,Person,0.09000257,1.1924103,1.4325544,0.0,0.0,3.4633233547210693,-1.2266203165054321,2.8234682083129883,6.135262966156006,0.0,0,0,0.95,True,35.29413,-120.66764
151735,2025-10-06 18:55:24.925000+00:00,foothill,Person,0.0,1.1924103,1.4325544,0.0,0.0,3.4633233547210693,-1.8334062099456787,1.8890104293823242,9.17026138305664,0.0,0,0,0.93,True,35.29413,-120.66764
151735,2025-10-06 18:55:24.996000+00:00,foothill,Person,0.0,1.1924103,1.4325544,0.0,0.0,3.6650986671447754,16.16716194152832,inf,17.46161460876465,90.0,0,0,0.91,True,35.29413,-120.66764
151735,2025-10-06 18:55:25.067000+00:00,foothill,Person,0.0,1.1924103,1.4325544,0.0,0.0,3.9787158966064453,14.892805099487305,inf,17.46161460876465,90.0,0,0,0.81,True,35.29413,-120.66764
151735,2025-10-06 18:55:25.127000+00:00,foothill,Person,0.0,1.1924103,1.4325544,0.0,0.0,3.9787158966064453,-4.714639663696289,0.8439067006111145,9.030257225036621,0.0,0,0,0.91,True,35.29413,-120.66764
151735,2025-10-06 18:55:25.189000+00:00,foothill,Person,0.0,1.1924103,1.4325544,0.0,0.0,4.297893524169922,-0.0,inf,0.0,0.0,0,0,0.95,True,35.29413,-120.66764
151735,2025-10-06 18:55:25.251000+00:00,foothill,Person,0.06000171,1.1924103,1.4325544,0.0,0.0,4.297893524169922,-0.009666689671576023,444.6086120605469,0.06000170856714249,0.0,0,0,0.96,True,35.29413,-120.66764
151735,2025-10-06 18:55:25.322000+00:00,foothill,Person,0.06000171,1.1924103,1.4325544,0.0,0.0,4.297893524169922,-0.009666689671576023,444.6086120605469,0.06000170856714249,0.0,0,0,0.95,True,35.29413,-120.66764
151735,2025-10-06 18:55:25.393000+00:00,foothill,Person,0.0,1.1924103,1.4325544,0.0,0.0,4.297893524169922,-0.0,inf,0.0,0.0,0,0,0.92,True,35.29413,-120.66764
151735,2025-10-06 18:55:25.464000+00:00,foothill,Person,0.0,1.1924103,1.4325544,0.0,0.0,4.297893524169922,-0.0,inf,0.0,0.0,0,0,0.94,True,35.29413,-120.66764
151735,2025-10-06 18:55:25.525000+00:00,foothill,Person,20.324167,1.2949427,0.10253239,90.0,90.0,4.2417497634887695,-20.324167251586914,0.20870472490787506,20.324167251586914,90.0,0,0,0.94,True,35.29413,-120.66763
151735,2025-10-06 18:55:25.587000+00:00,foothill,Person,0.12000342,1.2949427,0.10253239,0.0,-90.0,4.2417497634887695,0.0,inf,0.12000341713428497,0.0,0,0,0.9,True,35.29413,-120.66763
151735,2025-10-06 18:55:25.658000+00:00,foothill,Person,0.2000057,1.2949427,0.10253239,0.0,0.0,4.2417497634887695,0.0,inf,0.2000056952238083,0.0,0,0,0.81,True,35.29413,-120.66763
151735,2025-10-06 18:55:25.719000+00:00,foothill,Person,0.2000057,1.2949427,0.10253239,0.0,0.0,4.2417497634887695,0.0,inf,0.2000056952238083,0.0,0,0,0.81,True,35.29413,-120.66763
151735,2025-10-06 18:55:25.794000+00:00,foothill,Person,0.2000057,1.2949427,0.10253239,0.0,0.0,4.2417497634887695,0.0,inf,0.2000056952238083,0.0,0,0,0.81,True,35.29413,-120.66763
151735,2025-10-06 18:55:25.852000+00:00,foothill,Person,0.14000398,1.2949427,0.10253239,0.0,0.0,4.2417497634887695,0.0,inf,0.1400039792060852,0.0,0,0,0.9,True,35.29413,-120.66763
151735,2025-10-06 18:55:25.922000+00:00,foothill,Person,0.14000398,1.2949427,0.10253239,0.0,0.0,4.2417497634887695,0.0,inf,0.1400039792060852,0.0,0,0,0.9,True,35.29413,-120.66763
151735,2025-10-06 18:55:25.995000+00:00,foothill,Person,0.14000398,1.2949427,0.10253239,0.0,0.0,4.2417497634887695,0.0,inf,0.1400039792060852,0.0,0,0,0.81,True,35.29413,-120.66763
151735,2025-10-06 18:55:26.056000+00:00,foothill,Person,0.09000257,1.2949427,0.10253239,0.0,0.0,4.2417497634887695,0.0,inf,0.09000256657600403,0.0,0,0,0.81,True,35.29413,-120.66763
151735,2025-10-06 18:55:26.127000+00:00,foothill,Person,0.030000854,1.2949427,0.10253239,0.0,0.0,4.2417497634887695,0.0,inf,0.030000854283571243,0.0,0,0,0.81,True,35.29413,-120.66763
151735,2025-10-06 18:55:26.188000+00:00,foothill,Person,20.324167,1.2949427,0.10253239,270.0,-90.0,4.297893524169922,20.058671951293945,inf,20.324167251586914,90.0,0,0,0.81,True,35.29413,-120.66764
151735,2025-10-06 18:55:26.250000+00:00,foothill,Person,0.0,1.2949427,0.10253239,0.0,90.0,4.297893524169922,-0.0,inf,0.0,0.0,0,0,0.81,True,35.29413,-120.66764
151735,2025-10-06 18:55:26.322000+00:00,foothill,Person,0.050001424,1.2949427,0.10253239,0.0,0.0,4.297893524169922,-0.00805557519197464,533.5303344726562,0.05000142380595207,0.0,0,0,0.81,True,35.29413,-120.66764
151735,2025-10-06 18:55:26.393000+00:00,foothill,Person,0.050001424,1.2949427,0.10253239,0.0,0.0,4.297893524169922,-0.00805557519197464,533.5303344726562,0.05000142380595207,0.0,0,0,0.81,True,35.29413,-120.66764
151735,2025-10-06 18:55:26.464000+00:00,foothill,Person,0.0,1.2949427,0.10253239,0.0,0.0,4.297893524169922,-0.0,inf,0.0,0.0,0,0,0.81,True,35.29413,-120.66764
151735,2025-10-06 18:55:26.514000+00:00,foothill,Person,0.0,-0.8403051,-2.1352477,0.0,0.0,4.297893524169922,-0.0,inf,0.0,0.0,0,0,0.81,True,35.29413,-120.66764
151735,2025-10-06 18:55:26.595000+00:00,foothill,Person,0.030000854,-0.8403051,-2.1352477,0.0,0.0,4.297893524169922,-0.0048333448357880116,889.2172241210938,0.030000854283571243,0.0,0,0,0.81,True,35.29413,-120.66764
151735,2025-10-06 18:55:26.657000+00:00,foothill,Person,0.030000854,-0.8403051,-2.1352477,0.0,0.0,4.297893524169922,-0.0048333448357880116,889.2172241210938,0.030000854283571243,0.0,0,0,0.81,True,35.29413,-120.66764
151735,2025-10-06 18:55:26.728000+00:00,foothill,Person,0.0,-0.8403051,-2.1352477,0.0,0.0,4.297893524169922,-0.0,inf,0.0,0.0,0,0,0.81,True,35.29413,-120.66764
151735,2025-10-06 18:55:26.789000+00:00,foothill,Person,20.324167,-0.8403051,-2.1352477,90.0,90.0,4.2417497634887695,-20.324167251586914,0.20870472490787506,20.324167251586914,90.0,0,0,0.81,True,35.29413,-120.66763
151735,2025-10-06 18:55:26.860000+00:00,foothill,Person,0.02000057,-0.8403051,-2.1352477,0.0,-90.0,4.2417497634887695,0.0,inf,0.02000056952238083,0.0,0,0,0.81,True,35.29413,-120.66763
151735,2025-10-06 18:55:26.921000+00:00,foothill,Person,0.030000854,-0.8403051,-2.1352477,0.0,0.0,4.2417497634887695,0.0,inf,0.030000854283571243,0.0,0,0,0.81,True,35.29413,-120.66763
151735,2025-10-06 18:55:26.992000+00:00,foothill,Person,0.030000854,-0.8403051,-2.1352477,0.0,0.0,4.2417497634887695,0.0,inf,0.030000854283571243,0.0,0,0,0.81,True,35.29413,-120.66763
151735,2025-10-06 18:55:27.063000+00:00,foothill,Person,5.3484674,-0.8403051,-2.1352477,0.0,0.0,3.8175747394561768,0.0,inf,5.3484673500061035,0.0,0,0,0.81,True,35.294132,-120.66763
151735,2025-10-06 18:55:27.123000+00:00,foothill,Person,0.11000313,-0.8403051,-2.1352477,0.0,0.0,3.8175747394561768,0.0,inf,0.11000312864780426,0.0,0,0,0.81,True,35.294132,-120.66763
151735,2025-10-06 18:55:27.186000+00:00,foothill,Person,0.17000484,-0.8403051,-2.1352477,0.0,0.0,3.8175747394561768,0.0,inf,0.17000484466552734,0.0,0,0,0.81,True,35.294132,-120.66763
151735,2025-10-06 18:55:27.257000+00:00,foothill,Person,0.2000057,-0.8403051,-2.1352477,0.0,0.0,3.8175747394561768,0.0,inf,0.2000056952238083,0.0,0,0,0.81,True,35.294132,-120.66763
151735,2025-10-06 18:55:27.318000+00:00,foothill,Person,0.2000057,-0.8403051,-2.1352477,0.0,0.0,3.8175747394561768,0.0,inf,0.2000056952238083,0.0,0,0,0.81,True,35.294132,-120.66763
151735,2025-10-06 18:55:27.389000+00:00,foothill,Person,0.23000653,-0.8403051,-2.1352477,0.0,0.0,3.8175747394561768,0.0,inf,0.23000653088092804,0.0,0,0,0.81,True,35.294132,-120.66763
151735,2025-10-06 18:55:27.460000+00:00,foothill,Person,0.2700077,-0.8403051,-2.1352477,0.0,0.0,3.879861354827881,0.04818698763847351,inf,0.2700076997280121,0.0,0,0,0.81,True,35.294132,-120.667625
151735,2025-10-06 18:55:27.521000+00:00,foothill,Person,0.3300094,-1.453572,-0.61326694,0.0,0.0,3.879861354827881,0.05889520421624184,inf,0.330009400844574,0.0,0,0,0.81,True,35.294132,-120.667625
151735,2025-10-06 18:55:27.596000+00:00,foothill,Person,0.42001197,-1.453572,-0.61326694,0.0,0.0,3.879861354827881,0.07495753467082977,inf,0.420011967420578,0.0,0,0,0.81,True,35.294132,-120.667625
151735,2025-10-06 18:55:27.662000+00:00,foothill,Person,0.42001197,-1.453572,-0.61326694,0.0,0.0,3.879861354827881,0.07495753467082977,inf,0.420011967420578,0.0,0,0,0.81,True,35.294132,-120.667625
151735,2025-10-06 18:55:27.723000+00:00,foothill,Person,0.4700134,-1.453572,-0.61326694,0.0,0.0,3.879861354827881,0.08388105034828186,inf,0.47001340985298157,0.0,0,0,0.81,True,35.294132,-120.667625
151735,2025-10-06 18:55:27.794000+00:00,foothill,Person,17.461609,-1.453572,-0.61326694,90.0,90.0,3.6650984287261963,-16.167156219482422,0.22670026123523712,17.46160888671875,90.0,0,0,0.81,True,35.294132,-120.66762
151735,2025-10-06 18:55:27.854000+00:00,foothill,Person,0.4400125,-1.453572,-0.61326694,0.0,-90.0,3.6650984287261963,-0.16625672578811646,22.04481315612793,0.44001251459121704,0.0,0,0,0.81,True,35.294132,-120.66762
151735,2025-10-06 18:55:27.936000+00:00,foothill,Person,0.4400125,-1.453572,-0.61326694,0.0,0.0,3.6650984287261963,-0.16625672578811646,22.04481315612793,0.44001251459121704,0.0,0,0,0.81,True,35.294132,-120.66762
151735,2025-10-06 18:55:28.008000+00:00,foothill,Person,0.4400125,-1.453572,-0.61326694,0.0,0.0,3.6650984287261963,-0.16625672578811646,22.04481315612793,0.44001251459121704,0.0,0,0,0.81,True,35.294132,-120.66762
151735,2025-10-06 18:55:28.058000+00:00,foothill,Person,0.4400125,-1.453572,-0.61326694,0.0,0.0,3.6650984287261963,-0.16625672578811646,22.04481315612793,0.44001251459121704,0.0,0,0,0.81,True,35.294132,-120.66762
151735,2025-10-06 18:55:28.129000+00:00,foothill,Person,0.4400125,-1.453572,-0.61326694,0.0,0.0,3.6650984287261963,-0.16625672578811646,22.04481315612793,0.44001251459121704,0.0,0,0,0.81,True,35.294132,-120.66762
151735,2025-10-06 18:55:28.190000+00:00,foothill,Person,0.4400125,-1.453572,-0.61326694,0.0,0.0,3.6650984287261963,-0.16625672578811646,22.04481315612793,0.44001251459121704,0.0,0,0,0.81,True,35.294132,-120.66762
151735,2025-10-06 18:55:28.251000+00:00,foothill,Person,0.4400125,-1.453572,-0.61326694,0.0,0.0,3.6650984287261963,-0.16625672578811646,22.04481315612793,0.44001251459121704,0.0,0,0,0.81,True,35.294132,-120.66762
151735,2025-10-06 18:55:28.322000+00:00,foothill,Person,0.4400125,-1.453572,-0.61326694,0.0,0.0,3.6650984287261963,-0.16625672578811646,22.04481315612793,0.44001251459121704,0.0,0,0,0.81,True,35.294132,-120.66762
151735,2025-10-06 18:55:28.388000+00:00,foothill,Person,0.4400125,-1.453572,-0.61326694,0.0,0.0,3.6650984287261963,-0.16625672578811646,22.04481315612793,0.44001251459121704,0.0,0,0,0.81,True,35.294132,-120.66762
151735,2025-10-06 18:55:28.449000+00:00,foothill,Person,0.4400125,-1.453572,-0.61326694,0.0,0.0,3.6650984287261963,-0.16625672578811646,22.04481315612793,0.44001251459121704,0.0,0,0,0.81,True,35.294132,-120.66762
151735,2025-10-06 18:55:28.520000+00:00,foothill,Person,0.4400125,0.0,1.453572,0.0,0.0,3.6650984287261963,-0.16625672578811646,22.04481315612793,0.44001251459121704,0.0,0,0,0.81,True,35.294132,-120.66762
151735,2025-10-06 18:55:28.591000+00:00,foothill,Person,0.4400125,0.0,1.453572,0.0,0.0,3.6650984287261963,-0.16625672578811646,22.04481315612793,0.44001251459121704,0.0,0,0,0.81,True,35.294132,-120.66762
151735,2025-10-06 18:55:28.653000+00:00,foothill,Person,0.4400125,0.0,1.453572,0.0,0.0,3.6650984287261963,-0.16625672578811646,22.04481315612793,0.44001251459121704,0.0,0,0,0.81,True,35.294132,-120.66762
151735,2025-10-06 18:55:28.724000+00:00,foothill,Person,0.4400125,0.0,1.453572,0.0,0.0,3.6650984287261963,-0.16625672578811646,22.04481315612793,0.44001251459121704,0.0,0,0,0.81,True,35.294132,-120.66762
151735,2025-10-06 18:55:28.795000+00:00,foothill,Person,0.4400125,0.0,1.453572,0.0,0.0,3.6650984287261963,-0.16625672578811646,22.04481315612793,0.44001251459121704,0.0,0,0,0.81,True,35.294132,-120.66762
151735,2025-10-06 18:55:28.856000+00:00,foothill,Person,0.4400125,0.0,1.453572,0.0,0.0,3.6650984287261963,-0.16625672578811646,22.04481315612793,0.44001251459121704,0.0,0,0,0.81,True,35.294132,-120.66762
151735,2025-10-06 18:55:28.917000+00:00,foothill,Person,0.4400125,0.0,1.453572,0.0,0.0,3.6650984287261963,-0.16625672578811646,22.04481315612793,0.44001251459121704,0.0,0,0,0.81,True,35.294132,-120.66762
151735,2025-10-06 18:55:28.999000+00:00,foothill,Person,0.4400125,0.0,1.453572,0.0,0.0,3.6650984287261963,-0.16625672578811646,22.04481315612793,0.44001251459121704,0.0,0,0,0.81,True,35.294132,-120.66762
151735,2025-10-06 18:55:29.060000+00:00,foothill,Person,0.4400125,0.0,1.453572,0.0,0.0,3.6650984287261963,-0.16625672578811646,22.04481315612793,0.44001251459121704,0.0,0,0,0.81,True,35.294132,-120.66762
151735,2025-10-06 18:55:29.121000+00:00,foothill,Person,0.4400125,0.0,1.453572,0.0,0.0,3.6650984287261963,-0.16625672578811646,22.04481315612793,0.44001251459121704,0.0,0,0,0.81,True,35.294132,-120.66762
151735,2025-10-06 18:55:29.193000+00:00,foothill,Person,0.4400125,0.0,1.453572,0.0,0.0,3.6650984287261963,-0.16625672578811646,22.04481315612793,0.44001251459121704,0.0,0,0,0.81,True,35.294132,-120.66762
151735,2025-10-06 18:55:29.284000+00:00,foothill,Person,0.4400125,0.0,1.453572,0.0,0.0,3.6650984287261963,-0.16625672578811646,22.04481315612793,0.44001251459121704,0.0,0,0,0.81,True,35.294132,-120.66762
151738,2025-10-06 18:55:21.717000+00:00,foothill,Car,0.0,0.0,0.0,0.0,0.0,1.448712706565857,0.0,inf,0.0,0.0,1,0,0.91,True,35.2939,-120.667816
151738,2025-10-06 18:55:21.789000+00:00,foothill,Car,0.0,0.0,0.0,0.0,0.0,1.448712706565857,0.0,inf,0.0,0.0,0,0,0.91,True,35.2939,-120.667816
151738,2025-10-06 18:55:21.860000+00:00,foothill,Car,0.0,0.0,0.0,0.0,0.0,1.448712706565857,0.0,inf,0.0,0.0,0,0,0.91,True,35.2939,-120.667816
151738,2025-10-06 18:55:21.922000+00:00,foothill,Car,0.0,0.0,0.0,0.0,0.0,1.448712706565857,0.0,inf,0.0,0.0,0,0,0.91,True,35.2939,-120.667816
151738,2025-10-06 18:55:21.993000+00:00,foothill,Car,0.0,0.0,0.0,0.0,0.0,1.448712706565857,0.0,inf,0.0,0.0,0,0,0.91,True,35.2939,-120.667816
151738,2025-10-06 18:55:22.054000+00:00,foothill,Car,0.0,0.0,0.0,0.0,0.0,1.448712706565857,0.0,inf,0.0,0.0,0,0,0.91,True,35.2939,-120.667816
151738,2025-10-06 18:55:22.114000+00:00,foothill,Car,0.0,0.0,0.0,0.0,0.0,1.448712706565857,0.0,inf,0.0,0.0,0,0,0.91,True,35.2939,-120.667816
151738,2025-10-06 18:55:22.186000+00:00,foothill,Car,0.0,0.0,0.0,0.0,0.0,1.448712706565857,0.0,inf,0.0,0.0,0,0,0.91,True,35.2939,-120.667816
151738,2025-10-06 18:55:22.257000+00:00,foothill,Car,0.0,0.0,0.0,0.0,0.0,1.448712706565857,0.0,inf,0.0,0.0,0,0,0.91,True,35.2939,-120.667816
151738,2025-10-06 18:55:22.327000+00:00,foothill,Car,0.0,0.0,0.0,0.0,0.0,1.448712706565857,0.0,inf,0.0,0.0,0,0,0.91,True,35.2939,-120.667816
151738,2025-10-06 18:55:22.404000+00:00,foothill,Car,0.0,0.0,0.0,0.0,0.0,1.448712706565857,0.0,inf,0.0,0.0,0,0,0.91,True,35.2939,-120.667816
151738,2025-10-06 18:55:22.460000+00:00,foothill,Car,0.0,0.0,0.0,0.0,0.0,1.448712706565857,0.0,inf,0.0,0.0,0,0,0.91,True,35.2939,-120.667816
151738,2025-10-06 18:55:22.520000+00:00,foothill,Car,0.0,0.0,0.0,0.0,0.0,1.448712706565857,0.0,inf,0.0,0.0,0,0,0.91,True,35.2939,-120.667816
151738,2025-10-06 18:55:22.604000+00:00,foothill,Car,0.0,0.0,0.0,0.0,0.0,1.448712706565857,0.0,inf,0.0,0.0,0,0,0.91,True,35.2939,-120.667816
151738,2025-10-06 18:55:22.653000+00:00,foothill,Car,0.0,0.0,0.0,0.0,0.0,1.448712706565857,0.0,inf,0.0,0.0,0,0,0.91,True,35.2939,-120.667816
151738,2025-10-06 18:55:22.725000+00:00,foothill,Car,0.0,0.0,0.0,0.0,0.0,1.448712706565857,0.0,inf,0.0,0.0,0,0,0.91,True,35.2939,-120.667816
151738,2025-10-06 18:55:22.786000+00:00,foothill,Car,0.0,0.0,0.0,0.0,0.0,1.448712706565857,0.0,inf,0.0,0.0,0,0,0.91,True,35.2939,-120.667816
151738,2025-10-06 18:55:22.867000+00:00,foothill,Car,0.0,0.0,0.0,0.0,0.0,1.448712706565857,0.0,inf,0.0,0.0,0,0,0.91,True,35.2939,-120.667816
151738,2025-10-06 18:55:22.919000+00:00,foothill,Car,0.0,0.0,0.0,0.0,0.0,1.448712706565857,0.0,inf,0.0,0.0,0,0,0.91,True,35.2939,-120.667816
151738,2025-10-06 18:55:22.994000+00:00,foothill,Car,0.0,0.0,0.0,0.0,0.0,1.448712706565857,0.0,inf,0.0,0.0,0,0,0.91,True,35.2939,-120.667816
151738,2025-10-06 18:55:23.055000+00:00,foothill,Car,0.0,0.0,0.0,0.0,0.0,1.448712706565857,0.0,inf,0.0,0.0,0,0,0.91,True,35.2939,-120.667816
151738,2025-10-06 18:55:23.115000+00:00,foothill,Car,0.0,0.0,0.0,0.0,0.0,1.448712706565857,0.0,inf,0.0,0.0,0,0,0.91,True,35.2939,-120.667816
151738,2025-10-06 18:55:23.187000+00:00,foothill,Car,0.0,0.0,0.0,0.0,0.0,1.448712706565857,0.0,inf,0.0,0.0,0,0,0.91,True,35.2939,-120.667816
151738,2025-10-06 18:55:24.458000+00:00,foothill,Car,0.0,0.0,0.0,0.0,0.0,1.448712706565857,0.0,inf,0.0,0.0,0,0,0.91,True,35.2939,-120.667816
151738,2025-10-06 18:55:24.519000+00:00,foothill,Car,0.0,0.0,0.0,0.0,0.0,1.448712706565857,0.0,inf,0.0,0.0,0,0,0.91,True,35.2939,-120.667816
151738,2025-10-06 18:55:24.590000+00:00,foothill,Car,0.0,0.0,0.0,0.0,0.0,1.448712706565857,0.0,inf,0.0,0.0,0,0,0.91,True,35.2939,-120.667816
151738,2025-10-06 18:55:24.650000+00:00,foothill,Car,0.0,0.0,0.0,0.0,0.0,1.448712706565857,0.0,inf,0.0,0.0,0,0,0.91,True,35.2939,-120.667816
151738,2025-10-06 18:55:24.721000+00:00,foothill,Car,0.0,0.0,0.0,0.0,0.0,1.448712706565857,0.0,inf,0.0,0.0,0,0,0.91,True,35.2939,-120.667816
151738,2025-10-06 18:55:24.793000+00:00,foothill,Car,0.0,0.0,0.0,0.0,0.0,1.448712706565857,0.0,inf,0.0,0.0,0,0,0.91,True,35.2939,-120.667816
151738,2025-10-06 18:55:24.854000+00:00,foothill,Car,0.0,0.0,0.0,0.0,0.0,1.448712706565857,0.0,inf,0.0,0.0,0,0,0.91,True,35.2939,-120.667816
151738,2025-10-06 18:55:24.925000+00:00,foothill,Car,0.0,0.0,0.0,0.0,0.0,1.448712706565857,0.0,inf,0.0,0.0,0,0,0.91,True,35.2939,-120.667816
151738,2025-10-06 18:55:24.996000+00:00,foothill,Car,0.0,0.0,0.0,0.0,0.0,1.448712706565857,0.0,inf,0.0,0.0,0,0,0.91,True,35.2939,-120.667816
151738,2025-10-06 18:55:25.067000+00:00,foothill,Car,0.0,0.0,0.0,0.0,0.0,1.448712706565857,0.0,inf,0.0,0.0,0,0,0.91,True,35.2939,-120.667816
151738,2025-10-06 18:55:25.127000+00:00,foothill,Car,0.0,0.0,0.0,0.0,0.0,1.448712706565857,0.0,inf,0.0,0.0,0,0,0.91,True,35.2939,-120.667816
151738,2025-10-06 18:55:25.189000+00:00,foothill,Car,0.0,0.0,0.0,0.0,0.0,1.448712706565857,0.0,inf,0.0,0.0,0,0,0.91,True,35.2939,-120.667816
151738,2025-10-06 18:55:25.251000+00:00,foothill,Car,0.0,0.0,0.0,0.0,0.0,1.448712706565857,0.0,inf,0.0,0.0,0,0,0.91,True,35.2939,-120.667816
151738,2025-10-06 18:55:25.322000+00:00,foothill,Car,0.0,0.0,0.0,0.0,0.0,1.448712706565857,0.0,inf,0.0,0.0,0,0,0.91,True,35.2939,-120.667816
151738,2025-10-06 18:55:25.393000+00:00,foothill,Car,0.0,0.0,0.0,0.0,0.0,1.448712706565857,0.0,inf,0.0,0.0,0,0,0.91,True,35.2939,-120.667816
151738,2025-10-06 18:55:25.464000+00:00,foothill,Car,0.0,0.0,0.0,0.0,0.0,1.448712706565857,0.0,inf,0.0,0.0,0,0,0.91,True,35.2939,-120.667816
151738,2025-10-06 18:55:25.525000+00:00,foothill,Car,0.0,0.0,0.0,0.0,0.0,1.448712706565857,0.0,inf,0.0,0.0,0,0,0.91,True,35.2939,-120.667816
151738,2025-10-06 18:55:25.587000+00:00,foothill,Car,0.0,0.0,0.0,0.0,0.0,1.448712706565857,0.0,inf,0.0,0.0,0,0,0.91,True,35.2939,-120.667816
151738,2025-10-06 18:55:25.658000+00:00,foothill,Car,0.0,0.0,0.0,0.0,0.0,1.448712706565857,0.0,inf,0.0,0.0,0,0,0.91,True,35.2939,-120.667816
151738,2025-10-06 18:55:25.719000+00:00,foothill,Car,0.0,0.0,0.0,0.0,0.0,1.448712706565857,0.0,inf,0.0,0.0,0,0,0.91,True,35.2939,-120.667816
151738,2025-10-06 18:55:25.794000+00:00,foothill,Car,0.0,0.0,0.0,0.0,0.0,1.448712706565857,0.0,inf,0.0,0.0,0,0,0.91,True,35.2939,-120.667816
151738,2025-10-06 18:55:25.852000+00:00,foothill,Car,0.0,0.0,0.0,0.0,0.0,1.448712706565857,0.0,inf,0.0,0.0,0,0,0.91,True,35.2939,-120.667816
151738,2025-10-06 18:55:25.922000+00:00,foothill,Car,0.0,0.0,0.0,0.0,0.0,1.448712706565857,0.0,inf,0.0,0.0,0,0,0.91,True,35.2939,-120.667816
151738,2025-10-06 18:55:25.995000+00:00,foothill,Car,0.0,0.0,0.0,0.0,0.0,1.448712706565857,0.0,inf,0.0,0.0,0,0,0.91,True,35.2939,-120.667816
151738,2025-10-06 18:55:26.056000+00:00,foothill,Car,0.0,0.0,0.0,0.0,0.0,1.448712706565857,0.0,inf,0.0,0.0,0,0,0.91,True,35.2939,-120.667816
151738,2025-10-06 18:55:26.127000+00:00,foothill,Car,0.0,0.0,0.0,0.0,0.0,1.448712706565857,0.0,inf,0.0,0.0,0,0,0.91,True,35.2939,-120.667816
151738,2025-10-06 18:55:26.188000+00:00,foothill,Car,0.0,0.0,0.0,0.0,0.0,1.448712706565857,0.0,inf,0.0,0.0,0,0,0.91,True,35.2939,-120.667816
151738,2025-10-06 18:55:26.250000+00:00,foothill,Car,0.0,0.0,0.0,0.0,0.0,1.448712706565857,0.0,inf,0.0,0.0,0,0,0.91,True,35.2939,-120.667816
151738,2025-10-06 18:55:26.322000+00:00,foothill,Car,0.0,0.0,0.0,0.0,0.0,1.448712706565857,0.0,inf,0.0,0.0,0,0,0.91,True,35.2939,-120.667816
151738,2025-10-06 18:55:26.393000+00:00,foothill,Car,0.0,0.0,0.0,0.0,0.0,1.448712706565857,0.0,inf,0.0,0.0,0,0,0.91,True,35.2939,-120.667816
151738,2025-10-06 18:55:26.464000+00:00,foothill,Car,0.0,0.0,0.0,0.0,0.0,1.448712706565857,0.0,inf,0.0,0.0,0,0,0.91,True,35.2939,-120.667816
151738,2025-10-06 18:55:26.514000+00:00,foothill,Car,0.0,0.0,0.0,0.0,0.0,1.448712706565857,0.0,inf,0.0,0.0,0,0,0.91,True,35.2939,-120.667816
151738,2025-10-06 18:55:26.595000+00:00,foothill,Car,0.0,0.0,0.0,0.0,0.0,1.448712706565857,0.0,inf,0.0,0.0,0,0,0.91,True,35.2939,-120.667816
151738,2025-10-06 18:55:26.657000+00:00,foothill,Car,0.0,0.0,0.0,0.0,0.0,1.448712706565857,0.0,inf,0.0,0.0,0,0,0.91,True,35.2939,-120.667816
151738,2025-10-06 18:55:26.728000+00:00,foothill,Car,0.0,0.0,0.0,0.0,0.0,1.448712706565857,0.0,inf,0.0,0.0,0,0,0.91,True,35.2939,-120.667816
151738,2025-10-06 18:55:26.789000+00:00,foothill,Car,0.0,0.0,0.0,0.0,0.0,1.448712706565857,0.0,inf,0.0,0.0,0,0,0.91,True,35.2939,-120.667816
151738,2025-10-06 18:55:26.860000+00:00,foothill,Car,0.0,0.0,0.0,0.0,0.0,1.448712706565857,0.0,inf,0.0,0.0,0,0,0.91,True,35.2939,-120.667816
151738,2025-10-06 18:55:26.921000+00:00,foothill,Car,0.0,0.0,0.0,0.0,0.0,1.448712706565857,0.0,inf,0.0,0.0,0,0,0.91,True,35.2939,-120.667816
151738,2025-10-06 18:55:26.992000+00:00,foothill,Car,0.0,0.0,0.0,0.0,0.0,1.448712706565857,0.0,inf,0.0,0.0,0,0,0.91,True,35.2939,-120.667816
151738,2025-10-06 18:55:27.063000+00:00,foothill,Car,0.0,0.0,0.0,0.0,0.0,1.448712706565857,0.0,inf,0.0,0.0,0,0,0.91,True,35.2939,-120.667816
151738,2025-10-06 18:55:27.123000+00:00,foothill,Car,0.0,0.0,0.0,0.0,0.0,1.448712706565857,0.0,inf,0.0,0.0,0,0,0.91,True,35.2939,-120.667816
151738,2025-10-06 18:55:27.186000+00:00,foothill,Car,0.0,0.0,0.0,0.0,0.0,1.448712706565857,0.0,inf,0.0,0.0,0,0,0.91,True,35.2939,-120.667816
151738,2025-10-06 18:55:27.257000+00:00,foothill,Car,0.0,0.0,0.0,0.0,0.0,1.448712706565857,0.0,inf,0.0,0.0,0,0,0.91,True,35.2939,-120.667816
151738,2025-10-06 18:55:27.318000+00:00,foothill,Car,0.0,0.0,0.0,0.0,0.0,1.448712706565857,0.0,inf,0.0,0.0,0,0,0.91,True,35.2939,-120.667816
151738,2025-10-06 18:55:27.389000+00:00,foothill,Car,0.0,0.0,0.0,0.0,0.0,1.448712706565857,0.0,inf,0.0,0.0,0,0,0.91,True,35.2939,-120.667816
151738,2025-10-06 18:55:27.460000+00:00,foothill,Car,0.0,0.0,0.0,0.0,0.0,1.448712706565857,0.0,inf,0.0,0.0,0,0,0.91,True,35.2939,-120.667816
151738,2025-10-06 18:55:27.521000+00:00,foothill,Car,0.0,0.0,0.0,0.0,0.0,1.448712706565857,0.0,inf,0.0,0.0,0,0,0.91,True,35.2939,-120.667816
151738,2025-10-06 18:55:27.596000+00:00,foothill,Car,0.0,0.0,0.0,0.0,0.0,1.448712706565857,0.0,inf,0.0,0.0,0,0,0.91,True,35.2939,-120.667816
151738,2025-10-06 18:55:27.662000+00:00,foothill,Car,0.0,0.0,0.0,0.0,0.0,1.448712706565857,0.0,inf,0.0,0.0,0,0,0.91,True,35.2939,-120.667816
151738,2025-10-06 18:55:27.723000+00:00,foothill,Car,0.0,0.0,0.0,0.0,0.0,1.448712706565857,0.0,inf,0.0,0.0,0,0,0.91,True,35.2939,-120.667816
151738,2025-10-06 18:55:27.794000+00:00,foothill,Car,0.0,0.0,0.0,0.0,0.0,1.448712706565857,0.0,inf,0.0,0.0,0,0,0.91,True,35.2939,-120.667816
151738,2025-10-06 18:55:27.854000+00:00,foothill,Car,0.0,0.0,0.0,0.0,0.0,1.448712706565857,0.0,inf,0.0,0.0,0,0,0.91,True,35.2939,-120.667816
151738,2025-10-06 18:55:27.936000+00:00,foothill,Car,0.0,0.0,0.0,0.0,0.0,1.448712706565857,0.0,inf,0.0,0.0,0,0,0.91,True,35.2939,-120.667816
151738,2025-10-06 18:55:28.008000+00:00,foothill,Car,0.0,0.0,0.0,0.0,0.0,1.448712706565857,0.0,inf,0.0,0.0,0,0,0.91,True,35.2939,-120.667816
151738,2025-10-06 18:55:28.058000+00:00,foothill,Car,0.0,0.0,0.0,0.0,0.0,1.448712706565857,0.0,inf,0.0,0.0,0,0,0.91,True,35.2939,-120.667816
151738,2025-10-06 18:55:28.129000+00:00,foothill,Car,0.0,0.0,0.0,0.0,0.0,1.448712706565857,0.0,inf,0.0,0.0,0,0,0.91,True,35.2939,-120.667816
151738,2025-10-06 18:55:28.190000+00:00,foothill,Car,0.0,0.0,0.0,0.0,0.0,1.448712706565857,0.0,inf,0.0,0.0,0,0,0.91,True,35.2939,-120.667816
151738,2025-10-06 18:55:28.251000+00:00,foothill,Car,0.0,0.0,0.0,0.0,0.0,1.448712706565857,0.0,inf,0.0,0.0,0,0,0.91,True,35.2939,-120.667816
151738,2025-10-06 18:55:28.322000+00:00,foothill,Car,0.0,0.0,0.0,0.0,0.0,1.448712706565857,0.0,inf,0.0,0.0,0,0,0.91,True,35.2939,-120.667816
151738,2025-10-06 18:55:28.388000+00:00,foothill,Car,0.0,0.0,0.0,0.0,0.0,1.448712706565857,0.0,inf,0.0,0.0,0,0,0.91,True,35.2939,-120.667816
151738,2025-10-06 18:55:28.449000+00:00,foothill,Car,0.0,0.0,0.0,0.0,0.0,1.448712706565857,0.0,inf,0.0,0.0,0,0,0.91,True,35.2939,-120.667816
151738,2025-10-06 18:55:28.520000+00:00,foothill,Car,0.0,0.0,0.0,0.0,0.0,1.448712706565857,0.0,inf,0.0,0.0,0,0,0.91,True,35.2939,-120.667816
151738,2025-10-06 18:55:28.591000+00:00,foothill,Car,0.0,0.0,0.0,0.0,0.0,1.448712706565857,0.0,inf,0.0,0.0,0,0,0.91,True,35.2939,-120.667816
151738,2025-10-06 18:55:28.653000+00:00,foothill,Car,0.0,0.0,0.0,0.0,0.0,1.448712706565857,0.0,inf,0.0,0.0,0,0,0.91,True,35.2939,-120.667816
151738,2025-10-06 18:55:28.724000+00:00,foothill,Car,0.0,0.0,0.0,0.0,0.0,1.448712706565857,0.0,inf,0.0,0.0,0,0,0.91,True,35.2939,-120.667816
151738,2025-10-06 18:55:28.795000+00:00,foothill,Car,0.0,0.0,0.0,0.0,0.0,1.448712706565857,0.0,inf,0.0,0.0,0,0,0.91,True,35.2939,-120.667816
151738,2025-10-06 18:55:28.856000+00:00,foothill,Car,0.0,0.0,0.0,0.0,0.0,1.448712706565857,0.0,inf,0.0,0.0,0,0,0.91,True,35.2939,-120.667816
151738,2025-10-06 18:55:28.917000+00:00,foothill,Car,0.0,0.0,0.0,0.0,0.0,1.448712706565857,0.0,inf,0.0,0.0,0,0,0.91,True,35.2939,-120.667816
151738,2025-10-06 18:55:28.999000+00:00,foothill,Car,0.0,0.0,0.0,0.0,0.0,1.448712706565857,0.0,inf,0.0,0.0,0,0,0.91,True,35.2939,-120.667816
151738,2025-10-06 18:55:29.060000+00:00,foothill,Car,0.0,0.0,0.0,0.0,0.0,1.448712706565857,0.0,inf,0.0,0.0,0,0,0.91,True,35.2939,-120.667816
151738,2025-10-06 18:55:29.121000+00:00,foothill,Car,0.0,0.0,0.0,0.0,0.0,1.448712706565857,0.0,inf,0.0,0.0,0,0,0.91,True,35.2939,-120.667816
151738,2025-10-06 18:55:29.193000+00:00,foothill,Car,0.0,0.0,0.0,0.0,0.0,1.448712706565857,0.0,inf,0.0,0.0,0,0,0.91,True,35.2939,-120.667816
151738,2025-10-06 18:55:29.284000+00:00,foothill,Car,0.0,0.0,0.0,0.0,0.0,1.448712706565857,0.0,inf,0.0,0.0,0,0,0.91,True,35.2939,-120.667816
151738,2025-10-06 18:55:29.325000+00:00,foothill,Car,0.0,0.0,0.0,0.0,0.0,2.7696900367736816,0.0,inf,0.0,0.0,0,0,0.91,True,35.2939,-120.667816
151738,2025-10-06 18:55:31.073000+00:00,foothill,Car,0.0,0.0,0.0,0.0,0.0,1.448712706565857,0.0,inf,0.0,0.0,0,0,0.91,True,35.2939,-120.667816
151738,2025-10-06 18:55:32.122000+00:00,foothill,Car,0.0,0.0,0.0,0.0,0.0,1.448712706565857,0.0,inf,0.0,0.0,0,0,0.91,True,35.2939,-120.667816
151738,2025-10-06 18:55:32.193000+00:00,foothill,Car,0.0,0.0,0.0,0.0,0.0,1.448712706565857,0.0,inf,0.0,0.0,0,0,0.91,True,35.2939,-120.667816
151738,2025-10-06 18:55:32.265000+00:00,foothill,Car,0.0,0.0,0.0,0.0,0.0,1.448712706565857,0.0,inf,0.0,0.0,0,0,0.91,True,35.2939,-120.667816
151738,2025-10-06 18:55:32.325000+00:00,foothill,Car,0.0,0.0,0.0,0.0,0.0,1.448712706565857,0.0,inf,0.0,0.0,0,0,0.91,True,35.2939,-120.667816
151738,2025-10-06 18:55:32.396000+00:00,foothill,Car,0.0,0.0,0.0,0.0,0.0,1.448712706565857,0.0,inf,0.0,0.0,0,0,0.91,True,35.2939,-120.667816
151738,2025-10-06 18:55:32.458000+00:00,foothill,Car,0.0,0.0,0.0,0.0,0.0,1.448712706565857,0.0,inf,0.0,0.0,0,0,0.91,True,35.2939,-120.667816
151738,2025-10-06 18:55:32.529000+00:00,foothill,Car,0.0,0.0,0.0,0.0,0.0,1.448712706565857,0.0,inf,0.0,0.0,0,0,0.91,True,35.2939,-120.667816
151738,2025-10-06 18:55:32.590000+00:00,foothill,Car,0.0,0.0,0.0,0.0,0.0,1.448712706565857,0.0,inf,0.0,0.0,0,0,0.91,True,35.2939,-120.667816
151738,2025-10-06 18:55:32.651000+00:00,foothill,Car,0.0,0.0,0.0,0.0,0.0,1.448712706565857,0.0,inf,0.0,0.0,0,0,0.91,True,35.2939,-120.667816
151738,2025-10-06 18:55:32.732000+00:00,foothill,Car,0.0,0.0,0.0,0.0,0.0,1.448712706565857,0.0,inf,0.0,0.0,0,0,0.91,True,35.2939,-120.667816
151738,2025-10-06 18:55:32.793000+00:00,foothill,Car,0.0,0.0,0.0,0.0,0.0,1.448712706565857,0.0,inf,0.0,0.0,0,0,0.91,True,35.2939,-120.667816
151738,2025-10-06 18:55:32.855000+00:00,foothill,Car,0.0,0.0,0.0,0.0,0.0,1.448712706565857,0.0,inf,0.0,0.0,0,0,0.91,True,35.2939,-120.667816
151738,2025-10-06 18:55:32.926000+00:00,foothill,Car,0.0,0.0,0.0,0.0,0.0,1.448712706565857,0.0,inf,0.0,0.0,0,0,0.91,True,35.2939,-120.667816
151738,2025-10-06 18:55:32.986000+00:00,foothill,Car,0.0,0.0,0.0,0.0,0.0,1.448712706565857,0.0,inf,0.0,0.0,0,0,0.91,True,35.2939,-120.667816
151738,2025-10-06 18:55:33.057000+00:00,foothill,Car,0.0,0.0,0.0,0.0,0.0,1.448712706565857,0.0,inf,0.0,0.0,0,0,0.91,True,35.2939,-120.667816
151738,2025-10-06 18:55:33.128000+00:00,foothill,Car,0.0,0.0,0.0,0.0,0.0,1.448712706565857,0.0,inf,0.0,0.0,0,0,0.91,True,35.2939,-120.667816
151738,2025-10-06 18:55:33.189000+00:00,foothill,Car,0.0,0.0,0.0,0.0,0.0,1.448712706565857,0.0,inf,0.0,0.0,0,0,0.91,True,35.2939,-120.667816
151738,2025-10-06 18:55:33.260000+00:00,foothill,Car,0.0,0.0,0.0,0.0,0.0,1.448712706565857,0.0,inf,0.0,0.0,0,0,0.91,True,35.2939,-120.667816
151738,2025-10-06 18:55:33.321000+00:00,foothill,Car,0.0,0.0,0.0,0.0,0.0,1.448712706565857,0.0,inf,0.0,0.0,0,0,0.91,True,35.2939,-120.667816
151738,2025-10-06 18:55:33.392000+00:00,foothill,Car,0.0,0.0,0.0,0.0,0.0,1.448712706565857,0.0,inf,0.0,0.0,0,0,0.91,True,35.2939,-120.667816
151738,2025-10-06 18:55:33.453000+00:00,foothill,Car,0.0,0.0,0.0,0.0,0.0,1.448712706565857,0.0,inf,0.0,0.0,0,0,0.91,True,35.2939,-120.667816
151738,2025-10-06 18:55:33.524000+00:00,foothill,Car,0.0,0.0,0.0,0.0,0.0,1.448712706565857,0.0,inf,0.0,0.0,0,0,0.91,True,35.2939,-120.667816
151738,2025-10-06 18:55:33.585000+00:00,foothill,Car,0.0,0.0,0.0,0.0,0.0,1.448712706565857,0.0,inf,0.0,0.0,0,0,0.86,True,35.2939,-120.667816
151738,2025-10-06 18:55:33.656000+00:00,foothill,Car,0.0,0.0,0.0,0.0,0.0,1.448712706565857,0.0,inf,0.0,0.0,0,0,0.86,True,35.2939,-120.667816
151738,2025-10-06 18:55:33.717000+00:00,foothill,Car,0.0,0.0,0.0,0.0,0.0,1.448712706565857,0.0,inf,0.0,0.0,0,0,0.87,True,35.2939,-120.667816
151738,2025-10-06 18:55:33.777000+00:00,foothill,Car,0.0,0.0,0.0,0.0,0.0,1.448712706565857,0.0,inf,0.0,0.0,0,0,0.87,True,35.2939,-120.667816
151738,2025-10-06 18:55:33.859000+00:00,foothill,Car,0.0,0.0,0.0,0.0,0.0,1.448712706565857,0.0,inf,0.0,0.0,0,0,0.87,True,35.2939,-120.667816
151738,2025-10-06 18:55:33.930000+00:00,foothill,Car,0.0,0.0,0.0,0.0,0.0,1.448712706565857,0.0,inf,0.0,0.0,0,0,0.88,True,35.2939,-120.667816
151738,2025-10-06 18:55:33.995000+00:00,foothill,Car,0.0,0.0,0.0,0.0,0.0,1.448712706565857,0.0,inf,0.0,0.0,0,0,0.88,True,35.2939,-120.667816
151738,2025-10-06 18:55:34.055000+00:00,foothill,Car,0.0,0.0,0.0,0.0,0.0,1.448712706565857,0.0,inf,0.0,0.0,0,0,0.89,True,35.2939,-120.667816
151738,2025-10-06 18:55:34.126000+00:00,foothill,Car,0.0,0.0,0.0,0.0,0.0,1.448712706565857,0.0,inf,0.0,0.0,0,0,0.89,True,35.2939,-120.667816
151738,2025-10-06 18:55:34.187000+00:00,foothill,Car,0.0,0.0,0.0,0.0,0.0,1.448712706565857,0.0,inf,0.0,0.0,0,0,0.89,True,35.2939,-120.667816
151738,2025-10-06 18:55:34.258000+00:00,foothill,Car,0.0,0.0,0.0,0.0,0.0,1.448712706565857,0.0,inf,0.0,0.0,0,0,0.89,True,35.2939,-120.667816
151738,2025-10-06 18:55:34.319000+00:00,foothill,Car,0.0,0.0,0.0,0.0,0.0,1.448712706565857,0.0,inf,0.0,0.0,0,0,0.89,True,35.2939,-120.667816
151738,2025-10-06 18:55:34.390000+00:00,foothill,Car,0.0,0.0,0.0,0.0,0.0,1.448712706565857,0.0,inf,0.0,0.0,0,0,0.89,True,35.2939,-120.667816
151738,2025-10-06 18:55:34.451000+00:00,foothill,Car,0.0,0.0,0.0,0.0,0.0,1.448712706565857,0.0,inf,0.0,0.0,0,0,0.89,True,35.2939,-120.667816
151738,2025-10-06 18:55:34.522000+00:00,foothill,Car,0.0,0.0,0.0,0.0,0.0,1.448712706565857,0.0,inf,0.0,0.0,0,0,0.9,True,35.2939,-120.667816
151738,2025-10-06 18:55:34.603000+00:00,foothill,Car,0.0,0.0,0.0,0.0,0.0,1.448712706565857,0.0,inf,0.0,0.0,0,0,0.9,True,35.2939,-120.667816
151738,2025-10-06 18:55:34.664000+00:00,foothill,Car,0.0,0.0,0.0,0.0,0.0,1.448712706565857,0.0,inf,0.0,0.0,0,0,0.9,True,35.2939,-120.667816
151738,2025-10-06 18:55:34.715000+00:00,foothill,Car,0.0,0.0,0.0,0.0,0.0,1.448712706565857,0.0,inf,0.0,0.0,0,0,0.9,True,35.2939,-120.667816
151738,2025-10-06 18:55:34.797000+00:00,foothill,Car,0.0,0.0,0.0,0.0,0.0,1.448712706565857,0.0,inf,0.0,0.0,0,0,0.9,True,35.2939,-120.667816
151738,2025-10-06 18:55:34.858000+00:00,foothill,Car,0.0,0.0,0.0,0.0,0.0,1.448712706565857,0.0,inf,0.0,0.0,0,0,0.91,True,35.2939,-120.667816
151738,2025-10-06 18:55:34.919000+00:00,foothill,Car,0.0,0.0,0.0,0.0,0.0,1.448712706565857,0.0,inf,0.0,0.0,0,0,0.91,True,35.2939,-120.667816
151738,2025-10-06 18:55:35+00:00,foothill,Car,0.0,0.0,0.0,0.0,0.0,1.448712706565857,0.0,inf,0.0,0.0,0,0,0.91,True,35.2939,-120.667816
151738,2025-10-06 18:55:35.061000+00:00,foothill,Car,0.0,0.0,0.0,0.0,0.0,1.448712706565857,0.0,inf,0.0,0.0,0,0,0.91,True,35.2939,-120.667816
151738,2025-10-06 18:55:35.122000+00:00,foothill,Car,0.0,0.0,0.0,0.0,0.0,1.448712706565857,0.0,inf,0.0,0.0,0,0,0.91,True,35.2939,-120.667816
151738,2025-10-06 18:55:35.193000+00:00,foothill,Car,0.0,0.0,0.0,0.0,0.0,1.448712706565857,0.0,inf,0.0,0.0,0,0,0.91,True,35.2939,-120.667816
151738,2025-10-06 18:55:35.254000+00:00,foothill,Car,0.0,0.0,0.0,0.0,0.0,1.448712706565857,0.0,inf,0.0,0.0,0,0,0.91,True,35.2939,-120.667816
151738,2025-10-06 18:55:35.325000+00:00,foothill,Car,0.0,0.0,0.0,0.0,0.0,1.448712706565857,0.0,inf,0.0,0.0,0,0,0.91,True,35.2939,-120.667816
151738,2025-10-06 18:55:35.397000+00:00,foothill,Car,0.0,0.0,0.0,0.0,0.0,1.448712706565857,0.0,inf,0.0,0.0,0,0,0.91,True,35.2939,-120.667816
151738,2025-10-06 18:55:35.447000+00:00,foothill,Car,0.0,0.0,0.0,0.0,0.0,1.448712706565857,0.0,inf,0.0,0.0,0,0,0.91,True,35.2939,-120.667816
151738,2025-10-06 18:55:35.518000+00:00,foothill,Car,0.0,0.0,0.0,0.0,0.0,1.448712706565857,0.0,inf,0.0,0.0,0,0,0.91,True,35.2939,-120.667816
151738,2025-10-06 18:55:35.589000+00:00,foothill,Car,0.0,0.0,0.0,0.0,0.0,1.448712706565857,0.0,inf,0.0,0.0,0,0,0.91,True,35.2939,-120.667816
151738,2025-10-06 18:55:35.650000+00:00,foothill,Car,0.0,0.0,0.0,0.0,0.0,1.448712706565857,0.0,inf,0.0,0.0,0,0,0.92,True,35.2939,-120.667816
151738,2025-10-06 18:55:35.721000+00:00,foothill,Car,0.0,0.0,0.0,0.0,0.0,1.448712706565857,0.0,inf,0.0,0.0,0,0,0.92,True,35.2939,-120.667816
151738,2025-10-06 18:55:35.792000+00:00,foothill,Car,0.0,0.0,0.0,0.0,0.0,1.448712706565857,0.0,inf,0.0,0.0,0,0,0.92,True,35.2939,-120.667816
151738,2025-10-06 18:55:35.863000+00:00,foothill,Car,0.0,0.0,0.0,0.0,0.0,1.448712706565857,0.0,inf,0.0,0.0,0,0,0.92,True,35.2939,-120.667816
151754,2025-10-06 18:55:21.717000+00:00,foothill,Car,0.0,0.0,0.0,0.0,0.0,2.436053991317749,-0.0,inf,0.0,0.0,1,0,0.98,True,35.2939,-120.66785
151754,2025-10-06 18:55:21.789000+00:00,foothill,Car,0.0,0.0,0.0,0.0,0.0,2.436053991317749,-0.0,inf,0.0,0.0,0,0,0.98,True,35.2939,-120.66785
151754,2025-10-06 18:55:21.860000+00:00,foothill,Car,0.0,0.0,0.0,0.0,0.0,2.436053991317749,-0.0,inf,0.0,0.0,0,0,0.98,True,35.2939,-120.66785
151754,2025-10-06 18:55:21.922000+00:00,foothill,Car,0.0,0.0,0.0,0.0,0.0,2.436053991317749,-0.0,inf,0.0,0.0,0,0,0.98,True,35.2939,-120.66785
151754,2025-10-06 18:55:21.993000+00:00,foothill,Car,0.0,0.0,0.0,0.0,0.0,2.436053991317749,-0.0,inf,0.0,0.0,0,0,0.98,True,35.2939,-120.66785
151754,2025-10-06 18:55:22.054000+00:00,foothill,Car,0.0,0.0,0.0,0.0,0.0,2.436053991317749,-0.0,inf,0.0,0.0,0,0,0.98,True,35.2939,-120.66785
151754,2025-10-06 18:55:22.114000+00:00,foothill,Car,0.0,0.0,0.0,0.0,0.0,2.436053991317749,-0.0,inf,0.0,0.0,0,0,0.98,True,35.2939,-120.66785
151754,2025-10-06 18:55:22.186000+00:00,foothill,Car,0.0,0.0,0.0,0.0,0.0,2.436053991317749,-0.0,inf,0.0,0.0,0,0,0.98,True,35.2939,-120.66785
151754,2025-10-06 18:55:22.257000+00:00,foothill,Car,0.0,0.0,0.0,0.0,0.0,2.436053991317749,-0.0,inf,0.0,0.0,0,0,0.98,True,35.2939,-120.66785
151754,2025-10-06 18:55:22.327000+00:00,foothill,Car,0.0,0.0,0.0,0.0,0.0,2.436053991317749,-0.0,inf,0.0,0.0,0,0,0.98,True,35.2939,-120.66785
151754,2025-10-06 18:55:22.404000+00:00,foothill,Car,0.0,0.0,0.0,0.0,0.0,2.436053991317749,-0.0,inf,0.0,0.0,0,0,0.98,True,35.2939,-120.66785
151754,2025-10-06 18:55:22.460000+00:00,foothill,Car,0.0,0.0,0.0,0.0,0.0,2.436053991317749,-0.0,inf,0.0,0.0,0,0,0.98,True,35.2939,-120.66785
151754,2025-10-06 18:55:22.520000+00:00,foothill,Car,0.0,0.0,0.0,0.0,0.0,2.436053991317749,-0.0,inf,0.0,0.0,0,0,0.98,True,35.2939,-120.66785
151754,2025-10-06 18:55:22.604000+00:00,foothill,Car,0.0,0.0,0.0,0.0,0.0,2.436053991317749,-0.0,inf,0.0,0.0,0,0,0.98,True,35.2939,-120.66785
151754,2025-10-06 18:55:22.653000+00:00,foothill,Car,0.0,0.0,0.0,0.0,0.0,2.436053991317749,-0.0,inf,0.0,0.0,0,0,0.98,True,35.2939,-120.66785
151754,2025-10-06 18:55:22.725000+00:00,foothill,Car,0.0,0.0,0.0,0.0,0.0,2.436053991317749,-0.0,inf,0.0,0.0,0,0,0.98,True,35.2939,-120.66785
151754,2025-10-06 18:55:22.786000+00:00,foothill,Car,0.0,0.0,0.0,0.0,0.0,2.436053991317749,-0.0,inf,0.0,0.0,0,0,0.98,True,35.2939,-120.66785
151754,2025-10-06 18:55:22.867000+00:00,foothill,Car,0.0,0.0,0.0,0.0,0.0,2.436053991317749,-0.0,inf,0.0,0.0,0,0,0.98,True,35.2939,-120.66785
151754,2025-10-06 18:55:22.919000+00:00,foothill,Car,0.0,0.0,0.0,0.0,0.0,2.436053991317749,-0.0,inf,0.0,0.0,0,0,0.98,True,35.2939,-120.66785
151754,2025-10-06 18:55:22.994000+00:00,foothill,Car,0.0,0.0,0.0,0.0,0.0,2.436053991317749,-0.0,inf,0.0,0.0,0,0,0.98,True,35.2939,-120.66785
151754,2025-10-06 18:55:23.055000+00:00,foothill,Car,0.0,0.0,0.0,0.0,0.0,2.436053991317749,-0.0,inf,0.0,0.0,0,0,0.98,True,35.2939,-120.66785
151754,2025-10-06 18:55:23.115000+00:00,foothill,Car,0.0,0.0,0.0,0.0,0.0,2.436053991317749,-0.0,inf,0.0,0.0,0,0,0.98,True,35.2939,-120.66785
151754,2025-10-06 18:55:23.187000+00:00,foothill,Car,0.0,0.0,0.0,0.0,0.0,2.436053991317749,-0.0,inf,0.0,0.0,0,0,0.98,True,35.2939,-120.66785
151754,2025-10-06 18:55:24.458000+00:00,foothill,Car,0.0,0.0,0.0,0.0,0.0,2.436053991317749,-0.0,inf,0.0,0.0,0,0,0.98,True,35.2939,-120.66785
151754,2025-10-06 18:55:24.519000+00:00,foothill,Car,0.0,0.0,0.0,0.0,0.0,2.436053991317749,-0.0,inf,0.0,0.0,0,0,0.98,True,35.2939,-120.66785
151754,2025-10-06 18:55:24.590000+00:00,foothill,Car,0.0,0.0,0.0,0.0,0.0,2.436053991317749,-0.0,inf,0.0,0.0,0,0,0.98,True,35.2939,-120.66785
151754,2025-10-06 18:55:24.650000+00:00,foothill,Car,0.0,0.0,0.0,0.0,0.0,2.436053991317749,-0.0,inf,0.0,0.0,0,0,0.98,True,35.2939,-120.66785
151754,2025-10-06 18:55:24.721000+00:00,foothill,Car,0.0,0.0,0.0,0.0,0.0,2.436053991317749,-0.0,inf,0.0,0.0,0,0,0.98,True,35.2939,-120.66785
151754,2025-10-06 18:55:24.793000+00:00,foothill,Car,0.0,0.0,0.0,0.0,0.0,2.436053991317749,-0.0,inf,0.0,0.0,0,0,0.98,True,35.2939,-120.66785
151754,2025-10-06 18:55:24.854000+00:00,foothill,Car,0.0,0.0,0.0,0.0,0.0,2.436053991317749,-0.0,inf,0.0,0.0,0,0,0.98,True,35.2939,-120.66785
151754,2025-10-06 18:55:24.925000+00:00,foothill,Car,0.0,0.0,0.0,0.0,0.0,2.436053991317749,-0.0,inf,0.0,0.0,0,0,0.98,True,35.2939,-120.66785
151754,2025-10-06 18:55:24.996000+00:00,foothill,Car,0.0,0.0,0.0,0.0,0.0,2.436053991317749,-0.0,inf,0.0,0.0,0,0,0.98,True,35.2939,-120.66785
151754,2025-10-06 18:55:25.067000+00:00,foothill,Car,0.0,0.0,0.0,0.0,0.0,2.436053991317749,-0.0,inf,0.0,0.0,0,0,0.98,True,35.2939,-120.66785
151754,2025-10-06 18:55:25.127000+00:00,foothill,Car,0.0,0.0,0.0,0.0,0.0,2.436053991317749,-0.0,inf,0.0,0.0,0,0,0.98,True,35.2939,-120.66785
151754,2025-10-06 18:55:25.189000+00:00,foothill,Car,0.0,0.0,0.0,0.0,0.0,2.436053991317749,-0.0,inf,0.0,0.0,0,0,0.98,True,35.2939,-120.66785
151754,2025-10-06 18:55:25.251000+00:00,foothill,Car,0.0,0.0,0.0,0.0,0.0,2.436053991317749,-0.0,inf,0.0,0.0,0,0,0.98,True,35.2939,-120.66785
151754,2025-10-06 18:55:25.322000+00:00,foothill,Car,0.0,0.0,0.0,0.0,0.0,2.436053991317749,-0.0,inf,0.0,0.0,0,0,0.98,True,35.2939,-120.66785
151754,2025-10-06 18:55:25.393000+00:00,foothill,Car,0.0,0.0,0.0,0.0,0.0,2.436053991317749,-0.0,inf,0.0,0.0,0,0,0.98,True,35.2939,-120.66785
151754,2025-10-06 18:55:25.464000+00:00,foothill,Car,0.0,0.0,0.0,0.0,0.0,2.436053991317749,-0.0,inf,0.0,0.0,0,0,0.98,True,35.2939,-120.66785
151754,2025-10-06 18:55:25.525000+00:00,foothill,Car,0.0,0.0,0.0,0.0,0.0,2.436053991317749,-0.0,inf,0.0,0.0,0,0,0.98,True,35.2939,-120.66785
151754,2025-10-06 18:55:25.587000+00:00,foothill,Car,0.0,0.0,0.0,0.0,0.0,2.436053991317749,-0.0,inf,0.0,0.0,0,0,0.98,True,35.2939,-120.66785
151754,2025-10-06 18:55:25.658000+00:00,foothill,Car,0.0,0.0,0.0,0.0,0.0,2.436053991317749,-0.0,inf,0.0,0.0,0,0,0.98,True,35.2939,-120.66785
151754,2025-10-06 18:55:25.719000+00:00,foothill,Car,0.0,0.0,0.0,0.0,0.0,2.436053991317749,-0.0,inf,0.0,0.0,0,0,0.98,True,35.2939,-120.66785
151754,2025-10-06 18:55:25.794000+00:00,foothill,Car,0.0,0.0,0.0,0.0,0.0,2.436053991317749,-0.0,inf,0.0,0.0,0,0,0.98,True,35.2939,-120.66785
151754,2025-10-06 18:55:25.852000+00:00,foothill,Car,0.0,0.0,0.0,0.0,0.0,2.436053991317749,-0.0,inf,0.0,0.0,0,0,0.98,True,35.2939,-120.66785
151754,2025-10-06 18:55:25.922000+00:00,foothill,Car,0.0,0.0,0.0,0.0,0.0,2.436053991317749,-0.0,inf,0.0,0.0,0,0,0.98,True,35.2939,-120.66785
151754,2025-10-06 18:55:25.995000+00:00,foothill,Car,0.0,0.0,0.0,0.0,0.0,2.436053991317749,-0.0,inf,0.0,0.0,0,0,0.98,True,35.2939,-120.66785
151754,2025-10-06 18:55:26.056000+00:00,foothill,Car,0.0,0.0,0.0,0.0,0.0,2.436053991317749,-0.0,inf,0.0,0.0,0,0,0.98,True,35.2939,-120.66785
151754,2025-10-06 18:55:26.127000+00:00,foothill,Car,0.0,0.0,0.0,0.0,0.0,2.436053991317749,-0.0,inf,0.0,0.0,0,0,0.98,True,35.2939,-120.66785
151754,2025-10-06 18:55:26.188000+00:00,foothill,Car,0.0,0.0,0.0,0.0,0.0,2.436053991317749,-0.0,inf,0.0,0.0,0,0,0.98,True,35.2939,-120.66785
151754,2025-10-06 18:55:26.250000+00:00,foothill,Car,0.0,0.0,0.0,0.0,0.0,2.436053991317749,-0.0,inf,0.0,0.0,0,0,0.98,True,35.2939,-120.66785
151754,2025-10-06 18:55:26.322000+00:00,foothill,Car,0.0,0.0,0.0,0.0,0.0,2.436053991317749,-0.0,inf,0.0,0.0,0,0,0.98,True,35.2939,-120.66785
151754,2025-10-06 18:55:26.393000+00:00,foothill,Car,0.0,0.0,0.0,0.0,0.0,2.436053991317749,-0.0,inf,0.0,0.0,0,0,0.98,True,35.2939,-120.66785
151754,2025-10-06 18:55:26.464000+00:00,foothill,Car,0.0,0.0,0.0,0.0,0.0,2.436053991317749,-0.0,inf,0.0,0.0,0,0,0.98,True,35.2939,-120.66785
151754,2025-10-06 18:55:26.514000+00:00,foothill,Car,0.0,0.0,0.0,0.0,0.0,2.436053991317749,-0.0,inf,0.0,0.0,0,0,0.98,True,35.2939,-120.66785
151754,2025-10-06 18:55:26.595000+00:00,foothill,Car,0.0,0.0,0.0,0.0,0.0,2.436053991317749,-0.0,inf,0.0,0.0,0,0,0.98,True,35.2939,-120.66785
151754,2025-10-06 18:55:26.657000+00:00,foothill,Car,0.0,0.0,0.0,0.0,0.0,2.436053991317749,-0.0,inf,0.0,0.0,0,0,0.98,True,35.2939,-120.66785
151754,2025-10-06 18:55:26.728000+00:00,foothill,Car,0.0,0.0,0.0,0.0,0.0,2.436053991317749,-0.0,inf,0.0,0.0,0,0,0.98,True,35.2939,-120.66785
151754,2025-10-06 18:55:26.789000+00:00,foothill,Car,0.0,0.0,0.0,0.0,0.0,2.436053991317749,-0.0,inf,0.0,0.0,0,0,0.98,True,35.2939,-120.66785
151754,2025-10-06 18:55:26.860000+00:00,foothill,Car,0.0,0.0,0.0,0.0,0.0,2.436053991317749,-0.0,inf,0.0,0.0,0,0,0.98,True,35.2939,-120.66785
151754,2025-10-06 18:55:26.921000+00:00,foothill,Car,0.0,0.0,0.0,0.0,0.0,2.436053991317749,-0.0,inf,0.0,0.0,0,0,0.98,True,35.2939,-120.66785
151754,2025-10-06 18:55:26.992000+00:00,foothill,Car,0.0,0.0,0.0,0.0,0.0,2.436053991317749,-0.0,inf,0.0,0.0,0,0,0.98,True,35.2939,-120.66785
151754,2025-10-06 18:55:27.063000+00:00,foothill,Car,0.0,0.0,0.0,0.0,0.0,2.436053991317749,-0.0,inf,0.0,0.0,0,0,0.98,True,35.2939,-120.66785
151754,2025-10-06 18:55:27.123000+00:00,foothill,Car,0.0,0.0,0.0,0.0,0.0,2.436053991317749,-0.0,inf,0.0,0.0,0,0,0.98,True,35.2939,-120.66785
151754,2025-10-06 18:55:27.186000+00:00,foothill,Car,0.0,0.0,0.0,0.0,0.0,2.436053991317749,-0.0,inf,0.0,0.0,0,0,0.98,True,35.2939,-120.66785
151754,2025-10-06 18:55:27.257000+00:00,foothill,Car,0.0,0.0,0.0,0.0,0.0,2.436053991317749,-0.0,inf,0.0,0.0,0,0,0.98,True,35.2939,-120.66785
151754,2025-10-06 18:55:27.318000+00:00,foothill,Car,0.0,0.0,0.0,0.0,0.0,2.436053991317749,-0.0,inf,0.0,0.0,0,0,0.98,True,35.2939,-120.66785
151754,2025-10-06 18:55:27.389000+00:00,foothill,Car,0.0,0.0,0.0,0.0,0.0,2.436053991317749,-0.0,inf,0.0,0.0,0,0,0.98,True,35.2939,-120.66785
151754,2025-10-06 18:55:27.460000+00:00,foothill,Car,0.0,0.0,0.0,0.0,0.0,2.436053991317749,-0.0,inf,0.0,0.0,0,0,0.98,True,35.2939,-120.66785
151754,2025-10-06 18:55:27.521000+00:00,foothill,Car,0.0,0.0,0.0,0.0,0.0,2.436053991317749,-0.0,inf,0.0,0.0,0,0,0.98,True,35.2939,-120.66785
151754,2025-10-06 18:55:27.596000+00:00,foothill,Car,0.0,0.0,0.0,0.0,0.0,2.436053991317749,-0.0,inf,0.0,0.0,0,0,0.98,True,35.2939,-120.66785
151754,2025-10-06 18:55:27.662000+00:00,foothill,Car,0.0,0.0,0.0,0.0,0.0,2.436053991317749,-0.0,inf,0.0,0.0,0,0,0.98,True,35.2939,-120.66785
151754,2025-10-06 18:55:27.723000+00:00,foothill,Car,0.0,0.0,0.0,0.0,0.0,2.436053991317749,-0.0,inf,0.0,0.0,0,0,0.98,True,35.2939,-120.66785
151754,2025-10-06 18:55:27.794000+00:00,foothill,Car,0.0,0.0,0.0,0.0,0.0,2.436053991317749,-0.0,inf,0.0,0.0,0,0,0.98,True,35.2939,-120.66785
151754,2025-10-06 18:55:27.854000+00:00,foothill,Car,0.0,0.0,0.0,0.0,0.0,2.436053991317749,-0.0,inf,0.0,0.0,0,0,0.98,True,35.2939,-120.66785
151754,2025-10-06 18:55:27.936000+00:00,foothill,Car,0.0,0.0,0.0,0.0,0.0,2.436053991317749,-0.0,inf,0.0,0.0,0,0,0.98,True,35.2939,-120.66785
151754,2025-10-06 18:55:28.008000+00:00,foothill,Car,0.0,0.0,0.0,0.0,0.0,2.436053991317749,-0.0,inf,0.0,0.0,0,0,0.98,True,35.2939,-120.66785
151754,2025-10-06 18:55:28.058000+00:00,foothill,Car,0.0,0.0,0.0,0.0,0.0,2.436053991317749,-0.0,inf,0.0,0.0,0,0,0.98,True,35.2939,-120.66785
151754,2025-10-06 18:55:28.129000+00:00,foothill,Car,0.0,0.0,0.0,0.0,0.0,2.436053991317749,-0.0,inf,0.0,0.0,0,0,0.98,True,35.2939,-120.66785
151754,2025-10-06 18:55:28.190000+00:00,foothill,Car,0.0,0.0,0.0,0.0,0.0,2.436053991317749,-0.0,inf,0.0,0.0,0,0,0.98,True,35.2939,-120.66785
151754,2025-10-06 18:55:28.251000+00:00,foothill,Car,0.0,0.0,0.0,0.0,0.0,2.436053991317749,-0.0,inf,0.0,0.0,0,0,0.98,True,35.2939,-120.66785
151754,2025-10-06 18:55:28.322000+00:00,foothill,Car,0.0,0.0,0.0,0.0,0.0,2.436053991317749,-0.0,inf,0.0,0.0,0,0,0.98,True,35.2939,-120.66785
151754,2025-10-06 18:55:28.388000+00:00,foothill,Car,0.0,0.0,0.0,0.0,0.0,2.436053991317749,-0.0,inf,0.0,0.0,0,0,0.98,True,35.2939,-120.66785
151754,2025-10-06 18:55:28.449000+00:00,foothill,Car,0.0,0.0,0.0,0.0,0.0,2.436053991317749,-0.0,inf,0.0,0.0,0,0,0.98,True,35.2939,-120.66785
151754,2025-10-06 18:55:28.520000+00:00,foothill,Car,0.0,0.0,0.0,0.0,0.0,2.436053991317749,-0.0,inf,0.0,0.0,0,0,0.98,True,35.2939,-120.66785
151754,2025-10-06 18:55:28.591000+00:00,foothill,Car,0.0,0.0,0.0,0.0,0.0,2.436053991317749,-0.0,inf,0.0,0.0,0,0,0.98,True,35.2939,-120.66785
151754,2025-10-06 18:55:28.653000+00:00,foothill,Car,0.0,0.0,0.0,0.0,0.0,2.436053991317749,-0.0,inf,0.0,0.0,0,0,0.98,True,35.2939,-120.66785
151754,2025-10-06 18:55:28.724000+00:00,foothill,Car,0.0,0.0,0.0,0.0,0.0,2.436053991317749,-0.0,inf,0.0,0.0,0,0,0.98,True,35.2939,-120.66785
151754,2025-10-06 18:55:28.795000+00:00,foothill,Car,0.0,0.0,0.0,0.0,0.0,2.436053991317749,-0.0,inf,0.0,0.0,0,0,0.98,True,35.2939,-120.66785
151754,2025-10-06 18:55:28.856000+00:00,foothill,Car,0.0,0.0,0.0,0.0,0.0,2.436053991317749,-0.0,inf,0.0,0.0,0,0,0.98,True,35.2939,-120.66785
151754,2025-10-06 18:55:28.917000+00:00,foothill,Car,0.0,0.0,0.0,0.0,0.0,2.436053991317749,-0.0,inf,0.0,0.0,0,0,0.98,True,35.2939,-120.66785
151754,2025-10-06 18:55:28.999000+00:00,foothill,Car,0.0,0.0,0.0,0.0,0.0,2.436053991317749,-0.0,inf,0.0,0.0,0,0,0.98,True,35.2939,-120.66785
151754,2025-10-06 18:55:29.060000+00:00,foothill,Car,0.0,0.0,0.0,0.0,0.0,2.436053991317749,-0.0,inf,0.0,0.0,0,0,0.98,True,35.2939,-120.66785
151754,2025-10-06 18:55:29.121000+00:00,foothill,Car,0.0,0.0,0.0,0.0,0.0,2.436053991317749,-0.0,inf,0.0,0.0,0,0,0.98,True,35.2939,-120.66785
151754,2025-10-06 18:55:29.193000+00:00,foothill,Car,0.0,0.0,0.0,0.0,0.0,2.436053991317749,-0.0,inf,0.0,0.0,0,0,0.98,True,35.2939,-120.66785
151754,2025-10-06 18:55:29.284000+00:00,foothill,Car,0.0,0.0,0.0,0.0,0.0,2.436053991317749,-0.0,inf,0.0,0.0,0,0,0.98,True,35.2939,-120.66785
151754,2025-10-06 18:55:29.325000+00:00,foothill,Car,0.0,0.0,0.0,0.0,0.0,2.7696900367736816,0.0,inf,0.0,0.0,0,0,0.98,True,35.2939,-120.66785
151754,2025-10-06 18:55:31.073000+00:00,foothill,Car,0.0,0.0,0.0,0.0,0.0,2.436053991317749,-0.0,inf,0.0,0.0,0,0,0.98,True,35.2939,-120.66785
151754,2025-10-06 18:55:32.122000+00:00,foothill,Car,0.0,0.0,0.0,0.0,0.0,2.436053991317749,-0.0,inf,0.0,0.0,0,0,0.98,True,35.2939,-120.66785
151754,2025-10-06 18:55:32.193000+00:00,foothill,Car,0.0,0.0,0.0,0.0,0.0,2.436053991317749,-0.0,inf,0.0,0.0,0,0,0.98,True,35.2939,-120.66785
151754,2025-10-06 18:55:32.265000+00:00,foothill,Car,0.0,0.0,0.0,0.0,0.0,2.436053991317749,-0.0,inf,0.0,0.0,0,0,0.98,True,35.2939,-120.66785
151754,2025-10-06 18:55:32.325000+00:00,foothill,Car,0.0,0.0,0.0,0.0,0.0,2.436053991317749,-0.0,inf,0.0,0.0,0,0,0.98,True,35.2939,-120.66785
151754,2025-10-06 18:55:32.396000+00:00,foothill,Car,0.0,0.0,0.0,0.0,0.0,2.436053991317749,-0.0,inf,0.0,0.0,0,0,0.98,True,35.2939,-120.66785
151754,2025-10-06 18:55:32.458000+00:00,foothill,Car,0.0,0.0,0.0,0.0,0.0,2.436053991317749,-0.0,inf,0.0,0.0,0,0,0.98,True,35.2939,-120.66785
151754,2025-10-06 18:55:32.529000+00:00,foothill,Car,0.0,0.0,0.0,0.0,0.0,2.436053991317749,-0.0,inf,0.0,0.0,0,0,0.98,True,35.2939,-120.66785
151754,2025-10-06 18:55:32.590000+00:00,foothill,Car,0.0,0.0,0.0,0.0,0.0,2.436053991317749,-0.0,inf,0.0,0.0,0,0,0.98,True,35.2939,-120.66785
151754,2025-10-06 18:55:32.651000+00:00,foothill,Car,0.0,0.0,0.0,0.0,0.0,2.436053991317749,-0.0,inf,0.0,0.0,0,0,0.98,True,35.2939,-120.66785
151754,2025-10-06 18:55:32.732000+00:00,foothill,Car,0.0,0.0,0.0,0.0,0.0,2.436053991317749,-0.0,inf,0.0,0.0,0,0,0.98,True,35.2939,-120.66785
151754,2025-10-06 18:55:32.793000+00:00,foothill,Car,0.0,0.0,0.0,0.0,0.0,2.436053991317749,-0.0,inf,0.0,0.0,0,0,0.98,True,35.2939,-120.66785
151754,2025-10-06 18:55:32.855000+00:00,foothill,Car,0.0,0.0,0.0,0.0,0.0,2.436053991317749,-0.0,inf,0.0,0.0,0,0,0.98,True,35.2939,-120.66785
151754,2025-10-06 18:55:32.926000+00:00,foothill,Car,0.0,0.0,0.0,0.0,0.0,2.436053991317749,-0.0,inf,0.0,0.0,0,0,0.98,True,35.2939,-120.66785
151754,2025-10-06 18:55:32.986000+00:00,foothill,Car,0.0,0.0,0.0,0.0,0.0,2.436053991317749,-0.0,inf,0.0,0.0,0,0,0.98,True,35.2939,-120.66785
151754,2025-10-06 18:55:33.057000+00:00,foothill,Car,0.0,0.0,0.0,0.0,0.0,2.436053991317749,-0.0,inf,0.0,0.0,0,0,0.98,True,35.2939,-120.66785
151754,2025-10-06 18:55:33.128000+00:00,foothill,Car,0.0,0.0,0.0,0.0,0.0,2.436053991317749,-0.0,inf,0.0,0.0,0,0,0.98,True,35.2939,-120.66785
151754,2025-10-06 18:55:33.189000+00:00,foothill,Car,0.0,0.0,0.0,0.0,0.0,2.436053991317749,-0.0,inf,0.0,0.0,0,0,0.98,True,35.2939,-120.66785
151754,2025-10-06 18:55:33.260000+00:00,foothill,Car,0.0,0.0,0.0,0.0,0.0,2.436053991317749,-0.0,inf,0.0,0.0,0,0,0.98,True,35.2939,-120.66785
151754,2025-10-06 18:55:33.321000+00:00,foothill,Car,0.0,0.0,0.0,0.0,0.0,2.436053991317749,-0.0,inf,0.0,0.0,0,0,0.98,True,35.2939,-120.66785
151754,2025-10-06 18:55:33.392000+00:00,foothill,Car,0.0,0.0,0.0,0.0,0.0,2.436053991317749,-0.0,inf,0.0,0.0,0,0,0.98,True,35.2939,-120.66785
151754,2025-10-06 18:55:33.453000+00:00,foothill,Car,0.0,0.0,0.0,0.0,0.0,2.436053991317749,-0.0,inf,0.0,0.0,0,0,0.98,True,35.2939,-120.66785
151754,2025-10-06 18:55:33.524000+00:00,foothill,Car,0.0,0.0,0.0,0.0,0.0,2.436053991317749,-0.0,inf,0.0,0.0,0,0,0.98,True,35.2939,-120.66785
151754,2025-10-06 18:55:33.585000+00:00,foothill,Car,0.0,0.0,0.0,0.0,0.0,2.436053991317749,-0.0,inf,0.0,0.0,0,0,0.98,True,35.2939,-120.66785
151754,2025-10-06 18:55:33.656000+00:00,foothill,Car,0.0,0.0,0.0,0.0,0.0,2.436053991317749,-0.0,inf,0.0,0.0,0,0,0.98,True,35.2939,-120.66785
151754,2025-10-06 18:55:33.717000+00:00,foothill,Car,0.0,0.0,0.0,0.0,0.0,2.436053991317749,-0.0,inf,0.0,0.0,0,0,0.98,True,35.2939,-120.66785
151754,2025-10-06 18:55:33.777000+00:00,foothill,Car,0.0,0.0,0.0,0.0,0.0,2.436053991317749,-0.0,inf,0.0,0.0,0,0,0.98,True,35.2939,-120.66785
151754,2025-10-06 18:55:33.859000+00:00,foothill,Car,0.0,0.0,0.0,0.0,0.0,2.436053991317749,-0.0,inf,0.0,0.0,0,0,0.98,True,35.2939,-120.66785
151754,2025-10-06 18:55:33.930000+00:00,foothill,Car,0.0,0.0,0.0,0.0,0.0,2.436053991317749,-0.0,inf,0.0,0.0,0,0,0.98,True,35.2939,-120.66785
151754,2025-10-06 18:55:33.995000+00:00,foothill,Car,0.0,0.0,0.0,0.0,0.0,2.436053991317749,-0.0,inf,0.0,0.0,0,0,0.98,True,35.2939,-120.66785
151754,2025-10-06 18:55:34.055000+00:00,foothill,Car,0.0,0.0,0.0,0.0,0.0,2.436053991317749,-0.0,inf,0.0,0.0,0,0,0.98,True,35.2939,-120.66785
151754,2025-10-06 18:55:34.126000+00:00,foothill,Car,0.0,0.0,0.0,0.0,0.0,2.436053991317749,-0.0,inf,0.0,0.0,0,0,0.98,True,35.2939,-120.66785
151754,2025-10-06 18:55:34.187000+00:00,foothill,Car,0.0,0.0,0.0,0.0,0.0,2.436053991317749,-0.0,inf,0.0,0.0,0,0,0.98,True,35.2939,-120.66785
151754,2025-10-06 18:55:34.258000+00:00,foothill,Car,0.0,0.0,0.0,0.0,0.0,2.436053991317749,-0.0,inf,0.0,0.0,0,0,0.98,True,35.2939,-120.66785
151754,2025-10-06 18:55:34.319000+00:00,foothill,Car,0.0,0.0,0.0,0.0,0.0,2.436053991317749,-0.0,inf,0.0,0.0,0,0,0.98,True,35.2939,-120.66785
151754,2025-10-06 18:55:34.390000+00:00,foothill,Car,0.0,0.0,0.0,0.0,0.0,2.436053991317749,-0.0,inf,0.0,0.0,0,0,0.98,True,35.2939,-120.66785
151754,2025-10-06 18:55:34.451000+00:00,foothill,Car,0.0,0.0,0.0,0.0,0.0,2.436053991317749,-0.0,inf,0.0,0.0,0,0,0.98,True,35.2939,-120.66785
151754,2025-10-06 18:55:34.522000+00:00,foothill,Car,0.0,0.0,0.0,0.0,0.0,2.436053991317749,-0.0,inf,0.0,0.0,0,0,0.98,True,35.2939,-120.66785
151754,2025-10-06 18:55:34.603000+00:00,foothill,Car,0.0,0.0,0.0,0.0,0.0,2.436053991317749,-0.0,inf,0.0,0.0,0,0,0.98,True,35.2939,-120.66785
151754,2025-10-06 18:55:34.664000+00:00,foothill,Car,0.0,0.0,0.0,0.0,0.0,2.436053991317749,-0.0,inf,0.0,0.0,0,0,0.98,True,35.2939,-120.66785
151754,2025-10-06 18:55:34.715000+00:00,foothill,Car,0.0,0.0,0.0,0.0,0.0,2.436053991317749,-0.0,inf,0.0,0.0,0,0,0.98,True,35.2939,-120.66785
151754,2025-10-06 18:55:34.797000+00:00,foothill,Car,0.0,0.0,0.0,0.0,0.0,2.436053991317749,-0.0,inf,0.0,0.0,0,0,0.98,True,35.2939,-120.66785
151754,2025-10-06 18:55:34.858000+00:00,foothill,Car,0.0,0.0,0.0,0.0,0.0,2.436053991317749,-0.0,inf,0.0,0.0,0,0,0.98,True,35.2939,-120.66785
151754,2025-10-06 18:55:34.919000+00:00,foothill,Car,0.0,0.0,0.0,0.0,0.0,2.436053991317749,-0.0,inf,0.0,0.0,0,0,0.98,True,35.2939,-120.66785
151754,2025-10-06 18:55:35+00:00,foothill,Car,0.0,0.0,0.0,0.0,0.0,2.436053991317749,-0.0,inf,0.0,0.0,0,0,0.98,True,35.2939,-120.66785
151754,2025-10-06 18:55:35.061000+00:00,foothill,Car,0.0,0.0,0.0,0.0,0.0,2.436053991317749,-0.0,inf,0.0,0.0,0,0,0.98,True,35.2939,-120.66785
151754,2025-10-06 18:55:35.122000+00:00,foothill,Car,0.0,0.0,0.0,0.0,0.0,2.436053991317749,-0.0,inf,0.0,0.0,0,0,0.98,True,35.2939,-120.66785
151754,2025-10-06 18:55:35.193000+00:00,foothill,Car,0.0,0.0,0.0,0.0,0.0,2.436053991317749,-0.0,inf,0.0,0.0,0,0,0.98,True,35.2939,-120.66785
151754,2025-10-06 18:55:35.254000+00:00,foothill,Car,0.0,0.0,0.0,0.0,0.0,2.436053991317749,-0.0,inf,0.0,0.0,0,0,0.98,True,35.2939,-120.66785
151754,2025-10-06 18:55:35.325000+00:00,foothill,Car,0.0,0.0,0.0,0.0,0.0,2.436053991317749,-0.0,inf,0.0,0.0,0,0,0.98,True,35.2939,-120.66785
151754,2025-10-06 18:55:35.397000+00:00,foothill,Car,0.0,0.0,0.0,0.0,0.0,2.436053991317749,-0.0,inf,0.0,0.0,0,0,0.98,True,35.2939,-120.66785
151754,2025-10-06 18:55:35.447000+00:00,foothill,Car,0.0,0.0,0.0,0.0,0.0,2.436053991317749,-0.0,inf,0.0,0.0,0,0,0.98,True,35.2939,-120.66785
151754,2025-10-06 18:55:35.518000+00:00,foothill,Car,0.0,0.0,0.0,0.0,0.0,2.436053991317749,-0.0,inf,0.0,0.0,0,0,0.98,True,35.2939,-120.66785
151754,2025-10-06 18:55:35.589000+00:00,foothill,Car,0.0,0.0,0.0,0.0,0.0,2.436053991317749,-0.0,inf,0.0,0.0,0,0,0.98,True,35.2939,-120.66785
151754,2025-10-06 18:55:35.650000+00:00,foothill,Car,0.0,0.0,0.0,0.0,0.0,2.436053991317749,-0.0,inf,0.0,0.0,0,0,0.98,True,35.2939,-120.66785
151754,2025-10-06 18:55:35.721000+00:00,foothill,Car,0.0,0.0,0.0,0.0,0.0,2.436053991317749,-0.0,inf,0.0,0.0,0,0,0.98,True,35.2939,-120.66785
151754,2025-10-06 18:55:35.792000+00:00,foothill,Car,0.0,0.0,0.0,0.0,0.0,2.436053991317749,-0.0,inf,0.0,0.0,0,0,0.98,True,35.2939,-120.66785
151754,2025-10-06 18:55:35.863000+00:00,foothill,Car,0.0,0.0,0.0,0.0,0.0,2.436053991317749,-0.0,inf,0.0,0.0,0,0,0.98,True,35.2939,-120.66785
151759,2025-10-06 18:55:21.717000+00:00,foothill,Car,0.0,-1.0696934,-1.0696934,0.0,0.0,10.523994445800781,-5.9019389152526855,1.783141851425171,5.980170249938965,0.0,1,0,0.97,True,35.29403,-120.66752
151759,2025-10-06 18:55:21.789000+00:00,foothill,Car,0.0,-1.0696934,-1.0696934,0.0,0.0,10.523994445800781,-6.040111541748047,1.7423510551452637,6.120174407958984,0.0,0,0,0.97,True,35.29403,-120.66752
151759,2025-10-06 18:55:21.860000+00:00,foothill,Car,0.0,-1.0696934,-1.0696934,0.0,0.0,9.923195838928223,5.224880218505859,inf,5.3484673500061035,180.0,0,0,0.97,True,35.29403,-120.66752
151759,2025-10-06 18:55:21.922000+00:00,foothill,Car,0.0,-1.0696934,-1.0696934,0.0,0.0,9.923195838928223,-5.998293876647949,1.6543363332748413,6.140174865722656,0.0,0,0,0.97,True,35.29403,-120.66752
151759,2025-10-06 18:55:21.993000+00:00,foothill,Car,5.3484674,-1.0696934,-1.0696934,0.0,0.0,9.354351997375488,0.39589977264404297,inf,12.113166809082031,90.0,0,0,0.97,True,35.294033,-120.66752
151759,2025-10-06 18:55:22.054000+00:00,foothill,Car,0.0,-1.0696934,-1.0696934,0.0,0.0,9.354351997375488,-5.514004707336426,1.6964715719223022,5.730163097381592,0.0,0,0,0.83,True,35.294033,-120.66752
151759,2025-10-06 18:55:22.114000+00:00,foothill,Car,0.0,-1.0696934,-1.0696934,0.0,0.0,9.354351997375488,-5.5043816566467285,1.6994373798370361,5.720162868499756,0.0,0,0,0.83,True,35.294033,-120.66752
151759,2025-10-06 18:55:22.186000+00:00,foothill,Car,0.0,-1.0696934,-1.0696934,0.0,0.0,8.690093040466309,-5.4693498611450195,1.5888713598251343,5.720162868499756,0.0,0,0,0.83,True,35.294033,-120.66752
151761,2025-10-06 18:55:21.717000+00:00,foothill,Car,0.0,0.0,0.0,0.0,0.0,3.2480735778808594,-0.0,inf,0.0,0.0,1,0,0.96,True,35.293842,-120.66784
151761,2025-10-06 18:55:21.789000+00:00,foothill,Car,0.0,0.0,0.0,0.0,0.0,3.2480735778808594,-0.0,inf,0.0,0.0,0,0,0.96,True,35.293842,-120.66784
151761,2025-10-06 18:55:21.860000+00:00,foothill,Car,0.0,0.0,0.0,0.0,0.0,3.2480735778808594,-0.0,inf,0.0,0.0,0,0,0.96,True,35.293842,-120.66784
151761,2025-10-06 18:55:21.922000+00:00,foothill,Car,0.0,0.0,0.0,0.0,0.0,3.2480735778808594,-0.0,inf,0.0,0.0,0,0,0.96,True,35.293842,-120.66784
151761,2025-10-06 18:55:21.993000+00:00,foothill,Car,0.0,0.0,0.0,0.0,0.0,3.2480735778808594,-0.0,inf,0.0,0.0,0,0,0.96,True,35.293842,-120.66784
151761,2025-10-06 18:55:22.054000+00:00,foothill,Car,0.0,0.0,0.0,0.0,0.0,3.2480735778808594,-0.0,inf,0.0,0.0,0,0,0.96,True,35.293842,-120.66784
151761,2025-10-06 18:55:22.114000+00:00,foothill,Car,0.0,0.0,0.0,0.0,0.0,3.2480735778808594,-0.0,inf,0.0,0.0,0,0,0.96,True,35.293842,-120.66784
151761,2025-10-06 18:55:22.186000+00:00,foothill,Car,0.0,0.0,0.0,0.0,0.0,3.2480735778808594,-0.0,inf,0.0,0.0,0,0,0.96,True,35.293842,-120.66784
151761,2025-10-06 18:55:22.257000+00:00,foothill,Car,0.0,0.0,0.0,0.0,0.0,3.2480735778808594,-0.0,inf,0.0,0.0,0,0,0.96,True,35.293842,-120.66784
151761,2025-10-06 18:55:22.327000+00:00,foothill,Car,0.0,0.0,0.0,0.0,0.0,3.2480735778808594,-0.0,inf,0.0,0.0,0,0,0.96,True,35.293842,-120.66784
151761,2025-10-06 18:55:22.404000+00:00,foothill,Car,0.0,0.0,0.0,0.0,0.0,3.2480735778808594,-0.0,inf,0.0,0.0,0,0,0.96,True,35.293842,-120.66784
151761,2025-10-06 18:55:22.460000+00:00,foothill,Car,0.0,0.0,0.0,0.0,0.0,3.2480735778808594,-0.0,inf,0.0,0.0,0,0,0.96,True,35.293842,-120.66784
151761,2025-10-06 18:55:22.520000+00:00,foothill,Car,0.0,0.0,0.0,0.0,0.0,3.2480735778808594,-0.0,inf,0.0,0.0,0,0,0.96,True,35.293842,-120.66784
151761,2025-10-06 18:55:22.604000+00:00,foothill,Car,0.0,0.0,0.0,0.0,0.0,3.2480735778808594,-0.0,inf,0.0,0.0,0,0,0.96,True,35.293842,-120.66784
151761,2025-10-06 18:55:22.653000+00:00,foothill,Car,0.0,0.0,0.0,0.0,0.0,3.2480735778808594,-0.0,inf,0.0,0.0,0,0,0.96,True,35.293842,-120.66784
151761,2025-10-06 18:55:22.725000+00:00,foothill,Car,0.0,0.0,0.0,0.0,0.0,3.2480735778808594,-0.0,inf,0.0,0.0,0,0,0.96,True,35.293842,-120.66784
151761,2025-10-06 18:55:22.786000+00:00,foothill,Car,0.0,0.0,0.0,0.0,0.0,3.2480735778808594,-0.0,inf,0.0,0.0,0,0,0.96,True,35.293842,-120.66784
151761,2025-10-06 18:55:22.867000+00:00,foothill,Car,0.0,0.0,0.0,0.0,0.0,3.2480735778808594,-0.0,inf,0.0,0.0,0,0,0.96,True,35.293842,-120.66784
151761,2025-10-06 18:55:22.919000+00:00,foothill,Car,0.0,0.0,0.0,0.0,0.0,3.2480735778808594,-0.0,inf,0.0,0.0,0,0,0.96,True,35.293842,-120.66784
151761,2025-10-06 18:55:22.994000+00:00,foothill,Car,0.0,0.0,0.0,0.0,0.0,3.2480735778808594,-0.0,inf,0.0,0.0,0,0,0.96,True,35.293842,-120.66784
151761,2025-10-06 18:55:23.055000+00:00,foothill,Car,0.0,0.0,0.0,0.0,0.0,3.2480735778808594,-0.0,inf,0.0,0.0,0,0,0.96,True,35.293842,-120.66784
151761,2025-10-06 18:55:23.115000+00:00,foothill,Car,0.0,0.0,0.0,0.0,0.0,3.2480735778808594,-0.0,inf,0.0,0.0,0,0,0.96,True,35.293842,-120.66784
151761,2025-10-06 18:55:23.187000+00:00,foothill,Car,0.0,0.0,0.0,0.0,0.0,3.2480735778808594,-0.0,inf,0.0,0.0,0,0,0.96,True,35.293842,-120.66784
151761,2025-10-06 18:55:24.458000+00:00,foothill,Car,0.0,0.0,0.0,0.0,0.0,3.2480735778808594,-0.0,inf,0.0,0.0,0,0,0.96,True,35.293842,-120.66784
151761,2025-10-06 18:55:24.519000+00:00,foothill,Car,0.0,2.2691138,2.2691138,0.0,0.0,3.2480735778808594,-0.0,inf,0.0,0.0,0,0,0.96,True,35.293842,-120.66784
151761,2025-10-06 18:55:24.590000+00:00,foothill,Car,0.0,2.2691138,2.2691138,0.0,0.0,3.2480735778808594,-0.0,inf,0.0,0.0,0,0,0.96,True,35.293842,-120.66784
151761,2025-10-06 18:55:24.650000+00:00,foothill,Car,0.0,2.2691138,2.2691138,0.0,0.0,3.2480735778808594,-0.0,inf,0.0,0.0,0,0,0.96,True,35.293842,-120.66784
151761,2025-10-06 18:55:24.721000+00:00,foothill,Car,0.0,2.2691138,2.2691138,0.0,0.0,3.2480735778808594,-0.0,inf,0.0,0.0,0,0,0.96,True,35.293842,-120.66784
151761,2025-10-06 18:55:24.793000+00:00,foothill,Car,0.0,2.2691138,2.2691138,0.0,0.0,3.2480735778808594,-0.0,inf,0.0,0.0,0,0,0.96,True,35.293842,-120.66784
151761,2025-10-06 18:55:24.854000+00:00,foothill,Car,0.0,2.2691138,2.2691138,0.0,0.0,3.2480735778808594,-0.0,inf,0.0,0.0,0,0,0.96,True,35.293842,-120.66784
151761,2025-10-06 18:55:24.925000+00:00,foothill,Car,0.0,2.2691138,2.2691138,0.0,0.0,3.2480735778808594,-0.0,inf,0.0,0.0,0,0,0.96,True,35.293842,-120.66784
151761,2025-10-06 18:55:24.996000+00:00,foothill,Car,0.0,2.2691138,2.2691138,0.0,0.0,3.2480735778808594,-0.0,inf,0.0,0.0,0,0,0.96,True,35.293842,-120.66784
151761,2025-10-06 18:55:25.067000+00:00,foothill,Car,0.0,2.2691138,2.2691138,0.0,0.0,3.2480735778808594,-0.0,inf,0.0,0.0,0,0,0.96,True,35.293842,-120.66784
151761,2025-10-06 18:55:25.127000+00:00,foothill,Car,0.0,2.2691138,2.2691138,0.0,0.0,3.2480735778808594,-0.0,inf,0.0,0.0,0,0,0.96,True,35.293842,-120.66784
151761,2025-10-06 18:55:25.189000+00:00,foothill,Car,0.0,2.2691138,2.2691138,0.0,0.0,3.2480735778808594,-0.0,inf,0.0,0.0,0,0,0.96,True,35.293842,-120.66784
151761,2025-10-06 18:55:25.251000+00:00,foothill,Car,0.0,2.2691138,2.2691138,0.0,0.0,3.2480735778808594,-0.0,inf,0.0,0.0,0,0,0.96,True,35.293842,-120.66784
151761,2025-10-06 18:55:25.322000+00:00,foothill,Car,0.0,2.2691138,2.2691138,0.0,0.0,3.2480735778808594,-0.0,inf,0.0,0.0,0,0,0.96,True,35.293842,-120.66784
151761,2025-10-06 18:55:25.393000+00:00,foothill,Car,0.0,2.2691138,2.2691138,0.0,0.0,3.2480735778808594,-0.0,inf,0.0,0.0,0,0,0.96,True,35.293842,-120.66784
151761,2025-10-06 18:55:25.464000+00:00,foothill,Car,0.0,2.2691138,2.2691138,0.0,0.0,3.2480735778808594,-0.0,inf,0.0,0.0,0,0,0.96,True,35.293842,-120.66784
151761,2025-10-06 18:55:25.525000+00:00,foothill,Car,0.0,1.0293593,-1.2397544,0.0,0.0,3.2480735778808594,-0.0,inf,0.0,0.0,0,0,0.96,True,35.293842,-120.66784
151761,2025-10-06 18:55:25.587000+00:00,foothill,Car,0.0,1.0293593,-1.2397544,0.0,0.0,3.2480735778808594,-0.0,inf,0.0,0.0,0,0,0.96,True,35.293842,-120.66784
151761,2025-10-06 18:55:25.658000+00:00,foothill,Car,0.0,1.0293593,-1.2397544,0.0,0.0,3.2480735778808594,-0.0,inf,0.0,0.0,0,0,0.96,True,35.293842,-120.66784
151761,2025-10-06 18:55:25.719000+00:00,foothill,Car,0.0,1.0293593,-1.2397544,0.0,0.0,3.2480735778808594,-0.0,inf,0.0,0.0,0,0,0.96,True,35.293842,-120.66784
151761,2025-10-06 18:55:25.794000+00:00,foothill,Car,0.0,1.0293593,-1.2397544,0.0,0.0,3.2480735778808594,-0.0,inf,0.0,0.0,0,0,0.96,True,35.293842,-120.66784
151761,2025-10-06 18:55:25.852000+00:00,foothill,Car,0.0,1.0293593,-1.2397544,0.0,0.0,3.2480735778808594,-0.0,inf,0.0,0.0,0,0,0.96,True,35.293842,-120.66784
151761,2025-10-06 18:55:25.922000+00:00,foothill,Car,16.274622,1.0293593,-1.2397544,180.0,-180.0,3.4884533882141113,12.921399116516113,inf,16.274621963500977,180.0,0,0,0.96,True,35.29383,-120.66783
151761,2025-10-06 18:55:25.995000+00:00,foothill,Car,17.762083,1.0293593,-1.2397544,114.67624,-65.32376,2.682133436203003,15.953288078308105,inf,17.762083053588867,114.67623901367188,0,0,0.96,True,35.293827,-120.66782
151761,2025-10-06 18:55:26.056000+00:00,foothill,Car,21.256264,1.0293593,-1.2397544,294.67624,-180.0,3.4884533882141113,-18.78887176513672,0.18566593527793884,21.256263732910156,65.32376098632812,0,0,0.94,True,35.29383,-120.66783
151761,2025-10-06 18:55:26.127000+00:00,foothill,Car,5.3484674,1.0293593,-1.2397544,0.0,65.32376,3.2851674556732178,-3.381929397583008,0.9713885188102722,5.3484673500061035,0.0,0,0,0.93,True,35.293835,-120.66783
151761,2025-10-06 18:55:26.188000+00:00,foothill,Car,0.0,1.0293593,-1.2397544,0.0,0.0,3.2851674556732178,-0.0,inf,0.0,0.0,0,0,0.93,True,35.293835,-120.66783
151761,2025-10-06 18:55:26.250000+00:00,foothill,Car,6.124858,1.0293593,-1.2397544,180.0,-180.0,3.4884533882141113,4.8628926277160645,inf,6.1248579025268555,180.0,0,0,0.91,True,35.29383,-120.66783
151761,2025-10-06 18:55:26.322000+00:00,foothill,Car,5.2741833,1.0293593,-1.2397544,0.0,-180.0,3.2851674556732178,-3.33495831489563,0.9850700497627258,5.27418327331543,0.0,0,0,0.91,True,35.293835,-120.66783
151761,2025-10-06 18:55:26.393000+00:00,foothill,Car,0.0,1.0293593,-1.2397544,0.0,0.0,3.2851674556732178,-0.0,inf,0.0,0.0,0,0,0.93,True,35.293835,-120.66783
151761,2025-10-06 18:55:26.464000+00:00,foothill,Car,5.3484674,1.0293593,-1.2397544,0.0,0.0,2.968696117401123,-3.742452621459961,0.7932488322257996,5.3484673500061035,0.0,0,0,0.9,True,35.29384,-120.66783
151761,2025-10-06 18:55:26.514000+00:00,foothill,Car,0.0,-2.9164398,-3.945799,0.0,0.0,2.968696117401123,-0.0,inf,0.0,0.0,0,0,0.93,True,35.29384,-120.66783
151761,2025-10-06 18:55:26.595000+00:00,foothill,Car,0.0,-2.9164398,-3.945799,0.0,0.0,2.968696117401123,-0.0,inf,0.0,0.0,0,0,0.91,True,35.29384,-120.66783
151761,2025-10-06 18:55:26.657000+00:00,foothill,Car,6.124858,-2.9164398,-3.945799,0.0,0.0,3.2480735778808594,-5.222777843475342,0.6219053864479065,6.1248579025268555,0.0,0,0,0.93,True,35.293842,-120.66784
151761,2025-10-06 18:55:26.728000+00:00,foothill,Car,0.0,-2.9164398,-3.945799,0.0,0.0,3.2480735778808594,-0.0,inf,0.0,0.0,0,0,0.92,True,35.293842,-120.66784
151761,2025-10-06 18:55:26.789000+00:00,foothill,Car,0.0,-2.9164398,-3.945799,0.0,0.0,3.2480735778808594,-0.0,inf,0.0,0.0,0,0,0.9,True,35.293842,-120.66784
151761,2025-10-06 18:55:26.860000+00:00,foothill,Car,0.0,-2.9164398,-3.945799,0.0,0.0,3.2480735778808594,-0.0,inf,0.0,0.0,0,0,0.91,True,35.293842,-120.66784
151761,2025-10-06 18:55:26.921000+00:00,foothill,Car,0.0,-2.9164398,-3.945799,0.0,0.0,3.2480735778808594,-0.0,inf,0.0,0.0,0,0,0.9,True,35.293842,-120.66784
151761,2025-10-06 18:55:26.992000+00:00,foothill,Car,0.0,-2.9164398,-3.945799,0.0,0.0,3.2480735778808594,-0.0,inf,0.0,0.0,0,0,0.92,True,35.293842,-120.66784
151761,2025-10-06 18:55:27.063000+00:00,foothill,Car,0.0,-2.9164398,-3.945799,0.0,0.0,3.2480735778808594,-0.0,inf,0.0,0.0,0,0,0.92,True,35.293842,-120.66784
151761,2025-10-06 18:55:27.123000+00:00,foothill,Car,0.0,-2.9164398,-3.945799,0.0,0.0,3.2480735778808594,-0.0,inf,0.0,0.0,0,0,0.81,True,35.293842,-120.66784
151761,2025-10-06 18:55:27.186000+00:00,foothill,Car,0.0,-2.9164398,-3.945799,0.0,0.0,3.2480735778808594,-0.0,inf,0.0,0.0,0,0,0.9,True,35.293842,-120.66784
151761,2025-10-06 18:55:27.257000+00:00,foothill,Car,0.0,-2.9164398,-3.945799,0.0,0.0,3.2480735778808594,-0.0,inf,0.0,0.0,0,0,0.81,True,35.293842,-120.66784
151761,2025-10-06 18:55:27.318000+00:00,foothill,Car,0.0,-2.9164398,-3.945799,0.0,0.0,3.2480735778808594,-0.0,inf,0.0,0.0,0,0,0.81,True,35.293842,-120.66784
151761,2025-10-06 18:55:27.389000+00:00,foothill,Car,0.0,-2.9164398,-3.945799,0.0,0.0,3.2480735778808594,-0.0,inf,0.0,0.0,0,0,0.81,True,35.293842,-120.66784
151761,2025-10-06 18:55:27.460000+00:00,foothill,Car,5.3484674,-2.9164398,-3.945799,0.0,0.0,3.0480339527130127,-4.860052585601807,0.6271606683731079,5.3484673500061035,0.0,0,0,0.9,True,35.293846,-120.66784
151761,2025-10-06 18:55:27.521000+00:00,foothill,Car,0.0,-0.38203338,2.5344064,0.0,0.0,3.0480339527130127,-0.0,inf,0.0,0.0,0,0,0.81,True,35.293846,-120.66784
151761,2025-10-06 18:55:27.596000+00:00,foothill,Car,0.0,-0.38203338,2.5344064,0.0,0.0,3.0480339527130127,-0.0,inf,0.0,0.0,0,0,0.81,True,35.293846,-120.66784
151761,2025-10-06 18:55:27.662000+00:00,foothill,Car,0.0,-0.38203338,2.5344064,0.0,0.0,3.0480339527130127,-0.0,inf,0.0,0.0,0,0,0.81,True,35.293846,-120.66784
151761,2025-10-06 18:55:27.723000+00:00,foothill,Car,0.0,-0.38203338,2.5344064,0.0,0.0,3.0480339527130127,-0.0,inf,0.0,0.0,0,0,0.81,True,35.293846,-120.66784
151761,2025-10-06 18:55:27.794000+00:00,foothill,Car,0.0,-0.38203338,2.5344064,0.0,0.0,3.0480339527130127,-0.0,inf,0.0,0.0,0,0,0.81,True,35.293846,-120.66784
151761,2025-10-06 18:55:27.854000+00:00,foothill,Car,0.0,-0.38203338,2.5344064,0.0,0.0,3.0480339527130127,-0.0,inf,0.0,0.0,0,0,0.81,True,35.293846,-120.66784
151761,2025-10-06 18:55:27.936000+00:00,foothill,Car,0.0,-0.38203338,2.5344064,0.0,0.0,3.0480339527130127,-0.0,inf,0.0,0.0,0,0,0.81,True,35.293846,-120.66784
151761,2025-10-06 18:55:28.008000+00:00,foothill,Car,0.0,-0.38203338,2.5344064,0.0,0.0,3.0480339527130127,-0.0,inf,0.0,0.0,0,0,0.81,True,35.293846,-120.66784
151761,2025-10-06 18:55:28.058000+00:00,foothill,Car,0.0,-0.38203338,2.5344064,0.0,0.0,3.0480339527130127,-0.0,inf,0.0,0.0,0,0,0.81,True,35.293846,-120.66784
151761,2025-10-06 18:55:28.129000+00:00,foothill,Car,0.0,-0.38203338,2.5344064,0.0,0.0,3.0480339527130127,-0.0,inf,0.0,0.0,0,0,0.81,True,35.293846,-120.66784
151761,2025-10-06 18:55:28.190000+00:00,foothill,Car,0.0,-0.38203338,2.5344064,0.0,0.0,3.0480339527130127,-0.0,inf,0.0,0.0,0,0,0.8,True,35.293846,-120.66784
151761,2025-10-06 18:55:32.122000+00:00,foothill,Car,0.19315422,0.003449183,9.313226e-10,180.0,-180.0,2.968696117401123,0.13515469431877136,inf,0.1931542158126831,180.0,0,0,0.8,True,35.29384,-120.66783
151761,2025-10-06 18:55:32.193000+00:00,foothill,Car,0.0,0.003449183,9.313226e-10,0.0,-180.0,2.968696117401123,-0.0,inf,0.0,0.0,0,0,0.8,True,35.29384,-120.66783
151761,2025-10-06 18:55:32.265000+00:00,foothill,Car,0.0,0.003449183,9.313226e-10,0.0,0.0,2.968696117401123,-0.0,inf,0.0,0.0,0,0,0.8,True,35.29384,-120.66783
151761,2025-10-06 18:55:32.325000+00:00,foothill,Car,0.0,0.003449183,9.313226e-10,0.0,0.0,2.968696117401123,-0.0,inf,0.0,0.0,0,0,0.8,True,35.29384,-120.66783
151761,2025-10-06 18:55:32.396000+00:00,foothill,Car,0.0,0.003449183,9.313226e-10,0.0,0.0,2.968696117401123,-0.0,inf,0.0,0.0,0,0,0.8,True,35.29384,-120.66783
151761,2025-10-06 18:55:32.458000+00:00,foothill,Car,0.0,0.003449183,9.313226e-10,0.0,0.0,2.968696117401123,-0.0,inf,0.0,0.0,0,0,0.8,True,35.29384,-120.66783
151761,2025-10-06 18:55:32.529000+00:00,foothill,Car,0.0,0.29493594,0.29148677,0.0,0.0,2.968696117401123,-0.0,inf,0.0,0.0,0,0,0.8,True,35.29384,-120.66783
151761,2025-10-06 18:55:32.590000+00:00,foothill,Car,0.0,0.29493594,0.29148677,0.0,0.0,2.968696117401123,-0.0,inf,0.0,0.0,0,0,0.8,True,35.29384,-120.66783
151761,2025-10-06 18:55:32.651000+00:00,foothill,Car,0.0,0.29493594,0.29148677,0.0,0.0,2.968696117401123,-0.0,inf,0.0,0.0,0,0,0.8,True,35.29384,-120.66783
151761,2025-10-06 18:55:32.732000+00:00,foothill,Car,0.0,0.29493594,0.29148677,0.0,0.0,2.968696117401123,-0.0,inf,0.0,0.0,0,0,0.8,True,35.29384,-120.66783
151761,2025-10-06 18:55:32.793000+00:00,foothill,Car,0.0,0.29493594,0.29148677,0.0,0.0,2.968696117401123,-0.0,inf,0.0,0.0,0,0,0.8,True,35.29384,-120.66783
151761,2025-10-06 18:55:32.855000+00:00,foothill,Car,0.0,0.29493594,0.29148677,0.0,0.0,2.968696117401123,-0.0,inf,0.0,0.0,0,0,0.8,True,35.29384,-120.66783
151761,2025-10-06 18:55:32.926000+00:00,foothill,Car,0.0,0.29493594,0.29148677,0.0,0.0,2.968696117401123,-0.0,inf,0.0,0.0,0,0,0.8,True,35.29384,-120.66783
151761,2025-10-06 18:55:32.986000+00:00,foothill,Car,0.0,0.29493594,0.29148677,0.0,0.0,2.968696117401123,-0.0,inf,0.0,0.0,0,0,0.8,True,35.29384,-120.66783
151761,2025-10-06 18:55:33.057000+00:00,foothill,Car,0.0,0.29493594,0.29148677,0.0,0.0,2.968696117401123,-0.0,inf,0.0,0.0,0,0,0.8,True,35.29384,-120.66783
151761,2025-10-06 18:55:33.128000+00:00,foothill,Car,0.0,0.29493594,0.29148677,0.0,0.0,2.968696117401123,-0.0,inf,0.0,0.0,0,0,0.8,True,35.29384,-120.66783
151761,2025-10-06 18:55:33.189000+00:00,foothill,Car,0.0,0.29493594,0.29148677,0.0,0.0,2.968696117401123,-0.0,inf,0.0,0.0,0,0,0.8,True,35.29384,-120.66783
151761,2025-10-06 18:55:33.260000+00:00,foothill,Car,0.0,0.29493594,0.29148677,0.0,0.0,2.968696117401123,-0.0,inf,0.0,0.0,0,0,0.8,True,35.29384,-120.66783
151761,2025-10-06 18:55:33.321000+00:00,foothill,Car,0.0,0.29493594,0.29148677,0.0,0.0,2.968696117401123,-0.0,inf,0.0,0.0,0,0,0.8,True,35.29384,-120.66783
151761,2025-10-06 18:55:33.392000+00:00,foothill,Car,0.0,0.29493594,0.29148677,0.0,0.0,2.968696117401123,-0.0,inf,0.0,0.0,0,0,0.8,True,35.29384,-120.66783
151761,2025-10-06 18:55:33.453000+00:00,foothill,Car,0.0,0.29493594,0.29148677,0.0,0.0,2.968696117401123,-0.0,inf,0.0,0.0,0,0,0.8,True,35.29384,-120.66783
151761,2025-10-06 18:55:33.524000+00:00,foothill,Car,0.0,-0.30873266,-0.6036686,0.0,0.0,2.968696117401123,-0.0,inf,0.0,0.0,0,0,0.8,True,35.29384,-120.66783
151761,2025-10-06 18:55:33.585000+00:00,foothill,Car,0.0,-0.30873266,-0.6036686,0.0,0.0,2.968696117401123,-0.0,inf,0.0,0.0,0,0,0.8,True,35.29384,-120.66783
151761,2025-10-06 18:55:33.656000+00:00,foothill,Car,0.0,-0.30873266,-0.6036686,0.0,0.0,2.968696117401123,-0.0,inf,0.0,0.0,0,0,0.8,True,35.29384,-120.66783
151761,2025-10-06 18:55:33.717000+00:00,foothill,Car,0.0,-0.30873266,-0.6036686,0.0,0.0,2.968696117401123,-0.0,inf,0.0,0.0,0,0,0.8,True,35.29384,-120.66783
151761,2025-10-06 18:55:33.777000+00:00,foothill,Car,0.0,-0.30873266,-0.6036686,0.0,0.0,2.968696117401123,-0.0,inf,0.0,0.0,0,0,0.8,True,35.29384,-120.66783
151761,2025-10-06 18:55:33.859000+00:00,foothill,Car,4.63099,-0.30873266,-0.6036686,0.0,0.0,2.6821327209472656,-3.586627244949341,0.7478147149085999,4.630990028381348,0.0,0,0,0.8,True,35.293842,-120.66783
151761,2025-10-06 18:55:33.930000+00:00,foothill,Car,0.0,-0.30873266,-0.6036686,0.0,0.0,2.6821327209472656,-0.0,inf,0.0,0.0,0,0,0.8,True,35.293842,-120.66783
151761,2025-10-06 18:55:33.995000+00:00,foothill,Car,0.0,-0.30873266,-0.6036686,0.0,0.0,2.6821327209472656,-0.0,inf,0.0,0.0,0,0,0.8,True,35.293842,-120.66783
151761,2025-10-06 18:55:34.055000+00:00,foothill,Car,0.0,-0.30873266,-0.6036686,0.0,0.0,2.6821327209472656,-0.0,inf,0.0,0.0,0,0,0.8,True,35.293842,-120.66783
151761,2025-10-06 18:55:34.126000+00:00,foothill,Car,0.0,-0.30873266,-0.6036686,0.0,0.0,2.6821327209472656,-0.0,inf,0.0,0.0,0,0,0.8,True,35.293842,-120.66783
151761,2025-10-06 18:55:34.187000+00:00,foothill,Car,0.0,-0.30873266,-0.6036686,0.0,0.0,2.6821327209472656,-0.0,inf,0.0,0.0,0,0,0.8,True,35.293842,-120.66783
151761,2025-10-06 18:55:34.258000+00:00,foothill,Car,0.0,-0.30873266,-0.6036686,0.0,0.0,2.6821327209472656,-0.0,inf,0.0,0.0,0,0,0.8,True,35.293842,-120.66783
151761,2025-10-06 18:55:34.319000+00:00,foothill,Car,0.0,-0.30873266,-0.6036686,0.0,0.0,2.6821327209472656,-0.0,inf,0.0,0.0,0,0,0.8,True,35.293842,-120.66783
151761,2025-10-06 18:55:34.390000+00:00,foothill,Car,0.0,-0.30873266,-0.6036686,0.0,0.0,2.6821327209472656,-0.0,inf,0.0,0.0,0,0,0.8,True,35.293842,-120.66783
151761,2025-10-06 18:55:34.451000+00:00,foothill,Car,0.0,-0.30873266,-0.6036686,0.0,0.0,2.6821327209472656,-0.0,inf,0.0,0.0,0,0,0.8,True,35.293842,-120.66783
151761,2025-10-06 18:55:34.522000+00:00,foothill,Car,0.0,2.2344112,2.543144,0.0,0.0,2.6821327209472656,-0.0,inf,0.0,0.0,0,0,0.8,True,35.293842,-120.66783
151761,2025-10-06 18:55:34.603000+00:00,foothill,Car,0.0,2.2344112,2.543144,0.0,0.0,2.6821327209472656,-0.0,inf,0.0,0.0,0,0,0.8,True,35.293842,-120.66783
151761,2025-10-06 18:55:34.664000+00:00,foothill,Car,0.0,2.2344112,2.543144,0.0,0.0,2.6821327209472656,-0.0,inf,0.0,0.0,0,0,0.8,True,35.293842,-120.66783
151761,2025-10-06 18:55:34.715000+00:00,foothill,Car,0.0,2.2344112,2.543144,0.0,0.0,2.6821327209472656,-0.0,inf,0.0,0.0,0,0,0.8,True,35.293842,-120.66783
151761,2025-10-06 18:55:34.797000+00:00,foothill,Car,0.0,2.2344112,2.543144,0.0,0.0,2.6821327209472656,-0.0,inf,0.0,0.0,0,0,0.8,True,35.293842,-120.66783
151761,2025-10-06 18:55:34.858000+00:00,foothill,Car,0.0,2.2344112,2.543144,0.0,0.0,2.6821327209472656,-0.0,inf,0.0,0.0,0,0,0.8,True,35.293842,-120.66783
151761,2025-10-06 18:55:34.919000+00:00,foothill,Car,0.0,2.2344112,2.543144,0.0,0.0,2.6821327209472656,-0.0,inf,0.0,0.0,0,0,0.8,True,35.293842,-120.66783
151761,2025-10-06 18:55:35+00:00,foothill,Car,0.0,2.2344112,2.543144,0.0,0.0,2.6821327209472656,-0.0,inf,0.0,0.0,0,0,0.8,True,35.293842,-120.66783
151761,2025-10-06 18:55:35.061000+00:00,foothill,Car,0.0,2.2344112,2.543144,0.0,0.0,2.6821327209472656,-0.0,inf,0.0,0.0,0,0,0.8,True,35.293842,-120.66783
151761,2025-10-06 18:55:35.122000+00:00,foothill,Car,6.2252655,2.2344112,2.543144,0.0,0.0,3.0480339527130127,-5.656782627105713,0.5388281941413879,6.2252655029296875,0.0,0,0,0.8,True,35.293846,-120.66784
151761,2025-10-06 18:55:35.193000+00:00,foothill,Car,0.0,2.2344112,2.543144,0.0,0.0,3.0480339527130127,-0.0,inf,0.0,0.0,0,0,0.93,True,35.293846,-120.66784
151761,2025-10-06 18:55:35.254000+00:00,foothill,Car,0.0,2.2344112,2.543144,0.0,0.0,3.0480339527130127,-0.0,inf,0.0,0.0,0,0,0.93,True,35.293846,-120.66784
151761,2025-10-06 18:55:35.325000+00:00,foothill,Car,0.0,2.2344112,2.543144,0.0,0.0,3.0480339527130127,-0.0,inf,0.0,0.0,0,0,0.95,True,35.293846,-120.66784
151761,2025-10-06 18:55:35.397000+00:00,foothill,Car,0.0,2.2344112,2.543144,0.0,0.0,3.0480339527130127,-0.0,inf,0.0,0.0,0,0,0.93,True,35.293846,-120.66784
151761,2025-10-06 18:55:35.447000+00:00,foothill,Car,7.594824,2.2344112,2.543144,0.0,0.0,2.896703004837036,-7.261814117431641,0.3988952338695526,7.594823837280273,0.0,0,0,0.95,True,35.29385,-120.66784
151761,2025-10-06 18:55:35.518000+00:00,foothill,Car,0.0,2.2344112,2.543144,0.0,0.0,2.896703004837036,-0.0,inf,0.0,0.0,0,0,0.92,True,35.29385,-120.66784
151761,2025-10-06 18:55:35.589000+00:00,foothill,Car,17.461668,2.2344112,2.543144,270.0,-90.0,3.5645384788513184,4.155827045440674,inf,17.461668014526367,90.0,0,0,0.9,True,35.29385,-120.66785
151761,2025-10-06 18:55:35.650000+00:00,foothill,Car,0.0,2.2344112,2.543144,0.0,90.0,3.5645384788513184,-0.0,inf,0.0,0.0,0,0,0.93,True,35.29385,-120.66785
151761,2025-10-06 18:55:35.721000+00:00,foothill,Car,0.0,2.2344112,2.543144,0.0,0.0,3.5645384788513184,-0.0,inf,0.0,0.0,0,0,0.9,True,35.29385,-120.66785
151761,2025-10-06 18:55:35.792000+00:00,foothill,Car,0.0,2.2344112,2.543144,0.0,0.0,3.5645384788513184,-0.0,inf,0.0,0.0,0,0,0.94,True,35.29385,-120.66785
151761,2025-10-06 18:55:35.863000+00:00,foothill,Car,0.0,2.2344112,2.543144,0.0,0.0,3.5645384788513184,-0.0,inf,0.0,0.0,0,0,0.9,True,35.29385,-120.66785
151763,2025-10-06 18:55:21.717000+00:00,foothill,Car,0.0,0.0,0.0,0.0,0.0,3.8555209636688232,0.0,inf,0.0,0.0,1,0,0.9,True,35.29381,-120.6678
151763,2025-10-06 18:55:21.789000+00:00,foothill,Car,0.0,0.0,0.0,0.0,0.0,3.8555209636688232,0.0,inf,0.0,0.0,0,0,0.9,True,35.29381,-120.6678
151763,2025-10-06 18:55:21.860000+00:00,foothill,Car,0.0,0.0,0.0,0.0,0.0,3.8555209636688232,0.0,inf,0.0,0.0,0,0,0.9,True,35.29381,-120.6678
151763,2025-10-06 18:55:21.922000+00:00,foothill,Car,0.0,0.0,0.0,0.0,0.0,3.8555209636688232,0.0,inf,0.0,0.0,0,0,0.9,True,35.29381,-120.6678
151763,2025-10-06 18:55:21.993000+00:00,foothill,Car,0.0,0.0,0.0,0.0,0.0,3.8555209636688232,0.0,inf,0.0,0.0,0,0,0.9,True,35.29381,-120.6678
151763,2025-10-06 18:55:22.054000+00:00,foothill,Car,0.0,0.0,0.0,0.0,0.0,3.8555209636688232,0.0,inf,0.0,0.0,0,0,0.9,True,35.29381,-120.6678
151763,2025-10-06 18:55:22.114000+00:00,foothill,Car,0.0,0.0,0.0,0.0,0.0,3.8555209636688232,0.0,inf,0.0,0.0,0,0,0.9,True,35.29381,-120.6678
151763,2025-10-06 18:55:22.186000+00:00,foothill,Car,0.0,0.0,0.0,0.0,0.0,3.8555209636688232,0.0,inf,0.0,0.0,0,0,0.9,True,35.29381,-120.6678
151763,2025-10-06 18:55:22.257000+00:00,foothill,Car,0.0,0.0,0.0,0.0,0.0,3.8555209636688232,0.0,inf,0.0,0.0,0,0,0.9,True,35.29381,-120.6678
151763,2025-10-06 18:55:22.327000+00:00,foothill,Car,0.0,0.0,0.0,0.0,0.0,3.8555209636688232,0.0,inf,0.0,0.0,0,0,0.9,True,35.29381,-120.6678
151763,2025-10-06 18:55:22.404000+00:00,foothill,Car,0.0,0.0,0.0,0.0,0.0,3.8555209636688232,0.0,inf,0.0,0.0,0,0,0.9,True,35.29381,-120.6678
151763,2025-10-06 18:55:22.460000+00:00,foothill,Car,0.0,0.0,0.0,0.0,0.0,3.8555209636688232,0.0,inf,0.0,0.0,0,0,0.9,True,35.29381,-120.6678
151763,2025-10-06 18:55:22.520000+00:00,foothill,Car,0.0,0.0,0.0,0.0,0.0,3.8555209636688232,0.0,inf,0.0,0.0,0,0,0.9,True,35.29381,-120.6678
151763,2025-10-06 18:55:22.604000+00:00,foothill,Car,0.0,0.0,0.0,0.0,0.0,3.8555209636688232,0.0,inf,0.0,0.0,0,0,0.9,True,35.29381,-120.6678
151763,2025-10-06 18:55:22.653000+00:00,foothill,Car,0.0,0.0,0.0,0.0,0.0,3.8555209636688232,0.0,inf,0.0,0.0,0,0,0.9,True,35.29381,-120.6678
151763,2025-10-06 18:55:22.725000+00:00,foothill,Car,0.0,0.0,0.0,0.0,0.0,3.8555209636688232,0.0,inf,0.0,0.0,0,0,0.9,True,35.29381,-120.6678
151763,2025-10-06 18:55:22.786000+00:00,foothill,Car,0.0,0.0,0.0,0.0,0.0,3.8555209636688232,0.0,inf,0.0,0.0,0,0,0.9,True,35.29381,-120.6678
151763,2025-10-06 18:55:22.867000+00:00,foothill,Car,0.0,0.0,0.0,0.0,0.0,3.8555209636688232,0.0,inf,0.0,0.0,0,0,0.9,True,35.29381,-120.6678
151763,2025-10-06 18:55:22.919000+00:00,foothill,Car,0.0,0.0,0.0,0.0,0.0,3.8555209636688232,0.0,inf,0.0,0.0,0,0,0.9,True,35.29381,-120.6678
151763,2025-10-06 18:55:22.994000+00:00,foothill,Car,0.0,0.0,0.0,0.0,0.0,3.8555209636688232,0.0,inf,0.0,0.0,0,0,0.9,True,35.29381,-120.6678
151763,2025-10-06 18:55:23.055000+00:00,foothill,Car,0.0,0.0,0.0,0.0,0.0,3.8555209636688232,0.0,inf,0.0,0.0,0,0,0.9,True,35.29381,-120.6678
151763,2025-10-06 18:55:23.115000+00:00,foothill,Car,0.0,0.0,0.0,0.0,0.0,3.8555209636688232,0.0,inf,0.0,0.0,0,0,0.9,True,35.29381,-120.6678
151763,2025-10-06 18:55:23.187000+00:00,foothill,Car,0.0,0.0,0.0,0.0,0.0,3.8555209636688232,0.0,inf,0.0,0.0,0,0,0.9,True,35.29381,-120.6678
151763,2025-10-06 18:55:24.458000+00:00,foothill,Car,0.0,0.0,0.0,0.0,0.0,3.8555209636688232,0.0,inf,0.0,0.0,0,0,0.9,True,35.29381,-120.6678
151763,2025-10-06 18:55:24.519000+00:00,foothill,Car,0.0,0.0,0.0,0.0,0.0,3.8555209636688232,0.0,inf,0.0,0.0,0,0,0.9,True,35.29381,-120.6678
151763,2025-10-06 18:55:24.590000+00:00,foothill,Car,0.0,0.0,0.0,0.0,0.0,3.8555209636688232,0.0,inf,0.0,0.0,0,0,0.9,True,35.29381,-120.6678
151763,2025-10-06 18:55:24.650000+00:00,foothill,Car,0.0,0.0,0.0,0.0,0.0,3.8555209636688232,0.0,inf,0.0,0.0,0,0,0.9,True,35.29381,-120.6678
151763,2025-10-06 18:55:24.721000+00:00,foothill,Car,0.0,0.0,0.0,0.0,0.0,3.8555209636688232,0.0,inf,0.0,0.0,0,0,0.9,True,35.29381,-120.6678
151763,2025-10-06 18:55:24.793000+00:00,foothill,Car,0.0,0.0,0.0,0.0,0.0,3.8555209636688232,0.0,inf,0.0,0.0,0,0,0.9,True,35.29381,-120.6678
151763,2025-10-06 18:55:24.854000+00:00,foothill,Car,0.0,0.0,0.0,0.0,0.0,3.8555209636688232,0.0,inf,0.0,0.0,0,0,0.9,True,35.29381,-120.6678
151763,2025-10-06 18:55:24.925000+00:00,foothill,Car,0.0,0.0,0.0,0.0,0.0,3.8555209636688232,0.0,inf,0.0,0.0,0,0,0.9,True,35.29381,-120.6678
151763,2025-10-06 18:55:24.996000+00:00,foothill,Car,0.0,0.0,0.0,0.0,0.0,3.8555209636688232,0.0,inf,0.0,0.0,0,0,0.9,True,35.29381,-120.6678
151763,2025-10-06 18:55:25.067000+00:00,foothill,Car,0.0,0.0,0.0,0.0,0.0,3.8555209636688232,0.0,inf,0.0,0.0,0,0,0.9,True,35.29381,-120.6678
151763,2025-10-06 18:55:25.127000+00:00,foothill,Car,0.0,0.0,0.0,0.0,0.0,3.8555209636688232,0.0,inf,0.0,0.0,0,0,0.9,True,35.29381,-120.6678
151763,2025-10-06 18:55:25.189000+00:00,foothill,Car,0.0,0.0,0.0,0.0,0.0,3.8555209636688232,0.0,inf,0.0,0.0,0,0,0.9,True,35.29381,-120.6678
151763,2025-10-06 18:55:25.251000+00:00,foothill,Car,0.0,0.0,0.0,0.0,0.0,3.8555209636688232,0.0,inf,0.0,0.0,0,0,0.9,True,35.29381,-120.6678
151763,2025-10-06 18:55:25.322000+00:00,foothill,Car,0.0,0.0,0.0,0.0,0.0,3.8555209636688232,0.0,inf,0.0,0.0,0,0,0.9,True,35.29381,-120.6678
151763,2025-10-06 18:55:25.393000+00:00,foothill,Car,0.0,0.0,0.0,0.0,0.0,3.8555209636688232,0.0,inf,0.0,0.0,0,0,0.9,True,35.29381,-120.6678
151763,2025-10-06 18:55:25.464000+00:00,foothill,Car,0.0,0.0,0.0,0.0,0.0,3.8555209636688232,0.0,inf,0.0,0.0,0,0,0.9,True,35.29381,-120.6678
151763,2025-10-06 18:55:25.525000+00:00,foothill,Car,0.0,0.0,0.0,0.0,0.0,3.8555209636688232,0.0,inf,0.0,0.0,0,0,0.9,True,35.29381,-120.6678
151763,2025-10-06 18:55:25.587000+00:00,foothill,Car,0.0,0.0,0.0,0.0,0.0,3.8555209636688232,0.0,inf,0.0,0.0,0,0,0.9,True,35.29381,-120.6678
151763,2025-10-06 18:55:25.658000+00:00,foothill,Car,0.0,0.0,0.0,0.0,0.0,3.8555209636688232,0.0,inf,0.0,0.0,0,0,0.9,True,35.29381,-120.6678
151763,2025-10-06 18:55:25.719000+00:00,foothill,Car,0.0,0.0,0.0,0.0,0.0,3.8555209636688232,0.0,inf,0.0,0.0,0,0,0.9,True,35.29381,-120.6678
151763,2025-10-06 18:55:25.794000+00:00,foothill,Car,0.0,0.0,0.0,0.0,0.0,3.8555209636688232,0.0,inf,0.0,0.0,0,0,0.9,True,35.29381,-120.6678
151763,2025-10-06 18:55:25.852000+00:00,foothill,Car,0.0,0.0,0.0,0.0,0.0,3.8555209636688232,0.0,inf,0.0,0.0,0,0,0.9,True,35.29381,-120.6678
151763,2025-10-06 18:55:25.922000+00:00,foothill,Car,0.0,0.0,0.0,0.0,0.0,3.4884533882141113,12.921399116516113,inf,16.274621963500977,180.0,0,0,0.9,True,35.29381,-120.6678
151763,2025-10-06 18:55:25.995000+00:00,foothill,Car,0.0,0.0,0.0,0.0,0.0,2.682133436203003,15.953288078308105,inf,17.762083053588867,114.67623901367188,0,0,0.9,True,35.29381,-120.6678
151763,2025-10-06 18:55:26.056000+00:00,foothill,Car,0.0,0.0,0.0,0.0,0.0,3.4884533882141113,-18.78887176513672,0.18566593527793884,21.256263732910156,65.32376098632812,0,0,0.9,True,35.29381,-120.6678
151763,2025-10-06 18:55:26.127000+00:00,foothill,Car,0.0,0.0,0.0,0.0,0.0,3.761445999145508,-3.9382753372192383,0.9550998210906982,5.3484673500061035,0.0,0,0,0.9,True,35.29381,-120.6678
151763,2025-10-06 18:55:26.188000+00:00,foothill,Car,0.0,0.0,0.0,0.0,0.0,3.761445999145508,0.0,inf,0.0,0.0,0,0,0.9,True,35.29381,-120.6678
151763,2025-10-06 18:55:26.250000+00:00,foothill,Car,0.0,0.0,0.0,0.0,0.0,3.4884533882141113,4.8628926277160645,inf,6.1248579025268555,180.0,0,0,0.9,True,35.29381,-120.6678
151763,2025-10-06 18:55:26.322000+00:00,foothill,Car,0.0,0.0,0.0,0.0,0.0,3.761445999145508,-3.883577346801758,0.9685518145561218,5.27418327331543,0.0,0,0,0.9,True,35.29381,-120.6678
151763,2025-10-06 18:55:26.393000+00:00,foothill,Car,0.0,0.0,0.0,0.0,0.0,3.761445999145508,0.0,inf,0.0,0.0,0,0,0.9,True,35.29381,-120.6678
151763,2025-10-06 18:55:26.464000+00:00,foothill,Car,0.0,0.0,0.0,0.0,0.0,3.8555209636688232,0.0,inf,0.0,0.0,0,0,0.9,True,35.29381,-120.6678
151763,2025-10-06 18:55:26.514000+00:00,foothill,Car,0.0,0.0,0.0,0.0,0.0,3.8555209636688232,0.0,inf,0.0,0.0,0,0,0.9,True,35.29381,-120.6678
151763,2025-10-06 18:55:26.595000+00:00,foothill,Car,0.0,0.0,0.0,0.0,0.0,3.8555209636688232,0.0,inf,0.0,0.0,0,0,0.9,True,35.29381,-120.6678
151763,2025-10-06 18:55:26.657000+00:00,foothill,Car,0.0,0.0,0.0,0.0,0.0,3.8555209636688232,0.0,inf,0.0,0.0,0,0,0.9,True,35.29381,-120.6678
151763,2025-10-06 18:55:26.728000+00:00,foothill,Car,0.0,0.0,0.0,0.0,0.0,3.8555209636688232,0.0,inf,0.0,0.0,0,0,0.9,True,35.29381,-120.6678
151763,2025-10-06 18:55:26.789000+00:00,foothill,Car,0.0,0.0,0.0,0.0,0.0,3.8555209636688232,0.0,inf,0.0,0.0,0,0,0.9,True,35.29381,-120.6678
151763,2025-10-06 18:55:26.860000+00:00,foothill,Car,0.0,0.0,0.0,0.0,0.0,3.8555209636688232,0.0,inf,0.0,0.0,0,0,0.9,True,35.29381,-120.6678
151763,2025-10-06 18:55:26.921000+00:00,foothill,Car,0.0,0.0,0.0,0.0,0.0,3.8555209636688232,0.0,inf,0.0,0.0,0,0,0.9,True,35.29381,-120.6678
151763,2025-10-06 18:55:26.992000+00:00,foothill,Car,0.0,0.0,0.0,0.0,0.0,3.8555209636688232,0.0,inf,0.0,0.0,0,0,0.9,True,35.29381,-120.6678
151763,2025-10-06 18:55:27.063000+00:00,foothill,Car,0.0,0.0,0.0,0.0,0.0,3.8555209636688232,0.0,inf,0.0,0.0,0,0,0.9,True,35.29381,-120.6678
151763,2025-10-06 18:55:27.123000+00:00,foothill,Car,0.0,0.0,0.0,0.0,0.0,3.8555209636688232,0.0,inf,0.0,0.0,0,0,0.9,True,35.29381,-120.6678
151763,2025-10-06 18:55:27.186000+00:00,foothill,Car,0.0,0.0,0.0,0.0,0.0,3.8555209636688232,0.0,inf,0.0,0.0,0,0,0.9,True,35.29381,-120.6678
151763,2025-10-06 18:55:27.257000+00:00,foothill,Car,0.0,0.0,0.0,0.0,0.0,3.8555209636688232,0.0,inf,0.0,0.0,0,0,0.9,True,35.29381,-120.6678
151763,2025-10-06 18:55:27.318000+00:00,foothill,Car,0.0,0.0,0.0,0.0,0.0,3.8555209636688232,0.0,inf,0.0,0.0,0,0,0.9,True,35.29381,-120.6678
151763,2025-10-06 18:55:27.389000+00:00,foothill,Car,0.0,0.0,0.0,0.0,0.0,3.8555209636688232,0.0,inf,0.0,0.0,0,0,0.9,True,35.29381,-120.6678
151763,2025-10-06 18:55:27.460000+00:00,foothill,Car,0.0,0.0,0.0,0.0,0.0,3.8555209636688232,0.0,inf,0.0,0.0,0,0,0.9,True,35.29381,-120.6678
151763,2025-10-06 18:55:27.521000+00:00,foothill,Car,0.0,0.0,0.0,0.0,0.0,3.8555209636688232,0.0,inf,0.0,0.0,0,0,0.9,True,35.29381,-120.6678
151763,2025-10-06 18:55:27.596000+00:00,foothill,Car,0.0,0.0,0.0,0.0,0.0,3.8555209636688232,0.0,inf,0.0,0.0,0,0,0.9,True,35.29381,-120.6678
151763,2025-10-06 18:55:27.662000+00:00,foothill,Car,0.0,0.0,0.0,0.0,0.0,3.8555209636688232,0.0,inf,0.0,0.0,0,0,0.9,True,35.29381,-120.6678
151763,2025-10-06 18:55:27.723000+00:00,foothill,Car,0.0,0.0,0.0,0.0,0.0,3.8555209636688232,0.0,inf,0.0,0.0,0,0,0.9,True,35.29381,-120.6678
151763,2025-10-06 18:55:27.794000+00:00,foothill,Car,0.0,0.0,0.0,0.0,0.0,3.8555209636688232,0.0,inf,0.0,0.0,0,0,0.9,True,35.29381,-120.6678
151763,2025-10-06 18:55:27.854000+00:00,foothill,Car,0.0,0.0,0.0,0.0,0.0,3.8555209636688232,0.0,inf,0.0,0.0,0,0,0.9,True,35.29381,-120.6678
151763,2025-10-06 18:55:27.936000+00:00,foothill,Car,0.0,0.0,0.0,0.0,0.0,3.8555209636688232,0.0,inf,0.0,0.0,0,0,0.9,True,35.29381,-120.6678
151763,2025-10-06 18:55:28.008000+00:00,foothill,Car,0.0,0.0,0.0,0.0,0.0,3.8555209636688232,0.0,inf,0.0,0.0,0,0,0.9,True,35.29381,-120.6678
151763,2025-10-06 18:55:28.058000+00:00,foothill,Car,0.0,0.0,0.0,0.0,0.0,3.8555209636688232,0.0,inf,0.0,0.0,0,0,0.9,True,35.29381,-120.6678
151763,2025-10-06 18:55:28.129000+00:00,foothill,Car,0.0,0.0,0.0,0.0,0.0,3.8555209636688232,0.0,inf,0.0,0.0,0,0,0.9,True,35.29381,-120.6678
151763,2025-10-06 18:55:28.190000+00:00,foothill,Car,0.0,0.0,0.0,0.0,0.0,3.8555209636688232,0.0,inf,0.0,0.0,0,0,0.9,True,35.29381,-120.6678
151763,2025-10-06 18:55:28.251000+00:00,foothill,Car,0.0,0.0,0.0,0.0,0.0,3.8555209636688232,0.0,inf,0.0,0.0,0,0,0.9,True,35.29381,-120.6678
151763,2025-10-06 18:55:28.322000+00:00,foothill,Car,0.0,0.0,0.0,0.0,0.0,3.8555209636688232,0.0,inf,0.0,0.0,0,0,0.9,True,35.29381,-120.6678
151763,2025-10-06 18:55:28.388000+00:00,foothill,Car,0.0,0.0,0.0,0.0,0.0,3.8555209636688232,0.0,inf,0.0,0.0,0,0,0.9,True,35.29381,-120.6678
151763,2025-10-06 18:55:28.449000+00:00,foothill,Car,0.0,0.0,0.0,0.0,0.0,3.8555209636688232,0.0,inf,0.0,0.0,0,0,0.9,True,35.29381,-120.6678
151763,2025-10-06 18:55:28.520000+00:00,foothill,Car,0.0,0.0,0.0,0.0,0.0,3.8555209636688232,0.0,inf,0.0,0.0,0,0,0.9,True,35.29381,-120.6678
151763,2025-10-06 18:55:28.591000+00:00,foothill,Car,0.0,0.0,0.0,0.0,0.0,3.8555209636688232,0.0,inf,0.0,0.0,0,0,0.9,True,35.29381,-120.6678
151763,2025-10-06 18:55:28.653000+00:00,foothill,Car,0.0,0.0,0.0,0.0,0.0,3.8555209636688232,0.0,inf,0.0,0.0,0,0,0.9,True,35.29381,-120.6678
151763,2025-10-06 18:55:28.724000+00:00,foothill,Car,0.0,0.0,0.0,0.0,0.0,3.8555209636688232,0.0,inf,0.0,0.0,0,0,0.9,True,35.29381,-120.6678
151763,2025-10-06 18:55:28.795000+00:00,foothill,Car,0.0,0.0,0.0,0.0,0.0,3.8555209636688232,0.0,inf,0.0,0.0,0,0,0.9,True,35.29381,-120.6678
151763,2025-10-06 18:55:28.856000+00:00,foothill,Car,0.0,0.0,0.0,0.0,0.0,3.8555209636688232,0.0,inf,0.0,0.0,0,0,0.9,True,35.29381,-120.6678
151763,2025-10-06 18:55:28.917000+00:00,foothill,Car,0.0,0.0,0.0,0.0,0.0,3.8555209636688232,0.0,inf,0.0,0.0,0,0,0.9,True,35.29381,-120.6678
151763,2025-10-06 18:55:28.999000+00:00,foothill,Car,0.0,0.0,0.0,0.0,0.0,3.8555209636688232,0.0,inf,0.0,0.0,0,0,0.9,True,35.29381,-120.6678
151763,2025-10-06 18:55:29.060000+00:00,foothill,Car,0.0,0.0,0.0,0.0,0.0,3.8555209636688232,0.0,inf,0.0,0.0,0,0,0.9,True,35.29381,-120.6678
151763,2025-10-06 18:55:29.121000+00:00,foothill,Car,0.0,0.0,0.0,0.0,0.0,3.8555209636688232,0.0,inf,0.0,0.0,0,0,0.9,True,35.29381,-120.6678
151763,2025-10-06 18:55:29.193000+00:00,foothill,Car,0.0,0.0,0.0,0.0,0.0,3.8555209636688232,0.0,inf,0.0,0.0,0,0,0.9,True,35.29381,-120.6678
151763,2025-10-06 18:55:29.284000+00:00,foothill,Car,0.0,0.0,0.0,0.0,0.0,3.8555209636688232,0.0,inf,0.0,0.0,0,0,0.9,True,35.29381,-120.6678
151763,2025-10-06 18:55:31.073000+00:00,foothill,Car,0.0,0.0,0.0,0.0,0.0,3.8555209636688232,0.0,inf,0.0,0.0,0,0,0.9,True,35.29381,-120.6678
151763,2025-10-06 18:55:32.122000+00:00,foothill,Car,0.0,0.0,0.0,0.0,0.0,4.060093879699707,0.30868661403656006,inf,0.36200302839279175,180.0,0,0,0.9,True,35.29381,-120.6678
151763,2025-10-06 18:55:32.193000+00:00,foothill,Car,0.0,0.0,0.0,0.0,0.0,4.060093879699707,0.0,inf,0.0,0.0,0,0,0.9,True,35.29381,-120.6678
151763,2025-10-06 18:55:32.265000+00:00,foothill,Car,0.0,0.0,0.0,0.0,0.0,4.060093879699707,0.0,inf,0.0,0.0,0,0,0.9,True,35.29381,-120.6678
151763,2025-10-06 18:55:32.325000+00:00,foothill,Car,0.0,0.0,0.0,0.0,0.0,4.060093879699707,0.0,inf,0.0,0.0,0,0,0.9,True,35.29381,-120.6678
151763,2025-10-06 18:55:32.396000+00:00,foothill,Car,0.0,0.0,0.0,0.0,0.0,4.060093879699707,0.0,inf,0.0,0.0,0,0,0.9,True,35.29381,-120.6678
151763,2025-10-06 18:55:32.458000+00:00,foothill,Car,0.0,0.0,0.0,0.0,0.0,4.060093879699707,0.0,inf,0.0,0.0,0,0,0.9,True,35.29381,-120.6678
151763,2025-10-06 18:55:32.529000+00:00,foothill,Car,0.0,0.0,0.0,0.0,0.0,4.060093879699707,0.0,inf,0.0,0.0,0,0,0.9,True,35.29381,-120.6678
151763,2025-10-06 18:55:32.590000+00:00,foothill,Car,0.0,0.0,0.0,0.0,0.0,4.060093879699707,0.0,inf,0.0,0.0,0,0,0.9,True,35.29381,-120.6678
151763,2025-10-06 18:55:32.651000+00:00,foothill,Car,0.0,0.0,0.0,0.0,0.0,4.060093879699707,0.0,inf,0.0,0.0,0,0,0.9,True,35.29381,-120.6678
151763,2025-10-06 18:55:32.732000+00:00,foothill,Car,0.0,0.0,0.0,0.0,0.0,4.060093879699707,0.0,inf,0.0,0.0,0,0,0.9,True,35.29381,-120.6678
151763,2025-10-06 18:55:32.793000+00:00,foothill,Car,0.0,0.0,0.0,0.0,0.0,4.060093879699707,0.0,inf,0.0,0.0,0,0,0.9,True,35.29381,-120.6678
151763,2025-10-06 18:55:32.855000+00:00,foothill,Car,0.0,0.0,0.0,0.0,0.0,4.060093879699707,0.0,inf,0.0,0.0,0,0,0.9,True,35.29381,-120.6678
151763,2025-10-06 18:55:32.926000+00:00,foothill,Car,0.0,0.0,0.0,0.0,0.0,4.060093879699707,0.0,inf,0.0,0.0,0,0,0.9,True,35.29381,-120.6678
151763,2025-10-06 18:55:32.986000+00:00,foothill,Car,0.0,0.0,0.0,0.0,0.0,4.060093879699707,0.0,inf,0.0,0.0,0,0,0.9,True,35.29381,-120.6678
151763,2025-10-06 18:55:33.057000+00:00,foothill,Car,0.0,0.0,0.0,0.0,0.0,4.060093879699707,0.0,inf,0.0,0.0,0,0,0.9,True,35.29381,-120.6678
151763,2025-10-06 18:55:33.128000+00:00,foothill,Car,0.0,0.0,0.0,0.0,0.0,4.060093879699707,0.0,inf,0.0,0.0,0,0,0.9,True,35.29381,-120.6678
151763,2025-10-06 18:55:33.189000+00:00,foothill,Car,0.0,0.0,0.0,0.0,0.0,4.060093879699707,0.0,inf,0.0,0.0,0,0,0.9,True,35.29381,-120.6678
151763,2025-10-06 18:55:33.260000+00:00,foothill,Car,0.0,0.0,0.0,0.0,0.0,4.060093879699707,0.0,inf,0.0,0.0,0,0,0.9,True,35.29381,-120.6678
151763,2025-10-06 18:55:33.321000+00:00,foothill,Car,0.0,0.0,0.0,0.0,0.0,4.060093879699707,0.0,inf,0.0,0.0,0,0,0.9,True,35.29381,-120.6678
151763,2025-10-06 18:55:33.392000+00:00,foothill,Car,0.0,0.0,0.0,0.0,0.0,4.060093879699707,0.0,inf,0.0,0.0,0,0,0.9,True,35.29381,-120.6678
151763,2025-10-06 18:55:33.453000+00:00,foothill,Car,0.0,0.0,0.0,0.0,0.0,4.060093879699707,0.0,inf,0.0,0.0,0,0,0.9,True,35.29381,-120.6678
151763,2025-10-06 18:55:33.524000+00:00,foothill,Car,0.0,0.0,0.0,0.0,0.0,4.060093879699707,0.0,inf,0.0,0.0,0,0,0.9,True,35.29381,-120.6678
151763,2025-10-06 18:55:33.585000+00:00,foothill,Car,0.0,0.0,0.0,0.0,0.0,4.060093879699707,0.0,inf,0.0,0.0,0,0,0.9,True,35.29381,-120.6678
151763,2025-10-06 18:55:33.656000+00:00,foothill,Car,0.0,0.0,0.0,0.0,0.0,4.060093879699707,0.0,inf,0.0,0.0,0,0,0.9,True,35.29381,-120.6678
151763,2025-10-06 18:55:33.717000+00:00,foothill,Car,0.0,0.0,0.0,0.0,0.0,4.060093879699707,0.0,inf,0.0,0.0,0,0,0.9,True,35.29381,-120.6678
151763,2025-10-06 18:55:33.777000+00:00,foothill,Car,0.0,0.0,0.0,0.0,0.0,4.060093879699707,0.0,inf,0.0,0.0,0,0,0.9,True,35.29381,-120.6678
151763,2025-10-06 18:55:33.859000+00:00,foothill,Car,0.0,0.0,0.0,0.0,0.0,4.060093879699707,0.0,inf,0.0,0.0,0,0,0.9,True,35.29381,-120.6678
151763,2025-10-06 18:55:33.930000+00:00,foothill,Car,0.0,0.0,0.0,0.0,0.0,4.060093879699707,0.0,inf,0.0,0.0,0,0,0.9,True,35.29381,-120.6678
151763,2025-10-06 18:55:33.995000+00:00,foothill,Car,0.0,0.0,0.0,0.0,0.0,4.060093879699707,0.0,inf,0.0,0.0,0,0,0.9,True,35.29381,-120.6678
151763,2025-10-06 18:55:34.055000+00:00,foothill,Car,0.0,0.0,0.0,0.0,0.0,4.060093879699707,0.0,inf,0.0,0.0,0,0,0.9,True,35.29381,-120.6678
151763,2025-10-06 18:55:34.126000+00:00,foothill,Car,0.0,0.0,0.0,0.0,0.0,4.060093879699707,0.0,inf,0.0,0.0,0,0,0.9,True,35.29381,-120.6678
151763,2025-10-06 18:55:34.187000+00:00,foothill,Car,0.0,0.0,0.0,0.0,0.0,4.060093879699707,0.0,inf,0.0,0.0,0,0,0.9,True,35.29381,-120.6678
151763,2025-10-06 18:55:34.258000+00:00,foothill,Car,0.0,0.0,0.0,0.0,0.0,4.060093879699707,0.0,inf,0.0,0.0,0,0,0.9,True,35.29381,-120.6678
151763,2025-10-06 18:55:34.319000+00:00,foothill,Car,0.0,0.0,0.0,0.0,0.0,4.060093879699707,0.0,inf,0.0,0.0,0,0,0.9,True,35.29381,-120.6678
151763,2025-10-06 18:55:34.390000+00:00,foothill,Car,0.0,0.0,0.0,0.0,0.0,4.060093879699707,0.0,inf,0.0,0.0,0,0,0.9,True,35.29381,-120.6678
151763,2025-10-06 18:55:34.451000+00:00,foothill,Car,0.0,0.0,0.0,0.0,0.0,4.060093879699707,0.0,inf,0.0,0.0,0,0,0.9,True,35.29381,-120.6678
151763,2025-10-06 18:55:34.522000+00:00,foothill,Car,0.0,0.0,0.0,0.0,0.0,4.060093879699707,0.0,inf,0.0,0.0,0,0,0.9,True,35.29381,-120.6678
151763,2025-10-06 18:55:34.603000+00:00,foothill,Car,0.0,0.0,0.0,0.0,0.0,4.060093879699707,0.0,inf,0.0,0.0,0,0,0.9,True,35.29381,-120.6678
151763,2025-10-06 18:55:34.664000+00:00,foothill,Car,0.0,0.0,0.0,0.0,0.0,4.060093879699707,0.0,inf,0.0,0.0,0,0,0.9,True,35.29381,-120.6678
151763,2025-10-06 18:55:34.715000+00:00,foothill,Car,0.0,0.0,0.0,0.0,0.0,4.060093879699707,0.0,inf,0.0,0.0,0,0,0.9,True,35.29381,-120.6678
151763,2025-10-06 18:55:34.797000+00:00,foothill,Car,0.0,0.0,0.0,0.0,0.0,4.060093879699707,0.0,inf,0.0,0.0,0,0,0.9,True,35.29381,-120.6678
151763,2025-10-06 18:55:34.858000+00:00,foothill,Car,0.0,0.0,0.0,0.0,0.0,4.060093879699707,0.0,inf,0.0,0.0,0,0,0.9,True,35.29381,-120.6678
151763,2025-10-06 18:55:34.919000+00:00,foothill,Car,0.0,0.0,0.0,0.0,0.0,4.060093879699707,0.0,inf,0.0,0.0,0,0,0.9,True,35.29381,-120.6678
151763,2025-10-06 18:55:35+00:00,foothill,Car,0.0,0.0,0.0,0.0,0.0,4.060093879699707,0.0,inf,0.0,0.0,0,0,0.9,True,35.29381,-120.6678
151763,2025-10-06 18:55:35.061000+00:00,foothill,Car,0.0,0.0,0.0,0.0,0.0,4.060093879699707,0.0,inf,0.0,0.0,0,0,0.9,True,35.29381,-120.6678
151763,2025-10-06 18:55:35.122000+00:00,foothill,Car,0.0,0.0,0.0,0.0,0.0,4.060093879699707,0.0,inf,0.0,0.0,0,0,0.9,True,35.29381,-120.6678
151763,2025-10-06 18:55:35.193000+00:00,foothill,Car,0.0,0.0,0.0,0.0,0.0,4.060093879699707,0.0,inf,0.0,0.0,0,0,0.9,True,35.29381,-120.6678
151763,2025-10-06 18:55:35.254000+00:00,foothill,Car,0.0,0.0,0.0,0.0,0.0,4.060093879699707,0.0,inf,0.0,0.0,0,0,0.9,True,35.29381,-120.6678
151763,2025-10-06 18:55:35.325000+00:00,foothill,Car,0.0,0.0,0.0,0.0,0.0,4.060093879699707,0.0,inf,0.0,0.0,0,0,0.9,True,35.29381,-120.6678
151763,2025-10-06 18:55:35.397000+00:00,foothill,Car,0.0,0.0,0.0,0.0,0.0,4.060093879699707,0.0,inf,0.0,0.0,0,0,0.9,True,35.29381,-120.6678
151763,2025-10-06 18:55:35.447000+00:00,foothill,Car,0.0,0.0,0.0,0.0,0.0,4.060093879699707,0.0,inf,0.0,0.0,0,0,0.9,True,35.29381,-120.6678
151763,2025-10-06 18:55:35.518000+00:00,foothill,Car,0.0,0.0,0.0,0.0,0.0,4.060093879699707,0.0,inf,0.0,0.0,0,0,0.9,True,35.29381,-120.6678
151763,2025-10-06 18:55:35.589000+00:00,foothill,Car,0.0,0.0,0.0,0.0,0.0,4.060093879699707,0.0,inf,0.0,0.0,0,0,0.9,True,35.29381,-120.6678
151763,2025-10-06 18:55:35.650000+00:00,foothill,Car,0.0,0.0,0.0,0.0,0.0,4.060093879699707,0.0,inf,0.0,0.0,0,0,0.9,True,35.29381,-120.6678
151763,2025-10-06 18:55:35.721000+00:00,foothill,Car,0.0,0.0,0.0,0.0,0.0,4.060093879699707,0.0,inf,0.0,0.0,0,0,0.9,True,35.29381,-120.6678
151763,2025-10-06 18:55:35.792000+00:00,foothill,Car,0.0,0.0,0.0,0.0,0.0,4.060093879699707,0.0,inf,0.0,0.0,0,0,0.9,True,35.29381,-120.6678
151763,2025-10-06 18:55:35.863000+00:00,foothill,Car,0.0,0.0,0.0,0.0,0.0,4.060093879699707,0.0,inf,0.0,0.0,0,0,0.9,True,35.29381,-120.6678
151765,2025-10-06 18:55:21.717000+00:00,foothill,Car,0.0,0.0,0.0,0.0,0.0,3.393399953842163,0.0,inf,0.0,0.0,1,0,0.96,True,35.293797,-120.66784
151765,2025-10-06 18:55:21.789000+00:00,foothill,Car,0.0,0.0,0.0,0.0,0.0,3.393399953842163,0.0,inf,0.0,0.0,0,0,0.96,True,35.293797,-120.66784
151765,2025-10-06 18:55:21.860000+00:00,foothill,Car,0.0,0.0,0.0,0.0,0.0,3.393399953842163,0.0,inf,0.0,0.0,0,0,0.96,True,35.293797,-120.66784
151765,2025-10-06 18:55:21.922000+00:00,foothill,Car,0.0,0.0,0.0,0.0,0.0,3.393399953842163,0.0,inf,0.0,0.0,0,0,0.96,True,35.293797,-120.66784
151765,2025-10-06 18:55:21.993000+00:00,foothill,Car,0.0,0.0,0.0,0.0,0.0,3.393399953842163,0.0,inf,0.0,0.0,0,0,0.96,True,35.293797,-120.66784
151765,2025-10-06 18:55:22.054000+00:00,foothill,Car,0.0,0.0,0.0,0.0,0.0,3.393399953842163,0.0,inf,0.0,0.0,0,0,0.96,True,35.293797,-120.66784
151765,2025-10-06 18:55:22.114000+00:00,foothill,Car,0.0,0.0,0.0,0.0,0.0,3.393399953842163,0.0,inf,0.0,0.0,0,0,0.96,True,35.293797,-120.66784
151765,2025-10-06 18:55:22.186000+00:00,foothill,Car,0.0,0.0,0.0,0.0,0.0,3.393399953842163,0.0,inf,0.0,0.0,0,0,0.96,True,35.293797,-120.66784
151765,2025-10-06 18:55:22.257000+00:00,foothill,Car,0.0,0.0,0.0,0.0,0.0,3.393399953842163,0.0,inf,0.0,0.0,0,0,0.96,True,35.293797,-120.66784
151765,2025-10-06 18:55:22.327000+00:00,foothill,Car,0.0,0.0,0.0,0.0,0.0,3.393399953842163,0.0,inf,0.0,0.0,0,0,0.96,True,35.293797,-120.66784
151765,2025-10-06 18:55:22.404000+00:00,foothill,Car,0.0,0.0,0.0,0.0,0.0,3.393399953842163,0.0,inf,0.0,0.0,0,0,0.96,True,35.293797,-120.66784
151765,2025-10-06 18:55:22.460000+00:00,foothill,Car,0.0,0.0,0.0,0.0,0.0,3.393399953842163,0.0,inf,0.0,0.0,0,0,0.96,True,35.293797,-120.66784
151765,2025-10-06 18:55:22.520000+00:00,foothill,Car,0.0,0.0,0.0,0.0,0.0,3.393399953842163,0.0,inf,0.0,0.0,0,0,0.96,True,35.293797,-120.66784
151765,2025-10-06 18:55:22.604000+00:00,foothill,Car,0.0,0.0,0.0,0.0,0.0,3.393399953842163,0.0,inf,0.0,0.0,0,0,0.96,True,35.293797,-120.66784
151765,2025-10-06 18:55:22.653000+00:00,foothill,Car,0.0,0.0,0.0,0.0,0.0,3.393399953842163,0.0,inf,0.0,0.0,0,0,0.96,True,35.293797,-120.66784
151765,2025-10-06 18:55:22.725000+00:00,foothill,Car,0.0,0.0,0.0,0.0,0.0,3.393399953842163,0.0,inf,0.0,0.0,0,0,0.96,True,35.293797,-120.66784
151765,2025-10-06 18:55:22.786000+00:00,foothill,Car,0.0,0.0,0.0,0.0,0.0,3.393399953842163,0.0,inf,0.0,0.0,0,0,0.96,True,35.293797,-120.66784
151765,2025-10-06 18:55:22.867000+00:00,foothill,Car,0.0,0.0,0.0,0.0,0.0,3.393399953842163,0.0,inf,0.0,0.0,0,0,0.96,True,35.293797,-120.66784
151765,2025-10-06 18:55:22.919000+00:00,foothill,Car,0.0,0.0,0.0,0.0,0.0,3.393399953842163,0.0,inf,0.0,0.0,0,0,0.96,True,35.293797,-120.66784
151765,2025-10-06 18:55:22.994000+00:00,foothill,Car,0.0,0.0,0.0,0.0,0.0,3.393399953842163,0.0,inf,0.0,0.0,0,0,0.96,True,35.293797,-120.66784
151765,2025-10-06 18:55:23.055000+00:00,foothill,Car,0.0,0.0,0.0,0.0,0.0,3.393399953842163,0.0,inf,0.0,0.0,0,0,0.96,True,35.293797,-120.66784
151765,2025-10-06 18:55:23.115000+00:00,foothill,Car,0.0,0.0,0.0,0.0,0.0,3.393399953842163,0.0,inf,0.0,0.0,0,0,0.96,True,35.293797,-120.66784
151765,2025-10-06 18:55:23.187000+00:00,foothill,Car,0.0,0.0,0.0,0.0,0.0,3.393399953842163,0.0,inf,0.0,0.0,0,0,0.96,True,35.293797,-120.66784
151765,2025-10-06 18:55:24.458000+00:00,foothill,Car,0.0,0.0,0.0,0.0,0.0,3.393399953842163,0.0,inf,0.0,0.0,0,0,0.96,True,35.293797,-120.66784
151765,2025-10-06 18:55:24.519000+00:00,foothill,Car,0.0,0.0,0.0,0.0,0.0,3.393399953842163,0.0,inf,0.0,0.0,0,0,0.96,True,35.293797,-120.66784
151765,2025-10-06 18:55:24.590000+00:00,foothill,Car,0.0,0.0,0.0,0.0,0.0,3.393399953842163,0.0,inf,0.0,0.0,0,0,0.96,True,35.293797,-120.66784
151765,2025-10-06 18:55:24.650000+00:00,foothill,Car,0.0,0.0,0.0,0.0,0.0,3.393399953842163,0.0,inf,0.0,0.0,0,0,0.96,True,35.293797,-120.66784
151765,2025-10-06 18:55:24.721000+00:00,foothill,Car,0.0,0.0,0.0,0.0,0.0,3.393399953842163,0.0,inf,0.0,0.0,0,0,0.96,True,35.293797,-120.66784
151765,2025-10-06 18:55:24.793000+00:00,foothill,Car,0.0,0.0,0.0,0.0,0.0,3.393399953842163,0.0,inf,0.0,0.0,0,0,0.96,True,35.293797,-120.66784
151765,2025-10-06 18:55:24.854000+00:00,foothill,Car,0.0,0.0,0.0,0.0,0.0,3.393399953842163,0.0,inf,0.0,0.0,0,0,0.96,True,35.293797,-120.66784
151765,2025-10-06 18:55:24.925000+00:00,foothill,Car,0.0,0.0,0.0,0.0,0.0,3.393399953842163,0.0,inf,0.0,0.0,0,0,0.96,True,35.293797,-120.66784
151765,2025-10-06 18:55:24.996000+00:00,foothill,Car,0.0,0.0,0.0,0.0,0.0,3.393399953842163,0.0,inf,0.0,0.0,0,0,0.96,True,35.293797,-120.66784
151765,2025-10-06 18:55:25.067000+00:00,foothill,Car,0.0,0.0,0.0,0.0,0.0,3.393399953842163,0.0,inf,0.0,0.0,0,0,0.96,True,35.293797,-120.66784
151765,2025-10-06 18:55:25.127000+00:00,foothill,Car,0.0,0.0,0.0,0.0,0.0,3.393399953842163,0.0,inf,0.0,0.0,0,0,0.96,True,35.293797,-120.66784
151765,2025-10-06 18:55:25.189000+00:00,foothill,Car,0.0,0.0,0.0,0.0,0.0,3.393399953842163,0.0,inf,0.0,0.0,0,0,0.96,True,35.293797,-120.66784
151765,2025-10-06 18:55:25.251000+00:00,foothill,Car,0.0,0.0,0.0,0.0,0.0,3.393399953842163,0.0,inf,0.0,0.0,0,0,0.96,True,35.293797,-120.66784
151765,2025-10-06 18:55:25.322000+00:00,foothill,Car,0.0,0.0,0.0,0.0,0.0,3.393399953842163,0.0,inf,0.0,0.0,0,0,0.96,True,35.293797,-120.66784
151765,2025-10-06 18:55:25.393000+00:00,foothill,Car,0.0,0.0,0.0,0.0,0.0,3.393399953842163,0.0,inf,0.0,0.0,0,0,0.96,True,35.293797,-120.66784
151765,2025-10-06 18:55:25.464000+00:00,foothill,Car,0.0,0.0,0.0,0.0,0.0,3.393399953842163,0.0,inf,0.0,0.0,0,0,0.96,True,35.293797,-120.66784
151765,2025-10-06 18:55:25.525000+00:00,foothill,Car,0.0,0.0,0.0,0.0,0.0,3.393399953842163,0.0,inf,0.0,0.0,0,0,0.96,True,35.293797,-120.66784
151765,2025-10-06 18:55:25.587000+00:00,foothill,Car,0.0,0.0,0.0,0.0,0.0,3.393399953842163,0.0,inf,0.0,0.0,0,0,0.96,True,35.293797,-120.66784
151765,2025-10-06 18:55:25.658000+00:00,foothill,Car,0.0,0.0,0.0,0.0,0.0,3.393399953842163,0.0,inf,0.0,0.0,0,0,0.96,True,35.293797,-120.66784
151765,2025-10-06 18:55:25.719000+00:00,foothill,Car,0.0,0.0,0.0,0.0,0.0,3.393399953842163,0.0,inf,0.0,0.0,0,0,0.96,True,35.293797,-120.66784
151765,2025-10-06 18:55:25.794000+00:00,foothill,Car,0.0,0.0,0.0,0.0,0.0,3.393399953842163,0.0,inf,0.0,0.0,0,0,0.96,True,35.293797,-120.66784
151765,2025-10-06 18:55:25.852000+00:00,foothill,Car,0.0,0.0,0.0,0.0,0.0,3.393399953842163,0.0,inf,0.0,0.0,0,0,0.96,True,35.293797,-120.66784
151765,2025-10-06 18:55:25.922000+00:00,foothill,Car,0.0,0.0,0.0,0.0,0.0,3.393399953842163,0.0,inf,0.0,0.0,0,0,0.96,True,35.293797,-120.66784
151765,2025-10-06 18:55:25.995000+00:00,foothill,Car,0.0,0.0,0.0,0.0,0.0,3.393399953842163,0.0,inf,0.0,0.0,0,0,0.96,True,35.293797,-120.66784
151765,2025-10-06 18:55:26.056000+00:00,foothill,Car,0.0,0.0,0.0,0.0,0.0,3.393399953842163,0.0,inf,0.0,0.0,0,0,0.96,True,35.293797,-120.66784
151765,2025-10-06 18:55:26.127000+00:00,foothill,Car,0.0,0.0,0.0,0.0,0.0,3.393399953842163,0.0,inf,0.0,0.0,0,0,0.96,True,35.293797,-120.66784
151765,2025-10-06 18:55:26.188000+00:00,foothill,Car,0.0,0.0,0.0,0.0,0.0,3.393399953842163,0.0,inf,0.0,0.0,0,0,0.96,True,35.293797,-120.66784
151765,2025-10-06 18:55:26.250000+00:00,foothill,Car,0.0,0.0,0.0,0.0,0.0,3.393399953842163,0.0,inf,0.0,0.0,0,0,0.96,True,35.293797,-120.66784
151765,2025-10-06 18:55:26.322000+00:00,foothill,Car,0.0,0.0,0.0,0.0,0.0,3.393399953842163,0.0,inf,0.0,0.0,0,0,0.96,True,35.293797,-120.66784
151765,2025-10-06 18:55:26.393000+00:00,foothill,Car,0.0,0.0,0.0,0.0,0.0,3.393399953842163,0.0,inf,0.0,0.0,0,0,0.96,True,35.293797,-120.66784
151765,2025-10-06 18:55:26.464000+00:00,foothill,Car,0.0,0.0,0.0,0.0,0.0,3.393399953842163,0.0,inf,0.0,0.0,0,0,0.96,True,35.293797,-120.66784
151765,2025-10-06 18:55:26.514000+00:00,foothill,Car,0.0,0.0,0.0,0.0,0.0,3.393399953842163,0.0,inf,0.0,0.0,0,0,0.96,True,35.293797,-120.66784
151765,2025-10-06 18:55:26.595000+00:00,foothill,Car,0.0,0.0,0.0,0.0,0.0,3.393399953842163,0.0,inf,0.0,0.0,0,0,0.96,True,35.293797,-120.66784
151765,2025-10-06 18:55:26.657000+00:00,foothill,Car,0.0,0.0,0.0,0.0,0.0,3.393399953842163,0.0,inf,0.0,0.0,0,0,0.96,True,35.293797,-120.66784
151765,2025-10-06 18:55:26.728000+00:00,foothill,Car,0.0,0.0,0.0,0.0,0.0,3.393399953842163,0.0,inf,0.0,0.0,0,0,0.96,True,35.293797,-120.66784
151765,2025-10-06 18:55:26.789000+00:00,foothill,Car,0.0,0.0,0.0,0.0,0.0,3.393399953842163,0.0,inf,0.0,0.0,0,0,0.96,True,35.293797,-120.66784
151765,2025-10-06 18:55:26.860000+00:00,foothill,Car,0.0,0.0,0.0,0.0,0.0,3.393399953842163,0.0,inf,0.0,0.0,0,0,0.96,True,35.293797,-120.66784
151765,2025-10-06 18:55:26.921000+00:00,foothill,Car,0.0,0.0,0.0,0.0,0.0,3.393399953842163,0.0,inf,0.0,0.0,0,0,0.96,True,35.293797,-120.66784
151765,2025-10-06 18:55:26.992000+00:00,foothill,Car,0.0,0.0,0.0,0.0,0.0,3.393399953842163,0.0,inf,0.0,0.0,0,0,0.96,True,35.293797,-120.66784
151765,2025-10-06 18:55:27.063000+00:00,foothill,Car,0.0,0.0,0.0,0.0,0.0,3.393399953842163,0.0,inf,0.0,0.0,0,0,0.96,True,35.293797,-120.66784
151765,2025-10-06 18:55:27.123000+00:00,foothill,Car,0.0,0.0,0.0,0.0,0.0,3.393399953842163,0.0,inf,0.0,0.0,0,0,0.96,True,35.293797,-120.66784
151765,2025-10-06 18:55:27.186000+00:00,foothill,Car,0.0,0.0,0.0,0.0,0.0,3.393399953842163,0.0,inf,0.0,0.0,0,0,0.96,True,35.293797,-120.66784
151765,2025-10-06 18:55:27.257000+00:00,foothill,Car,0.0,0.0,0.0,0.0,0.0,3.393399953842163,0.0,inf,0.0,0.0,0,0,0.96,True,35.293797,-120.66784
151765,2025-10-06 18:55:27.318000+00:00,foothill,Car,0.0,0.0,0.0,0.0,0.0,3.393399953842163,0.0,inf,0.0,0.0,0,0,0.96,True,35.293797,-120.66784
151765,2025-10-06 18:55:27.389000+00:00,foothill,Car,0.0,0.0,0.0,0.0,0.0,3.393399953842163,0.0,inf,0.0,0.0,0,0,0.96,True,35.293797,-120.66784
151765,2025-10-06 18:55:27.460000+00:00,foothill,Car,0.0,0.0,0.0,0.0,0.0,3.393399953842163,0.0,inf,0.0,0.0,0,0,0.96,True,35.293797,-120.66784
151765,2025-10-06 18:55:27.521000+00:00,foothill,Car,0.0,0.0,0.0,0.0,0.0,3.393399953842163,0.0,inf,0.0,0.0,0,0,0.96,True,35.293797,-120.66784
151765,2025-10-06 18:55:27.596000+00:00,foothill,Car,0.0,0.0,0.0,0.0,0.0,3.393399953842163,0.0,inf,0.0,0.0,0,0,0.96,True,35.293797,-120.66784
151765,2025-10-06 18:55:27.662000+00:00,foothill,Car,0.0,0.0,0.0,0.0,0.0,3.393399953842163,0.0,inf,0.0,0.0,0,0,0.96,True,35.293797,-120.66784
151765,2025-10-06 18:55:27.723000+00:00,foothill,Car,0.0,0.0,0.0,0.0,0.0,3.393399953842163,0.0,inf,0.0,0.0,0,0,0.96,True,35.293797,-120.66784
151765,2025-10-06 18:55:27.794000+00:00,foothill,Car,0.0,0.0,0.0,0.0,0.0,3.393399953842163,0.0,inf,0.0,0.0,0,0,0.96,True,35.293797,-120.66784
151765,2025-10-06 18:55:27.854000+00:00,foothill,Car,0.0,0.0,0.0,0.0,0.0,3.393399953842163,0.0,inf,0.0,0.0,0,0,0.96,True,35.293797,-120.66784
151765,2025-10-06 18:55:27.936000+00:00,foothill,Car,0.0,0.0,0.0,0.0,0.0,3.393399953842163,0.0,inf,0.0,0.0,0,0,0.96,True,35.293797,-120.66784
151765,2025-10-06 18:55:28.008000+00:00,foothill,Car,0.0,0.0,0.0,0.0,0.0,3.393399953842163,0.0,inf,0.0,0.0,0,0,0.96,True,35.293797,-120.66784
151765,2025-10-06 18:55:28.058000+00:00,foothill,Car,0.0,0.0,0.0,0.0,0.0,3.393399953842163,0.0,inf,0.0,0.0,0,0,0.96,True,35.293797,-120.66784
151765,2025-10-06 18:55:28.129000+00:00,foothill,Car,0.0,0.0,0.0,0.0,0.0,3.393399953842163,0.0,inf,0.0,0.0,0,0,0.96,True,35.293797,-120.66784
151765,2025-10-06 18:55:28.190000+00:00,foothill,Car,0.0,0.0,0.0,0.0,0.0,3.393399953842163,0.0,inf,0.0,0.0,0,0,0.96,True,35.293797,-120.66784
151765,2025-10-06 18:55:28.251000+00:00,foothill,Car,0.0,0.0,0.0,0.0,0.0,3.393399953842163,0.0,inf,0.0,0.0,0,0,0.96,True,35.293797,-120.66784
151765,2025-10-06 18:55:28.322000+00:00,foothill,Car,0.0,0.0,0.0,0.0,0.0,3.393399953842163,0.0,inf,0.0,0.0,0,0,0.96,True,35.293797,-120.66784
151765,2025-10-06 18:55:28.388000+00:00,foothill,Car,0.0,0.0,0.0,0.0,0.0,3.393399953842163,0.0,inf,0.0,0.0,0,0,0.96,True,35.293797,-120.66784
151765,2025-10-06 18:55:28.449000+00:00,foothill,Car,0.0,0.0,0.0,0.0,0.0,3.393399953842163,0.0,inf,0.0,0.0,0,0,0.96,True,35.293797,-120.66784
151765,2025-10-06 18:55:28.520000+00:00,foothill,Car,0.0,0.0,0.0,0.0,0.0,3.393399953842163,0.0,inf,0.0,0.0,0,0,0.96,True,35.293797,-120.66784
151765,2025-10-06 18:55:28.591000+00:00,foothill,Car,0.0,0.0,0.0,0.0,0.0,3.393399953842163,0.0,inf,0.0,0.0,0,0,0.96,True,35.293797,-120.66784
151765,2025-10-06 18:55:28.653000+00:00,foothill,Car,0.0,0.0,0.0,0.0,0.0,3.393399953842163,0.0,inf,0.0,0.0,0,0,0.96,True,35.293797,-120.66784
151765,2025-10-06 18:55:28.724000+00:00,foothill,Car,0.0,0.0,0.0,0.0,0.0,3.393399953842163,0.0,inf,0.0,0.0,0,0,0.96,True,35.293797,-120.66784
151765,2025-10-06 18:55:28.795000+00:00,foothill,Car,0.0,0.0,0.0,0.0,0.0,3.393399953842163,0.0,inf,0.0,0.0,0,0,0.96,True,35.293797,-120.66784
151765,2025-10-06 18:55:28.856000+00:00,foothill,Car,0.0,0.0,0.0,0.0,0.0,3.393399953842163,0.0,inf,0.0,0.0,0,0,0.96,True,35.293797,-120.66784
151765,2025-10-06 18:55:28.917000+00:00,foothill,Car,0.0,0.0,0.0,0.0,0.0,3.393399953842163,0.0,inf,0.0,0.0,0,0,0.96,True,35.293797,-120.66784
151765,2025-10-06 18:55:28.999000+00:00,foothill,Car,0.0,0.0,0.0,0.0,0.0,3.393399953842163,0.0,inf,0.0,0.0,0,0,0.96,True,35.293797,-120.66784
151765,2025-10-06 18:55:29.060000+00:00,foothill,Car,0.0,0.0,0.0,0.0,0.0,3.393399953842163,0.0,inf,0.0,0.0,0,0,0.96,True,35.293797,-120.66784
151765,2025-10-06 18:55:29.121000+00:00,foothill,Car,0.0,0.0,0.0,0.0,0.0,3.393399953842163,0.0,inf,0.0,0.0,0,0,0.96,True,35.293797,-120.66784
151765,2025-10-06 18:55:29.193000+00:00,foothill,Car,0.0,0.0,0.0,0.0,0.0,3.393399953842163,0.0,inf,0.0,0.0,0,0,0.96,True,35.293797,-120.66784
151765,2025-10-06 18:55:29.284000+00:00,foothill,Car,0.0,0.0,0.0,0.0,0.0,3.393399953842163,0.0,inf,0.0,0.0,0,0,0.96,True,35.293797,-120.66784
151765,2025-10-06 18:55:31.073000+00:00,foothill,Car,0.0,0.0,0.0,0.0,0.0,3.393399953842163,0.0,inf,0.0,0.0,0,0,0.96,True,35.293797,-120.66784
151765,2025-10-06 18:55:32.122000+00:00,foothill,Car,0.36200303,0.02585736,0.02585736,180.0,-180.0,2.9692249298095703,4.433258611110191e-17,inf,0.36200302839279175,180.0,0,0,0.96,True,35.293793,-120.66784
151765,2025-10-06 18:55:32.193000+00:00,foothill,Car,0.0,0.02585736,0.02585736,0.0,-180.0,2.9692249298095703,0.0,inf,0.0,0.0,0,0,0.96,True,35.293793,-120.66784
151765,2025-10-06 18:55:32.265000+00:00,foothill,Car,0.0,0.02585736,0.02585736,0.0,0.0,2.9692249298095703,0.0,inf,0.0,0.0,0,0,0.96,True,35.293793,-120.66784
151765,2025-10-06 18:55:32.325000+00:00,foothill,Car,0.0,0.02585736,0.02585736,0.0,0.0,2.9692249298095703,0.0,inf,0.0,0.0,0,0,0.96,True,35.293793,-120.66784
151765,2025-10-06 18:55:32.396000+00:00,foothill,Car,0.0,0.02585736,0.02585736,0.0,0.0,2.9692249298095703,0.0,inf,0.0,0.0,0,0,0.96,True,35.293793,-120.66784
151765,2025-10-06 18:55:32.458000+00:00,foothill,Car,0.0,0.02585736,0.02585736,0.0,0.0,2.9692249298095703,0.0,inf,0.0,0.0,0,0,0.96,True,35.293793,-120.66784
151765,2025-10-06 18:55:32.529000+00:00,foothill,Car,0.0,-0.02585736,-0.05171472,0.0,0.0,2.9692249298095703,0.0,inf,0.0,0.0,0,0,0.96,True,35.293793,-120.66784
151765,2025-10-06 18:55:32.590000+00:00,foothill,Car,0.0,-0.02585736,-0.05171472,0.0,0.0,2.9692249298095703,0.0,inf,0.0,0.0,0,0,0.96,True,35.293793,-120.66784
151765,2025-10-06 18:55:32.651000+00:00,foothill,Car,0.0,-0.02585736,-0.05171472,0.0,0.0,2.9692249298095703,0.0,inf,0.0,0.0,0,0,0.96,True,35.293793,-120.66784
151765,2025-10-06 18:55:32.732000+00:00,foothill,Car,0.0,-0.02585736,-0.05171472,0.0,0.0,2.9692249298095703,0.0,inf,0.0,0.0,0,0,0.96,True,35.293793,-120.66784
151765,2025-10-06 18:55:32.793000+00:00,foothill,Car,0.0,-0.02585736,-0.05171472,0.0,0.0,2.9692249298095703,0.0,inf,0.0,0.0,0,0,0.96,True,35.293793,-120.66784
151765,2025-10-06 18:55:32.855000+00:00,foothill,Car,0.0,-0.02585736,-0.05171472,0.0,0.0,2.9692249298095703,0.0,inf,0.0,0.0,0,0,0.96,True,35.293793,-120.66784
151765,2025-10-06 18:55:32.926000+00:00,foothill,Car,0.0,-0.02585736,-0.05171472,0.0,0.0,2.9692249298095703,0.0,inf,0.0,0.0,0,0,0.96,True,35.293793,-120.66784
151765,2025-10-06 18:55:32.986000+00:00,foothill,Car,0.0,-0.02585736,-0.05171472,0.0,0.0,2.9692249298095703,0.0,inf,0.0,0.0,0,0,0.96,True,35.293793,-120.66784
151765,2025-10-06 18:55:33.057000+00:00,foothill,Car,0.0,-0.02585736,-0.05171472,0.0,0.0,2.9692249298095703,0.0,inf,0.0,0.0,0,0,0.96,True,35.293793,-120.66784
151765,2025-10-06 18:55:33.128000+00:00,foothill,Car,0.0,-0.02585736,-0.05171472,0.0,0.0,2.9692249298095703,0.0,inf,0.0,0.0,0,0,0.96,True,35.293793,-120.66784
151765,2025-10-06 18:55:33.189000+00:00,foothill,Car,0.0,-0.02585736,-0.05171472,0.0,0.0,2.9692249298095703,0.0,inf,0.0,0.0,0,0,0.96,True,35.293793,-120.66784
151765,2025-10-06 18:55:33.260000+00:00,foothill,Car,0.0,-0.02585736,-0.05171472,0.0,0.0,2.9692249298095703,0.0,inf,0.0,0.0,0,0,0.96,True,35.293793,-120.66784
151765,2025-10-06 18:55:33.321000+00:00,foothill,Car,0.0,-0.02585736,-0.05171472,0.0,0.0,2.9692249298095703,0.0,inf,0.0,0.0,0,0,0.96,True,35.293793,-120.66784
151765,2025-10-06 18:55:33.392000+00:00,foothill,Car,0.0,-0.02585736,-0.05171472,0.0,0.0,2.9692249298095703,0.0,inf,0.0,0.0,0,0,0.96,True,35.293793,-120.66784
151765,2025-10-06 18:55:33.453000+00:00,foothill,Car,0.0,-0.02585736,-0.05171472,0.0,0.0,2.9692249298095703,0.0,inf,0.0,0.0,0,0,0.96,True,35.293793,-120.66784
151765,2025-10-06 18:55:33.524000+00:00,foothill,Car,0.0,0.0,0.02585736,0.0,0.0,2.9692249298095703,0.0,inf,0.0,0.0,0,0,0.96,True,35.293793,-120.66784
151765,2025-10-06 18:55:33.585000+00:00,foothill,Car,0.0,0.0,0.02585736,0.0,0.0,2.9692249298095703,0.0,inf,0.0,0.0,0,0,0.96,True,35.293793,-120.66784
151765,2025-10-06 18:55:33.656000+00:00,foothill,Car,0.0,0.0,0.02585736,0.0,0.0,2.9692249298095703,0.0,inf,0.0,0.0,0,0,0.96,True,35.293793,-120.66784
151765,2025-10-06 18:55:33.717000+00:00,foothill,Car,0.0,0.0,0.02585736,0.0,0.0,2.9692249298095703,0.0,inf,0.0,0.0,0,0,0.96,True,35.293793,-120.66784
151765,2025-10-06 18:55:33.777000+00:00,foothill,Car,0.0,0.0,0.02585736,0.0,0.0,2.9692249298095703,0.0,inf,0.0,0.0,0,0,0.96,True,35.293793,-120.66784
151765,2025-10-06 18:55:33.859000+00:00,foothill,Car,0.0,0.0,0.02585736,0.0,0.0,2.9692249298095703,0.0,inf,0.0,0.0,0,0,0.96,True,35.293793,-120.66784
151765,2025-10-06 18:55:33.930000+00:00,foothill,Car,0.0,0.0,0.02585736,0.0,0.0,2.9692249298095703,0.0,inf,0.0,0.0,0,0,0.96,True,35.293793,-120.66784
151765,2025-10-06 18:55:33.995000+00:00,foothill,Car,0.0,0.0,0.02585736,0.0,0.0,2.9692249298095703,0.0,inf,0.0,0.0,0,0,0.96,True,35.293793,-120.66784
151765,2025-10-06 18:55:34.055000+00:00,foothill,Car,0.0,0.0,0.02585736,0.0,0.0,2.9692249298095703,0.0,inf,0.0,0.0,0,0,0.96,True,35.293793,-120.66784
151765,2025-10-06 18:55:34.126000+00:00,foothill,Car,0.0,0.0,0.02585736,0.0,0.0,2.9692249298095703,0.0,inf,0.0,0.0,0,0,0.96,True,35.293793,-120.66784
151765,2025-10-06 18:55:34.187000+00:00,foothill,Car,0.0,0.0,0.02585736,0.0,0.0,2.9692249298095703,0.0,inf,0.0,0.0,0,0,0.96,True,35.293793,-120.66784
151765,2025-10-06 18:55:34.258000+00:00,foothill,Car,0.0,0.0,0.02585736,0.0,0.0,2.9692249298095703,0.0,inf,0.0,0.0,0,0,0.96,True,35.293793,-120.66784
151765,2025-10-06 18:55:34.319000+00:00,foothill,Car,0.0,0.0,0.02585736,0.0,0.0,2.9692249298095703,0.0,inf,0.0,0.0,0,0,0.96,True,35.293793,-120.66784
151765,2025-10-06 18:55:34.390000+00:00,foothill,Car,0.0,0.0,0.02585736,0.0,0.0,2.9692249298095703,0.0,inf,0.0,0.0,0,0,0.96,True,35.293793,-120.66784
151765,2025-10-06 18:55:34.451000+00:00,foothill,Car,0.0,0.0,0.02585736,0.0,0.0,2.9692249298095703,0.0,inf,0.0,0.0,0,0,0.96,True,35.293793,-120.66784
151765,2025-10-06 18:55:34.522000+00:00,foothill,Car,0.0,0.0,0.0,0.0,0.0,2.9692249298095703,0.0,inf,0.0,0.0,0,0,0.96,True,35.293793,-120.66784
151765,2025-10-06 18:55:34.603000+00:00,foothill,Car,0.0,0.0,0.0,0.0,0.0,2.9692249298095703,0.0,inf,0.0,0.0,0,0,0.96,True,35.293793,-120.66784
151765,2025-10-06 18:55:34.664000+00:00,foothill,Car,0.0,0.0,0.0,0.0,0.0,2.9692249298095703,0.0,inf,0.0,0.0,0,0,0.96,True,35.293793,-120.66784
151765,2025-10-06 18:55:34.715000+00:00,foothill,Car,0.0,0.0,0.0,0.0,0.0,2.9692249298095703,0.0,inf,0.0,0.0,0,0,0.96,True,35.293793,-120.66784
151765,2025-10-06 18:55:34.797000+00:00,foothill,Car,0.0,0.0,0.0,0.0,0.0,2.9692249298095703,0.0,inf,0.0,0.0,0,0,0.96,True,35.293793,-120.66784
151765,2025-10-06 18:55:34.858000+00:00,foothill,Car,0.0,0.0,0.0,0.0,0.0,2.9692249298095703,0.0,inf,0.0,0.0,0,0,0.96,True,35.293793,-120.66784
151765,2025-10-06 18:55:34.919000+00:00,foothill,Car,0.0,0.0,0.0,0.0,0.0,2.9692249298095703,0.0,inf,0.0,0.0,0,0,0.96,True,35.293793,-120.66784
151765,2025-10-06 18:55:35+00:00,foothill,Car,0.0,0.0,0.0,0.0,0.0,2.9692249298095703,0.0,inf,0.0,0.0,0,0,0.96,True,35.293793,-120.66784
151765,2025-10-06 18:55:35.061000+00:00,foothill,Car,0.0,0.0,0.0,0.0,0.0,2.9692249298095703,0.0,inf,0.0,0.0,0,0,0.96,True,35.293793,-120.66784
151765,2025-10-06 18:55:35.122000+00:00,foothill,Car,0.0,0.0,0.0,0.0,0.0,2.9692249298095703,0.0,inf,0.0,0.0,0,0,0.96,True,35.293793,-120.66784
151765,2025-10-06 18:55:35.193000+00:00,foothill,Car,0.0,0.0,0.0,0.0,0.0,2.9692249298095703,0.0,inf,0.0,0.0,0,0,0.96,True,35.293793,-120.66784
151765,2025-10-06 18:55:35.254000+00:00,foothill,Car,0.0,0.0,0.0,0.0,0.0,2.9692249298095703,0.0,inf,0.0,0.0,0,0,0.96,True,35.293793,-120.66784
151765,2025-10-06 18:55:35.325000+00:00,foothill,Car,0.0,0.0,0.0,0.0,0.0,2.9692249298095703,0.0,inf,0.0,0.0,0,0,0.96,True,35.293793,-120.66784
151765,2025-10-06 18:55:35.397000+00:00,foothill,Car,0.0,0.0,0.0,0.0,0.0,2.9692249298095703,0.0,inf,0.0,0.0,0,0,0.96,True,35.293793,-120.66784
151765,2025-10-06 18:55:35.447000+00:00,foothill,Car,0.0,0.0,0.0,0.0,0.0,2.9692249298095703,0.0,inf,0.0,0.0,0,0,0.96,True,35.293793,-120.66784
151765,2025-10-06 18:55:35.518000+00:00,foothill,Car,0.0,0.0,0.0,0.0,0.0,2.9692249298095703,0.0,inf,0.0,0.0,0,0,0.96,True,35.293793,-120.66784
151765,2025-10-06 18:55:35.589000+00:00,foothill,Car,0.0,0.0,0.0,0.0,0.0,2.9692249298095703,0.0,inf,0.0,0.0,0,0,0.96,True,35.293793,-120.66784
151765,2025-10-06 18:55:35.650000+00:00,foothill,Car,0.0,0.0,0.0,0.0,0.0,2.9692249298095703,0.0,inf,0.0,0.0,0,0,0.96,True,35.293793,-120.66784
151765,2025-10-06 18:55:35.721000+00:00,foothill,Car,0.0,0.0,0.0,0.0,0.0,2.9692249298095703,0.0,inf,0.0,0.0,0,0,0.96,True,35.293793,-120.66784
151765,2025-10-06 18:55:35.792000+00:00,foothill,Car,0.0,0.0,0.0,0.0,0.0,2.9692249298095703,0.0,inf,0.0,0.0,0,0,0.96,True,35.293793,-120.66784
151765,2025-10-06 18:55:35.863000+00:00,foothill,Car,0.0,0.0,0.0,0.0,0.0,2.9692249298095703,0.0,inf,0.0,0.0,0,0,0.96,True,35.293793,-120.66784
151766,2025-10-06 18:55:21.993000+00:00,foothill,Car,4.950141,4.382098,4.382098,0.0,0.0,3.393399953842163,17.461633682250977,inf,12.511492729187012,90.0,1,0,0.79,True,35.29398,-120.66762
151766,2025-10-06 18:55:22.054000+00:00,foothill,Car,12.450531,4.382098,4.382098,0.0,0.0,3.0488922595977783,1.5262356996536255,inf,6.720367908477783,0.0,0,0,0.79,True,35.293983,-120.66761
151766,2025-10-06 18:55:22.114000+00:00,foothill,Car,5.410154,4.382098,4.382098,0.0,0.0,3.0488922595977783,-0.07040489464998245,43.305118560791016,0.3100090026855469,0.0,0,0,0.79,True,35.293983,-120.66761
151766,2025-10-06 18:55:22.186000+00:00,foothill,Car,5.840166,4.382098,4.382098,0.0,0.0,2.9692249298095703,0.0,inf,0.12000322341918945,0.0,0,0,0.79,True,35.293983,-120.66761
151766,2025-10-06 18:55:22.257000+00:00,foothill,Car,17.46164,4.382098,4.382098,90.0,90.0,3.0488922595977783,-18.30445098876953,0.16656562685966492,11.741476058959961,90.0,0,0,0.79,True,35.293983,-120.6676
151766,2025-10-06 18:55:22.327000+00:00,foothill,Car,6.0601726,4.382098,4.382098,0.0,-90.0,3.0488922595977783,0.09538723528385162,inf,0.4200119972229004,0.0,0,0,0.79,True,35.293983,-120.6676
151766,2025-10-06 18:55:22.404000+00:00,foothill,Car,6.1601753,4.382098,4.382098,0.0,0.0,3.0488922595977783,17.079280853271484,inf,9.940811157226562,90.0,0,0,0.79,True,35.293983,-120.667595
151766,2025-10-06 18:55:22.460000+00:00,foothill,Car,6.2001762,4.382098,4.382098,0.0,0.0,3.0488922595977783,0.13172513246536255,inf,0.5800161361694336,0.0,0,0,0.79,True,35.293983,-120.667595
151766,2025-10-06 18:55:22.520000+00:00,foothill,Car,20.66294,1.0459309,-3.3361673,90.0,90.0,3.0488922595977783,-21.367591857910156,0.14268769323825836,15.182783126831055,90.0,0,0,0.79,True,35.293983,-120.66759
151766,2025-10-06 18:55:22.604000+00:00,foothill,Car,6.0601726,1.0459309,-3.3361673,0.0,-90.0,3.0488922595977783,0.19077447056770325,inf,0.8400239944458008,0.0,0,0,0.79,True,35.293983,-120.66759
151766,2025-10-06 18:55:22.653000+00:00,foothill,Car,25.30156,1.0459309,-3.3361673,90.0,90.0,3.276291608810425,-25.06905174255371,0.13069069385528564,20.24141502380371,90.0,0,0,0.79,True,35.293983,-120.66758
151766,2025-10-06 18:55:22.725000+00:00,foothill,Car,5.62016,1.0459309,-3.3361673,0.0,-90.0,3.276291608810425,0.300115704536438,inf,0.7100200653076172,0.0,0,0,0.79,True,35.293983,-120.66758
151766,2025-10-06 18:55:22.786000+00:00,foothill,Car,6.2252655,1.0459309,-3.3361673,0.0,0.0,2.8974246978759766,0.7671843767166138,inf,1.6051340103149414,0.0,0,0,0.79,True,35.293987,-120.66758
151766,2025-10-06 18:55:22.867000+00:00,foothill,Car,5.550158,1.0459309,-3.3361673,0.0,0.0,2.8974246978759766,16.097164154052734,inf,9.755718231201172,90.0,0,0,0.79,True,35.293987,-120.66757
151766,2025-10-06 18:55:22.919000+00:00,foothill,Car,5.5001564,1.0459309,-3.3361673,0.0,0.0,2.8974246978759766,0.6118018627166748,inf,1.280036449432373,0.0,0,0,0.79,True,35.293987,-120.66757
151766,2025-10-06 18:55:22.994000+00:00,foothill,Car,5.480156,1.0459309,-3.3361673,0.0,0.0,2.8974246978759766,0.7360740900039673,inf,1.540043830871582,0.0,0,0,0.79,True,35.293987,-120.66757
151766,2025-10-06 18:55:23.055000+00:00,foothill,Car,20.324203,1.0459309,-3.3361673,90.0,90.0,3.2851648330688477,-18.2241153717041,0.18026471138000488,16.404090881347656,90.0,0,0,0.79,True,35.293987,-120.667564
151766,2025-10-06 18:55:23.115000+00:00,foothill,Car,5.4701557,1.0459309,-3.3361673,0.0,-90.0,3.2851648330688477,0.9864423871040344,inf,1.560044527053833,0.0,0,0,0.79,True,35.293987,-120.667564
151766,2025-10-06 18:55:23.187000+00:00,foothill,Car,5.340152,1.0459309,-3.3361673,0.0,0.0,3.276291608810425,17.23765754699707,inf,12.66858959197998,81.2928466796875,0,0,0.79,True,35.293987,-120.667564
151769,2025-10-06 18:55:21.717000+00:00,foothill,Car,0.0,0.0,0.0,0.0,0.0,3.2480735778808594,0.0,inf,0.0,0.0,1,0,0.77,True,35.293858,-120.66781
151769,2025-10-06 18:55:21.789000+00:00,foothill,Car,0.0,0.0,0.0,0.0,0.0,3.2480735778808594,0.0,inf,0.0,0.0,0,0,0.77,True,35.293858,-120.66781
151769,2025-10-06 18:55:21.860000+00:00,foothill,Car,0.0,0.0,0.0,0.0,0.0,3.2480735778808594,0.0,inf,0.0,0.0,0,0,0.77,True,35.293858,-120.66781
151769,2025-10-06 18:55:21.922000+00:00,foothill,Car,0.0,0.0,0.0,0.0,0.0,3.2480735778808594,0.0,inf,0.0,0.0,0,0,0.77,True,35.293858,-120.66781
151769,2025-10-06 18:55:21.993000+00:00,foothill,Car,0.0,0.0,0.0,0.0,0.0,3.2480735778808594,0.0,inf,0.0,0.0,0,0,0.77,True,35.293858,-120.66781
151769,2025-10-06 18:55:22.054000+00:00,foothill,Car,0.0,0.0,0.0,0.0,0.0,3.2480735778808594,0.0,inf,0.0,0.0,0,0,0.77,True,35.293858,-120.66781
151769,2025-10-06 18:55:22.114000+00:00,foothill,Car,0.0,0.0,0.0,0.0,0.0,3.2480735778808594,0.0,inf,0.0,0.0,0,0,0.77,True,35.293858,-120.66781
151769,2025-10-06 18:55:22.186000+00:00,foothill,Car,0.0,0.0,0.0,0.0,0.0,3.2480735778808594,0.0,inf,0.0,0.0,0,0,0.77,True,35.293858,-120.66781
151769,2025-10-06 18:55:22.257000+00:00,foothill,Car,0.0,0.0,0.0,0.0,0.0,3.2480735778808594,0.0,inf,0.0,0.0,0,0,0.77,True,35.293858,-120.66781
151769,2025-10-06 18:55:22.327000+00:00,foothill,Car,0.0,0.0,0.0,0.0,0.0,3.2480735778808594,0.0,inf,0.0,0.0,0,0,0.77,True,35.293858,-120.66781
151769,2025-10-06 18:55:22.404000+00:00,foothill,Car,0.0,0.0,0.0,0.0,0.0,3.2480735778808594,0.0,inf,0.0,0.0,0,0,0.77,True,35.293858,-120.66781
151769,2025-10-06 18:55:22.460000+00:00,foothill,Car,0.0,0.0,0.0,0.0,0.0,3.2480735778808594,0.0,inf,0.0,0.0,0,0,0.77,True,35.293858,-120.66781
151769,2025-10-06 18:55:22.520000+00:00,foothill,Car,0.0,0.0,0.0,0.0,0.0,3.2480735778808594,0.0,inf,0.0,0.0,0,0,0.77,True,35.293858,-120.66781
151769,2025-10-06 18:55:22.604000+00:00,foothill,Car,0.0,0.0,0.0,0.0,0.0,3.2480735778808594,0.0,inf,0.0,0.0,0,0,0.77,True,35.293858,-120.66781
151769,2025-10-06 18:55:22.653000+00:00,foothill,Car,0.0,0.0,0.0,0.0,0.0,3.2480735778808594,0.0,inf,0.0,0.0,0,0,0.77,True,35.293858,-120.66781
151769,2025-10-06 18:55:22.725000+00:00,foothill,Car,0.0,0.0,0.0,0.0,0.0,3.2480735778808594,0.0,inf,0.0,0.0,0,0,0.77,True,35.293858,-120.66781
151769,2025-10-06 18:55:22.786000+00:00,foothill,Car,0.0,0.0,0.0,0.0,0.0,3.2480735778808594,0.0,inf,0.0,0.0,0,0,0.77,True,35.293858,-120.66781
151769,2025-10-06 18:55:22.867000+00:00,foothill,Car,0.0,0.0,0.0,0.0,0.0,3.2480735778808594,0.0,inf,0.0,0.0,0,0,0.77,True,35.293858,-120.66781
151769,2025-10-06 18:55:22.919000+00:00,foothill,Car,0.0,0.0,0.0,0.0,0.0,3.2480735778808594,0.0,inf,0.0,0.0,0,0,0.77,True,35.293858,-120.66781
151769,2025-10-06 18:55:22.994000+00:00,foothill,Car,0.0,0.0,0.0,0.0,0.0,3.2480735778808594,0.0,inf,0.0,0.0,0,0,0.77,True,35.293858,-120.66781
151769,2025-10-06 18:55:23.055000+00:00,foothill,Car,0.0,0.0,0.0,0.0,0.0,3.2480735778808594,0.0,inf,0.0,0.0,0,0,0.77,True,35.293858,-120.66781
151769,2025-10-06 18:55:23.115000+00:00,foothill,Car,0.0,0.0,0.0,0.0,0.0,3.2480735778808594,0.0,inf,0.0,0.0,0,0,0.77,True,35.293858,-120.66781
151769,2025-10-06 18:55:23.187000+00:00,foothill,Car,0.0,0.0,0.0,0.0,0.0,3.2480735778808594,0.0,inf,0.0,0.0,0,0,0.77,True,35.293858,-120.66781
151769,2025-10-06 18:55:24.458000+00:00,foothill,Car,0.0,0.0,0.0,0.0,0.0,3.2480735778808594,0.0,inf,0.0,0.0,0,0,0.77,True,35.293858,-120.66781
151769,2025-10-06 18:55:24.519000+00:00,foothill,Car,0.0,0.0,0.0,0.0,0.0,3.2480735778808594,0.0,inf,0.0,0.0,0,0,0.77,True,35.293858,-120.66781
151769,2025-10-06 18:55:24.590000+00:00,foothill,Car,0.0,0.0,0.0,0.0,0.0,3.2480735778808594,0.0,inf,0.0,0.0,0,0,0.77,True,35.293858,-120.66781
151769,2025-10-06 18:55:24.650000+00:00,foothill,Car,0.0,0.0,0.0,0.0,0.0,3.2480735778808594,0.0,inf,0.0,0.0,0,0,0.77,True,35.293858,-120.66781
151769,2025-10-06 18:55:24.721000+00:00,foothill,Car,0.0,0.0,0.0,0.0,0.0,3.2480735778808594,0.0,inf,0.0,0.0,0,0,0.77,True,35.293858,-120.66781
151769,2025-10-06 18:55:24.793000+00:00,foothill,Car,0.0,0.0,0.0,0.0,0.0,3.2480735778808594,0.0,inf,0.0,0.0,0,0,0.77,True,35.293858,-120.66781
151769,2025-10-06 18:55:24.854000+00:00,foothill,Car,0.0,0.0,0.0,0.0,0.0,3.2480735778808594,0.0,inf,0.0,0.0,0,0,0.77,True,35.293858,-120.66781
151769,2025-10-06 18:55:24.925000+00:00,foothill,Car,0.0,0.0,0.0,0.0,0.0,3.2480735778808594,0.0,inf,0.0,0.0,0,0,0.77,True,35.293858,-120.66781
151769,2025-10-06 18:55:24.996000+00:00,foothill,Car,0.0,0.0,0.0,0.0,0.0,3.2480735778808594,0.0,inf,0.0,0.0,0,0,0.77,True,35.293858,-120.66781
151769,2025-10-06 18:55:25.067000+00:00,foothill,Car,0.0,0.0,0.0,0.0,0.0,3.2480735778808594,0.0,inf,0.0,0.0,0,0,0.77,True,35.293858,-120.66781
151769,2025-10-06 18:55:25.127000+00:00,foothill,Car,0.0,0.0,0.0,0.0,0.0,3.2480735778808594,0.0,inf,0.0,0.0,0,0,0.77,True,35.293858,-120.66781
151769,2025-10-06 18:55:25.189000+00:00,foothill,Car,0.0,0.0,0.0,0.0,0.0,3.2480735778808594,0.0,inf,0.0,0.0,0,0,0.77,True,35.293858,-120.66781
151769,2025-10-06 18:55:25.251000+00:00,foothill,Car,0.0,0.0,0.0,0.0,0.0,3.2480735778808594,0.0,inf,0.0,0.0,0,0,0.77,True,35.293858,-120.66781
151769,2025-10-06 18:55:25.322000+00:00,foothill,Car,0.0,0.0,0.0,0.0,0.0,3.2480735778808594,0.0,inf,0.0,0.0,0,0,0.77,True,35.293858,-120.66781
151769,2025-10-06 18:55:25.393000+00:00,foothill,Car,0.0,0.0,0.0,0.0,0.0,3.2480735778808594,0.0,inf,0.0,0.0,0,0,0.77,True,35.293858,-120.66781
151769,2025-10-06 18:55:25.464000+00:00,foothill,Car,0.0,0.0,0.0,0.0,0.0,3.2480735778808594,0.0,inf,0.0,0.0,0,0,0.77,True,35.293858,-120.66781
151769,2025-10-06 18:55:25.525000+00:00,foothill,Car,0.0,0.0,0.0,0.0,0.0,3.2480735778808594,0.0,inf,0.0,0.0,0,0,0.77,True,35.293858,-120.66781
151769,2025-10-06 18:55:25.587000+00:00,foothill,Car,0.0,0.0,0.0,0.0,0.0,3.2480735778808594,0.0,inf,0.0,0.0,0,0,0.77,True,35.293858,-120.66781
151769,2025-10-06 18:55:25.658000+00:00,foothill,Car,0.0,0.0,0.0,0.0,0.0,3.2480735778808594,0.0,inf,0.0,0.0,0,0,0.77,True,35.293858,-120.66781
151769,2025-10-06 18:55:25.719000+00:00,foothill,Car,0.0,0.0,0.0,0.0,0.0,3.2480735778808594,0.0,inf,0.0,0.0,0,0,0.77,True,35.293858,-120.66781
151769,2025-10-06 18:55:25.794000+00:00,foothill,Car,0.0,0.0,0.0,0.0,0.0,3.2480735778808594,0.0,inf,0.0,0.0,0,0,0.77,True,35.293858,-120.66781
151769,2025-10-06 18:55:25.852000+00:00,foothill,Car,0.0,0.0,0.0,0.0,0.0,3.2480735778808594,0.0,inf,0.0,0.0,0,0,0.77,True,35.293858,-120.66781
151769,2025-10-06 18:55:25.922000+00:00,foothill,Car,0.0,0.0,0.0,0.0,0.0,3.6237194538116455,9.329299926757812,inf,16.274621963500977,180.0,0,0,0.77,True,35.293858,-120.66781
151769,2025-10-06 18:55:25.995000+00:00,foothill,Car,0.0,0.0,0.0,0.0,0.0,3.665100336074829,-12.141660690307617,0.3018615245819092,17.762083053588867,114.67623901367188,0,0,0.77,True,35.293858,-120.66781
151769,2025-10-06 18:55:26.056000+00:00,foothill,Car,0.0,0.0,0.0,0.0,0.0,3.6237194538116455,10.73946762084961,inf,21.256263732910156,65.32376098632812,0,0,0.77,True,35.293858,-120.66781
151769,2025-10-06 18:55:26.127000+00:00,foothill,Car,0.0,0.0,0.0,0.0,0.0,3.2851674556732178,-3.381929397583008,0.9713885188102722,5.3484673500061035,0.0,0,0,0.77,True,35.293858,-120.66781
151769,2025-10-06 18:55:26.188000+00:00,foothill,Car,0.0,0.0,0.0,0.0,0.0,3.2851674556732178,0.0,inf,0.0,0.0,0,0,0.77,True,35.293858,-120.66781
151769,2025-10-06 18:55:26.250000+00:00,foothill,Car,0.0,0.0,0.0,0.0,0.0,3.6237194538116455,3.5110268592834473,inf,6.1248579025268555,180.0,0,0,0.77,True,35.293858,-120.66781
151769,2025-10-06 18:55:26.322000+00:00,foothill,Car,0.0,0.0,0.0,0.0,0.0,3.2851674556732178,-3.33495831489563,0.9850700497627258,5.27418327331543,0.0,0,0,0.77,True,35.293858,-120.66781
151769,2025-10-06 18:55:26.393000+00:00,foothill,Car,0.0,0.0,0.0,0.0,0.0,3.2851674556732178,0.0,inf,0.0,0.0,0,0,0.77,True,35.293858,-120.66781
151769,2025-10-06 18:55:26.464000+00:00,foothill,Car,0.0,0.0,0.0,0.0,0.0,2.968696117401123,-3.742452621459961,0.7932488322257996,5.3484673500061035,0.0,0,0,0.77,True,35.293858,-120.66781
151769,2025-10-06 18:55:26.514000+00:00,foothill,Car,0.0,0.0,0.0,0.0,0.0,2.968696117401123,0.0,inf,0.0,0.0,0,0,0.77,True,35.293858,-120.66781
151769,2025-10-06 18:55:26.595000+00:00,foothill,Car,0.0,0.0,0.0,0.0,0.0,2.968696117401123,0.0,inf,0.0,0.0,0,0,0.77,True,35.293858,-120.66781
151769,2025-10-06 18:55:26.657000+00:00,foothill,Car,0.0,0.0,0.0,0.0,0.0,3.2480735778808594,-5.222777843475342,0.6219053864479065,6.1248579025268555,0.0,0,0,0.77,True,35.293858,-120.66781
151769,2025-10-06 18:55:26.728000+00:00,foothill,Car,0.0,0.0,0.0,0.0,0.0,3.2480735778808594,0.0,inf,0.0,0.0,0,0,0.77,True,35.293858,-120.66781
151769,2025-10-06 18:55:26.789000+00:00,foothill,Car,0.0,0.0,0.0,0.0,0.0,3.2480735778808594,0.0,inf,0.0,0.0,0,0,0.77,True,35.293858,-120.66781
151769,2025-10-06 18:55:26.860000+00:00,foothill,Car,0.0,0.0,0.0,0.0,0.0,3.2480735778808594,0.0,inf,0.0,0.0,0,0,0.77,True,35.293858,-120.66781
151769,2025-10-06 18:55:26.921000+00:00,foothill,Car,0.0,0.0,0.0,0.0,0.0,3.2480735778808594,0.0,inf,0.0,0.0,0,0,0.77,True,35.293858,-120.66781
151769,2025-10-06 18:55:26.992000+00:00,foothill,Car,0.0,0.0,0.0,0.0,0.0,3.2480735778808594,0.0,inf,0.0,0.0,0,0,0.77,True,35.293858,-120.66781
151769,2025-10-06 18:55:27.063000+00:00,foothill,Car,0.0,0.0,0.0,0.0,0.0,3.2480735778808594,0.0,inf,0.0,0.0,0,0,0.77,True,35.293858,-120.66781
151769,2025-10-06 18:55:27.123000+00:00,foothill,Car,0.0,0.0,0.0,0.0,0.0,3.2480735778808594,0.0,inf,0.0,0.0,0,0,0.77,True,35.293858,-120.66781
151769,2025-10-06 18:55:27.186000+00:00,foothill,Car,0.0,0.0,0.0,0.0,0.0,3.2480735778808594,0.0,inf,0.0,0.0,0,0,0.77,True,35.293858,-120.66781
151769,2025-10-06 18:55:27.257000+00:00,foothill,Car,0.0,0.0,0.0,0.0,0.0,3.2480735778808594,0.0,inf,0.0,0.0,0,0,0.77,True,35.293858,-120.66781
151769,2025-10-06 18:55:27.318000+00:00,foothill,Car,0.0,0.0,0.0,0.0,0.0,3.2480735778808594,0.0,inf,0.0,0.0,0,0,0.77,True,35.293858,-120.66781
151769,2025-10-06 18:55:27.389000+00:00,foothill,Car,0.0,0.0,0.0,0.0,0.0,3.2480735778808594,0.0,inf,0.0,0.0,0,0,0.77,True,35.293858,-120.66781
151769,2025-10-06 18:55:27.460000+00:00,foothill,Car,0.0,0.0,0.0,0.0,0.0,3.0480339527130127,-4.860052585601807,0.6271606683731079,5.3484673500061035,0.0,0,0,0.77,True,35.293858,-120.66781
151769,2025-10-06 18:55:27.521000+00:00,foothill,Car,0.0,0.0,0.0,0.0,0.0,3.0480339527130127,0.0,inf,0.0,0.0,0,0,0.77,True,35.293858,-120.66781
151769,2025-10-06 18:55:27.596000+00:00,foothill,Car,0.0,0.0,0.0,0.0,0.0,3.0480339527130127,0.0,inf,0.0,0.0,0,0,0.77,True,35.293858,-120.66781
151769,2025-10-06 18:55:27.662000+00:00,foothill,Car,0.0,0.0,0.0,0.0,0.0,3.0480339527130127,0.0,inf,0.0,0.0,0,0,0.77,True,35.293858,-120.66781
151769,2025-10-06 18:55:27.723000+00:00,foothill,Car,0.0,0.0,0.0,0.0,0.0,3.0480339527130127,0.0,inf,0.0,0.0,0,0,0.77,True,35.293858,-120.66781
151769,2025-10-06 18:55:27.794000+00:00,foothill,Car,0.0,0.0,0.0,0.0,0.0,3.0480339527130127,0.0,inf,0.0,0.0,0,0,0.77,True,35.293858,-120.66781
151769,2025-10-06 18:55:27.854000+00:00,foothill,Car,0.0,0.0,0.0,0.0,0.0,3.0480339527130127,0.0,inf,0.0,0.0,0,0,0.77,True,35.293858,-120.66781
151769,2025-10-06 18:55:27.936000+00:00,foothill,Car,0.0,0.0,0.0,0.0,0.0,3.0480339527130127,0.0,inf,0.0,0.0,0,0,0.77,True,35.293858,-120.66781
151769,2025-10-06 18:55:28.008000+00:00,foothill,Car,0.0,0.0,0.0,0.0,0.0,3.0480339527130127,0.0,inf,0.0,0.0,0,0,0.77,True,35.293858,-120.66781
151769,2025-10-06 18:55:28.058000+00:00,foothill,Car,0.0,0.0,0.0,0.0,0.0,3.0480339527130127,0.0,inf,0.0,0.0,0,0,0.77,True,35.293858,-120.66781
151769,2025-10-06 18:55:28.129000+00:00,foothill,Car,0.0,0.0,0.0,0.0,0.0,3.0480339527130127,0.0,inf,0.0,0.0,0,0,0.77,True,35.293858,-120.66781
151769,2025-10-06 18:55:28.190000+00:00,foothill,Car,0.0,0.0,0.0,0.0,0.0,3.0480339527130127,0.0,inf,0.0,0.0,0,0,0.77,True,35.293858,-120.66781
151769,2025-10-06 18:55:28.251000+00:00,foothill,Car,0.0,0.0,0.0,0.0,0.0,4.717022895812988,0.0,inf,0.0,0.0,0,0,0.77,True,35.293858,-120.66781
151769,2025-10-06 18:55:28.322000+00:00,foothill,Car,0.0,0.0,0.0,0.0,0.0,4.717022895812988,0.0,inf,0.0,0.0,0,0,0.77,True,35.293858,-120.66781
151769,2025-10-06 18:55:28.388000+00:00,foothill,Car,0.0,0.0,0.0,0.0,0.0,4.717022895812988,0.0,inf,0.0,0.0,0,0,0.77,True,35.293858,-120.66781
151769,2025-10-06 18:55:28.449000+00:00,foothill,Car,0.0,0.0,0.0,0.0,0.0,4.717022895812988,0.0,inf,0.0,0.0,0,0,0.77,True,35.293858,-120.66781
151769,2025-10-06 18:55:28.520000+00:00,foothill,Car,0.0,0.0,0.0,0.0,0.0,4.717022895812988,0.0,inf,0.0,0.0,0,0,0.77,True,35.293858,-120.66781
151769,2025-10-06 18:55:28.591000+00:00,foothill,Car,0.0,0.0,0.0,0.0,0.0,4.717022895812988,0.0,inf,0.0,0.0,0,0,0.77,True,35.293858,-120.66781
151769,2025-10-06 18:55:28.653000+00:00,foothill,Car,0.0,0.0,0.0,0.0,0.0,4.717022895812988,0.0,inf,0.0,0.0,0,0,0.77,True,35.293858,-120.66781
151769,2025-10-06 18:55:28.724000+00:00,foothill,Car,0.0,0.0,0.0,0.0,0.0,4.717022895812988,0.0,inf,0.0,0.0,0,0,0.77,True,35.293858,-120.66781
151769,2025-10-06 18:55:28.795000+00:00,foothill,Car,0.0,0.0,0.0,0.0,0.0,4.717022895812988,0.0,inf,0.0,0.0,0,0,0.77,True,35.293858,-120.66781
151769,2025-10-06 18:55:28.856000+00:00,foothill,Car,0.0,0.0,0.0,0.0,0.0,4.717022895812988,0.0,inf,0.0,0.0,0,0,0.77,True,35.293858,-120.66781
151769,2025-10-06 18:55:28.917000+00:00,foothill,Car,0.0,0.0,0.0,0.0,0.0,4.717022895812988,0.0,inf,0.0,0.0,0,0,0.77,True,35.293858,-120.66781
151769,2025-10-06 18:55:28.999000+00:00,foothill,Car,0.0,0.0,0.0,0.0,0.0,4.717022895812988,0.0,inf,0.0,0.0,0,0,0.77,True,35.293858,-120.66781
151769,2025-10-06 18:55:29.060000+00:00,foothill,Car,0.0,0.0,0.0,0.0,0.0,4.717022895812988,0.0,inf,0.0,0.0,0,0,0.77,True,35.293858,-120.66781
151769,2025-10-06 18:55:29.121000+00:00,foothill,Car,0.0,0.0,0.0,0.0,0.0,4.717022895812988,0.0,inf,0.0,0.0,0,0,0.77,True,35.293858,-120.66781
151769,2025-10-06 18:55:29.193000+00:00,foothill,Car,0.0,0.0,0.0,0.0,0.0,4.717022895812988,0.0,inf,0.0,0.0,0,0,0.77,True,35.293858,-120.66781
151769,2025-10-06 18:55:29.284000+00:00,foothill,Car,0.0,0.0,0.0,0.0,0.0,4.717022895812988,0.0,inf,0.0,0.0,0,0,0.77,True,35.293858,-120.66781
151769,2025-10-06 18:55:31.073000+00:00,foothill,Car,0.0,0.0,0.0,0.0,0.0,4.717022895812988,0.0,inf,0.0,0.0,0,0,0.77,True,35.293858,-120.66781
151769,2025-10-06 18:55:32.122000+00:00,foothill,Car,0.0,0.0,0.0,0.0,0.0,2.968696117401123,0.13515469431877136,inf,0.1931542158126831,180.0,0,0,0.77,True,35.293858,-120.66781
151769,2025-10-06 18:55:32.193000+00:00,foothill,Car,0.0,0.0,0.0,0.0,0.0,2.968696117401123,0.0,inf,0.0,0.0,0,0,0.77,True,35.293858,-120.66781
151769,2025-10-06 18:55:32.265000+00:00,foothill,Car,0.0,0.0,0.0,0.0,0.0,2.968696117401123,0.0,inf,0.0,0.0,0,0,0.77,True,35.293858,-120.66781
151769,2025-10-06 18:55:32.325000+00:00,foothill,Car,0.0,0.0,0.0,0.0,0.0,2.968696117401123,0.0,inf,0.0,0.0,0,0,0.77,True,35.293858,-120.66781
151769,2025-10-06 18:55:32.396000+00:00,foothill,Car,0.0,0.0,0.0,0.0,0.0,2.968696117401123,0.0,inf,0.0,0.0,0,0,0.77,True,35.293858,-120.66781
151769,2025-10-06 18:55:32.458000+00:00,foothill,Car,0.0,0.0,0.0,0.0,0.0,2.968696117401123,0.0,inf,0.0,0.0,0,0,0.77,True,35.293858,-120.66781
151769,2025-10-06 18:55:32.529000+00:00,foothill,Car,0.0,0.0,0.0,0.0,0.0,2.968696117401123,0.0,inf,0.0,0.0,0,0,0.77,True,35.293858,-120.66781
151769,2025-10-06 18:55:32.590000+00:00,foothill,Car,0.0,0.0,0.0,0.0,0.0,2.968696117401123,0.0,inf,0.0,0.0,0,0,0.77,True,35.293858,-120.66781
151769,2025-10-06 18:55:32.651000+00:00,foothill,Car,0.0,0.0,0.0,0.0,0.0,2.968696117401123,0.0,inf,0.0,0.0,0,0,0.77,True,35.293858,-120.66781
151769,2025-10-06 18:55:32.732000+00:00,foothill,Car,0.0,0.0,0.0,0.0,0.0,2.968696117401123,0.0,inf,0.0,0.0,0,0,0.77,True,35.293858,-120.66781
151769,2025-10-06 18:55:32.793000+00:00,foothill,Car,0.0,0.0,0.0,0.0,0.0,2.968696117401123,0.0,inf,0.0,0.0,0,0,0.77,True,35.293858,-120.66781
151769,2025-10-06 18:55:32.855000+00:00,foothill,Car,0.0,0.0,0.0,0.0,0.0,2.968696117401123,0.0,inf,0.0,0.0,0,0,0.77,True,35.293858,-120.66781
151769,2025-10-06 18:55:32.926000+00:00,foothill,Car,0.0,0.0,0.0,0.0,0.0,2.968696117401123,0.0,inf,0.0,0.0,0,0,0.77,True,35.293858,-120.66781
151769,2025-10-06 18:55:32.986000+00:00,foothill,Car,0.0,0.0,0.0,0.0,0.0,2.968696117401123,0.0,inf,0.0,0.0,0,0,0.77,True,35.293858,-120.66781
151769,2025-10-06 18:55:33.057000+00:00,foothill,Car,0.0,0.0,0.0,0.0,0.0,2.968696117401123,0.0,inf,0.0,0.0,0,0,0.77,True,35.293858,-120.66781
151769,2025-10-06 18:55:33.128000+00:00,foothill,Car,0.0,0.0,0.0,0.0,0.0,2.968696117401123,0.0,inf,0.0,0.0,0,0,0.77,True,35.293858,-120.66781
151769,2025-10-06 18:55:33.189000+00:00,foothill,Car,0.0,0.0,0.0,0.0,0.0,2.968696117401123,0.0,inf,0.0,0.0,0,0,0.77,True,35.293858,-120.66781
151769,2025-10-06 18:55:33.260000+00:00,foothill,Car,0.0,0.0,0.0,0.0,0.0,2.968696117401123,0.0,inf,0.0,0.0,0,0,0.77,True,35.293858,-120.66781
151769,2025-10-06 18:55:33.321000+00:00,foothill,Car,0.0,0.0,0.0,0.0,0.0,2.968696117401123,0.0,inf,0.0,0.0,0,0,0.77,True,35.293858,-120.66781
151769,2025-10-06 18:55:33.392000+00:00,foothill,Car,0.0,0.0,0.0,0.0,0.0,2.968696117401123,0.0,inf,0.0,0.0,0,0,0.77,True,35.293858,-120.66781
151769,2025-10-06 18:55:33.453000+00:00,foothill,Car,0.0,0.0,0.0,0.0,0.0,2.968696117401123,0.0,inf,0.0,0.0,0,0,0.77,True,35.293858,-120.66781
151769,2025-10-06 18:55:33.524000+00:00,foothill,Car,0.0,0.0,0.0,0.0,0.0,2.968696117401123,0.0,inf,0.0,0.0,0,0,0.77,True,35.293858,-120.66781
151769,2025-10-06 18:55:33.585000+00:00,foothill,Car,0.0,0.0,0.0,0.0,0.0,2.968696117401123,0.0,inf,0.0,0.0,0,0,0.77,True,35.293858,-120.66781
151769,2025-10-06 18:55:33.656000+00:00,foothill,Car,0.0,0.0,0.0,0.0,0.0,2.968696117401123,0.0,inf,0.0,0.0,0,0,0.77,True,35.293858,-120.66781
151769,2025-10-06 18:55:33.717000+00:00,foothill,Car,0.0,0.0,0.0,0.0,0.0,2.968696117401123,0.0,inf,0.0,0.0,0,0,0.77,True,35.293858,-120.66781
151769,2025-10-06 18:55:33.777000+00:00,foothill,Car,0.0,0.0,0.0,0.0,0.0,2.968696117401123,0.0,inf,0.0,0.0,0,0,0.77,True,35.293858,-120.66781
151769,2025-10-06 18:55:33.859000+00:00,foothill,Car,0.0,0.0,0.0,0.0,0.0,2.6821327209472656,-3.586627244949341,0.7478147149085999,4.630990028381348,0.0,0,0,0.77,True,35.293858,-120.66781
151769,2025-10-06 18:55:33.930000+00:00,foothill,Car,0.0,0.0,0.0,0.0,0.0,2.6821327209472656,0.0,inf,0.0,0.0,0,0,0.77,True,35.293858,-120.66781
151769,2025-10-06 18:55:33.995000+00:00,foothill,Car,0.0,0.0,0.0,0.0,0.0,2.6821327209472656,0.0,inf,0.0,0.0,0,0,0.77,True,35.293858,-120.66781
151769,2025-10-06 18:55:34.055000+00:00,foothill,Car,0.0,0.0,0.0,0.0,0.0,2.6821327209472656,0.0,inf,0.0,0.0,0,0,0.77,True,35.293858,-120.66781
151769,2025-10-06 18:55:34.126000+00:00,foothill,Car,0.0,0.0,0.0,0.0,0.0,2.6821327209472656,0.0,inf,0.0,0.0,0,0,0.77,True,35.293858,-120.66781
151769,2025-10-06 18:55:34.187000+00:00,foothill,Car,0.0,0.0,0.0,0.0,0.0,2.6821327209472656,0.0,inf,0.0,0.0,0,0,0.77,True,35.293858,-120.66781
151769,2025-10-06 18:55:34.258000+00:00,foothill,Car,0.0,0.0,0.0,0.0,0.0,2.6821327209472656,0.0,inf,0.0,0.0,0,0,0.77,True,35.293858,-120.66781
151769,2025-10-06 18:55:34.319000+00:00,foothill,Car,0.0,0.0,0.0,0.0,0.0,2.6821327209472656,0.0,inf,0.0,0.0,0,0,0.77,True,35.293858,-120.66781
151769,2025-10-06 18:55:34.390000+00:00,foothill,Car,0.0,0.0,0.0,0.0,0.0,2.6821327209472656,0.0,inf,0.0,0.0,0,0,0.77,True,35.293858,-120.66781
151769,2025-10-06 18:55:34.451000+00:00,foothill,Car,0.0,0.0,0.0,0.0,0.0,2.6821327209472656,0.0,inf,0.0,0.0,0,0,0.77,True,35.293858,-120.66781
151769,2025-10-06 18:55:34.522000+00:00,foothill,Car,0.0,0.0,0.0,0.0,0.0,2.6821327209472656,0.0,inf,0.0,0.0,0,0,0.77,True,35.293858,-120.66781
151769,2025-10-06 18:55:34.603000+00:00,foothill,Car,0.0,0.0,0.0,0.0,0.0,2.6821327209472656,0.0,inf,0.0,0.0,0,0,0.77,True,35.293858,-120.66781
151769,2025-10-06 18:55:34.664000+00:00,foothill,Car,0.0,0.0,0.0,0.0,0.0,2.6821327209472656,0.0,inf,0.0,0.0,0,0,0.77,True,35.293858,-120.66781
151769,2025-10-06 18:55:34.715000+00:00,foothill,Car,0.0,0.0,0.0,0.0,0.0,2.6821327209472656,0.0,inf,0.0,0.0,0,0,0.77,True,35.293858,-120.66781
151769,2025-10-06 18:55:34.797000+00:00,foothill,Car,0.0,0.0,0.0,0.0,0.0,2.6821327209472656,0.0,inf,0.0,0.0,0,0,0.77,True,35.293858,-120.66781
151769,2025-10-06 18:55:34.858000+00:00,foothill,Car,0.0,0.0,0.0,0.0,0.0,2.6821327209472656,0.0,inf,0.0,0.0,0,0,0.77,True,35.293858,-120.66781
151769,2025-10-06 18:55:34.919000+00:00,foothill,Car,0.0,0.0,0.0,0.0,0.0,2.6821327209472656,0.0,inf,0.0,0.0,0,0,0.77,True,35.293858,-120.66781
151769,2025-10-06 18:55:35+00:00,foothill,Car,0.0,0.0,0.0,0.0,0.0,2.6821327209472656,0.0,inf,0.0,0.0,0,0,0.77,True,35.293858,-120.66781
151769,2025-10-06 18:55:35.061000+00:00,foothill,Car,0.0,0.0,0.0,0.0,0.0,2.6821327209472656,0.0,inf,0.0,0.0,0,0,0.77,True,35.293858,-120.66781
151769,2025-10-06 18:55:35.122000+00:00,foothill,Car,0.0,0.0,0.0,0.0,0.0,3.0480339527130127,-5.656782627105713,0.5388281941413879,6.2252655029296875,0.0,0,0,0.77,True,35.293858,-120.66781
151769,2025-10-06 18:55:35.193000+00:00,foothill,Car,0.0,0.0,0.0,0.0,0.0,3.0480339527130127,0.0,inf,0.0,0.0,0,0,0.77,True,35.293858,-120.66781
151769,2025-10-06 18:55:35.254000+00:00,foothill,Car,0.0,0.0,0.0,0.0,0.0,3.0480339527130127,0.0,inf,0.0,0.0,0,0,0.77,True,35.293858,-120.66781
151769,2025-10-06 18:55:35.325000+00:00,foothill,Car,0.0,0.0,0.0,0.0,0.0,3.0480339527130127,0.0,inf,0.0,0.0,0,0,0.77,True,35.293858,-120.66781
151769,2025-10-06 18:55:35.397000+00:00,foothill,Car,0.0,0.0,0.0,0.0,0.0,3.0480339527130127,0.0,inf,0.0,0.0,0,0,0.77,True,35.293858,-120.66781
151769,2025-10-06 18:55:35.447000+00:00,foothill,Car,0.0,0.0,0.0,0.0,0.0,2.896703004837036,-7.261814117431641,0.3988952338695526,7.594823837280273,0.0,0,0,0.77,True,35.293858,-120.66781
151769,2025-10-06 18:55:35.518000+00:00,foothill,Car,0.0,0.0,0.0,0.0,0.0,2.896703004837036,0.0,inf,0.0,0.0,0,0,0.77,True,35.293858,-120.66781
151769,2025-10-06 18:55:35.589000+00:00,foothill,Car,0.0,0.0,0.0,0.0,0.0,3.5645384788513184,4.155827045440674,inf,17.461668014526367,90.0,0,0,0.77,True,35.293858,-120.66781
151769,2025-10-06 18:55:35.650000+00:00,foothill,Car,0.0,0.0,0.0,0.0,0.0,3.5645384788513184,0.0,inf,0.0,0.0,0,0,0.77,True,35.293858,-120.66781
151769,2025-10-06 18:55:35.721000+00:00,foothill,Car,0.0,0.0,0.0,0.0,0.0,3.5645384788513184,0.0,inf,0.0,0.0,0,0,0.77,True,35.293858,-120.66781
151769,2025-10-06 18:55:35.792000+00:00,foothill,Car,0.0,0.0,0.0,0.0,0.0,3.5645384788513184,0.0,inf,0.0,0.0,0,0,0.77,True,35.293858,-120.66781
151769,2025-10-06 18:55:35.863000+00:00,foothill,Car,0.0,0.0,0.0,0.0,0.0,3.5645384788513184,0.0,inf,0.0,0.0,0,0,0.77,True,35.293858,-120.66781
151770,2025-10-06 18:55:21.717000+00:00,foothill,Car,0.0,0.0,0.0,0.0,0.0,3.393399953842163,0.0,inf,0.0,0.0,1,0,0.96,True,35.293766,-120.66784
151770,2025-10-06 18:55:21.789000+00:00,foothill,Car,0.0,0.0,0.0,0.0,0.0,3.393399953842163,0.0,inf,0.0,0.0,0,0,0.96,True,35.293766,-120.66784
151770,2025-10-06 18:55:21.860000+00:00,foothill,Car,0.0,0.0,0.0,0.0,0.0,3.393399953842163,0.0,inf,0.0,0.0,0,0,0.96,True,35.293766,-120.66784
151770,2025-10-06 18:55:21.922000+00:00,foothill,Car,0.0,0.0,0.0,0.0,0.0,3.393399953842163,0.0,inf,0.0,0.0,0,0,0.96,True,35.293766,-120.66784
151770,2025-10-06 18:55:21.993000+00:00,foothill,Car,0.0,0.0,0.0,0.0,0.0,3.393399953842163,0.0,inf,0.0,0.0,0,0,0.96,True,35.293766,-120.66784
151770,2025-10-06 18:55:22.054000+00:00,foothill,Car,0.0,0.0,0.0,0.0,0.0,3.393399953842163,0.0,inf,0.0,0.0,0,0,0.96,True,35.293766,-120.66784
151770,2025-10-06 18:55:22.114000+00:00,foothill,Car,0.0,0.0,0.0,0.0,0.0,3.393399953842163,0.0,inf,0.0,0.0,0,0,0.96,True,35.293766,-120.66784
151770,2025-10-06 18:55:22.186000+00:00,foothill,Car,0.0,0.0,0.0,0.0,0.0,3.393399953842163,0.0,inf,0.0,0.0,0,0,0.96,True,35.293766,-120.66784
151770,2025-10-06 18:55:22.257000+00:00,foothill,Car,0.0,0.0,0.0,0.0,0.0,3.393399953842163,0.0,inf,0.0,0.0,0,0,0.96,True,35.293766,-120.66784
151770,2025-10-06 18:55:22.327000+00:00,foothill,Car,0.0,0.0,0.0,0.0,0.0,3.393399953842163,0.0,inf,0.0,0.0,0,0,0.96,True,35.293766,-120.66784
151770,2025-10-06 18:55:22.404000+00:00,foothill,Car,0.0,0.0,0.0,0.0,0.0,3.393399953842163,0.0,inf,0.0,0.0,0,0,0.96,True,35.293766,-120.66784
151770,2025-10-06 18:55:22.460000+00:00,foothill,Car,0.0,0.0,0.0,0.0,0.0,3.393399953842163,0.0,inf,0.0,0.0,0,0,0.96,True,35.293766,-120.66784
151770,2025-10-06 18:55:22.520000+00:00,foothill,Car,0.0,0.0,0.0,0.0,0.0,3.393399953842163,0.0,inf,0.0,0.0,0,0,0.96,True,35.293766,-120.66784
151770,2025-10-06 18:55:22.604000+00:00,foothill,Car,0.0,0.0,0.0,0.0,0.0,3.393399953842163,0.0,inf,0.0,0.0,0,0,0.96,True,35.293766,-120.66784
151770,2025-10-06 18:55:22.653000+00:00,foothill,Car,0.0,0.0,0.0,0.0,0.0,3.393399953842163,0.0,inf,0.0,0.0,0,0,0.96,True,35.293766,-120.66784
151770,2025-10-06 18:55:22.725000+00:00,foothill,Car,0.0,0.0,0.0,0.0,0.0,3.393399953842163,0.0,inf,0.0,0.0,0,0,0.96,True,35.293766,-120.66784
151770,2025-10-06 18:55:22.786000+00:00,foothill,Car,0.0,0.0,0.0,0.0,0.0,3.393399953842163,0.0,inf,0.0,0.0,0,0,0.96,True,35.293766,-120.66784
151770,2025-10-06 18:55:22.867000+00:00,foothill,Car,0.0,0.0,0.0,0.0,0.0,3.393399953842163,0.0,inf,0.0,0.0,0,0,0.96,True,35.293766,-120.66784
151770,2025-10-06 18:55:22.919000+00:00,foothill,Car,0.0,0.0,0.0,0.0,0.0,3.393399953842163,0.0,inf,0.0,0.0,0,0,0.96,True,35.293766,-120.66784
151770,2025-10-06 18:55:22.994000+00:00,foothill,Car,0.0,0.0,0.0,0.0,0.0,3.393399953842163,0.0,inf,0.0,0.0,0,0,0.96,True,35.293766,-120.66784
151770,2025-10-06 18:55:23.055000+00:00,foothill,Car,0.0,0.0,0.0,0.0,0.0,3.393399953842163,0.0,inf,0.0,0.0,0,0,0.96,True,35.293766,-120.66784
151770,2025-10-06 18:55:23.115000+00:00,foothill,Car,0.0,0.0,0.0,0.0,0.0,3.393399953842163,0.0,inf,0.0,0.0,0,0,0.96,True,35.293766,-120.66784
151770,2025-10-06 18:55:23.187000+00:00,foothill,Car,0.0,0.0,0.0,0.0,0.0,3.393399953842163,0.0,inf,0.0,0.0,0,0,0.96,True,35.293766,-120.66784
151770,2025-10-06 18:55:24.458000+00:00,foothill,Car,0.0,0.0,0.0,0.0,0.0,3.393399953842163,0.0,inf,0.0,0.0,0,0,0.96,True,35.293766,-120.66784
151770,2025-10-06 18:55:24.519000+00:00,foothill,Car,0.0,0.0,0.0,0.0,0.0,3.393399953842163,0.0,inf,0.0,0.0,0,0,0.96,True,35.293766,-120.66784
151770,2025-10-06 18:55:24.590000+00:00,foothill,Car,0.0,0.0,0.0,0.0,0.0,3.393399953842163,0.0,inf,0.0,0.0,0,0,0.96,True,35.293766,-120.66784
151770,2025-10-06 18:55:24.650000+00:00,foothill,Car,0.0,0.0,0.0,0.0,0.0,3.393399953842163,0.0,inf,0.0,0.0,0,0,0.96,True,35.293766,-120.66784
151770,2025-10-06 18:55:24.721000+00:00,foothill,Car,0.0,0.0,0.0,0.0,0.0,3.393399953842163,0.0,inf,0.0,0.0,0,0,0.96,True,35.293766,-120.66784
151770,2025-10-06 18:55:24.793000+00:00,foothill,Car,0.0,0.0,0.0,0.0,0.0,3.393399953842163,0.0,inf,0.0,0.0,0,0,0.96,True,35.293766,-120.66784
151770,2025-10-06 18:55:24.854000+00:00,foothill,Car,0.0,0.0,0.0,0.0,0.0,3.393399953842163,0.0,inf,0.0,0.0,0,0,0.96,True,35.293766,-120.66784
151770,2025-10-06 18:55:24.925000+00:00,foothill,Car,0.0,0.0,0.0,0.0,0.0,3.393399953842163,0.0,inf,0.0,0.0,0,0,0.96,True,35.293766,-120.66784
151770,2025-10-06 18:55:24.996000+00:00,foothill,Car,0.0,0.0,0.0,0.0,0.0,3.393399953842163,0.0,inf,0.0,0.0,0,0,0.96,True,35.293766,-120.66784
151770,2025-10-06 18:55:25.067000+00:00,foothill,Car,0.0,0.0,0.0,0.0,0.0,3.393399953842163,0.0,inf,0.0,0.0,0,0,0.96,True,35.293766,-120.66784
151770,2025-10-06 18:55:25.127000+00:00,foothill,Car,0.0,0.0,0.0,0.0,0.0,3.393399953842163,0.0,inf,0.0,0.0,0,0,0.96,True,35.293766,-120.66784
151770,2025-10-06 18:55:25.189000+00:00,foothill,Car,0.0,0.0,0.0,0.0,0.0,3.393399953842163,0.0,inf,0.0,0.0,0,0,0.96,True,35.293766,-120.66784
151770,2025-10-06 18:55:25.251000+00:00,foothill,Car,0.0,0.0,0.0,0.0,0.0,3.393399953842163,0.0,inf,0.0,0.0,0,0,0.96,True,35.293766,-120.66784
151770,2025-10-06 18:55:25.322000+00:00,foothill,Car,0.0,0.0,0.0,0.0,0.0,3.393399953842163,0.0,inf,0.0,0.0,0,0,0.96,True,35.293766,-120.66784
151770,2025-10-06 18:55:25.393000+00:00,foothill,Car,0.0,0.0,0.0,0.0,0.0,3.393399953842163,0.0,inf,0.0,0.0,0,0,0.96,True,35.293766,-120.66784
151770,2025-10-06 18:55:25.464000+00:00,foothill,Car,0.0,0.0,0.0,0.0,0.0,3.393399953842163,0.0,inf,0.0,0.0,0,0,0.96,True,35.293766,-120.66784
151770,2025-10-06 18:55:25.525000+00:00,foothill,Car,0.0,0.0,0.0,0.0,0.0,3.393399953842163,0.0,inf,0.0,0.0,0,0,0.96,True,35.293766,-120.66784
151770,2025-10-06 18:55:25.587000+00:00,foothill,Car,0.0,0.0,0.0,0.0,0.0,3.393399953842163,0.0,inf,0.0,0.0,0,0,0.96,True,35.293766,-120.66784
151770,2025-10-06 18:55:25.658000+00:00,foothill,Car,0.0,0.0,0.0,0.0,0.0,3.393399953842163,0.0,inf,0.0,0.0,0,0,0.96,True,35.293766,-120.66784
151770,2025-10-06 18:55:25.719000+00:00,foothill,Car,0.0,0.0,0.0,0.0,0.0,3.393399953842163,0.0,inf,0.0,0.0,0,0,0.96,True,35.293766,-120.66784
151770,2025-10-06 18:55:25.794000+00:00,foothill,Car,0.0,0.0,0.0,0.0,0.0,3.393399953842163,0.0,inf,0.0,0.0,0,0,0.96,True,35.293766,-120.66784
151770,2025-10-06 18:55:25.852000+00:00,foothill,Car,0.0,0.0,0.0,0.0,0.0,3.393399953842163,0.0,inf,0.0,0.0,0,0,0.96,True,35.293766,-120.66784
151770,2025-10-06 18:55:25.922000+00:00,foothill,Car,0.0,0.0,0.0,0.0,0.0,3.393399953842163,0.0,inf,0.0,0.0,0,0,0.96,True,35.293766,-120.66784
151770,2025-10-06 18:55:25.995000+00:00,foothill,Car,0.0,0.0,0.0,0.0,0.0,3.393399953842163,0.0,inf,0.0,0.0,0,0,0.96,True,35.293766,-120.66784
151770,2025-10-06 18:55:26.056000+00:00,foothill,Car,0.0,0.0,0.0,0.0,0.0,3.393399953842163,0.0,inf,0.0,0.0,0,0,0.96,True,35.293766,-120.66784
151770,2025-10-06 18:55:26.127000+00:00,foothill,Car,0.0,0.0,0.0,0.0,0.0,3.393399953842163,0.0,inf,0.0,0.0,0,0,0.96,True,35.293766,-120.66784
151770,2025-10-06 18:55:26.188000+00:00,foothill,Car,0.0,0.0,0.0,0.0,0.0,3.393399953842163,0.0,inf,0.0,0.0,0,0,0.96,True,35.293766,-120.66784
151770,2025-10-06 18:55:26.250000+00:00,foothill,Car,0.0,0.0,0.0,0.0,0.0,3.393399953842163,0.0,inf,0.0,0.0,0,0,0.96,True,35.293766,-120.66784
151770,2025-10-06 18:55:26.322000+00:00,foothill,Car,0.0,0.0,0.0,0.0,0.0,3.393399953842163,0.0,inf,0.0,0.0,0,0,0.96,True,35.293766,-120.66784
151770,2025-10-06 18:55:26.393000+00:00,foothill,Car,0.0,0.0,0.0,0.0,0.0,3.393399953842163,0.0,inf,0.0,0.0,0,0,0.96,True,35.293766,-120.66784
151770,2025-10-06 18:55:26.464000+00:00,foothill,Car,0.0,0.0,0.0,0.0,0.0,3.393399953842163,0.0,inf,0.0,0.0,0,0,0.96,True,35.293766,-120.66784
151770,2025-10-06 18:55:26.514000+00:00,foothill,Car,0.0,0.0,0.0,0.0,0.0,3.393399953842163,0.0,inf,0.0,0.0,0,0,0.96,True,35.293766,-120.66784
151770,2025-10-06 18:55:26.595000+00:00,foothill,Car,0.0,0.0,0.0,0.0,0.0,3.393399953842163,0.0,inf,0.0,0.0,0,0,0.96,True,35.293766,-120.66784
151770,2025-10-06 18:55:26.657000+00:00,foothill,Car,0.0,0.0,0.0,0.0,0.0,3.393399953842163,0.0,inf,0.0,0.0,0,0,0.96,True,35.293766,-120.66784
151770,2025-10-06 18:55:26.728000+00:00,foothill,Car,0.0,0.0,0.0,0.0,0.0,3.393399953842163,0.0,inf,0.0,0.0,0,0,0.96,True,35.293766,-120.66784
151770,2025-10-06 18:55:26.789000+00:00,foothill,Car,0.0,0.0,0.0,0.0,0.0,3.393399953842163,0.0,inf,0.0,0.0,0,0,0.96,True,35.293766,-120.66784
151770,2025-10-06 18:55:26.860000+00:00,foothill,Car,0.0,0.0,0.0,0.0,0.0,3.393399953842163,0.0,inf,0.0,0.0,0,0,0.96,True,35.293766,-120.66784
151770,2025-10-06 18:55:26.921000+00:00,foothill,Car,0.0,0.0,0.0,0.0,0.0,3.393399953842163,0.0,inf,0.0,0.0,0,0,0.96,True,35.293766,-120.66784
151770,2025-10-06 18:55:26.992000+00:00,foothill,Car,0.0,0.0,0.0,0.0,0.0,3.393399953842163,0.0,inf,0.0,0.0,0,0,0.96,True,35.293766,-120.66784
151770,2025-10-06 18:55:27.063000+00:00,foothill,Car,0.0,0.0,0.0,0.0,0.0,3.393399953842163,0.0,inf,0.0,0.0,0,0,0.96,True,35.293766,-120.66784
151770,2025-10-06 18:55:27.123000+00:00,foothill,Car,0.0,0.0,0.0,0.0,0.0,3.393399953842163,0.0,inf,0.0,0.0,0,0,0.96,True,35.293766,-120.66784
151770,2025-10-06 18:55:27.186000+00:00,foothill,Car,0.0,0.0,0.0,0.0,0.0,3.393399953842163,0.0,inf,0.0,0.0,0,0,0.96,True,35.293766,-120.66784
151770,2025-10-06 18:55:27.257000+00:00,foothill,Car,0.0,0.0,0.0,0.0,0.0,3.393399953842163,0.0,inf,0.0,0.0,0,0,0.96,True,35.293766,-120.66784
151770,2025-10-06 18:55:27.318000+00:00,foothill,Car,0.0,0.0,0.0,0.0,0.0,3.393399953842163,0.0,inf,0.0,0.0,0,0,0.96,True,35.293766,-120.66784
151770,2025-10-06 18:55:27.389000+00:00,foothill,Car,0.0,0.0,0.0,0.0,0.0,3.393399953842163,0.0,inf,0.0,0.0,0,0,0.96,True,35.293766,-120.66784
151770,2025-10-06 18:55:27.460000+00:00,foothill,Car,0.0,0.0,0.0,0.0,0.0,3.393399953842163,0.0,inf,0.0,0.0,0,0,0.96,True,35.293766,-120.66784
151770,2025-10-06 18:55:27.521000+00:00,foothill,Car,0.0,0.0,0.0,0.0,0.0,3.393399953842163,0.0,inf,0.0,0.0,0,0,0.96,True,35.293766,-120.66784
151770,2025-10-06 18:55:27.596000+00:00,foothill,Car,0.0,0.0,0.0,0.0,0.0,3.393399953842163,0.0,inf,0.0,0.0,0,0,0.96,True,35.293766,-120.66784
151770,2025-10-06 18:55:27.662000+00:00,foothill,Car,0.0,0.0,0.0,0.0,0.0,3.393399953842163,0.0,inf,0.0,0.0,0,0,0.96,True,35.293766,-120.66784
151770,2025-10-06 18:55:27.723000+00:00,foothill,Car,0.0,0.0,0.0,0.0,0.0,3.393399953842163,0.0,inf,0.0,0.0,0,0,0.96,True,35.293766,-120.66784
151770,2025-10-06 18:55:27.794000+00:00,foothill,Car,0.0,0.0,0.0,0.0,0.0,3.393399953842163,0.0,inf,0.0,0.0,0,0,0.96,True,35.293766,-120.66784
151770,2025-10-06 18:55:27.854000+00:00,foothill,Car,0.0,0.0,0.0,0.0,0.0,3.393399953842163,0.0,inf,0.0,0.0,0,0,0.96,True,35.293766,-120.66784
151770,2025-10-06 18:55:27.936000+00:00,foothill,Car,0.0,0.0,0.0,0.0,0.0,3.393399953842163,0.0,inf,0.0,0.0,0,0,0.96,True,35.293766,-120.66784
151770,2025-10-06 18:55:28.008000+00:00,foothill,Car,0.0,0.0,0.0,0.0,0.0,3.393399953842163,0.0,inf,0.0,0.0,0,0,0.96,True,35.293766,-120.66784
151770,2025-10-06 18:55:28.058000+00:00,foothill,Car,0.0,0.0,0.0,0.0,0.0,3.393399953842163,0.0,inf,0.0,0.0,0,0,0.96,True,35.293766,-120.66784
151770,2025-10-06 18:55:28.129000+00:00,foothill,Car,0.0,0.0,0.0,0.0,0.0,3.393399953842163,0.0,inf,0.0,0.0,0,0,0.96,True,35.293766,-120.66784
151770,2025-10-06 18:55:28.190000+00:00,foothill,Car,0.0,0.0,0.0,0.0,0.0,3.393399953842163,0.0,inf,0.0,0.0,0,0,0.96,True,35.293766,-120.66784
151770,2025-10-06 18:55:28.251000+00:00,foothill,Car,0.0,0.0,0.0,0.0,0.0,3.393399953842163,0.0,inf,0.0,0.0,0,0,0.96,True,35.293766,-120.66784
151770,2025-10-06 18:55:28.322000+00:00,foothill,Car,0.0,0.0,0.0,0.0,0.0,3.393399953842163,0.0,inf,0.0,0.0,0,0,0.96,True,35.293766,-120.66784
151770,2025-10-06 18:55:28.388000+00:00,foothill,Car,0.0,0.0,0.0,0.0,0.0,3.393399953842163,0.0,inf,0.0,0.0,0,0,0.96,True,35.293766,-120.66784
151770,2025-10-06 18:55:28.449000+00:00,foothill,Car,0.0,0.0,0.0,0.0,0.0,3.393399953842163,0.0,inf,0.0,0.0,0,0,0.96,True,35.293766,-120.66784
151770,2025-10-06 18:55:28.520000+00:00,foothill,Car,0.0,0.0,0.0,0.0,0.0,3.393399953842163,0.0,inf,0.0,0.0,0,0,0.96,True,35.293766,-120.66784
151770,2025-10-06 18:55:28.591000+00:00,foothill,Car,0.0,0.0,0.0,0.0,0.0,3.393399953842163,0.0,inf,0.0,0.0,0,0,0.96,True,35.293766,-120.66784
151770,2025-10-06 18:55:28.653000+00:00,foothill,Car,0.0,0.0,0.0,0.0,0.0,3.393399953842163,0.0,inf,0.0,0.0,0,0,0.96,True,35.293766,-120.66784
151770,2025-10-06 18:55:28.724000+00:00,foothill,Car,0.0,0.0,0.0,0.0,0.0,3.393399953842163,0.0,inf,0.0,0.0,0,0,0.96,True,35.293766,-120.66784
151770,2025-10-06 18:55:28.795000+00:00,foothill,Car,0.0,0.0,0.0,0.0,0.0,3.393399953842163,0.0,inf,0.0,0.0,0,0,0.96,True,35.293766,-120.66784
151770,2025-10-06 18:55:28.856000+00:00,foothill,Car,0.0,0.0,0.0,0.0,0.0,3.393399953842163,0.0,inf,0.0,0.0,0,0,0.96,True,35.293766,-120.66784
151770,2025-10-06 18:55:28.917000+00:00,foothill,Car,0.0,0.0,0.0,0.0,0.0,3.393399953842163,0.0,inf,0.0,0.0,0,0,0.96,True,35.293766,-120.66784
151770,2025-10-06 18:55:28.999000+00:00,foothill,Car,0.0,0.0,0.0,0.0,0.0,3.393399953842163,0.0,inf,0.0,0.0,0,0,0.96,True,35.293766,-120.66784
151770,2025-10-06 18:55:29.060000+00:00,foothill,Car,0.0,0.0,0.0,0.0,0.0,3.393399953842163,0.0,inf,0.0,0.0,0,0,0.96,True,35.293766,-120.66784
151770,2025-10-06 18:55:29.121000+00:00,foothill,Car,0.0,0.0,0.0,0.0,0.0,3.393399953842163,0.0,inf,0.0,0.0,0,0,0.96,True,35.293766,-120.66784
151770,2025-10-06 18:55:29.193000+00:00,foothill,Car,0.0,0.0,0.0,0.0,0.0,3.393399953842163,0.0,inf,0.0,0.0,0,0,0.96,True,35.293766,-120.66784
151770,2025-10-06 18:55:29.284000+00:00,foothill,Car,0.0,0.0,0.0,0.0,0.0,3.393399953842163,0.0,inf,0.0,0.0,0,0,0.96,True,35.293766,-120.66784
151770,2025-10-06 18:55:31.073000+00:00,foothill,Car,0.0,0.0,0.0,0.0,0.0,3.393399953842163,0.0,inf,0.0,0.0,0,0,0.96,True,35.293766,-120.66784
151770,2025-10-06 18:55:32.122000+00:00,foothill,Car,0.0,0.0,0.0,0.0,0.0,2.9692249298095703,4.433258611110191e-17,inf,0.36200302839279175,180.0,0,0,0.96,True,35.293766,-120.66784
151770,2025-10-06 18:55:32.193000+00:00,foothill,Car,0.0,0.0,0.0,0.0,0.0,2.9692249298095703,0.0,inf,0.0,0.0,0,0,0.96,True,35.293766,-120.66784
151770,2025-10-06 18:55:32.265000+00:00,foothill,Car,0.0,0.0,0.0,0.0,0.0,2.9692249298095703,0.0,inf,0.0,0.0,0,0,0.96,True,35.293766,-120.66784
151770,2025-10-06 18:55:32.325000+00:00,foothill,Car,0.0,0.0,0.0,0.0,0.0,2.9692249298095703,0.0,inf,0.0,0.0,0,0,0.96,True,35.293766,-120.66784
151770,2025-10-06 18:55:32.396000+00:00,foothill,Car,0.0,0.0,0.0,0.0,0.0,2.9692249298095703,0.0,inf,0.0,0.0,0,0,0.96,True,35.293766,-120.66784
151770,2025-10-06 18:55:32.458000+00:00,foothill,Car,0.0,0.0,0.0,0.0,0.0,2.9692249298095703,0.0,inf,0.0,0.0,0,0,0.96,True,35.293766,-120.66784
151770,2025-10-06 18:55:32.529000+00:00,foothill,Car,0.0,0.0,0.0,0.0,0.0,2.9692249298095703,0.0,inf,0.0,0.0,0,0,0.96,True,35.293766,-120.66784
151770,2025-10-06 18:55:32.590000+00:00,foothill,Car,0.0,0.0,0.0,0.0,0.0,2.9692249298095703,0.0,inf,0.0,0.0,0,0,0.96,True,35.293766,-120.66784
151770,2025-10-06 18:55:32.651000+00:00,foothill,Car,0.0,0.0,0.0,0.0,0.0,2.9692249298095703,0.0,inf,0.0,0.0,0,0,0.96,True,35.293766,-120.66784
151770,2025-10-06 18:55:32.732000+00:00,foothill,Car,0.0,0.0,0.0,0.0,0.0,2.9692249298095703,0.0,inf,0.0,0.0,0,0,0.96,True,35.293766,-120.66784
151770,2025-10-06 18:55:32.793000+00:00,foothill,Car,0.0,0.0,0.0,0.0,0.0,2.9692249298095703,0.0,inf,0.0,0.0,0,0,0.96,True,35.293766,-120.66784
151770,2025-10-06 18:55:32.855000+00:00,foothill,Car,0.0,0.0,0.0,0.0,0.0,2.9692249298095703,0.0,inf,0.0,0.0,0,0,0.96,True,35.293766,-120.66784
151770,2025-10-06 18:55:32.926000+00:00,foothill,Car,0.0,0.0,0.0,0.0,0.0,2.9692249298095703,0.0,inf,0.0,0.0,0,0,0.96,True,35.293766,-120.66784
151770,2025-10-06 18:55:32.986000+00:00,foothill,Car,0.0,0.0,0.0,0.0,0.0,2.9692249298095703,0.0,inf,0.0,0.0,0,0,0.96,True,35.293766,-120.66784
151770,2025-10-06 18:55:33.057000+00:00,foothill,Car,0.0,0.0,0.0,0.0,0.0,2.9692249298095703,0.0,inf,0.0,0.0,0,0,0.96,True,35.293766,-120.66784
151770,2025-10-06 18:55:33.128000+00:00,foothill,Car,0.0,0.0,0.0,0.0,0.0,2.9692249298095703,0.0,inf,0.0,0.0,0,0,0.96,True,35.293766,-120.66784
151770,2025-10-06 18:55:33.189000+00:00,foothill,Car,0.0,0.0,0.0,0.0,0.0,2.9692249298095703,0.0,inf,0.0,0.0,0,0,0.96,True,35.293766,-120.66784
151770,2025-10-06 18:55:33.260000+00:00,foothill,Car,0.0,0.0,0.0,0.0,0.0,2.9692249298095703,0.0,inf,0.0,0.0,0,0,0.96,True,35.293766,-120.66784
151770,2025-10-06 18:55:33.321000+00:00,foothill,Car,0.0,0.0,0.0,0.0,0.0,2.9692249298095703,0.0,inf,0.0,0.0,0,0,0.96,True,35.293766,-120.66784
151770,2025-10-06 18:55:33.392000+00:00,foothill,Car,0.0,0.0,0.0,0.0,0.0,2.9692249298095703,0.0,inf,0.0,0.0,0,0,0.96,True,35.293766,-120.66784
151770,2025-10-06 18:55:33.453000+00:00,foothill,Car,0.0,0.0,0.0,0.0,0.0,2.9692249298095703,0.0,inf,0.0,0.0,0,0,0.96,True,35.293766,-120.66784
151770,2025-10-06 18:55:33.524000+00:00,foothill,Car,0.0,0.0,0.0,0.0,0.0,2.9692249298095703,0.0,inf,0.0,0.0,0,0,0.96,True,35.293766,-120.66784
151770,2025-10-06 18:55:33.585000+00:00,foothill,Car,0.0,0.0,0.0,0.0,0.0,2.9692249298095703,0.0,inf,0.0,0.0,0,0,0.96,True,35.293766,-120.66784
151770,2025-10-06 18:55:33.656000+00:00,foothill,Car,0.0,0.0,0.0,0.0,0.0,2.9692249298095703,0.0,inf,0.0,0.0,0,0,0.96,True,35.293766,-120.66784
151770,2025-10-06 18:55:33.717000+00:00,foothill,Car,0.0,0.0,0.0,0.0,0.0,2.9692249298095703,0.0,inf,0.0,0.0,0,0,0.96,True,35.293766,-120.66784
151770,2025-10-06 18:55:33.777000+00:00,foothill,Car,0.0,0.0,0.0,0.0,0.0,2.9692249298095703,0.0,inf,0.0,0.0,0,0,0.96,True,35.293766,-120.66784
151770,2025-10-06 18:55:33.859000+00:00,foothill,Car,0.0,0.0,0.0,0.0,0.0,2.9692249298095703,0.0,inf,0.0,0.0,0,0,0.96,True,35.293766,-120.66784
151770,2025-10-06 18:55:33.930000+00:00,foothill,Car,0.0,0.0,0.0,0.0,0.0,2.9692249298095703,0.0,inf,0.0,0.0,0,0,0.96,True,35.293766,-120.66784
151770,2025-10-06 18:55:33.995000+00:00,foothill,Car,0.0,0.0,0.0,0.0,0.0,2.9692249298095703,0.0,inf,0.0,0.0,0,0,0.96,True,35.293766,-120.66784
151770,2025-10-06 18:55:34.055000+00:00,foothill,Car,0.0,0.0,0.0,0.0,0.0,2.9692249298095703,0.0,inf,0.0,0.0,0,0,0.96,True,35.293766,-120.66784
151770,2025-10-06 18:55:34.126000+00:00,foothill,Car,0.0,0.0,0.0,0.0,0.0,2.9692249298095703,0.0,inf,0.0,0.0,0,0,0.96,True,35.293766,-120.66784
151770,2025-10-06 18:55:34.187000+00:00,foothill,Car,0.0,0.0,0.0,0.0,0.0,2.9692249298095703,0.0,inf,0.0,0.0,0,0,0.96,True,35.293766,-120.66784
151770,2025-10-06 18:55:34.258000+00:00,foothill,Car,0.0,0.0,0.0,0.0,0.0,2.9692249298095703,0.0,inf,0.0,0.0,0,0,0.96,True,35.293766,-120.66784
151770,2025-10-06 18:55:34.319000+00:00,foothill,Car,0.0,0.0,0.0,0.0,0.0,2.9692249298095703,0.0,inf,0.0,0.0,0,0,0.96,True,35.293766,-120.66784
151770,2025-10-06 18:55:34.390000+00:00,foothill,Car,0.0,0.0,0.0,0.0,0.0,2.9692249298095703,0.0,inf,0.0,0.0,0,0,0.96,True,35.293766,-120.66784
151770,2025-10-06 18:55:34.451000+00:00,foothill,Car,0.0,0.0,0.0,0.0,0.0,2.9692249298095703,0.0,inf,0.0,0.0,0,0,0.96,True,35.293766,-120.66784
151770,2025-10-06 18:55:34.522000+00:00,foothill,Car,0.0,0.0,0.0,0.0,0.0,2.9692249298095703,0.0,inf,0.0,0.0,0,0,0.96,True,35.293766,-120.66784
151770,2025-10-06 18:55:34.603000+00:00,foothill,Car,0.0,0.0,0.0,0.0,0.0,2.9692249298095703,0.0,inf,0.0,0.0,0,0,0.96,True,35.293766,-120.66784
151770,2025-10-06 18:55:34.664000+00:00,foothill,Car,0.0,0.0,0.0,0.0,0.0,2.9692249298095703,0.0,inf,0.0,0.0,0,0,0.96,True,35.293766,-120.66784
151770,2025-10-06 18:55:34.715000+00:00,foothill,Car,0.0,0.0,0.0,0.0,0.0,2.9692249298095703,0.0,inf,0.0,0.0,0,0,0.96,True,35.293766,-120.66784
151770,2025-10-06 18:55:34.797000+00:00,foothill,Car,0.0,0.0,0.0,0.0,0.0,2.9692249298095703,0.0,inf,0.0,0.0,0,0,0.96,True,35.293766,-120.66784
151770,2025-10-06 18:55:34.858000+00:00,foothill,Car,0.0,0.0,0.0,0.0,0.0,2.9692249298095703,0.0,inf,0.0,0.0,0,0,0.96,True,35.293766,-120.66784
151770,2025-10-06 18:55:34.919000+00:00,foothill,Car,0.0,0.0,0.0,0.0,0.0,2.9692249298095703,0.0,inf,0.0,0.0,0,0,0.96,True,35.293766,-120.66784
151770,2025-10-06 18:55:35+00:00,foothill,Car,0.0,0.0,0.0,0.0,0.0,2.9692249298095703,0.0,inf,0.0,0.0,0,0,0.96,True,35.293766,-120.66784
151770,2025-10-06 18:55:35.061000+00:00,foothill,Car,0.0,0.0,0.0,0.0,0.0,2.9692249298095703,0.0,inf,0.0,0.0,0,0,0.96,True,35.293766,-120.66784
151770,2025-10-06 18:55:35.122000+00:00,foothill,Car,0.0,0.0,0.0,0.0,0.0,2.9692249298095703,0.0,inf,0.0,0.0,0,0,0.96,True,35.293766,-120.66784
151770,2025-10-06 18:55:35.193000+00:00,foothill,Car,0.0,0.0,0.0,0.0,0.0,2.9692249298095703,0.0,inf,0.0,0.0,0,0,0.96,True,35.293766,-120.66784
151770,2025-10-06 18:55:35.254000+00:00,foothill,Car,0.0,0.0,0.0,0.0,0.0,2.9692249298095703,0.0,inf,0.0,0.0,0,0,0.96,True,35.293766,-120.66784
151770,2025-10-06 18:55:35.325000+00:00,foothill,Car,0.0,0.0,0.0,0.0,0.0,2.9692249298095703,0.0,inf,0.0,0.0,0,0,0.96,True,35.293766,-120.66784
151770,2025-10-06 18:55:35.397000+00:00,foothill,Car,0.0,0.0,0.0,0.0,0.0,2.9692249298095703,0.0,inf,0.0,0.0,0,0,0.96,True,35.293766,-120.66784
151770,2025-10-06 18:55:35.447000+00:00,foothill,Car,0.0,0.0,0.0,0.0,0.0,2.9692249298095703,0.0,inf,0.0,0.0,0,0,0.96,True,35.293766,-120.66784
151770,2025-10-06 18:55:35.518000+00:00,foothill,Car,0.0,0.0,0.0,0.0,0.0,2.9692249298095703,0.0,inf,0.0,0.0,0,0,0.96,True,35.293766,-120.66784
151770,2025-10-06 18:55:35.589000+00:00,foothill,Car,0.0,0.0,0.0,0.0,0.0,2.9692249298095703,0.0,inf,0.0,0.0,0,0,0.96,True,35.293766,-120.66784
151770,2025-10-06 18:55:35.650000+00:00,foothill,Car,0.0,0.0,0.0,0.0,0.0,2.9692249298095703,0.0,inf,0.0,0.0,0,0,0.96,True,35.293766,-120.66784
151770,2025-10-06 18:55:35.721000+00:00,foothill,Car,0.0,0.0,0.0,0.0,0.0,2.9692249298095703,0.0,inf,0.0,0.0,0,0,0.96,True,35.293766,-120.66784
151770,2025-10-06 18:55:35.792000+00:00,foothill,Car,0.0,0.0,0.0,0.0,0.0,2.9692249298095703,0.0,inf,0.0,0.0,0,0,0.96,True,35.293766,-120.66784
151770,2025-10-06 18:55:35.863000+00:00,foothill,Car,0.0,0.0,0.0,0.0,0.0,2.9692249298095703,0.0,inf,0.0,0.0,0,0,0.96,True,35.293766,-120.66784
151772,2025-10-06 18:55:21.717000+00:00,foothill,Car,0.0,-2.1096733,-2.1096733,0.0,0.0,4.345059394836426,0.0,inf,0.0,0.0,1,0,0.93,True,35.293755,-120.66779
151772,2025-10-06 18:55:21.789000+00:00,foothill,Car,10.548367,-2.1096733,-2.1096733,0.0,0.0,4.2402729988098145,10.335097312927246,inf,10.54836654663086,0.0,0,0,0.92,True,35.29376,-120.66779
151772,2025-10-06 18:55:21.860000+00:00,foothill,Car,0.0,-2.1096733,-2.1096733,0.0,0.0,4.2402729988098145,0.0,inf,0.0,0.0,0,0,0.93,True,35.29376,-120.66779
151772,2025-10-06 18:55:21.922000+00:00,foothill,Car,0.0,-2.1096733,-2.1096733,0.0,0.0,4.2402729988098145,0.0,inf,0.0,0.0,0,0,0.94,True,35.29376,-120.66779
151772,2025-10-06 18:55:21.993000+00:00,foothill,Car,0.0,-2.1096733,-2.1096733,0.0,0.0,4.2402729988098145,0.0,inf,0.0,0.0,0,0,0.93,True,35.29376,-120.66779
151772,2025-10-06 18:55:22.054000+00:00,foothill,Car,0.0,-2.1096733,-2.1096733,0.0,0.0,4.2402729988098145,0.0,inf,0.0,0.0,0,0,0.93,True,35.29376,-120.66779
151772,2025-10-06 18:55:22.114000+00:00,foothill,Car,0.0,-2.1096733,-2.1096733,0.0,0.0,4.2402729988098145,0.0,inf,0.0,0.0,0,0,0.94,True,35.29376,-120.66779
151772,2025-10-06 18:55:22.186000+00:00,foothill,Car,0.0,-2.1096733,-2.1096733,0.0,0.0,4.2402729988098145,0.0,inf,0.0,0.0,0,0,0.93,True,35.29376,-120.66779
151772,2025-10-06 18:55:22.257000+00:00,foothill,Car,0.0,-2.1096733,-2.1096733,0.0,0.0,4.2402729988098145,0.0,inf,0.0,0.0,0,0,0.94,True,35.29376,-120.66779
151772,2025-10-06 18:55:22.327000+00:00,foothill,Car,0.0,-2.1096733,-2.1096733,0.0,0.0,4.2402729988098145,0.0,inf,0.0,0.0,0,0,0.94,True,35.29376,-120.66779
151772,2025-10-06 18:55:22.404000+00:00,foothill,Car,0.0,-2.1096733,-2.1096733,0.0,0.0,4.2402729988098145,0.0,inf,0.0,0.0,0,0,0.94,True,35.29376,-120.66779
151772,2025-10-06 18:55:22.460000+00:00,foothill,Car,0.0,-2.1096733,-2.1096733,0.0,0.0,4.2402729988098145,0.0,inf,0.0,0.0,0,0,0.93,True,35.29376,-120.66779
151772,2025-10-06 18:55:22.520000+00:00,foothill,Car,0.0,0.0,2.1096733,0.0,0.0,4.2402729988098145,0.0,inf,0.0,0.0,0,0,0.94,True,35.29376,-120.66779
151772,2025-10-06 18:55:22.604000+00:00,foothill,Car,0.0,0.0,2.1096733,0.0,0.0,4.2402729988098145,0.0,inf,0.0,0.0,0,0,0.93,True,35.29376,-120.66779
151772,2025-10-06 18:55:22.653000+00:00,foothill,Car,0.0,0.0,2.1096733,0.0,0.0,4.2402729988098145,0.0,inf,0.0,0.0,0,0,0.93,True,35.29376,-120.66779
151772,2025-10-06 18:55:22.725000+00:00,foothill,Car,0.0,0.0,2.1096733,0.0,0.0,4.2402729988098145,0.0,inf,0.0,0.0,0,0,0.93,True,35.29376,-120.66779
151772,2025-10-06 18:55:22.786000+00:00,foothill,Car,0.0,0.0,2.1096733,0.0,0.0,4.2402729988098145,0.0,inf,0.0,0.0,0,0,0.93,True,35.29376,-120.66779
151772,2025-10-06 18:55:22.867000+00:00,foothill,Car,0.0,0.0,2.1096733,0.0,0.0,4.2402729988098145,0.0,inf,0.0,0.0,0,0,0.93,True,35.29376,-120.66779
151772,2025-10-06 18:55:22.919000+00:00,foothill,Car,0.0,0.0,2.1096733,0.0,0.0,4.2402729988098145,0.0,inf,0.0,0.0,0,0,0.94,True,35.29376,-120.66779
151772,2025-10-06 18:55:22.994000+00:00,foothill,Car,0.0,0.0,2.1096733,0.0,0.0,4.2402729988098145,0.0,inf,0.0,0.0,0,0,0.94,True,35.29376,-120.66779
151772,2025-10-06 18:55:23.055000+00:00,foothill,Car,0.0,0.0,2.1096733,0.0,0.0,4.2402729988098145,0.0,inf,0.0,0.0,0,0,0.93,True,35.29376,-120.66779
151772,2025-10-06 18:55:23.115000+00:00,foothill,Car,0.0,0.0,2.1096733,0.0,0.0,4.2402729988098145,0.0,inf,0.0,0.0,0,0,0.94,True,35.29376,-120.66779
151772,2025-10-06 18:55:23.187000+00:00,foothill,Car,0.0,0.0,2.1096733,0.0,0.0,4.2402729988098145,0.0,inf,0.0,0.0,0,0,0.93,True,35.29376,-120.66779
151772,2025-10-06 18:55:24.458000+00:00,foothill,Car,0.0,2.5719404,2.5719404,0.0,0.0,4.2402729988098145,0.0,inf,0.0,0.0,0,0,0.93,True,35.29376,-120.66779
151772,2025-10-06 18:55:24.519000+00:00,foothill,Car,0.0,-1.2388438,-3.8107843,0.0,0.0,4.2402729988098145,0.0,inf,0.0,0.0,0,0,0.92,True,35.29376,-120.66779
151772,2025-10-06 18:55:24.590000+00:00,foothill,Car,10.696935,-1.2388438,-3.8107843,180.0,-180.0,4.345059394836426,-10.227907180786133,0.42482390999794006,10.696934700012207,180.0,0,0,0.91,True,35.293755,-120.66779
151772,2025-10-06 18:55:24.650000+00:00,foothill,Car,0.0,-1.2388438,-3.8107843,0.0,-180.0,4.345059394836426,0.0,inf,0.0,0.0,0,0,0.92,True,35.293755,-120.66779
151772,2025-10-06 18:55:24.721000+00:00,foothill,Car,0.0,-1.2388438,-3.8107843,0.0,0.0,4.345059394836426,0.0,inf,0.0,0.0,0,0,0.93,True,35.293755,-120.66779
151772,2025-10-06 18:55:24.793000+00:00,foothill,Car,0.0,-1.2388438,-3.8107843,0.0,0.0,4.345059394836426,0.0,inf,0.0,0.0,0,0,0.93,True,35.293755,-120.66779
151772,2025-10-06 18:55:24.854000+00:00,foothill,Car,12.450531,-1.2388438,-3.8107843,0.0,0.0,4.2402729988098145,12.198802947998047,inf,12.450531005859375,0.0,0,0,0.78,True,35.29376,-120.66779
151772,2025-10-06 18:55:24.925000+00:00,foothill,Car,0.0,-1.2388438,-3.8107843,0.0,0.0,4.2402729988098145,0.0,inf,0.0,0.0,0,0,0.93,True,35.29376,-120.66779
151772,2025-10-06 18:55:24.996000+00:00,foothill,Car,0.0,-1.2388438,-3.8107843,0.0,0.0,4.2402729988098145,0.0,inf,0.0,0.0,0,0,0.93,True,35.29376,-120.66779
151772,2025-10-06 18:55:25.067000+00:00,foothill,Car,0.0,-1.2388438,-3.8107843,0.0,0.0,4.2402729988098145,0.0,inf,0.0,0.0,0,0,0.93,True,35.29376,-120.66779
151772,2025-10-06 18:55:25.127000+00:00,foothill,Car,0.0,-1.2388438,-3.8107843,0.0,0.0,4.2402729988098145,0.0,inf,0.0,0.0,0,0,0.93,True,35.29376,-120.66779
151772,2025-10-06 18:55:25.189000+00:00,foothill,Car,0.0,-1.2388438,-3.8107843,0.0,0.0,4.2402729988098145,0.0,inf,0.0,0.0,0,0,0.93,True,35.29376,-120.66779
151772,2025-10-06 18:55:25.251000+00:00,foothill,Car,0.0,-1.2388438,-3.8107843,0.0,0.0,4.2402729988098145,0.0,inf,0.0,0.0,0,0,0.93,True,35.29376,-120.66779
151772,2025-10-06 18:55:25.322000+00:00,foothill,Car,0.0,-1.2388438,-3.8107843,0.0,0.0,4.2402729988098145,0.0,inf,0.0,0.0,0,0,0.93,True,35.29376,-120.66779
151772,2025-10-06 18:55:25.393000+00:00,foothill,Car,0.0,-1.2388438,-3.8107843,0.0,0.0,4.2402729988098145,0.0,inf,0.0,0.0,0,0,0.93,True,35.29376,-120.66779
151772,2025-10-06 18:55:25.464000+00:00,foothill,Car,0.0,-1.2388438,-3.8107843,0.0,0.0,4.2402729988098145,0.0,inf,0.0,0.0,0,0,0.93,True,35.29376,-120.66779
151772,2025-10-06 18:55:25.525000+00:00,foothill,Car,0.0,-1.3330966,-0.094252825,0.0,0.0,4.2402729988098145,0.0,inf,0.0,0.0,0,0,0.93,True,35.29376,-120.66779
151772,2025-10-06 18:55:25.587000+00:00,foothill,Car,19.996449,-1.3330966,-0.094252825,270.0,-90.0,3.564542055130005,4.759092807769775,inf,19.996448516845703,90.0,0,0,0.93,True,35.29376,-120.6678
151772,2025-10-06 18:55:25.658000+00:00,foothill,Car,0.0,-1.3330966,-0.094252825,0.0,90.0,3.564542055130005,0.0,inf,0.0,0.0,0,0,0.93,True,35.29376,-120.6678
151772,2025-10-06 18:55:25.719000+00:00,foothill,Car,0.0,-1.3330966,-0.094252825,0.0,0.0,3.564542055130005,0.0,inf,0.0,0.0,0,0,0.93,True,35.29376,-120.6678
151772,2025-10-06 18:55:25.794000+00:00,foothill,Car,0.0,-1.3330966,-0.094252825,0.0,0.0,3.564542055130005,0.0,inf,0.0,0.0,0,0,0.93,True,35.29376,-120.6678
151772,2025-10-06 18:55:25.852000+00:00,foothill,Car,0.0,-1.3330966,-0.094252825,0.0,0.0,3.564542055130005,0.0,inf,0.0,0.0,0,0,0.93,True,35.29376,-120.6678
151772,2025-10-06 18:55:25.922000+00:00,foothill,Car,0.0,-1.3330966,-0.094252825,0.0,0.0,3.564542055130005,0.0,inf,0.0,0.0,0,0,0.93,True,35.29376,-120.6678
151772,2025-10-06 18:55:25.995000+00:00,foothill,Car,0.0,-1.3330966,-0.094252825,0.0,0.0,3.564542055130005,0.0,inf,0.0,0.0,0,0,0.93,True,35.29376,-120.6678
151772,2025-10-06 18:55:26.056000+00:00,foothill,Car,0.0,-1.3330966,-0.094252825,0.0,0.0,3.564542055130005,0.0,inf,0.0,0.0,0,0,0.93,True,35.29376,-120.6678
151772,2025-10-06 18:55:26.127000+00:00,foothill,Car,0.0,-1.3330966,-0.094252825,0.0,0.0,3.564542055130005,0.0,inf,0.0,0.0,0,0,0.93,True,35.29376,-120.6678
151772,2025-10-06 18:55:26.188000+00:00,foothill,Car,0.0,-1.3330966,-0.094252825,0.0,0.0,3.564542055130005,0.0,inf,0.0,0.0,0,0,0.93,True,35.29376,-120.6678
151772,2025-10-06 18:55:26.250000+00:00,foothill,Car,0.0,-1.3330966,-0.094252825,0.0,0.0,3.564542055130005,0.0,inf,0.0,0.0,0,0,0.93,True,35.29376,-120.6678
151772,2025-10-06 18:55:26.322000+00:00,foothill,Car,0.0,-1.3330966,-0.094252825,0.0,0.0,3.564542055130005,0.0,inf,0.0,0.0,0,0,0.93,True,35.29376,-120.6678
151772,2025-10-06 18:55:26.393000+00:00,foothill,Car,0.0,-1.3330966,-0.094252825,0.0,0.0,3.564542055130005,0.0,inf,0.0,0.0,0,0,0.93,True,35.29376,-120.6678
151772,2025-10-06 18:55:26.464000+00:00,foothill,Car,0.0,-1.3330966,-0.094252825,0.0,0.0,3.564542055130005,0.0,inf,0.0,0.0,0,0,0.93,True,35.29376,-120.6678
151772,2025-10-06 18:55:26.514000+00:00,foothill,Car,0.0,0.0,1.3330966,0.0,0.0,3.564542055130005,0.0,inf,0.0,0.0,0,0,0.93,True,35.29376,-120.6678
151772,2025-10-06 18:55:26.595000+00:00,foothill,Car,0.0,0.0,1.3330966,0.0,0.0,3.564542055130005,0.0,inf,0.0,0.0,0,0,0.93,True,35.29376,-120.6678
151772,2025-10-06 18:55:26.657000+00:00,foothill,Car,0.0,0.0,1.3330966,0.0,0.0,3.564542055130005,0.0,inf,0.0,0.0,0,0,0.93,True,35.29376,-120.6678
151772,2025-10-06 18:55:26.728000+00:00,foothill,Car,0.0,0.0,1.3330966,0.0,0.0,3.564542055130005,0.0,inf,0.0,0.0,0,0,0.93,True,35.29376,-120.6678
151772,2025-10-06 18:55:26.789000+00:00,foothill,Car,0.0,0.0,1.3330966,0.0,0.0,3.564542055130005,0.0,inf,0.0,0.0,0,0,0.93,True,35.29376,-120.6678
151772,2025-10-06 18:55:26.860000+00:00,foothill,Car,0.0,0.0,1.3330966,0.0,0.0,3.564542055130005,0.0,inf,0.0,0.0,0,0,0.93,True,35.29376,-120.6678
151772,2025-10-06 18:55:26.921000+00:00,foothill,Car,0.0,0.0,1.3330966,0.0,0.0,3.564542055130005,0.0,inf,0.0,0.0,0,0,0.93,True,35.29376,-120.6678
151772,2025-10-06 18:55:26.992000+00:00,foothill,Car,0.0,0.0,1.3330966,0.0,0.0,3.564542055130005,0.0,inf,0.0,0.0,0,0,0.93,True,35.29376,-120.6678
151772,2025-10-06 18:55:27.063000+00:00,foothill,Car,0.0,0.0,1.3330966,0.0,0.0,3.564542055130005,0.0,inf,0.0,0.0,0,0,0.93,True,35.29376,-120.6678
151772,2025-10-06 18:55:27.123000+00:00,foothill,Car,0.0,0.0,1.3330966,0.0,0.0,3.564542055130005,0.0,inf,0.0,0.0,0,0,0.93,True,35.29376,-120.6678
151772,2025-10-06 18:55:27.186000+00:00,foothill,Car,0.0,0.0,1.3330966,0.0,0.0,3.564542055130005,0.0,inf,0.0,0.0,0,0,0.93,True,35.29376,-120.6678
151772,2025-10-06 18:55:27.257000+00:00,foothill,Car,0.0,0.0,1.3330966,0.0,0.0,3.564542055130005,0.0,inf,0.0,0.0,0,0,0.93,True,35.29376,-120.6678
151772,2025-10-06 18:55:27.318000+00:00,foothill,Car,0.0,0.0,1.3330966,0.0,0.0,3.564542055130005,0.0,inf,0.0,0.0,0,0,0.93,True,35.29376,-120.6678
151772,2025-10-06 18:55:27.389000+00:00,foothill,Car,0.0,0.0,1.3330966,0.0,0.0,3.564542055130005,0.0,inf,0.0,0.0,0,0,0.93,True,35.29376,-120.6678
151772,2025-10-06 18:55:27.460000+00:00,foothill,Car,0.0,0.0,1.3330966,0.0,0.0,3.564542055130005,0.0,inf,0.0,0.0,0,0,0.93,True,35.29376,-120.6678
151772,2025-10-06 18:55:27.521000+00:00,foothill,Car,0.0,0.0,0.0,0.0,0.0,3.564542055130005,0.0,inf,0.0,0.0,0,0,0.93,True,35.29376,-120.6678
151772,2025-10-06 18:55:27.596000+00:00,foothill,Car,0.0,0.0,0.0,0.0,0.0,3.564542055130005,0.0,inf,0.0,0.0,0,0,0.93,True,35.29376,-120.6678
151772,2025-10-06 18:55:27.662000+00:00,foothill,Car,0.0,0.0,0.0,0.0,0.0,3.564542055130005,0.0,inf,0.0,0.0,0,0,0.93,True,35.29376,-120.6678
151772,2025-10-06 18:55:27.723000+00:00,foothill,Car,0.0,0.0,0.0,0.0,0.0,3.564542055130005,0.0,inf,0.0,0.0,0,0,0.93,True,35.29376,-120.6678
151772,2025-10-06 18:55:27.794000+00:00,foothill,Car,0.0,0.0,0.0,0.0,0.0,3.393399953842163,0.0,inf,5.3484673500061035,0.0,0,0,0.93,True,35.29376,-120.6678
151772,2025-10-06 18:55:27.854000+00:00,foothill,Car,0.0,0.0,0.0,0.0,0.0,3.393399953842163,0.0,inf,0.0,0.0,0,0,0.93,True,35.29376,-120.6678
151772,2025-10-06 18:55:27.936000+00:00,foothill,Car,0.0,0.0,0.0,0.0,0.0,3.393399953842163,0.0,inf,0.0,0.0,0,0,0.93,True,35.29376,-120.6678
151772,2025-10-06 18:55:28.008000+00:00,foothill,Car,0.0,0.0,0.0,0.0,0.0,3.393399953842163,0.0,inf,0.0,0.0,0,0,0.93,True,35.29376,-120.6678
151772,2025-10-06 18:55:28.058000+00:00,foothill,Car,0.0,0.0,0.0,0.0,0.0,3.393399953842163,0.0,inf,0.0,0.0,0,0,0.93,True,35.29376,-120.6678
151772,2025-10-06 18:55:28.129000+00:00,foothill,Car,0.0,0.0,0.0,0.0,0.0,3.393399953842163,0.0,inf,0.0,0.0,0,0,0.93,True,35.29376,-120.6678
151772,2025-10-06 18:55:28.190000+00:00,foothill,Car,0.0,0.0,0.0,0.0,0.0,3.393399953842163,0.0,inf,0.0,0.0,0,0,0.93,True,35.29376,-120.6678
151772,2025-10-06 18:55:28.251000+00:00,foothill,Car,0.0,0.0,0.0,0.0,0.0,3.393399953842163,0.0,inf,0.0,0.0,0,0,0.93,True,35.29376,-120.6678
151772,2025-10-06 18:55:28.322000+00:00,foothill,Car,0.0,0.0,0.0,0.0,0.0,3.0488927364349365,-1.2146724462509155,2.5100533962249756,5.3484673500061035,0.0,0,0,0.93,True,35.29376,-120.6678
151772,2025-10-06 18:55:28.388000+00:00,foothill,Car,0.0,0.0,0.0,0.0,0.0,3.0488927364349365,0.0,inf,0.0,0.0,0,0,0.93,True,35.29376,-120.6678
151772,2025-10-06 18:55:28.449000+00:00,foothill,Car,0.0,0.0,0.0,0.0,0.0,3.0488927364349365,0.0,inf,0.0,0.0,0,0,0.93,True,35.29376,-120.6678
151772,2025-10-06 18:55:28.520000+00:00,foothill,Car,0.0,0.0,0.0,0.0,0.0,3.0488927364349365,0.0,inf,0.0,0.0,0,0,0.93,True,35.29376,-120.6678
151772,2025-10-06 18:55:28.591000+00:00,foothill,Car,0.0,0.0,0.0,0.0,0.0,3.0488927364349365,0.0,inf,0.0,0.0,0,0,0.93,True,35.29376,-120.6678
151772,2025-10-06 18:55:28.653000+00:00,foothill,Car,0.0,0.0,0.0,0.0,0.0,3.0488927364349365,0.0,inf,0.0,0.0,0,0,0.93,True,35.29376,-120.6678
151772,2025-10-06 18:55:28.724000+00:00,foothill,Car,0.0,0.0,0.0,0.0,0.0,3.0488927364349365,0.0,inf,0.0,0.0,0,0,0.93,True,35.29376,-120.6678
151772,2025-10-06 18:55:28.795000+00:00,foothill,Car,0.0,0.0,0.0,0.0,0.0,3.0488927364349365,0.0,inf,0.0,0.0,0,0,0.93,True,35.29376,-120.6678
151772,2025-10-06 18:55:28.856000+00:00,foothill,Car,0.0,0.0,0.0,0.0,0.0,3.0488927364349365,0.0,inf,0.0,0.0,0,0,0.93,True,35.29376,-120.6678
151772,2025-10-06 18:55:28.917000+00:00,foothill,Car,0.0,0.0,0.0,0.0,0.0,3.0488927364349365,0.0,inf,0.0,0.0,0,0,0.93,True,35.29376,-120.6678
151772,2025-10-06 18:55:28.999000+00:00,foothill,Car,0.0,0.0,0.0,0.0,0.0,3.0488927364349365,0.0,inf,0.0,0.0,0,0,0.93,True,35.29376,-120.6678
151772,2025-10-06 18:55:29.060000+00:00,foothill,Car,0.0,0.0,0.0,0.0,0.0,3.0488927364349365,0.0,inf,0.0,0.0,0,0,0.93,True,35.29376,-120.6678
151772,2025-10-06 18:55:29.121000+00:00,foothill,Car,0.0,0.0,0.0,0.0,0.0,3.0488927364349365,0.0,inf,0.0,0.0,0,0,0.93,True,35.29376,-120.6678
151772,2025-10-06 18:55:29.193000+00:00,foothill,Car,0.0,0.0,0.0,0.0,0.0,2.637561321258545,-1.3846009969711304,1.9049252271652222,5.27418327331543,0.0,0,0,0.93,True,35.29376,-120.6678
151772,2025-10-06 18:55:29.284000+00:00,foothill,Car,0.0,0.0,0.0,0.0,0.0,2.637561321258545,0.0,inf,0.0,0.0,0,0,0.93,True,35.29376,-120.6678
151772,2025-10-06 18:55:31.073000+00:00,foothill,Car,0.0,0.0,0.0,0.0,0.0,3.0488927364349365,0.04820667952299118,inf,0.2122645080089569,180.0,0,0,0.93,True,35.29376,-120.6678
151772,2025-10-06 18:55:32.122000+00:00,foothill,Car,0.0,0.0,0.0,0.0,0.0,3.393399953842163,-4.433258611110191e-17,7.654414264513331e+16,0.36200302839279175,180.0,0,0,0.93,True,35.29376,-120.6678
151772,2025-10-06 18:55:32.193000+00:00,foothill,Car,0.0,0.0,0.0,0.0,0.0,3.393399953842163,0.0,inf,0.0,0.0,0,0,0.93,True,35.29376,-120.6678
151772,2025-10-06 18:55:32.265000+00:00,foothill,Car,0.0,0.0,0.0,0.0,0.0,3.393399953842163,0.0,inf,0.0,0.0,0,0,0.93,True,35.29376,-120.6678
151772,2025-10-06 18:55:32.325000+00:00,foothill,Car,0.0,0.0,0.0,0.0,0.0,3.393399953842163,0.0,inf,0.0,0.0,0,0,0.93,True,35.29376,-120.6678
151772,2025-10-06 18:55:32.396000+00:00,foothill,Car,0.0,0.0,0.0,0.0,0.0,3.393399953842163,0.0,inf,0.0,0.0,0,0,0.93,True,35.29376,-120.6678
151772,2025-10-06 18:55:32.458000+00:00,foothill,Car,0.0,0.0,0.0,0.0,0.0,3.393399953842163,0.0,inf,0.0,0.0,0,0,0.93,True,35.29376,-120.6678
151772,2025-10-06 18:55:32.529000+00:00,foothill,Car,0.0,0.0,0.0,0.0,0.0,3.393399953842163,0.0,inf,0.0,0.0,0,0,0.93,True,35.29376,-120.6678
151772,2025-10-06 18:55:32.590000+00:00,foothill,Car,0.0,0.0,0.0,0.0,0.0,3.393399953842163,0.0,inf,0.0,0.0,0,0,0.93,True,35.29376,-120.6678
151772,2025-10-06 18:55:32.651000+00:00,foothill,Car,0.0,0.0,0.0,0.0,0.0,3.393399953842163,0.0,inf,0.0,0.0,0,0,0.93,True,35.29376,-120.6678
151772,2025-10-06 18:55:32.732000+00:00,foothill,Car,0.0,0.0,0.0,0.0,0.0,3.393399953842163,0.0,inf,0.0,0.0,0,0,0.93,True,35.29376,-120.6678
151772,2025-10-06 18:55:32.793000+00:00,foothill,Car,0.0,0.0,0.0,0.0,0.0,3.393399953842163,0.0,inf,0.0,0.0,0,0,0.93,True,35.29376,-120.6678
151772,2025-10-06 18:55:32.855000+00:00,foothill,Car,0.0,0.0,0.0,0.0,0.0,3.393399953842163,0.0,inf,0.0,0.0,0,0,0.93,True,35.29376,-120.6678
151772,2025-10-06 18:55:32.926000+00:00,foothill,Car,0.0,0.0,0.0,0.0,0.0,3.393399953842163,0.0,inf,0.0,0.0,0,0,0.93,True,35.29376,-120.6678
151772,2025-10-06 18:55:32.986000+00:00,foothill,Car,0.0,0.0,0.0,0.0,0.0,3.393399953842163,0.0,inf,0.0,0.0,0,0,0.93,True,35.29376,-120.6678
151772,2025-10-06 18:55:33.057000+00:00,foothill,Car,0.0,0.0,0.0,0.0,0.0,3.393399953842163,0.0,inf,0.0,0.0,0,0,0.93,True,35.29376,-120.6678
151772,2025-10-06 18:55:33.128000+00:00,foothill,Car,0.0,0.0,0.0,0.0,0.0,3.393399953842163,0.0,inf,0.0,0.0,0,0,0.93,True,35.29376,-120.6678
151772,2025-10-06 18:55:33.189000+00:00,foothill,Car,0.0,0.0,0.0,0.0,0.0,3.393399953842163,0.0,inf,0.0,0.0,0,0,0.93,True,35.29376,-120.6678
151772,2025-10-06 18:55:33.260000+00:00,foothill,Car,0.0,0.0,0.0,0.0,0.0,3.393399953842163,0.0,inf,0.0,0.0,0,0,0.93,True,35.29376,-120.6678
151772,2025-10-06 18:55:33.321000+00:00,foothill,Car,0.0,0.0,0.0,0.0,0.0,3.393399953842163,0.0,inf,0.0,0.0,0,0,0.93,True,35.29376,-120.6678
151772,2025-10-06 18:55:33.392000+00:00,foothill,Car,0.0,0.0,0.0,0.0,0.0,3.393399953842163,0.0,inf,0.0,0.0,0,0,0.93,True,35.29376,-120.6678
151772,2025-10-06 18:55:33.453000+00:00,foothill,Car,0.0,0.0,0.0,0.0,0.0,3.393399953842163,0.0,inf,0.0,0.0,0,0,0.93,True,35.29376,-120.6678
151772,2025-10-06 18:55:33.524000+00:00,foothill,Car,0.0,0.0,0.0,0.0,0.0,3.393399953842163,0.0,inf,0.0,0.0,0,0,0.93,True,35.29376,-120.6678
151772,2025-10-06 18:55:33.585000+00:00,foothill,Car,0.0,0.0,0.0,0.0,0.0,3.393399953842163,0.0,inf,0.0,0.0,0,0,0.93,True,35.29376,-120.6678
151772,2025-10-06 18:55:33.656000+00:00,foothill,Car,0.0,0.0,0.0,0.0,0.0,3.393399953842163,0.0,inf,0.0,0.0,0,0,0.93,True,35.29376,-120.6678
151772,2025-10-06 18:55:33.717000+00:00,foothill,Car,0.0,0.0,0.0,0.0,0.0,3.393399953842163,0.0,inf,0.0,0.0,0,0,0.93,True,35.29376,-120.6678
151772,2025-10-06 18:55:33.777000+00:00,foothill,Car,0.0,0.0,0.0,0.0,0.0,3.393399953842163,0.0,inf,0.0,0.0,0,0,0.93,True,35.29376,-120.6678
151772,2025-10-06 18:55:33.859000+00:00,foothill,Car,0.0,0.0,0.0,0.0,0.0,3.393399953842163,0.0,inf,0.0,0.0,0,0,0.93,True,35.29376,-120.6678
151772,2025-10-06 18:55:33.930000+00:00,foothill,Car,0.0,0.0,0.0,0.0,0.0,3.393399953842163,0.0,inf,0.0,0.0,0,0,0.93,True,35.29376,-120.6678
151772,2025-10-06 18:55:33.995000+00:00,foothill,Car,0.0,0.0,0.0,0.0,0.0,3.393399953842163,0.0,inf,0.0,0.0,0,0,0.93,True,35.29376,-120.6678
151772,2025-10-06 18:55:34.055000+00:00,foothill,Car,0.0,0.0,0.0,0.0,0.0,3.393399953842163,0.0,inf,0.0,0.0,0,0,0.93,True,35.29376,-120.6678
151772,2025-10-06 18:55:34.126000+00:00,foothill,Car,0.0,0.0,0.0,0.0,0.0,3.393399953842163,0.0,inf,0.0,0.0,0,0,0.93,True,35.29376,-120.6678
151772,2025-10-06 18:55:34.187000+00:00,foothill,Car,0.0,0.0,0.0,0.0,0.0,3.393399953842163,0.0,inf,0.0,0.0,0,0,0.93,True,35.29376,-120.6678
151772,2025-10-06 18:55:34.258000+00:00,foothill,Car,0.0,0.0,0.0,0.0,0.0,3.393399953842163,0.0,inf,0.0,0.0,0,0,0.93,True,35.29376,-120.6678
151772,2025-10-06 18:55:34.319000+00:00,foothill,Car,0.0,0.0,0.0,0.0,0.0,3.393399953842163,0.0,inf,0.0,0.0,0,0,0.93,True,35.29376,-120.6678
151772,2025-10-06 18:55:34.390000+00:00,foothill,Car,0.0,0.0,0.0,0.0,0.0,3.393399953842163,0.0,inf,0.0,0.0,0,0,0.93,True,35.29376,-120.6678
151772,2025-10-06 18:55:34.451000+00:00,foothill,Car,0.0,0.0,0.0,0.0,0.0,3.393399953842163,0.0,inf,0.0,0.0,0,0,0.93,True,35.29376,-120.6678
151772,2025-10-06 18:55:34.522000+00:00,foothill,Car,0.0,0.0,0.0,0.0,0.0,3.393399953842163,0.0,inf,0.0,0.0,0,0,0.93,True,35.29376,-120.6678
151772,2025-10-06 18:55:34.603000+00:00,foothill,Car,0.0,0.0,0.0,0.0,0.0,3.393399953842163,0.0,inf,0.0,0.0,0,0,0.93,True,35.29376,-120.6678
151772,2025-10-06 18:55:34.664000+00:00,foothill,Car,0.0,0.0,0.0,0.0,0.0,3.393399953842163,0.0,inf,0.0,0.0,0,0,0.93,True,35.29376,-120.6678
151772,2025-10-06 18:55:34.715000+00:00,foothill,Car,0.0,0.0,0.0,0.0,0.0,3.393399953842163,0.0,inf,0.0,0.0,0,0,0.93,True,35.29376,-120.6678
151772,2025-10-06 18:55:34.797000+00:00,foothill,Car,0.0,0.0,0.0,0.0,0.0,3.393399953842163,0.0,inf,0.0,0.0,0,0,0.93,True,35.29376,-120.6678
151772,2025-10-06 18:55:34.858000+00:00,foothill,Car,0.0,0.0,0.0,0.0,0.0,3.393399953842163,0.0,inf,0.0,0.0,0,0,0.93,True,35.29376,-120.6678
151772,2025-10-06 18:55:34.919000+00:00,foothill,Car,0.0,0.0,0.0,0.0,0.0,3.393399953842163,0.0,inf,0.0,0.0,0,0,0.93,True,35.29376,-120.6678
151772,2025-10-06 18:55:35+00:00,foothill,Car,0.0,0.0,0.0,0.0,0.0,3.393399953842163,0.0,inf,0.0,0.0,0,0,0.93,True,35.29376,-120.6678
151772,2025-10-06 18:55:35.061000+00:00,foothill,Car,0.0,0.0,0.0,0.0,0.0,3.393399953842163,0.0,inf,0.0,0.0,0,0,0.93,True,35.29376,-120.6678
151772,2025-10-06 18:55:35.122000+00:00,foothill,Car,0.0,0.0,0.0,0.0,0.0,3.393399953842163,0.0,inf,0.0,0.0,0,0,0.93,True,35.29376,-120.6678
151772,2025-10-06 18:55:35.193000+00:00,foothill,Car,0.0,0.0,0.0,0.0,0.0,3.393399953842163,0.0,inf,0.0,0.0,0,0,0.93,True,35.29376,-120.6678
151772,2025-10-06 18:55:35.254000+00:00,foothill,Car,0.0,0.0,0.0,0.0,0.0,3.393399953842163,0.0,inf,0.0,0.0,0,0,0.93,True,35.29376,-120.6678
151772,2025-10-06 18:55:35.325000+00:00,foothill,Car,0.0,0.0,0.0,0.0,0.0,3.393399953842163,0.0,inf,0.0,0.0,0,0,0.93,True,35.29376,-120.6678
151772,2025-10-06 18:55:35.397000+00:00,foothill,Car,0.0,0.0,0.0,0.0,0.0,3.393399953842163,0.0,inf,0.0,0.0,0,0,0.93,True,35.29376,-120.6678
151772,2025-10-06 18:55:35.447000+00:00,foothill,Car,0.0,0.0,0.0,0.0,0.0,3.393399953842163,0.0,inf,0.0,0.0,0,0,0.93,True,35.29376,-120.6678
151772,2025-10-06 18:55:35.518000+00:00,foothill,Car,0.0,0.0,0.0,0.0,0.0,3.393399953842163,0.0,inf,0.0,0.0,0,0,0.93,True,35.29376,-120.6678
151772,2025-10-06 18:55:35.589000+00:00,foothill,Car,0.0,0.0,0.0,0.0,0.0,3.393399953842163,0.0,inf,0.0,0.0,0,0,0.93,True,35.29376,-120.6678
151772,2025-10-06 18:55:35.650000+00:00,foothill,Car,0.0,0.0,0.0,0.0,0.0,3.393399953842163,0.0,inf,0.0,0.0,0,0,0.93,True,35.29376,-120.6678
151772,2025-10-06 18:55:35.721000+00:00,foothill,Car,0.0,0.0,0.0,0.0,0.0,3.393399953842163,0.0,inf,0.0,0.0,0,0,0.93,True,35.29376,-120.6678
151772,2025-10-06 18:55:35.792000+00:00,foothill,Car,0.0,0.0,0.0,0.0,0.0,3.393399953842163,0.0,inf,0.0,0.0,0,0,0.93,True,35.29376,-120.6678
151772,2025-10-06 18:55:35.863000+00:00,foothill,Car,0.0,0.0,0.0,0.0,0.0,3.393399953842163,0.0,inf,0.0,0.0,0,0,0.93,True,35.29376,-120.6678
151775,2025-10-06 18:55:21.717000+00:00,foothill,Car,0.0,1.1425114,1.1425114,0.0,0.0,4.2417497634887695,0.0,inf,0.0,0.0,1,0,0.89,True,35.293728,-120.66784
151775,2025-10-06 18:55:21.789000+00:00,foothill,Car,0.0,1.1425114,1.1425114,0.0,0.0,4.2417497634887695,0.0,inf,0.0,0.0,0,0,0.9,True,35.293728,-120.66784
151775,2025-10-06 18:55:21.860000+00:00,foothill,Car,0.0,1.1425114,1.1425114,0.0,0.0,4.2417497634887695,0.0,inf,0.0,0.0,0,0,0.89,True,35.293728,-120.66784
151775,2025-10-06 18:55:21.922000+00:00,foothill,Car,0.0,1.1425114,1.1425114,0.0,0.0,4.2417497634887695,0.0,inf,0.0,0.0,0,0,0.88,True,35.293728,-120.66784
151775,2025-10-06 18:55:21.993000+00:00,foothill,Car,0.0,1.1425114,1.1425114,0.0,0.0,4.2417497634887695,0.0,inf,0.0,0.0,0,0,0.89,True,35.293728,-120.66784
151775,2025-10-06 18:55:22.054000+00:00,foothill,Car,0.0,1.1425114,1.1425114,0.0,0.0,4.2417497634887695,0.0,inf,0.0,0.0,0,0,0.87,True,35.293728,-120.66784
151775,2025-10-06 18:55:22.114000+00:00,foothill,Car,0.0,1.1425114,1.1425114,0.0,0.0,4.2417497634887695,0.0,inf,0.0,0.0,0,0,0.89,True,35.293728,-120.66784
151775,2025-10-06 18:55:22.186000+00:00,foothill,Car,0.0,1.1425114,1.1425114,0.0,0.0,4.2417497634887695,0.0,inf,0.0,0.0,0,0,0.87,True,35.293728,-120.66784
151775,2025-10-06 18:55:22.257000+00:00,foothill,Car,0.0,1.1425114,1.1425114,0.0,0.0,4.2417497634887695,0.0,inf,0.0,0.0,0,0,0.9,True,35.293728,-120.66784
151775,2025-10-06 18:55:22.327000+00:00,foothill,Car,5.4248743,1.1425114,1.1425114,0.0,0.0,3.8175747394561768,0.0,inf,5.424874305725098,0.0,0,0,0.9,True,35.29373,-120.66784
151775,2025-10-06 18:55:22.404000+00:00,foothill,Car,4.9317036,1.1425114,1.1425114,180.0,-180.0,4.2417497634887695,-6.039594788642601e-16,7023235749117952.0,4.931703567504883,180.0,0,0,0.88,True,35.293728,-120.66784
151775,2025-10-06 18:55:22.460000+00:00,foothill,Car,6.7810926,1.1425114,1.1425114,0.0,-180.0,3.8175747394561768,0.0,inf,6.781092643737793,0.0,0,0,0.85,True,35.29373,-120.66784
151775,2025-10-06 18:55:22.520000+00:00,foothill,Car,0.0,-1.1425114,-2.2850227,0.0,0.0,3.8175747394561768,0.0,inf,0.0,0.0,0,0,0.76,True,35.29373,-120.66784
151775,2025-10-06 18:55:22.604000+00:00,foothill,Car,0.0,-1.1425114,-2.2850227,0.0,0.0,3.8175747394561768,0.0,inf,0.0,0.0,0,0,0.75,True,35.29373,-120.66784
151775,2025-10-06 18:55:22.653000+00:00,foothill,Car,0.0,-1.1425114,-2.2850227,0.0,0.0,3.8175747394561768,0.0,inf,0.0,0.0,0,0,0.75,True,35.29373,-120.66784
151775,2025-10-06 18:55:22.725000+00:00,foothill,Car,0.0,-1.1425114,-2.2850227,0.0,0.0,3.8175747394561768,0.0,inf,0.0,0.0,0,0,0.75,True,35.29373,-120.66784
151775,2025-10-06 18:55:22.786000+00:00,foothill,Car,0.0,-1.1425114,-2.2850227,0.0,0.0,3.8175747394561768,0.0,inf,0.0,0.0,0,0,0.75,True,35.29373,-120.66784
151775,2025-10-06 18:55:22.867000+00:00,foothill,Car,0.0,-1.1425114,-2.2850227,0.0,0.0,3.8175747394561768,0.0,inf,0.0,0.0,0,0,0.75,True,35.29373,-120.66784
151775,2025-10-06 18:55:22.919000+00:00,foothill,Car,0.0,-1.1425114,-2.2850227,0.0,0.0,3.8175747394561768,0.0,inf,0.0,0.0,0,0,0.75,True,35.29373,-120.66784
151775,2025-10-06 18:55:22.994000+00:00,foothill,Car,0.0,-1.1425114,-2.2850227,0.0,0.0,3.8175747394561768,0.0,inf,0.0,0.0,0,0,0.75,True,35.29373,-120.66784
151775,2025-10-06 18:55:23.055000+00:00,foothill,Car,0.0,-1.1425114,-2.2850227,0.0,0.0,3.8175747394561768,0.0,inf,0.0,0.0,0,0,0.75,True,35.29373,-120.66784
151775,2025-10-06 18:55:23.115000+00:00,foothill,Car,0.0,-1.1425114,-2.2850227,0.0,0.0,3.8175747394561768,0.0,inf,0.0,0.0,0,0,0.75,True,35.29373,-120.66784
151775,2025-10-06 18:55:23.187000+00:00,foothill,Car,0.0,-1.1425114,-2.2850227,0.0,0.0,3.8175747394561768,0.0,inf,0.0,0.0,0,0,0.75,True,35.29373,-120.66784
151775,2025-10-06 18:55:24.458000+00:00,foothill,Car,0.0,0.58602035,1.7285317,0.0,0.0,3.8175747394561768,0.0,inf,0.0,0.0,0,0,0.89,True,35.29373,-120.66784
151775,2025-10-06 18:55:24.519000+00:00,foothill,Car,0.0,-0.16408569,-0.75010604,0.0,0.0,3.8175747394561768,0.0,inf,0.0,0.0,0,0,0.89,True,35.29373,-120.66784
151775,2025-10-06 18:55:24.590000+00:00,foothill,Car,0.0,-0.16408569,-0.75010604,0.0,0.0,3.8175747394561768,0.0,inf,0.0,0.0,0,0,0.88,True,35.29373,-120.66784
151775,2025-10-06 18:55:24.650000+00:00,foothill,Car,0.0,-0.16408569,-0.75010604,0.0,0.0,3.8175747394561768,0.0,inf,0.0,0.0,0,0,0.86,True,35.29373,-120.66784
151775,2025-10-06 18:55:24.721000+00:00,foothill,Car,0.0,-0.16408569,-0.75010604,0.0,0.0,3.8175747394561768,0.0,inf,0.0,0.0,0,0,0.89,True,35.29373,-120.66784
151775,2025-10-06 18:55:24.793000+00:00,foothill,Car,5.2741833,-0.16408569,-0.75010604,180.0,-180.0,4.2417497634887695,-6.459011622805041e-16,6567181089243136.0,5.27418327331543,180.0,0,0,0.87,True,35.293728,-120.66784
151775,2025-10-06 18:55:24.854000+00:00,foothill,Car,0.0,-0.16408569,-0.75010604,0.0,-180.0,4.2417497634887695,0.0,inf,0.0,0.0,0,0,0.88,True,35.293728,-120.66784
151775,2025-10-06 18:55:24.925000+00:00,foothill,Car,0.0,-0.16408569,-0.75010604,0.0,0.0,4.2417497634887695,0.0,inf,0.0,0.0,0,0,0.87,True,35.293728,-120.66784
151775,2025-10-06 18:55:24.996000+00:00,foothill,Car,0.0,-0.16408569,-0.75010604,0.0,0.0,4.2417497634887695,0.0,inf,0.0,0.0,0,0,0.86,True,35.293728,-120.66784
151775,2025-10-06 18:55:25.067000+00:00,foothill,Car,0.0,-0.16408569,-0.75010604,0.0,0.0,4.2417497634887695,0.0,inf,0.0,0.0,0,0,0.89,True,35.293728,-120.66784
151775,2025-10-06 18:55:25.127000+00:00,foothill,Car,6.32902,-0.16408569,-0.75010604,0.0,0.0,3.8175747394561768,0.0,inf,6.329020023345947,0.0,0,0,0.89,True,35.29373,-120.66784
151775,2025-10-06 18:55:25.189000+00:00,foothill,Car,0.0,-0.16408569,-0.75010604,0.0,0.0,3.8175747394561768,0.0,inf,0.0,0.0,0,0,0.88,True,35.29373,-120.66784
151775,2025-10-06 18:55:25.251000+00:00,foothill,Car,0.0,-0.16408569,-0.75010604,0.0,0.0,3.8175747394561768,0.0,inf,0.0,0.0,0,0,0.88,True,35.29373,-120.66784
151775,2025-10-06 18:55:25.322000+00:00,foothill,Car,0.0,-0.16408569,-0.75010604,0.0,0.0,3.8175747394561768,0.0,inf,0.0,0.0,0,0,0.89,True,35.29373,-120.66784
151775,2025-10-06 18:55:25.393000+00:00,foothill,Car,0.0,-0.16408569,-0.75010604,0.0,0.0,3.8175747394561768,0.0,inf,0.0,0.0,0,0,0.9,True,35.29373,-120.66784
151775,2025-10-06 18:55:25.464000+00:00,foothill,Car,0.0,-0.16408569,-0.75010604,0.0,0.0,3.8175747394561768,0.0,inf,0.0,0.0,0,0,0.88,True,35.29373,-120.66784
151775,2025-10-06 18:55:25.525000+00:00,foothill,Car,0.0,-0.06537017,0.098715514,0.0,0.0,3.8175747394561768,0.0,inf,0.0,0.0,0,0,0.88,True,35.29373,-120.66784
151775,2025-10-06 18:55:25.587000+00:00,foothill,Car,0.0,-0.06537017,0.098715514,0.0,0.0,2.89670729637146,0.4015957713127136,inf,0.420011967420578,0.0,0,0,0.88,True,35.29373,-120.66784
151775,2025-10-06 18:55:25.658000+00:00,foothill,Car,0.0,-0.06537017,0.098715514,0.0,0.0,2.89670729637146,0.45896658301353455,inf,0.4800136685371399,0.0,0,0,0.89,True,35.29373,-120.66784
151775,2025-10-06 18:55:25.719000+00:00,foothill,Car,0.0,-0.06537017,0.098715514,0.0,0.0,2.89670729637146,0.47809019684791565,inf,0.5000142455101013,0.0,0,0,0.88,True,35.29373,-120.66784
151775,2025-10-06 18:55:25.794000+00:00,foothill,Car,0.0,-0.06537017,0.098715514,0.0,0.0,2.89670729637146,0.47809019684791565,inf,0.5000142455101013,0.0,0,0,0.89,True,35.29373,-120.66784
151775,2025-10-06 18:55:25.852000+00:00,foothill,Car,0.0,-0.06537017,0.098715514,0.0,0.0,2.89670729637146,0.47809019684791565,inf,0.5000142455101013,0.0,0,0,0.9,True,35.29373,-120.66784
151775,2025-10-06 18:55:25.922000+00:00,foothill,Car,0.0,-0.06537017,0.098715514,0.0,0.0,2.89670729637146,0.47809019684791565,inf,0.5000142455101013,0.0,0,0,0.9,True,35.29373,-120.66784
151775,2025-10-06 18:55:25.995000+00:00,foothill,Car,0.0,-0.06537017,0.098715514,0.0,0.0,2.89670729637146,0.45896658301353455,inf,0.4800136685371399,0.0,0,0,0.9,True,35.29373,-120.66784
151775,2025-10-06 18:55:26.056000+00:00,foothill,Car,0.0,-0.06537017,0.098715514,0.0,0.0,2.89670729637146,0.45896658301353455,inf,0.4800136685371399,0.0,0,0,0.91,True,35.29373,-120.66784
151775,2025-10-06 18:55:26.127000+00:00,foothill,Car,5.3484674,-0.06537017,0.098715514,180.0,-180.0,2.8019886016845703,5.761308670043945,inf,4.868453502655029,180.0,0,0,0.89,True,35.293728,-120.66784
151775,2025-10-06 18:55:26.188000+00:00,foothill,Car,0.0,-0.06537017,0.098715514,0.0,-180.0,2.8019886016845703,0.4052863121032715,inf,0.4100116491317749,0.0,0,0,0.9,True,35.293728,-120.66784
151775,2025-10-06 18:55:26.250000+00:00,foothill,Car,0.0,-0.06537017,0.098715514,0.0,0.0,2.8019886016845703,0.4052863121032715,inf,0.4100116491317749,0.0,0,0,0.9,True,35.293728,-120.66784
151775,2025-10-06 18:55:26.322000+00:00,foothill,Car,0.0,-0.06537017,0.098715514,0.0,0.0,2.8019886016845703,0.4052863121032715,inf,0.4100116491317749,0.0,0,0,0.9,True,35.293728,-120.66784
151775,2025-10-06 18:55:26.393000+00:00,foothill,Car,0.0,-0.06537017,0.098715514,0.0,0.0,3.4880077838897705,0.29778188467025757,inf,0.30000853538513184,0.0,0,0,0.9,True,35.293728,-120.66784
151775,2025-10-06 18:55:26.464000+00:00,foothill,Car,0.0,-0.06537017,0.098715514,0.0,0.0,3.5645437240600586,-10.389568328857422,0.34308871626853943,10.696934700012207,180.0,0,0,0.89,True,35.293728,-120.66784
151775,2025-10-06 18:55:26.514000+00:00,foothill,Car,0.0,-0.3565645,-0.29119432,0.0,0.0,3.5645437240600586,0.0,inf,0.0,0.0,0,0,0.89,True,35.293728,-120.66784
151775,2025-10-06 18:55:26.595000+00:00,foothill,Car,0.0,-0.3565645,-0.29119432,0.0,0.0,3.5645437240600586,0.0,inf,0.0,0.0,0,0,0.89,True,35.293728,-120.66784
151775,2025-10-06 18:55:26.657000+00:00,foothill,Car,0.0,-0.3565645,-0.29119432,0.0,0.0,3.5645437240600586,0.0,inf,0.0,0.0,0,0,0.88,True,35.293728,-120.66784
151775,2025-10-06 18:55:26.728000+00:00,foothill,Car,0.0,-0.3565645,-0.29119432,0.0,0.0,3.5645437240600586,0.058277618139982224,inf,0.06000170856714249,0.0,0,0,0.88,True,35.293728,-120.66784
151775,2025-10-06 18:55:26.789000+00:00,foothill,Car,0.0,-0.3565645,-0.29119432,0.0,0.0,3.4880077838897705,12.358123779296875,inf,12.450531005859375,0.0,0,0,0.88,True,35.293728,-120.66784
151775,2025-10-06 18:55:26.860000+00:00,foothill,Car,0.0,-0.3565645,-0.29119432,0.0,0.0,3.4880077838897705,0.049630314111709595,inf,0.05000142380595207,0.0,0,0,0.9,True,35.293728,-120.66784
151775,2025-10-06 18:55:26.921000+00:00,foothill,Car,0.0,-0.3565645,-0.29119432,0.0,0.0,3.4880077838897705,0.0,inf,0.0,0.0,0,0,0.86,True,35.293728,-120.66784
151775,2025-10-06 18:55:26.992000+00:00,foothill,Car,0.0,-0.3565645,-0.29119432,0.0,0.0,3.4880077838897705,0.0,inf,0.0,0.0,0,0,0.88,True,35.293728,-120.66784
151775,2025-10-06 18:55:27.063000+00:00,foothill,Car,0.0,-0.3565645,-0.29119432,0.0,0.0,3.4880077838897705,0.0,inf,0.0,0.0,0,0,0.88,True,35.293728,-120.66784
151775,2025-10-06 18:55:27.123000+00:00,foothill,Car,0.0,-0.3565645,-0.29119432,0.0,0.0,3.4880077838897705,0.0,inf,0.0,0.0,0,0,0.88,True,35.293728,-120.66784
151775,2025-10-06 18:55:27.186000+00:00,foothill,Car,0.0,-0.3565645,-0.29119432,0.0,0.0,3.4880077838897705,0.0,inf,0.0,0.0,0,0,0.88,True,35.293728,-120.66784
151775,2025-10-06 18:55:27.257000+00:00,foothill,Car,0.0,-0.3565645,-0.29119432,0.0,0.0,3.4880077838897705,0.0,inf,0.0,0.0,0,0,0.88,True,35.293728,-120.66784
151775,2025-10-06 18:55:27.318000+00:00,foothill,Car,0.0,-0.3565645,-0.29119432,0.0,0.0,3.4880077838897705,0.0,inf,0.0,0.0,0,0,0.88,True,35.293728,-120.66784
151775,2025-10-06 18:55:27.389000+00:00,foothill,Car,0.0,-0.3565645,-0.29119432,0.0,0.0,3.4880077838897705,0.0,inf,0.0,0.0,0,0,0.88,True,35.293728,-120.66784
151775,2025-10-06 18:55:27.460000+00:00,foothill,Car,0.0,-0.3565645,-0.29119432,0.0,0.0,3.4880077838897705,0.0,inf,0.0,0.0,0,0,0.88,True,35.293728,-120.66784
151775,2025-10-06 18:55:27.521000+00:00,foothill,Car,0.0,0.0,0.3565645,0.0,0.0,3.4880077838897705,0.0,inf,0.0,0.0,0,0,0.88,True,35.293728,-120.66784
151775,2025-10-06 18:55:27.596000+00:00,foothill,Car,0.0,0.0,0.3565645,0.0,0.0,3.4880077838897705,0.0,inf,0.0,0.0,0,0,0.88,True,35.293728,-120.66784
151775,2025-10-06 18:55:27.662000+00:00,foothill,Car,0.0,0.0,0.3565645,0.0,0.0,3.4880077838897705,0.0,inf,0.0,0.0,0,0,0.88,True,35.293728,-120.66784
151775,2025-10-06 18:55:27.723000+00:00,foothill,Car,0.0,0.0,0.3565645,0.0,0.0,3.4880077838897705,0.0,inf,0.0,0.0,0,0,0.88,True,35.293728,-120.66784
151775,2025-10-06 18:55:27.794000+00:00,foothill,Car,0.0,0.0,0.3565645,0.0,0.0,3.4621198177337646,5.3484673500061035,inf,5.3484673500061035,0.0,0,0,0.88,True,35.293728,-120.66784
151775,2025-10-06 18:55:27.854000+00:00,foothill,Car,0.0,0.0,0.3565645,0.0,0.0,3.4621198177337646,0.0,inf,0.0,0.0,0,0,0.88,True,35.293728,-120.66784
151775,2025-10-06 18:55:27.936000+00:00,foothill,Car,0.0,0.0,0.3565645,0.0,0.0,3.4621198177337646,0.0,inf,0.0,0.0,0,0,0.88,True,35.293728,-120.66784
151775,2025-10-06 18:55:28.008000+00:00,foothill,Car,0.0,0.0,0.3565645,0.0,0.0,3.4621198177337646,0.0,inf,0.0,0.0,0,0,0.88,True,35.293728,-120.66784
151775,2025-10-06 18:55:28.058000+00:00,foothill,Car,0.0,0.0,0.3565645,0.0,0.0,3.4621198177337646,0.0,inf,0.0,0.0,0,0,0.88,True,35.293728,-120.66784
151775,2025-10-06 18:55:28.129000+00:00,foothill,Car,0.0,0.0,0.3565645,0.0,0.0,3.4621198177337646,0.0,inf,0.0,0.0,0,0,0.88,True,35.293728,-120.66784
151775,2025-10-06 18:55:28.190000+00:00,foothill,Car,0.0,0.0,0.3565645,0.0,0.0,3.4621198177337646,0.0,inf,0.0,0.0,0,0,0.88,True,35.293728,-120.66784
151775,2025-10-06 18:55:28.251000+00:00,foothill,Car,0.0,0.0,0.3565645,0.0,0.0,3.4621198177337646,0.0,inf,0.0,0.0,0,0,0.88,True,35.293728,-120.66784
151775,2025-10-06 18:55:28.322000+00:00,foothill,Car,0.0,0.0,0.3565645,0.0,0.0,2.801988363265991,5.2868266105651855,inf,5.3484673500061035,0.0,0,0,0.88,True,35.293728,-120.66784
151775,2025-10-06 18:55:28.388000+00:00,foothill,Car,0.0,0.0,0.3565645,0.0,0.0,2.801988363265991,-0.0,inf,0.0,0.0,0,0,0.88,True,35.293728,-120.66784
151775,2025-10-06 18:55:28.449000+00:00,foothill,Car,0.0,0.0,0.3565645,0.0,0.0,2.801988363265991,-0.0,inf,0.0,0.0,0,0,0.88,True,35.293728,-120.66784
151775,2025-10-06 18:55:28.520000+00:00,foothill,Car,0.0,0.0,0.0,0.0,0.0,2.801988363265991,-0.0,inf,0.0,0.0,0,0,0.88,True,35.293728,-120.66784
151775,2025-10-06 18:55:28.591000+00:00,foothill,Car,0.0,0.0,0.0,0.0,0.0,2.801988363265991,-0.0,inf,0.0,0.0,0,0,0.88,True,35.293728,-120.66784
151775,2025-10-06 18:55:28.653000+00:00,foothill,Car,0.0,0.0,0.0,0.0,0.0,2.801988363265991,-0.0,inf,0.0,0.0,0,0,0.88,True,35.293728,-120.66784
151775,2025-10-06 18:55:28.724000+00:00,foothill,Car,0.0,0.0,0.0,0.0,0.0,2.801988363265991,-0.0,inf,0.0,0.0,0,0,0.88,True,35.293728,-120.66784
151775,2025-10-06 18:55:28.795000+00:00,foothill,Car,0.0,0.0,0.0,0.0,0.0,2.801988363265991,-0.0,inf,0.0,0.0,0,0,0.88,True,35.293728,-120.66784
151775,2025-10-06 18:55:28.856000+00:00,foothill,Car,0.0,0.0,0.0,0.0,0.0,2.801988363265991,-0.0,inf,0.0,0.0,0,0,0.88,True,35.293728,-120.66784
151775,2025-10-06 18:55:28.917000+00:00,foothill,Car,0.0,0.0,0.0,0.0,0.0,2.801988363265991,-0.0,inf,0.0,0.0,0,0,0.88,True,35.293728,-120.66784
151775,2025-10-06 18:55:28.999000+00:00,foothill,Car,0.0,0.0,0.0,0.0,0.0,2.801988363265991,-0.0,inf,0.0,0.0,0,0,0.88,True,35.293728,-120.66784
151775,2025-10-06 18:55:29.060000+00:00,foothill,Car,0.0,0.0,0.0,0.0,0.0,2.5450499057769775,0.0,inf,6.2252655029296875,0.0,0,0,0.88,True,35.293728,-120.66784
151775,2025-10-06 18:55:29.121000+00:00,foothill,Car,0.0,0.0,0.0,0.0,0.0,2.1208748817443848,0.0,inf,6.2252655029296875,0.0,0,0,0.88,True,35.293728,-120.66784
151775,2025-10-06 18:55:29.193000+00:00,foothill,Car,0.0,0.0,0.0,0.0,0.0,1.2725249528884888,0.0,inf,10.54836654663086,0.0,0,0,0.88,True,35.293728,-120.66784
151775,2025-10-06 18:55:29.284000+00:00,foothill,Car,0.0,0.0,0.0,0.0,0.0,0.8483499884605408,0.0,inf,4.172980308532715,0.0,0,0,0.88,True,35.293728,-120.66784
151775,2025-10-06 18:55:31.073000+00:00,foothill,Car,0.0,0.0,0.0,0.0,0.0,2.801988363265991,-0.20981818437576294,13.354363441467285,0.2122645080089569,180.0,0,0,0.88,True,35.293728,-120.66784
151775,2025-10-06 18:55:32.122000+00:00,foothill,Car,0.0,0.0,0.0,0.0,0.0,3.4621198177337646,-0.36200302839279175,9.563786506652832,0.36200302839279175,180.0,0,0,0.88,True,35.293728,-120.66784
151775,2025-10-06 18:55:32.193000+00:00,foothill,Car,0.0,0.0,0.0,0.0,0.0,3.4621198177337646,0.0,inf,0.0,0.0,0,0,0.88,True,35.293728,-120.66784
151775,2025-10-06 18:55:32.265000+00:00,foothill,Car,0.0,0.0,0.0,0.0,0.0,3.4621198177337646,0.0,inf,0.0,0.0,0,0,0.88,True,35.293728,-120.66784
151775,2025-10-06 18:55:32.325000+00:00,foothill,Car,0.0,0.0,0.0,0.0,0.0,3.4621198177337646,0.0,inf,0.0,0.0,0,0,0.88,True,35.293728,-120.66784
151775,2025-10-06 18:55:32.396000+00:00,foothill,Car,0.0,0.0,0.0,0.0,0.0,3.4621198177337646,0.0,inf,0.0,0.0,0,0,0.88,True,35.293728,-120.66784
151775,2025-10-06 18:55:32.458000+00:00,foothill,Car,0.0,0.0,0.0,0.0,0.0,3.4621198177337646,0.0,inf,0.0,0.0,0,0,0.88,True,35.293728,-120.66784
151775,2025-10-06 18:55:32.529000+00:00,foothill,Car,0.0,0.0,0.0,0.0,0.0,3.4621198177337646,0.0,inf,0.0,0.0,0,0,0.88,True,35.293728,-120.66784
151775,2025-10-06 18:55:32.590000+00:00,foothill,Car,0.0,0.0,0.0,0.0,0.0,3.4621198177337646,0.0,inf,0.0,0.0,0,0,0.88,True,35.293728,-120.66784
151775,2025-10-06 18:55:32.651000+00:00,foothill,Car,0.0,0.0,0.0,0.0,0.0,3.4621198177337646,0.0,inf,0.0,0.0,0,0,0.88,True,35.293728,-120.66784
151775,2025-10-06 18:55:32.732000+00:00,foothill,Car,0.0,0.0,0.0,0.0,0.0,3.4621198177337646,0.0,inf,0.0,0.0,0,0,0.88,True,35.293728,-120.66784
151775,2025-10-06 18:55:32.793000+00:00,foothill,Car,0.0,0.0,0.0,0.0,0.0,3.4621198177337646,0.0,inf,0.0,0.0,0,0,0.88,True,35.293728,-120.66784
151775,2025-10-06 18:55:32.855000+00:00,foothill,Car,0.0,0.0,0.0,0.0,0.0,3.4621198177337646,0.0,inf,0.0,0.0,0,0,0.88,True,35.293728,-120.66784
151775,2025-10-06 18:55:32.926000+00:00,foothill,Car,0.0,0.0,0.0,0.0,0.0,3.4621198177337646,0.0,inf,0.0,0.0,0,0,0.88,True,35.293728,-120.66784
151775,2025-10-06 18:55:32.986000+00:00,foothill,Car,0.0,0.0,0.0,0.0,0.0,3.4621198177337646,0.0,inf,0.0,0.0,0,0,0.88,True,35.293728,-120.66784
151775,2025-10-06 18:55:33.057000+00:00,foothill,Car,0.0,0.0,0.0,0.0,0.0,3.4621198177337646,0.0,inf,0.0,0.0,0,0,0.88,True,35.293728,-120.66784
151775,2025-10-06 18:55:33.128000+00:00,foothill,Car,0.0,0.0,0.0,0.0,0.0,3.4621198177337646,0.0,inf,0.0,0.0,0,0,0.88,True,35.293728,-120.66784
151775,2025-10-06 18:55:33.189000+00:00,foothill,Car,0.0,0.0,0.0,0.0,0.0,3.4621198177337646,0.0,inf,0.0,0.0,0,0,0.88,True,35.293728,-120.66784
151775,2025-10-06 18:55:33.260000+00:00,foothill,Car,0.0,0.0,0.0,0.0,0.0,3.4621198177337646,0.0,inf,0.0,0.0,0,0,0.88,True,35.293728,-120.66784
151775,2025-10-06 18:55:33.321000+00:00,foothill,Car,0.0,0.0,0.0,0.0,0.0,3.4621198177337646,0.0,inf,0.0,0.0,0,0,0.88,True,35.293728,-120.66784
151775,2025-10-06 18:55:33.392000+00:00,foothill,Car,0.0,0.0,0.0,0.0,0.0,3.4621198177337646,0.0,inf,0.0,0.0,0,0,0.88,True,35.293728,-120.66784
151775,2025-10-06 18:55:33.453000+00:00,foothill,Car,0.0,0.0,0.0,0.0,0.0,3.4621198177337646,0.0,inf,0.0,0.0,0,0,0.88,True,35.293728,-120.66784
151775,2025-10-06 18:55:33.524000+00:00,foothill,Car,0.0,0.0,0.0,0.0,0.0,3.4621198177337646,0.0,inf,0.0,0.0,0,0,0.88,True,35.293728,-120.66784
151775,2025-10-06 18:55:33.585000+00:00,foothill,Car,0.0,0.0,0.0,0.0,0.0,3.4621198177337646,0.0,inf,0.0,0.0,0,0,0.88,True,35.293728,-120.66784
151775,2025-10-06 18:55:33.656000+00:00,foothill,Car,0.0,0.0,0.0,0.0,0.0,3.4621198177337646,0.0,inf,0.0,0.0,0,0,0.88,True,35.293728,-120.66784
151775,2025-10-06 18:55:33.717000+00:00,foothill,Car,0.0,0.0,0.0,0.0,0.0,3.4621198177337646,0.0,inf,0.0,0.0,0,0,0.88,True,35.293728,-120.66784
151775,2025-10-06 18:55:33.777000+00:00,foothill,Car,0.0,0.0,0.0,0.0,0.0,3.4621198177337646,0.0,inf,0.0,0.0,0,0,0.88,True,35.293728,-120.66784
151775,2025-10-06 18:55:33.859000+00:00,foothill,Car,0.0,0.0,0.0,0.0,0.0,3.4621198177337646,0.0,inf,0.0,0.0,0,0,0.88,True,35.293728,-120.66784
151775,2025-10-06 18:55:33.930000+00:00,foothill,Car,0.0,0.0,0.0,0.0,0.0,3.4621198177337646,0.0,inf,0.0,0.0,0,0,0.88,True,35.293728,-120.66784
151775,2025-10-06 18:55:33.995000+00:00,foothill,Car,0.0,0.0,0.0,0.0,0.0,3.4621198177337646,0.0,inf,0.0,0.0,0,0,0.88,True,35.293728,-120.66784
151775,2025-10-06 18:55:34.055000+00:00,foothill,Car,0.0,0.0,0.0,0.0,0.0,3.4621198177337646,0.0,inf,0.0,0.0,0,0,0.88,True,35.293728,-120.66784
151775,2025-10-06 18:55:34.126000+00:00,foothill,Car,0.0,0.0,0.0,0.0,0.0,3.4621198177337646,0.0,inf,0.0,0.0,0,0,0.88,True,35.293728,-120.66784
151775,2025-10-06 18:55:34.187000+00:00,foothill,Car,0.0,0.0,0.0,0.0,0.0,3.4621198177337646,0.0,inf,0.0,0.0,0,0,0.88,True,35.293728,-120.66784
151775,2025-10-06 18:55:34.258000+00:00,foothill,Car,0.0,0.0,0.0,0.0,0.0,3.4621198177337646,0.0,inf,0.0,0.0,0,0,0.88,True,35.293728,-120.66784
151775,2025-10-06 18:55:34.319000+00:00,foothill,Car,0.0,0.0,0.0,0.0,0.0,3.4621198177337646,0.0,inf,0.0,0.0,0,0,0.88,True,35.293728,-120.66784
151775,2025-10-06 18:55:34.390000+00:00,foothill,Car,0.0,0.0,0.0,0.0,0.0,3.4621198177337646,0.0,inf,0.0,0.0,0,0,0.88,True,35.293728,-120.66784
151775,2025-10-06 18:55:34.451000+00:00,foothill,Car,0.0,0.0,0.0,0.0,0.0,3.4621198177337646,0.0,inf,0.0,0.0,0,0,0.88,True,35.293728,-120.66784
151775,2025-10-06 18:55:34.522000+00:00,foothill,Car,0.0,0.0,0.0,0.0,0.0,3.4621198177337646,0.0,inf,0.0,0.0,0,0,0.88,True,35.293728,-120.66784
151775,2025-10-06 18:55:34.603000+00:00,foothill,Car,0.0,0.0,0.0,0.0,0.0,3.4621198177337646,0.0,inf,0.0,0.0,0,0,0.88,True,35.293728,-120.66784
151775,2025-10-06 18:55:34.664000+00:00,foothill,Car,0.0,0.0,0.0,0.0,0.0,3.4621198177337646,0.0,inf,0.0,0.0,0,0,0.88,True,35.293728,-120.66784
151775,2025-10-06 18:55:34.715000+00:00,foothill,Car,0.0,0.0,0.0,0.0,0.0,3.4621198177337646,0.0,inf,0.0,0.0,0,0,0.88,True,35.293728,-120.66784
151775,2025-10-06 18:55:34.797000+00:00,foothill,Car,0.0,0.0,0.0,0.0,0.0,3.4621198177337646,0.0,inf,0.0,0.0,0,0,0.88,True,35.293728,-120.66784
151775,2025-10-06 18:55:34.858000+00:00,foothill,Car,0.0,0.0,0.0,0.0,0.0,3.4621198177337646,0.0,inf,0.0,0.0,0,0,0.88,True,35.293728,-120.66784
151775,2025-10-06 18:55:34.919000+00:00,foothill,Car,0.0,0.0,0.0,0.0,0.0,3.4621198177337646,0.0,inf,0.0,0.0,0,0,0.88,True,35.293728,-120.66784
151775,2025-10-06 18:55:35+00:00,foothill,Car,0.0,0.0,0.0,0.0,0.0,3.4621198177337646,0.0,inf,0.0,0.0,0,0,0.88,True,35.293728,-120.66784
151775,2025-10-06 18:55:35.061000+00:00,foothill,Car,0.0,0.0,0.0,0.0,0.0,3.4621198177337646,0.0,inf,0.0,0.0,0,0,0.88,True,35.293728,-120.66784
151775,2025-10-06 18:55:35.122000+00:00,foothill,Car,0.0,0.0,0.0,0.0,0.0,3.4621198177337646,0.0,inf,0.0,0.0,0,0,0.88,True,35.293728,-120.66784
151775,2025-10-06 18:55:35.193000+00:00,foothill,Car,0.0,0.0,0.0,0.0,0.0,3.4621198177337646,0.0,inf,0.0,0.0,0,0,0.88,True,35.293728,-120.66784
151775,2025-10-06 18:55:35.254000+00:00,foothill,Car,0.0,0.0,0.0,0.0,0.0,3.4621198177337646,0.0,inf,0.0,0.0,0,0,0.88,True,35.293728,-120.66784
151775,2025-10-06 18:55:35.325000+00:00,foothill,Car,0.0,0.0,0.0,0.0,0.0,3.4621198177337646,0.0,inf,0.0,0.0,0,0,0.88,True,35.293728,-120.66784
151775,2025-10-06 18:55:35.397000+00:00,foothill,Car,0.0,0.0,0.0,0.0,0.0,3.4621198177337646,0.0,inf,0.0,0.0,0,0,0.88,True,35.293728,-120.66784
151775,2025-10-06 18:55:35.447000+00:00,foothill,Car,0.0,0.0,0.0,0.0,0.0,3.4621198177337646,0.0,inf,0.0,0.0,0,0,0.88,True,35.293728,-120.66784
151775,2025-10-06 18:55:35.518000+00:00,foothill,Car,0.0,0.0,0.0,0.0,0.0,3.4621198177337646,0.0,inf,0.0,0.0,0,0,0.88,True,35.293728,-120.66784
151775,2025-10-06 18:55:35.589000+00:00,foothill,Car,0.0,0.0,0.0,0.0,0.0,3.4621198177337646,0.0,inf,0.0,0.0,0,0,0.88,True,35.293728,-120.66784
151775,2025-10-06 18:55:35.650000+00:00,foothill,Car,0.0,0.0,0.0,0.0,0.0,3.4621198177337646,0.0,inf,0.0,0.0,0,0,0.88,True,35.293728,-120.66784
151775,2025-10-06 18:55:35.721000+00:00,foothill,Car,0.0,0.0,0.0,0.0,0.0,3.4621198177337646,0.0,inf,0.0,0.0,0,0,0.88,True,35.293728,-120.66784
151775,2025-10-06 18:55:35.792000+00:00,foothill,Car,0.0,0.0,0.0,0.0,0.0,3.4621198177337646,0.0,inf,0.0,0.0,0,0,0.88,True,35.293728,-120.66784
151775,2025-10-06 18:55:35.863000+00:00,foothill,Car,0.0,0.0,0.0,0.0,0.0,3.4621198177337646,0.0,inf,0.0,0.0,0,0,0.88,True,35.293728,-120.66784
151776,2025-10-06 18:55:21.717000+00:00,foothill,Car,5.9801702,-1.6095381,-1.6095381,0.0,0.0,6.096057415008545,5.4340667724609375,inf,5.980170249938965,0.0,1,0,0.99,True,35.294014,-120.66763
151776,2025-10-06 18:55:21.789000+00:00,foothill,Car,6.1201744,-1.6095381,-1.6095381,0.0,0.0,6.096057415008545,5.561285972595215,inf,6.120174407958984,0.0,0,0,0.99,True,35.294014,-120.66763
151776,2025-10-06 18:55:21.860000+00:00,foothill,Car,5.3484674,-1.6095381,-1.6095381,180.0,-180.0,6.903009414672852,-4.828407287597656,1.4296659231185913,5.3484673500061035,180.0,0,0,0.99,True,35.29401,-120.667625
151776,2025-10-06 18:55:21.922000+00:00,foothill,Car,6.140175,-1.6095381,-1.6095381,0.0,-180.0,6.903009414672852,5.543132781982422,inf,6.140174865722656,0.0,0,0,0.99,True,35.29401,-120.667625
151776,2025-10-06 18:55:21.993000+00:00,foothill,Car,17.461634,-1.6095381,-1.6095381,90.0,90.0,3.393399953842163,17.461633682250977,inf,12.511492729187012,90.0,0,0,0.99,True,35.29401,-120.66762
151776,2025-10-06 18:55:22.054000+00:00,foothill,Car,5.730163,-1.6095381,-1.6095381,0.0,-90.0,3.0488922595977783,1.5262356996536255,inf,6.720367908477783,0.0,0,0,0.99,True,35.29401,-120.66762
151776,2025-10-06 18:55:22.114000+00:00,foothill,Car,5.720163,-1.6095381,-1.6095381,0.0,0.0,3.0488922595977783,-0.07040489464998245,43.305118560791016,0.3100090026855469,0.0,0,0,0.99,True,35.29401,-120.66762
151776,2025-10-06 18:55:22.186000+00:00,foothill,Car,5.720163,-1.6095381,-1.6095381,0.0,0.0,2.9692249298095703,0.0,inf,0.12000322341918945,0.0,0,0,0.99,True,35.29401,-120.66761
151776,2025-10-06 18:55:22.257000+00:00,foothill,Car,5.720163,-1.6095381,-1.6095381,0.0,0.0,3.0488922595977783,-18.30445098876953,0.16656562685966492,11.741476058959961,90.0,0,0,0.99,True,35.29401,-120.66761
151776,2025-10-06 18:55:22.327000+00:00,foothill,Car,5.6401606,-1.6095381,-1.6095381,0.0,0.0,3.0488922595977783,0.09538723528385162,inf,0.4200119972229004,0.0,0,0,0.99,True,35.29401,-120.66761
151776,2025-10-06 18:55:22.404000+00:00,foothill,Car,16.100986,-1.6095381,-1.6095381,90.0,90.0,3.0488922595977783,17.079280853271484,inf,9.940811157226562,90.0,0,0,0.99,True,35.29401,-120.6676
151776,2025-10-06 18:55:22.460000+00:00,foothill,Car,5.62016,-1.6095381,-1.6095381,0.0,-90.0,3.0488922595977783,0.13172513246536255,inf,0.5800161361694336,0.0,0,0,0.99,True,35.29401,-120.6676
151776,2025-10-06 18:55:22.520000+00:00,foothill,Car,5.480156,2.0124025,3.6219406,0.0,0.0,3.0488922595977783,-21.367591857910156,0.14268769323825836,15.182783126831055,90.0,0,0,0.99,True,35.29401,-120.667595
151776,2025-10-06 18:55:22.604000+00:00,foothill,Car,5.2201486,2.0124025,3.6219406,0.0,0.0,3.0488922595977783,0.19077447056770325,inf,0.8400239944458008,0.0,0,0,0.99,True,35.29401,-120.667595
151776,2025-10-06 18:55:22.653000+00:00,foothill,Car,5.060144,2.0124025,3.6219406,0.0,0.0,3.276291608810425,-25.06905174255371,0.13069069385528564,20.24141502380371,90.0,0,0,0.99,True,35.29401,-120.667595
151776,2025-10-06 18:55:22.725000+00:00,foothill,Car,4.91014,2.0124025,3.6219406,0.0,0.0,3.276291608810425,0.300115704536438,inf,0.7100200653076172,0.0,0,0,0.99,True,35.29401,-120.667595
151776,2025-10-06 18:55:22.786000+00:00,foothill,Car,4.6201315,2.0124025,3.6219406,0.0,0.0,2.8974246978759766,0.7671843767166138,inf,1.6051340103149414,0.0,0,0,0.99,True,35.29401,-120.667595
151776,2025-10-06 18:55:22.867000+00:00,foothill,Car,15.305877,2.0124025,3.6219406,90.0,90.0,2.8974246978759766,16.097164154052734,inf,9.755718231201172,90.0,0,0,0.99,True,35.29401,-120.66759
151776,2025-10-06 18:55:22.919000+00:00,foothill,Car,4.22012,2.0124025,3.6219406,0.0,-90.0,2.8974246978759766,0.6118018627166748,inf,1.280036449432373,0.0,0,0,0.99,True,35.29401,-120.66759
151776,2025-10-06 18:55:22.994000+00:00,foothill,Car,3.940112,2.0124025,3.6219406,0.0,0.0,2.8974246978759766,0.7360740900039673,inf,1.540043830871582,0.0,0,0,0.99,True,35.29401,-120.66759
151776,2025-10-06 18:55:23.055000+00:00,foothill,Car,3.9201117,2.0124025,3.6219406,0.0,0.0,3.2851648330688477,-18.2241153717041,0.18026471138000488,16.404090881347656,90.0,0,0,0.99,True,35.29401,-120.66759
151776,2025-10-06 18:55:23.115000+00:00,foothill,Car,3.9101112,2.0124025,3.6219406,0.0,0.0,3.2851648330688477,0.9864423871040344,inf,1.560044527053833,0.0,0,0,0.99,True,35.29401,-120.66759
151776,2025-10-06 18:55:23.187000+00:00,foothill,Car,18.008741,2.0124025,3.6219406,81.29285,81.29285,3.276291608810425,17.23765754699707,inf,12.66858959197998,81.2928466796875,0,0,0.99,True,35.294014,-120.66758
151776,2025-10-06 18:55:24.458000+00:00,foothill,Car,2.1469216,0.6745224,-1.3378801,61.80771,-19.485138,10.625319480895996,-6.396030426025391,1.6612365245819092,5.662255764007568,155.09463500976562,0,0,0.99,True,35.29402,-120.66754
151776,2025-10-06 18:55:24.519000+00:00,foothill,Car,20.324194,0.6745224,-1.3378801,90.0,28.192291,11.575538635253906,-28.300920486450195,0.40901634097099304,1.9073486328125e-05,180.0,0,0,0.99,True,35.29402,-120.667534
151776,2025-10-06 18:55:24.590000+00:00,foothill,Car,4.0201144,0.6745224,-1.3378801,0.0,-90.0,11.575538635253906,-3.9121832847595215,2.95884370803833,5.450154781341553,0.0,0,0,0.99,True,35.29402,-120.667534
151776,2025-10-06 18:55:24.650000+00:00,foothill,Car,4.390125,0.6745224,-1.3378801,0.0,0.0,12.08218765258789,-3.874215841293335,3.118614912033081,5.200148105621338,0.0,0,0,0.99,True,35.29402,-120.667534
151776,2025-10-06 18:55:24.721000+00:00,foothill,Car,4.6101313,0.6745224,-1.3378801,0.0,0.0,13.146417617797852,-7.062497615814209,1.8614403009414673,12.851483345031738,90.0,0,0,0.99,True,35.29402,-120.66753
151776,2025-10-06 18:55:24.793000+00:00,foothill,Car,4.780136,0.6745224,-1.3378801,0.0,0.0,13.146417617797852,-3.6896345615386963,3.563067674636841,4.670132637023926,0.0,0,0,0.99,True,35.29402,-120.66753
151776,2025-10-06 18:55:24.854000+00:00,foothill,Car,20.324194,0.6745224,-1.3378801,90.0,90.0,14.509650230407715,-16.933481216430664,0.8568616509437561,14.098928451538086,90.0,0,0,0.99,True,35.29402,-120.66752
151776,2025-10-06 18:55:24.925000+00:00,foothill,Car,17.46163,0.6745224,-1.3378801,90.0,0.0,15.076823234558105,-17.40618896484375,0.8661760091781616,8.29136848449707,90.0,0,0,0.99,True,35.29402,-120.66751
151776,2025-10-06 18:55:24.996000+00:00,foothill,Car,5.5301576,0.6745224,-1.3378801,0.0,-90.0,14.565577507019043,4.5037431716918945,inf,11.931476593017578,90.0,0,0,0.99,True,35.29402,-120.66751
151777,2025-10-06 18:55:21.717000+00:00,foothill,Car,15.750448,0.8614063,0.8614063,0.0,0.0,13.962773323059082,-2.1274936199188232,6.563015460968018,2.8600807189941406,0.0,1,0,0.99,True,35.294086,-120.66807
151777,2025-10-06 18:55:21.789000+00:00,foothill,Car,17.219095,0.8614063,0.8614063,270.0,-90.0,12.744073867797852,-17.373506546020508,0.7335349321365356,13.909001350402832,90.0,0,0,0.99,True,35.294086,-120.66808
151777,2025-10-06 18:55:21.860000+00:00,foothill,Car,17.461617,0.8614063,0.8614063,270.0,0.0,12.725249290466309,-17.46161651611328,0.728755533695221,14.16152286529541,90.0,0,0,0.99,True,35.294086,-120.66809
151777,2025-10-06 18:55:21.922000+00:00,foothill,Car,15.7204485,0.8614063,0.8614063,0.0,90.0,12.744073867797852,-0.6726594567298889,18.945802688598633,12.380353927612305,0.0,0,0,0.99,True,35.294086,-120.6681
151777,2025-10-06 18:55:21.993000+00:00,foothill,Car,17.461617,0.8614063,0.8614063,270.0,-90.0,12.475234031677246,-32.31132507324219,0.3860947787761688,0.8007774353027344,155.32373046875,0,0,0.99,True,35.294086,-120.668106
151777,2025-10-06 18:55:22.054000+00:00,foothill,Car,21.2562,0.8614063,0.8614063,245.3237,-24.6763,12.195569038391113,-16.00010871887207,0.7622178792953491,17.756101608276367,114.67630004882812,0,0,0.99,True,35.294083,-120.66811
151777,2025-10-06 18:55:22.114000+00:00,foothill,Car,16.000456,0.8614063,0.8614063,0.0,114.6763,12.371213912963867,-3.4590671062469482,3.5764596462249756,12.360352516174316,0.0,0,0,0.99,True,35.294083,-120.66812
151777,2025-10-06 18:55:22.186000+00:00,foothill,Car,17.219097,0.8614063,0.8614063,270.0,-90.0,13.221549034118652,-17.95380401611328,0.7364205121994019,11.944913864135742,90.0,0,0,0.98,True,35.294083,-120.66813
151777,2025-10-06 18:55:22.257000+00:00,foothill,Car,15.860452,0.8614063,0.8614063,0.0,90.0,13.490777015686035,-4.861693382263184,2.7749130725860596,11.840337753295898,0.0,0,0,0.95,True,35.294083,-120.66814
151778,2025-10-06 18:55:21.717000+00:00,foothill,Car,4.9701414,-0.031482697,-0.031482697,0.0,0.0,10.805914878845215,1.5225380659103394,inf,7.920226097106934,0.0,1,0,0.98,True,35.293907,-120.66798
151778,2025-10-06 18:55:21.789000+00:00,foothill,Car,5.2741833,-0.031482697,-0.031482697,180.0,-180.0,11.37101936340332,17.98516845703125,inf,11.944929122924805,90.0,0,0,0.98,True,35.293903,-120.66798
151778,2025-10-06 18:55:21.860000+00:00,foothill,Car,18.262407,-0.031482697,-0.031482697,114.67624,-65.32376,11.078760147094727,7.6243767738342285,inf,18.262407302856445,114.67623901367188,0,0,0.99,True,35.2939,-120.66797
151778,2025-10-06 18:55:21.922000+00:00,foothill,Car,6.124858,-0.031482697,-0.031482697,180.0,65.32376,11.08687686920166,6.120373725891113,inf,6.1248579025268555,180.0,0,0,0.99,True,35.293896,-120.66797
151778,2025-10-06 18:55:21.993000+00:00,foothill,Car,5.3484674,-0.031482697,-0.031482697,180.0,0.0,11.111193656921387,5.332855224609375,inf,5.3484673500061035,180.0,0,0,0.99,True,35.29389,-120.66797
151778,2025-10-06 18:55:22.054000+00:00,foothill,Car,21.25625,-0.031482697,-0.031482697,114.67624,-65.32376,10.464001655578613,6.459501266479492,inf,21.256250381469727,114.67623901367188,0,0,0.99,True,35.293888,-120.66796
151778,2025-10-06 18:55:22.114000+00:00,foothill,Car,12.65804,-0.031482697,-0.031482697,180.0,65.32376,10.524011611938477,12.492449760437012,inf,12.658040046691895,180.0,0,0,0.99,True,35.293884,-120.66796
151778,2025-10-06 18:55:22.186000+00:00,foothill,Car,5.2741833,-0.031482697,-0.031482697,180.0,0.0,10.600666999816895,5.167547702789307,inf,5.27418327331543,180.0,0,0,0.99,True,35.29388,-120.66796
151778,2025-10-06 18:55:22.257000+00:00,foothill,Car,5.7501636,-0.031482697,-0.031482697,0.0,-180.0,10.600666999816895,-5.633904457092285,1.8815844058990479,5.750163555145264,0.0,0,0,0.99,True,35.29388,-120.66796
151778,2025-10-06 18:55:22.327000+00:00,foothill,Car,5.4248743,-0.031482697,-0.031482697,180.0,-180.0,10.693611145019531,5.2689948081970215,inf,5.424874305725098,180.0,0,0,0.99,True,35.293877,-120.66796
151778,2025-10-06 18:55:22.404000+00:00,foothill,Car,5.5601583,-0.031482697,-0.031482697,0.0,-180.0,10.693611145019531,-5.400391578674316,1.9801547527313232,5.5601582527160645,0.0,0,0,0.99,True,35.293877,-120.66796
151778,2025-10-06 18:55:22.460000+00:00,foothill,Car,6.7810926,-0.031482697,-0.031482697,180.0,-180.0,10.802422523498535,6.519901275634766,inf,6.781092643737793,180.0,0,0,0.99,True,35.293873,-120.66796
151778,2025-10-06 18:55:22.520000+00:00,foothill,Car,6.32902,-0.22290516,-0.19142246,180.0,0.0,10.926628112792969,6.016068935394287,inf,6.329020023345947,180.0,0,0,0.99,True,35.29387,-120.66796
151778,2025-10-06 18:55:22.604000+00:00,foothill,Car,4.5207286,-0.22290516,-0.19142246,180.0,0.0,10.418536186218262,4.206307411193848,inf,4.520728588104248,180.0,0,0,0.99,True,35.293865,-120.66795
151778,2025-10-06 18:55:22.653000+00:00,foothill,Car,5.310151,-0.22290516,-0.19142246,0.0,-180.0,10.418536186218262,-4.94082498550415,2.108663320541382,5.310151100158691,0.0,0,0,0.99,True,35.293865,-120.66795
151778,2025-10-06 18:55:22.725000+00:00,foothill,Car,5.2741833,-0.22290516,-0.19142246,180.0,-180.0,10.581326484680176,4.8318610191345215,inf,5.27418327331543,180.0,0,0,0.99,True,35.29386,-120.66795
151778,2025-10-06 18:55:22.786000+00:00,foothill,Car,6.2252655,-0.22290516,-0.19142246,180.0,0.0,10.524016380310059,6.14382791519165,inf,6.2252655029296875,180.0,0,0,0.99,True,35.293858,-120.66795
151778,2025-10-06 18:55:22.867000+00:00,foothill,Car,4.688163,-0.22290516,-0.19142246,0.0,-180.0,10.464007377624512,-4.653367519378662,2.2486956119537354,4.688162803649902,0.0,0,0,0.99,True,35.293854,-120.66795
151778,2025-10-06 18:55:22.919000+00:00,foothill,Car,5.030143,-0.22290516,-0.19142246,0.0,0.0,10.464007377624512,-4.992809295654297,2.095815658569336,5.030142784118652,0.0,0,0,0.99,True,35.293854,-120.66795
151778,2025-10-06 18:55:22.994000+00:00,foothill,Car,19.385511,-0.22290516,-0.19142246,121.491455,121.491455,9.730971336364746,11.52900505065918,inf,19.38551139831543,121.491455078125,0,0,0.99,True,35.29385,-120.667946
151778,2025-10-06 18:55:23.055000+00:00,foothill,Car,12.450531,-0.22290516,-0.19142246,180.0,58.508545,9.53066635131836,12.211528778076172,inf,6.2252655029296875,180.0,0,0,0.99,True,35.293842,-120.667946
151778,2025-10-06 18:55:23.115000+00:00,foothill,Car,5.5001564,-0.22290516,-0.19142246,0.0,-180.0,9.213908195495605,0.5606003403663635,inf,0.8288636207580566,0.0,0,0,0.99,True,35.293842,-120.667946
151778,2025-10-06 18:55:23.187000+00:00,foothill,Car,5.2741833,-0.22290516,-0.19142246,180.0,-180.0,8.608172416687012,7.636395454406738,inf,0.0,180.0,0,0,0.99,True,35.29384,-120.667946
151778,2025-10-06 18:55:24.458000+00:00,foothill,Car,5.465669,-2.3287125,-2.1058073,169.71954,-10.280457,6.904160022735596,4.015201568603516,inf,1.461000919342041,176.18283081054688,0,0,0.99,True,35.293777,-120.66793
151778,2025-10-06 18:55:24.519000+00:00,foothill,Car,5.3601527,-2.3287125,-2.1058073,0.0,-169.71954,6.904160022735596,-1.281752109527588,5.386501789093018,2.1300606727600098,0.0,0,0,0.99,True,35.293777,-120.66793
151779,2025-10-06 18:55:21.717000+00:00,foothill,Car,8.340238,0.56584454,0.56584454,0.0,0.0,7.504209995269775,-2.3086841106414795,3.25042724609375,8.340237617492676,0.0,1,0,0.99,True,35.294117,-120.66773
151779,2025-10-06 18:55:21.789000+00:00,foothill,Car,5.2741833,0.56584454,0.56584454,0.0,0.0,7.097581386566162,-1.5436041355133057,4.598058223724365,5.27418327331543,0.0,0,0,0.99,True,35.29412,-120.66773
151779,2025-10-06 18:55:21.860000+00:00,foothill,Car,8.060229,0.56584454,0.56584454,0.0,0.0,7.330196857452393,-3.045520782470703,2.4068779945373535,8.060229301452637,0.0,0,0,0.99,True,35.29412,-120.66774
151779,2025-10-06 18:55:21.922000+00:00,foothill,Car,8.060229,0.56584454,0.56584454,0.0,0.0,7.330196857452393,-3.045520782470703,2.4068779945373535,8.060229301452637,0.0,0,0,0.99,True,35.29412,-120.66774
151779,2025-10-06 18:55:21.993000+00:00,foothill,Car,18.262365,0.56584454,0.56584454,278.70715,-81.29285,7.243558406829834,14.535117149353027,inf,18.262365341186523,81.2928466796875,0,0,0.99,True,35.294125,-120.66775
151779,2025-10-06 18:55:22.054000+00:00,foothill,Car,6.2252655,0.56584454,0.56584454,0.0,81.29285,7.247429847717285,-3.568575620651245,2.030902624130249,6.2252655029296875,0.0,0,0,0.99,True,35.29413,-120.667755
151779,2025-10-06 18:55:22.114000+00:00,foothill,Car,6.32902,0.56584454,0.56584454,0.0,0.0,6.904149055480957,-3.8084418773651123,1.8128539323806763,6.329020023345947,0.0,0,0,0.99,True,35.294132,-120.667755
151779,2025-10-06 18:55:22.186000+00:00,foothill,Car,18.008717,0.56584454,0.56584454,294.67633,-65.32367,7.028652667999268,6.666083812713623,inf,18.008716583251953,65.32366943359375,0,0,0.99,True,35.294136,-120.66776
151779,2025-10-06 18:55:22.257000+00:00,foothill,Car,8.220234,0.56584454,0.56584454,0.0,65.32367,7.52287483215332,-6.052852630615234,1.2428643703460693,8.220233917236328,0.0,0,0,0.99,True,35.294136,-120.66777
151779,2025-10-06 18:55:22.327000+00:00,foothill,Car,5.4248743,0.56584454,0.56584454,0.0,0.0,7.242609024047852,-4.149104595184326,1.7455836534500122,5.424874305725098,0.0,0,0,0.99,True,35.29414,-120.66777
151779,2025-10-06 18:55:22.404000+00:00,foothill,Car,16.83932,0.56584454,0.56584454,278.70715,-81.29285,7.538404941558838,7.258679389953613,inf,16.839319229125977,81.2928466796875,0,0,0.99,True,35.294144,-120.66778
151779,2025-10-06 18:55:22.460000+00:00,foothill,Car,13.562185,0.56584454,0.56584454,0.0,81.29285,7.308145046234131,-11.56471061706543,0.6319349408149719,13.562185287475586,0.0,0,0,0.99,True,35.294147,-120.66778
151779,2025-10-06 18:55:22.520000+00:00,foothill,Car,20.662897,2.9464273,2.3805828,270.0,-90.0,7.906861305236816,9.976418495178223,inf,20.66289710998535,90.0,0,0,0.99,True,35.294147,-120.667786
151779,2025-10-06 18:55:22.604000+00:00,foothill,Car,4.5207286,2.9464273,2.3805828,0.0,90.0,7.7110137939453125,-4.059445381164551,1.8995239734649658,4.520728588104248,0.0,0,0,0.99,True,35.29415,-120.667786
151779,2025-10-06 18:55:22.653000+00:00,foothill,Car,7.74982,2.9464273,2.3805828,0.0,0.0,8.174914360046387,-7.220559120178223,1.1321719884872437,7.749820232391357,0.0,0,0,0.99,True,35.294155,-120.66779
151779,2025-10-06 18:55:22.725000+00:00,foothill,Car,5.2741833,2.9464273,2.3805828,0.0,0.0,8.030579566955566,-5.002311706542969,1.605373740196228,5.27418327331543,0.0,0,0,0.99,True,35.29416,-120.66779
151779,2025-10-06 18:55:22.786000+00:00,foothill,Car,6.2252655,2.9464273,2.3805828,0.0,0.0,7.9063920974731445,-5.9971089363098145,1.3183672428131104,6.2252655029296875,0.0,0,0,0.99,True,35.294163,-120.66779
151779,2025-10-06 18:55:22.867000+00:00,foothill,Car,16.007742,2.9464273,2.3805828,287.0298,-72.970215,8.480504989624023,-1.531130313873291,5.538722038269043,16.007741928100586,72.97021484375,0,0,0.99,True,35.294167,-120.6678
151779,2025-10-06 18:55:22.919000+00:00,foothill,Car,7.3027153,2.9464273,2.3805828,0.0,72.970215,8.405920028686523,-7.218551158905029,1.1644885540008545,7.302715301513672,0.0,0,0,0.99,True,35.29417,-120.6678
151779,2025-10-06 18:55:22.994000+00:00,foothill,Car,10.126431,2.9464273,2.3805828,0.0,0.0,9.011449813842773,-10.115206718444824,0.8908814191818237,10.126431465148926,0.0,0,0,0.99,True,35.294178,-120.66781
151779,2025-10-06 18:55:23.055000+00:00,foothill,Car,12.450531,2.9464273,2.3805828,0.0,0.0,9.001461029052734,-12.450531005859375,0.7229780554771423,12.450531005859375,0.0,0,0,0.99,True,35.29418,-120.66781
151779,2025-10-06 18:55:23.115000+00:00,foothill,Car,21.610449,2.9464273,2.3805828,294.67633,-65.32367,9.703156471252441,-9.871993064880371,0.9828974008560181,21.610448837280273,65.32366943359375,0,0,0.99,True,35.294186,-120.667816
151779,2025-10-06 18:55:23.187000+00:00,foothill,Car,5.2741833,2.9464273,2.3805828,0.0,65.32367,9.730931282043457,-5.254101753234863,1.852063775062561,5.27418327331543,0.0,0,0,0.99,True,35.29419,-120.667816
151780,2025-10-06 18:55:21.717000+00:00,foothill,Car,12.8903675,0.34340382,0.34340382,0.0,0.0,10.805914878845215,1.5225380659103394,inf,7.920226097106934,0.0,1,0,0.99,True,35.294003,-120.66795
151780,2025-10-06 18:55:21.789000+00:00,foothill,Car,17.219112,0.34340382,0.34340382,90.0,90.0,11.37101936340332,17.98516845703125,inf,11.944929122924805,90.0,0,0,0.99,True,35.294003,-120.667946
151780,2025-10-06 18:55:21.860000+00:00,foothill,Car,12.750362,0.34340382,0.34340382,0.0,-90.0,11.782872200012207,-11.34044075012207,1.0390136241912842,5.512044906616211,114.67623901367188,0,0,0.99,True,35.294003,-120.66794
151780,2025-10-06 18:55:21.922000+00:00,foothill,Car,19.99639,0.34340382,0.34340382,90.0,90.0,12.371214866638184,20.91145133972168,inf,13.87153148651123,90.0,0,0,0.99,True,35.294003,-120.66793
151780,2025-10-06 18:55:21.993000+00:00,foothill,Car,12.620359,0.34340382,0.34340382,0.0,-90.0,12.983704566955566,5.749673843383789,inf,7.271892070770264,180.0,0,0,0.99,True,35.294003,-120.66792
151780,2025-10-06 18:55:22.054000+00:00,foothill,Car,12.420354,0.34340382,0.34340382,0.0,0.0,13.187804222106934,-13.047347068786621,1.0107651948928833,8.835896492004395,114.67623901367188,0,0,0.99,True,35.294003,-120.66792
151780,2025-10-06 18:55:22.114000+00:00,foothill,Car,20.662935,0.34340382,0.34340382,90.0,90.0,13.038413047790527,18.149978637695312,inf,20.662935256958008,90.0,0,0,0.99,True,35.294003,-120.667915
151780,2025-10-06 18:55:22.186000+00:00,foothill,Car,17.219112,0.34340382,0.34340382,90.0,0.0,12.714153289794922,13.787312507629395,inf,17.219112396240234,90.0,0,0,0.99,True,35.294003,-120.66791
151780,2025-10-06 18:55:22.257000+00:00,foothill,Car,12.190347,0.34340382,0.34340382,0.0,-90.0,12.311835289001465,-6.855894565582275,1.7958029508590698,12.190346717834473,0.0,0,0,0.99,True,35.294003,-120.6679
151780,2025-10-06 18:55:22.327000+00:00,foothill,Car,17.711088,0.34340382,0.34340382,90.0,90.0,11.93615436553955,15.105569839477539,inf,17.711088180541992,90.0,0,0,0.99,True,35.294003,-120.66789
151780,2025-10-06 18:55:22.404000+00:00,foothill,Car,11.830337,0.34340382,0.34340382,0.0,-90.0,11.589699745178223,-5.65438985824585,2.0496816635131836,11.830336570739746,0.0,0,0,0.99,True,35.294003,-120.667885
151780,2025-10-06 18:55:22.460000+00:00,foothill,Car,22.138859,0.34340382,0.34340382,90.0,90.0,11.275168418884277,19.988880157470703,inf,22.138858795166016,90.0,0,0,0.99,True,35.294003,-120.66788
151780,2025-10-06 18:55:22.520000+00:00,foothill,Car,6.32902,-2.0504675,-2.3938713,0.0,-90.0,11.659576416015625,-2.6310105323791504,4.431596279144287,6.329020023345947,0.0,0,0,0.99,True,35.294006,-120.66788
151780,2025-10-06 18:55:22.604000+00:00,foothill,Car,10.800307,-2.0504675,-2.3938713,0.0,0.0,11.38915729522705,-3.9397313594818115,2.8908462524414062,10.800307273864746,0.0,0,0,0.99,True,35.294006,-120.66787
151780,2025-10-06 18:55:22.653000+00:00,foothill,Car,25.301554,-2.0504675,-2.3938713,90.0,90.0,11.155220985412598,24.052160263061523,inf,25.30155372619629,90.0,0,0,0.99,True,35.294006,-120.66786
151780,2025-10-06 18:55:22.725000+00:00,foothill,Car,10.390296,-2.0504675,-2.3938713,0.0,-90.0,10.960105895996094,-2.6256935596466064,4.17417573928833,10.39029598236084,0.0,0,0,0.99,True,35.294006,-120.667854
151780,2025-10-06 18:55:22.786000+00:00,foothill,Car,20.3242,-2.0504675,-2.3938713,90.0,90.0,10.805914878845215,19.945133209228516,inf,20.324199676513672,90.0,0,0,0.99,True,35.294006,-120.66785
151780,2025-10-06 18:55:22.867000+00:00,foothill,Car,10.140288,-2.0504675,-2.3938713,0.0,-90.0,10.805914878845215,-1.9493098258972168,5.54345703125,10.140288352966309,0.0,0,0,0.99,True,35.294006,-120.66785
151780,2025-10-06 18:55:22.919000+00:00,foothill,Car,23.841848,-2.0504675,-2.3938713,90.0,90.0,10.694416999816895,23.641109466552734,inf,23.841848373413086,90.0,0,0,0.99,True,35.294006,-120.66784
151780,2025-10-06 18:55:22.994000+00:00,foothill,Car,10.2802925,-2.0504675,-2.3938713,0.0,-90.0,10.626956939697266,-0.6698343753814697,15.86505126953125,10.280292510986328,0.0,0,0,0.99,True,35.294006,-120.66783
151780,2025-10-06 18:55:23.055000+00:00,foothill,Car,20.3242,-2.0504675,-2.3938713,90.0,90.0,10.604374885559082,20.32419776916504,inf,20.324199676513672,90.0,0,0,0.99,True,35.294006,-120.66782
151780,2025-10-06 18:55:23.115000+00:00,foothill,Car,10.030286,-2.0504675,-2.3938713,0.0,-90.0,10.604374885559082,0.0,inf,10.030285835266113,0.0,0,0,0.99,True,35.294006,-120.66782
151780,2025-10-06 18:55:23.187000+00:00,foothill,Car,9.810279,-2.0504675,-2.3938713,0.0,0.0,10.626956939697266,0.6392096281051636,inf,9.81027889251709,0.0,0,0,0.99,True,35.294006,-120.667816
151780,2025-10-06 18:55:24.458000+00:00,foothill,Car,6.8541317,-0.72140026,1.3290672,87.49451,87.49451,3.2851645946502686,-5.494349002838135,0.5979169607162476,6.854131698608398,87.4945068359375,0,0,0.99,True,35.294014,-120.66772
151780,2025-10-06 18:55:24.519000+00:00,foothill,Car,20.324198,-0.45206356,0.2693367,90.0,2.5054932,2.8974244594573975,-17.852439880371094,0.1622985154390335,20.32419776916504,90.0,0,0,0.99,True,35.294014,-120.66771
151780,2025-10-06 18:55:24.590000+00:00,foothill,Car,17.461634,-0.45206356,0.2693367,90.0,0.0,2.6375606060028076,-16.849178314208984,0.1565394252538681,17.461633682250977,90.0,0,0,0.99,True,35.294014,-120.6677
151780,2025-10-06 18:55:24.650000+00:00,foothill,Car,8.750249,-0.45206356,0.2693367,0.0,-90.0,2.6375606060028076,-2.297145128250122,1.1481906175613403,8.750248908996582,0.0,0,0,0.99,True,35.294014,-120.6677
151780,2025-10-06 18:55:24.721000+00:00,foothill,Car,8.750249,-0.45206356,0.2693367,0.0,0.0,2.5450499057769775,0.0,inf,8.750248908996582,0.0,0,0,0.99,True,35.294014,-120.667694
151780,2025-10-06 18:55:24.793000+00:00,foothill,Car,17.21911,-0.45206356,0.2693367,90.0,90.0,2.6375606060028076,-16.615161895751953,0.1587442010641098,17.2191104888916,90.0,0,0,0.99,True,35.294014,-120.66769
151780,2025-10-06 18:55:24.854000+00:00,foothill,Car,8.590244,-0.45206356,0.2693367,0.0,-90.0,2.6375606060028076,2.2551403045654297,inf,8.59024429321289,0.0,0,0,0.99,True,35.294014,-120.66769
151780,2025-10-06 18:55:24.925000+00:00,foothill,Car,8.590244,-0.45206356,0.2693367,0.0,0.0,2.8974244594573975,4.105762958526611,inf,8.59024429321289,0.0,0,0,0.99,True,35.294014,-120.66768
151780,2025-10-06 18:55:24.996000+00:00,foothill,Car,17.461634,-0.45206356,0.2693367,90.0,90.0,3.2851645946502686,-13.527702331542969,0.24284720420837402,17.461633682250977,90.0,0,0,0.98,True,35.294014,-120.66767
151780,2025-10-06 18:55:25.067000+00:00,foothill,Car,8.81025,-0.45206356,0.2693367,0.0,-90.0,3.7614409923553467,6.487307548522949,inf,8.810250282287598,0.0,0,0,0.98,True,35.294014,-120.66766
151780,2025-10-06 18:55:25.127000+00:00,foothill,Car,20.662933,-0.45206356,0.2693367,90.0,90.0,4.296913146972656,-12.238598823547363,0.35109519958496094,20.662933349609375,90.0,0,0,0.98,True,35.294014,-120.667656
151780,2025-10-06 18:55:25.189000+00:00,foothill,Car,8.950255,-0.45206356,0.2693367,0.0,-90.0,4.296913146972656,7.211395740509033,inf,8.950255393981934,0.0,0,0,0.98,True,35.294014,-120.667656
151780,2025-10-06 18:55:25.251000+00:00,foothill,Car,19.996387,-0.45206356,0.2693367,90.0,90.0,4.872102737426758,-10.445551872253418,0.4664284586906433,19.996387481689453,90.0,0,0,0.98,True,35.294014,-120.66765
151780,2025-10-06 18:55:25.322000+00:00,foothill,Car,9.190261,-0.45206356,0.2693367,0.0,-90.0,5.4745049476623535,8.136759757995605,inf,9.190260887145996,0.0,0,0,0.98,True,35.294014,-120.66764
151780,2025-10-06 18:55:25.393000+00:00,foothill,Car,17.461634,-0.45206356,0.2693367,90.0,90.0,6.096057415008545,-7.290077209472656,0.8362129926681519,17.461633682250977,90.0,0,0,0.98,True,35.294014,-120.66763
151780,2025-10-06 18:55:25.464000+00:00,foothill,Car,5.3484674,-0.45206356,0.2693367,180.0,90.0,6.284976482391357,-4.713963031768799,1.3332680463790894,5.3484673500061035,180.0,0,0,0.98,True,35.29401,-120.66763
151780,2025-10-06 18:55:25.525000+00:00,foothill,Car,9.080258,-1.2726974,-0.8206339,0.0,-180.0,6.903009414672852,8.197336196899414,inf,9.0802583694458,0.0,0,0,0.98,True,35.29401,-120.667625
151780,2025-10-06 18:55:25.587000+00:00,foothill,Car,19.996387,-1.2726974,-0.8206339,90.0,90.0,7.533992290496826,-7.880784511566162,0.9559952020645142,19.996387481689453,90.0,0,0,0.98,True,35.29401,-120.66762
151780,2025-10-06 18:55:25.658000+00:00,foothill,Car,8.800251,-1.2726974,-0.8206339,0.0,-90.0,8.174927711486816,8.199254035949707,inf,8.800251007080078,0.0,0,0,0.98,True,35.29401,-120.66761
151780,2025-10-06 18:55:25.719000+00:00,foothill,Car,8.660246,-1.2726974,-0.8206339,0.0,0.0,8.174927711486816,8.068809509277344,inf,8.660245895385742,0.0,0,0,0.98,True,35.29401,-120.66761
151780,2025-10-06 18:55:25.794000+00:00,foothill,Car,16.530346,-1.2726974,-0.8206339,90.0,90.0,8.82364559173584,-5.562588691711426,1.5862480401992798,16.530345916748047,90.0,0,0,0.98,True,35.29401,-120.6676
151780,2025-10-06 18:55:25.852000+00:00,foothill,Car,6.5472617,-1.2726974,-0.8206339,0.0,-90.0,9.354351043701172,6.300280570983887,inf,6.547261714935303,0.0,0,0,0.98,True,35.294014,-120.667595
151780,2025-10-06 18:55:25.922000+00:00,foothill,Car,5.4248743,-1.2726974,-0.8206339,180.0,-180.0,9.47854995727539,-5.151831150054932,1.8398410081863403,5.424874305725098,180.0,0,0,0.98,True,35.29401,-120.667595
151780,2025-10-06 18:55:25.995000+00:00,foothill,Car,17.762047,-1.2726974,-0.8206339,81.29285,-98.70715,10.02242374420166,-1.857677936553955,5.395135402679443,17.762046813964844,81.2928466796875,0,0,0.98,True,35.294014,-120.66759
151780,2025-10-06 18:55:26.056000+00:00,foothill,Car,8.410239,-1.2726974,-0.8206339,0.0,-81.29285,10.02242374420166,8.134560585021973,inf,8.410239219665527,0.0,0,0,0.98,True,35.294014,-120.66759
151780,2025-10-06 18:55:26.127000+00:00,foothill,Car,18.262386,-1.2726974,-0.8206339,98.70715,98.70715,10.80240535736084,-7.620024681091309,1.4176338911056519,18.262386322021484,98.7071533203125,0,0,0.98,True,35.29401,-120.66758
151780,2025-10-06 18:55:26.188000+00:00,foothill,Car,6.2252655,-1.2726974,-0.8206339,0.0,-98.70715,10.693593978881836,6.046387195587158,inf,6.2252655029296875,0.0,0,0,0.98,True,35.294014,-120.66758
151780,2025-10-06 18:55:26.250000+00:00,foothill,Car,7.910225,-1.2726974,-0.8206339,0.0,0.0,11.367313385009766,7.709415435791016,inf,7.910224914550781,0.0,0,0,0.98,True,35.294014,-120.66757
151780,2025-10-06 18:55:26.322000+00:00,foothill,Car,7.8002224,-1.2726974,-0.8206339,0.0,0.0,11.367313385009766,7.602205753326416,inf,7.800222396850586,0.0,0,0,0.98,True,35.294014,-120.66757
151780,2025-10-06 18:55:26.393000+00:00,foothill,Car,17.461634,-1.2726974,-0.8206339,90.0,90.0,12.0431547164917,-3.6901235580444336,3.263618230819702,17.461633682250977,90.0,0,0,0.98,True,35.294014,-120.667564
151780,2025-10-06 18:55:26.464000+00:00,foothill,Car,7.580216,-1.2726974,-0.8206339,0.0,-90.0,12.0431547164917,7.4090189933776855,inf,7.580215930938721,0.0,0,0,0.98,True,35.294014,-120.667564
151780,2025-10-06 18:55:26.514000+00:00,foothill,Car,15.189648,2.216033,3.4887304,0.0,0.0,12.64274787902832,14.97439193725586,inf,15.189647674560547,0.0,0,0,0.98,True,35.294018,-120.66756
151780,2025-10-06 18:55:26.595000+00:00,foothill,Car,7.2302055,2.216033,3.4887304,0.0,0.0,12.64274787902832,7.127745151519775,inf,7.230205535888672,0.0,0,0,0.98,True,35.294018,-120.66756
151780,2025-10-06 18:55:26.657000+00:00,foothill,Car,19.996386,2.216033,3.4887304,90.0,90.0,13.325862884521484,-3.1825203895568848,4.187204360961914,19.99638557434082,90.0,0,0,0.98,True,35.294018,-120.66755
151780,2025-10-06 18:55:26.728000+00:00,foothill,Car,7.1402035,2.216033,3.4887304,0.0,-90.0,13.325862884521484,7.049191474914551,inf,7.140203475952148,0.0,0,0,0.98,True,35.294018,-120.66755
151780,2025-10-06 18:55:26.789000+00:00,foothill,Car,6.9501977,2.216033,3.4887304,0.0,0.0,14.009891510009766,6.870096683502197,inf,6.950197696685791,0.0,0,0,0.98,True,35.294018,-120.66754
151780,2025-10-06 18:55:26.860000+00:00,foothill,Car,6.9501977,2.216033,3.4887304,0.0,0.0,14.009891510009766,6.870096683502197,inf,6.950197696685791,0.0,0,0,0.98,True,35.294018,-120.66754
151780,2025-10-06 18:55:26.921000+00:00,foothill,Car,20.324196,2.216033,3.4887304,90.0,90.0,14.694706916809082,-2.9333744049072266,5.009489059448242,20.324195861816406,90.0,0,0,0.98,True,35.294018,-120.667534
151780,2025-10-06 18:55:26.992000+00:00,foothill,Car,6.7001905,2.216033,3.4887304,0.0,-90.0,14.694706916809082,6.630037784576416,inf,6.700190544128418,0.0,0,0,0.98,True,35.294018,-120.667534
151780,2025-10-06 18:55:27.063000+00:00,foothill,Car,6.7001905,2.216033,3.4887304,0.0,0.0,15.380203247070312,6.636181354522705,inf,6.700190544128418,0.0,0,0,0.98,True,35.294018,-120.66753
151780,2025-10-06 18:55:27.123000+00:00,foothill,Car,21.610489,2.216033,3.4887304,65.3237,65.3237,16.015819549560547,6.891090393066406,inf,21.610488891601562,65.32369995117188,0,0,0.98,True,35.29402,-120.66752
151780,2025-10-06 18:55:27.186000+00:00,foothill,Car,6.8601956,2.216033,3.4887304,0.0,-65.3237,16.015819549560547,6.821590423583984,inf,6.860195636749268,0.0,0,0,0.98,True,35.29402,-120.66752
151780,2025-10-06 18:55:27.257000+00:00,foothill,Car,17.46163,2.216033,3.4887304,90.0,90.0,16.554601669311523,-13.108899116516113,1.2628521919250488,17.26162338256836,90.0,0,0,0.98,True,35.29402,-120.66751
151781,2025-10-06 18:55:21.717000+00:00,foothill,Car,0.0,0.0,0.0,0.0,0.0,1.448712706565857,0.0,inf,0.0,0.0,1,0,0.75,True,35.29391,-120.66782
151781,2025-10-06 18:55:21.789000+00:00,foothill,Car,0.0,0.0,0.0,0.0,0.0,1.448712706565857,0.0,inf,0.0,0.0,0,0,0.75,True,35.29391,-120.66782
151781,2025-10-06 18:55:21.860000+00:00,foothill,Car,0.0,0.0,0.0,0.0,0.0,1.448712706565857,0.0,inf,0.0,0.0,0,0,0.74,True,35.29391,-120.66782
151781,2025-10-06 18:55:21.922000+00:00,foothill,Car,0.0,0.0,0.0,0.0,0.0,1.448712706565857,0.0,inf,0.0,0.0,0,0,0.74,True,35.29391,-120.66782
151781,2025-10-06 18:55:21.993000+00:00,foothill,Car,0.0,0.0,0.0,0.0,0.0,1.448712706565857,0.0,inf,0.0,0.0,0,0,0.74,True,35.29391,-120.66782
151781,2025-10-06 18:55:22.054000+00:00,foothill,Car,0.0,0.0,0.0,0.0,0.0,1.448712706565857,0.0,inf,0.0,0.0,0,0,0.74,True,35.29391,-120.66782
151781,2025-10-06 18:55:22.114000+00:00,foothill,Car,0.0,0.0,0.0,0.0,0.0,1.448712706565857,0.0,inf,0.0,0.0,0,0,0.74,True,35.29391,-120.66782
151781,2025-10-06 18:55:22.186000+00:00,foothill,Car,0.0,0.0,0.0,0.0,0.0,1.448712706565857,0.0,inf,0.0,0.0,0,0,0.74,True,35.29391,-120.66782
151781,2025-10-06 18:55:22.257000+00:00,foothill,Car,0.0,0.0,0.0,0.0,0.0,1.448712706565857,0.0,inf,0.0,0.0,0,0,0.74,True,35.29391,-120.66782
151781,2025-10-06 18:55:22.327000+00:00,foothill,Car,0.0,0.0,0.0,0.0,0.0,1.448712706565857,0.0,inf,0.0,0.0,0,0,0.74,True,35.29391,-120.66782
151781,2025-10-06 18:55:22.404000+00:00,foothill,Car,0.0,0.0,0.0,0.0,0.0,1.448712706565857,0.0,inf,0.0,0.0,0,0,0.74,True,35.29391,-120.66782
151781,2025-10-06 18:55:22.460000+00:00,foothill,Car,0.0,0.0,0.0,0.0,0.0,1.448712706565857,0.0,inf,0.0,0.0,0,0,0.74,True,35.29391,-120.66782
151781,2025-10-06 18:55:22.520000+00:00,foothill,Car,0.0,0.0,0.0,0.0,0.0,1.448712706565857,0.0,inf,0.0,0.0,0,0,0.74,True,35.29391,-120.66782
151781,2025-10-06 18:55:22.604000+00:00,foothill,Car,0.0,0.0,0.0,0.0,0.0,1.448712706565857,0.0,inf,0.0,0.0,0,0,0.75,True,35.29391,-120.66782
151781,2025-10-06 18:55:22.653000+00:00,foothill,Car,0.0,0.0,0.0,0.0,0.0,1.448712706565857,0.0,inf,0.0,0.0,0,0,0.75,True,35.29391,-120.66782
151781,2025-10-06 18:55:22.725000+00:00,foothill,Car,0.0,0.0,0.0,0.0,0.0,1.448712706565857,0.0,inf,0.0,0.0,0,0,0.75,True,35.29391,-120.66782
151781,2025-10-06 18:55:22.786000+00:00,foothill,Car,0.0,0.0,0.0,0.0,0.0,1.448712706565857,0.0,inf,0.0,0.0,0,0,0.75,True,35.29391,-120.66782
151781,2025-10-06 18:55:22.867000+00:00,foothill,Car,0.0,0.0,0.0,0.0,0.0,1.448712706565857,0.0,inf,0.0,0.0,0,0,0.75,True,35.29391,-120.66782
151781,2025-10-06 18:55:22.919000+00:00,foothill,Car,0.0,0.0,0.0,0.0,0.0,1.448712706565857,0.0,inf,0.0,0.0,0,0,0.75,True,35.29391,-120.66782
151781,2025-10-06 18:55:22.994000+00:00,foothill,Car,0.0,0.0,0.0,0.0,0.0,1.448712706565857,0.0,inf,0.0,0.0,0,0,0.75,True,35.29391,-120.66782
151781,2025-10-06 18:55:23.055000+00:00,foothill,Car,0.0,0.0,0.0,0.0,0.0,1.448712706565857,0.0,inf,0.0,0.0,0,0,0.75,True,35.29391,-120.66782
151781,2025-10-06 18:55:23.115000+00:00,foothill,Car,0.0,0.0,0.0,0.0,0.0,1.448712706565857,0.0,inf,0.0,0.0,0,0,0.75,True,35.29391,-120.66782
151781,2025-10-06 18:55:23.187000+00:00,foothill,Car,0.0,0.0,0.0,0.0,0.0,1.448712706565857,0.0,inf,0.0,0.0,0,0,0.75,True,35.29391,-120.66782
151781,2025-10-06 18:55:24.458000+00:00,foothill,Car,0.0,0.0,0.0,0.0,0.0,1.448712706565857,0.0,inf,0.0,0.0,0,0,0.74,True,35.29391,-120.66782
151781,2025-10-06 18:55:24.519000+00:00,foothill,Car,0.0,0.0,0.0,0.0,0.0,1.448712706565857,0.0,inf,0.0,0.0,0,0,0.74,True,35.29391,-120.66782
151781,2025-10-06 18:55:24.590000+00:00,foothill,Car,0.0,0.0,0.0,0.0,0.0,1.448712706565857,0.0,inf,0.0,0.0,0,0,0.74,True,35.29391,-120.66782
151781,2025-10-06 18:55:24.650000+00:00,foothill,Car,0.0,0.0,0.0,0.0,0.0,1.448712706565857,0.0,inf,0.0,0.0,0,0,0.74,True,35.29391,-120.66782
151781,2025-10-06 18:55:24.721000+00:00,foothill,Car,0.0,0.0,0.0,0.0,0.0,1.448712706565857,0.0,inf,0.0,0.0,0,0,0.74,True,35.29391,-120.66782
151781,2025-10-06 18:55:24.793000+00:00,foothill,Car,0.0,0.0,0.0,0.0,0.0,1.448712706565857,0.0,inf,0.0,0.0,0,0,0.74,True,35.29391,-120.66782
151781,2025-10-06 18:55:24.854000+00:00,foothill,Car,0.0,0.0,0.0,0.0,0.0,1.448712706565857,0.0,inf,0.0,0.0,0,0,0.74,True,35.29391,-120.66782
151781,2025-10-06 18:55:24.925000+00:00,foothill,Car,0.0,0.0,0.0,0.0,0.0,1.448712706565857,0.0,inf,0.0,0.0,0,0,0.74,True,35.29391,-120.66782
151781,2025-10-06 18:55:24.996000+00:00,foothill,Car,0.0,0.0,0.0,0.0,0.0,1.448712706565857,0.0,inf,0.0,0.0,0,0,0.74,True,35.29391,-120.66782
151781,2025-10-06 18:55:25.067000+00:00,foothill,Car,0.0,0.0,0.0,0.0,0.0,1.448712706565857,0.0,inf,0.0,0.0,0,0,0.74,True,35.29391,-120.66782
151781,2025-10-06 18:55:25.127000+00:00,foothill,Car,0.0,0.0,0.0,0.0,0.0,1.448712706565857,0.0,inf,0.0,0.0,0,0,0.74,True,35.29391,-120.66782
151781,2025-10-06 18:55:25.189000+00:00,foothill,Car,0.0,0.0,0.0,0.0,0.0,1.448712706565857,0.0,inf,0.0,0.0,0,0,0.74,True,35.29391,-120.66782
151781,2025-10-06 18:55:25.251000+00:00,foothill,Car,0.0,0.0,0.0,0.0,0.0,1.448712706565857,0.0,inf,0.0,0.0,0,0,0.74,True,35.29391,-120.66782
151781,2025-10-06 18:55:25.322000+00:00,foothill,Car,0.0,0.0,0.0,0.0,0.0,1.448712706565857,0.0,inf,0.0,0.0,0,0,0.74,True,35.29391,-120.66782
151781,2025-10-06 18:55:25.393000+00:00,foothill,Car,0.0,0.0,0.0,0.0,0.0,1.448712706565857,0.0,inf,0.0,0.0,0,0,0.74,True,35.29391,-120.66782
151781,2025-10-06 18:55:25.464000+00:00,foothill,Car,0.0,0.0,0.0,0.0,0.0,1.448712706565857,0.0,inf,0.0,0.0,0,0,0.74,True,35.29391,-120.66782
151781,2025-10-06 18:55:25.525000+00:00,foothill,Car,0.0,0.0,0.0,0.0,0.0,1.448712706565857,0.0,inf,0.0,0.0,0,0,0.74,True,35.29391,-120.66782
151781,2025-10-06 18:55:25.587000+00:00,foothill,Car,0.0,0.0,0.0,0.0,0.0,1.448712706565857,0.0,inf,0.0,0.0,0,0,0.74,True,35.29391,-120.66782
151781,2025-10-06 18:55:25.658000+00:00,foothill,Car,0.0,0.0,0.0,0.0,0.0,1.448712706565857,0.0,inf,0.0,0.0,0,0,0.74,True,35.29391,-120.66782
151781,2025-10-06 18:55:25.719000+00:00,foothill,Car,0.0,0.0,0.0,0.0,0.0,1.448712706565857,0.0,inf,0.0,0.0,0,0,0.74,True,35.29391,-120.66782
151781,2025-10-06 18:55:25.794000+00:00,foothill,Car,0.0,0.0,0.0,0.0,0.0,1.448712706565857,0.0,inf,0.0,0.0,0,0,0.74,True,35.29391,-120.66782
151781,2025-10-06 18:55:25.852000+00:00,foothill,Car,0.0,0.0,0.0,0.0,0.0,1.448712706565857,0.0,inf,0.0,0.0,0,0,0.74,True,35.29391,-120.66782
151781,2025-10-06 18:55:25.922000+00:00,foothill,Car,0.0,0.0,0.0,0.0,0.0,1.448712706565857,0.0,inf,0.0,0.0,0,0,0.74,True,35.29391,-120.66782
151781,2025-10-06 18:55:25.995000+00:00,foothill,Car,0.0,0.0,0.0,0.0,0.0,1.448712706565857,0.0,inf,0.0,0.0,0,0,0.74,True,35.29391,-120.66782
151781,2025-10-06 18:55:26.056000+00:00,foothill,Car,0.0,0.0,0.0,0.0,0.0,1.448712706565857,0.0,inf,0.0,0.0,0,0,0.74,True,35.29391,-120.66782
151781,2025-10-06 18:55:26.127000+00:00,foothill,Car,0.0,0.0,0.0,0.0,0.0,1.448712706565857,0.0,inf,0.0,0.0,0,0,0.74,True,35.29391,-120.66782
151781,2025-10-06 18:55:26.188000+00:00,foothill,Car,0.0,0.0,0.0,0.0,0.0,1.448712706565857,0.0,inf,0.0,0.0,0,0,0.74,True,35.29391,-120.66782
151781,2025-10-06 18:55:26.250000+00:00,foothill,Car,0.0,0.0,0.0,0.0,0.0,1.448712706565857,0.0,inf,0.0,0.0,0,0,0.74,True,35.29391,-120.66782
151781,2025-10-06 18:55:26.322000+00:00,foothill,Car,0.0,0.0,0.0,0.0,0.0,1.448712706565857,0.0,inf,0.0,0.0,0,0,0.74,True,35.29391,-120.66782
151781,2025-10-06 18:55:26.393000+00:00,foothill,Car,0.0,0.0,0.0,0.0,0.0,1.448712706565857,0.0,inf,0.0,0.0,0,0,0.74,True,35.29391,-120.66782
151781,2025-10-06 18:55:26.464000+00:00,foothill,Car,0.0,0.0,0.0,0.0,0.0,1.448712706565857,0.0,inf,0.0,0.0,0,0,0.74,True,35.29391,-120.66782
151781,2025-10-06 18:55:26.514000+00:00,foothill,Car,0.0,0.0,0.0,0.0,0.0,1.448712706565857,0.0,inf,0.0,0.0,0,0,0.74,True,35.29391,-120.66782
151781,2025-10-06 18:55:26.595000+00:00,foothill,Car,0.0,0.0,0.0,0.0,0.0,1.448712706565857,0.0,inf,0.0,0.0,0,0,0.74,True,35.29391,-120.66782
151781,2025-10-06 18:55:26.657000+00:00,foothill,Car,0.0,0.0,0.0,0.0,0.0,1.448712706565857,0.0,inf,0.0,0.0,0,0,0.74,True,35.29391,-120.66782
151781,2025-10-06 18:55:26.728000+00:00,foothill,Car,0.0,0.0,0.0,0.0,0.0,1.448712706565857,0.0,inf,0.0,0.0,0,0,0.74,True,35.29391,-120.66782
151781,2025-10-06 18:55:26.789000+00:00,foothill,Car,0.0,0.0,0.0,0.0,0.0,1.448712706565857,0.0,inf,0.0,0.0,0,0,0.74,True,35.29391,-120.66782
151781,2025-10-06 18:55:26.860000+00:00,foothill,Car,0.0,0.0,0.0,0.0,0.0,1.448712706565857,0.0,inf,0.0,0.0,0,0,0.73,True,35.29391,-120.66782
151781,2025-10-06 18:55:26.921000+00:00,foothill,Car,0.0,0.0,0.0,0.0,0.0,1.448712706565857,0.0,inf,0.0,0.0,0,0,0.73,True,35.29391,-120.66782
151781,2025-10-06 18:55:26.992000+00:00,foothill,Car,0.0,0.0,0.0,0.0,0.0,1.448712706565857,0.0,inf,0.0,0.0,0,0,0.73,True,35.29391,-120.66782
151781,2025-10-06 18:55:27.063000+00:00,foothill,Car,0.0,0.0,0.0,0.0,0.0,1.448712706565857,0.0,inf,0.0,0.0,0,0,0.73,True,35.29391,-120.66782
151781,2025-10-06 18:55:27.123000+00:00,foothill,Car,0.0,0.0,0.0,0.0,0.0,1.448712706565857,0.0,inf,0.0,0.0,0,0,0.73,True,35.29391,-120.66782
151781,2025-10-06 18:55:27.186000+00:00,foothill,Car,0.0,0.0,0.0,0.0,0.0,1.448712706565857,0.0,inf,0.0,0.0,0,0,0.73,True,35.29391,-120.66782
151781,2025-10-06 18:55:27.257000+00:00,foothill,Car,0.0,0.0,0.0,0.0,0.0,1.448712706565857,0.0,inf,0.0,0.0,0,0,0.73,True,35.29391,-120.66782
151781,2025-10-06 18:55:27.318000+00:00,foothill,Car,0.0,0.0,0.0,0.0,0.0,1.448712706565857,0.0,inf,0.0,0.0,0,0,0.73,True,35.29391,-120.66782
151781,2025-10-06 18:55:27.389000+00:00,foothill,Car,0.0,0.0,0.0,0.0,0.0,1.448712706565857,0.0,inf,0.0,0.0,0,0,0.73,True,35.29391,-120.66782
151781,2025-10-06 18:55:27.460000+00:00,foothill,Car,0.0,0.0,0.0,0.0,0.0,1.448712706565857,0.0,inf,0.0,0.0,0,0,0.73,True,35.29391,-120.66782
151781,2025-10-06 18:55:27.521000+00:00,foothill,Car,0.0,0.0,0.0,0.0,0.0,1.448712706565857,0.0,inf,0.0,0.0,0,0,0.73,True,35.29391,-120.66782
151781,2025-10-06 18:55:27.596000+00:00,foothill,Car,0.0,0.0,0.0,0.0,0.0,1.448712706565857,0.0,inf,0.0,0.0,0,0,0.73,True,35.29391,-120.66782
151781,2025-10-06 18:55:27.662000+00:00,foothill,Car,0.0,0.0,0.0,0.0,0.0,1.448712706565857,0.0,inf,0.0,0.0,0,0,0.73,True,35.29391,-120.66782
151781,2025-10-06 18:55:27.723000+00:00,foothill,Car,0.0,0.0,0.0,0.0,0.0,1.448712706565857,0.0,inf,0.0,0.0,0,0,0.73,True,35.29391,-120.66782
151781,2025-10-06 18:55:27.794000+00:00,foothill,Car,0.0,0.0,0.0,0.0,0.0,1.448712706565857,0.0,inf,0.0,0.0,0,0,0.73,True,35.29391,-120.66782
151781,2025-10-06 18:55:27.854000+00:00,foothill,Car,0.0,0.0,0.0,0.0,0.0,1.448712706565857,0.0,inf,0.0,0.0,0,0,0.73,True,35.29391,-120.66782
151781,2025-10-06 18:55:27.936000+00:00,foothill,Car,0.0,0.0,0.0,0.0,0.0,1.448712706565857,0.0,inf,0.0,0.0,0,0,0.73,True,35.29391,-120.66782
151781,2025-10-06 18:55:28.008000+00:00,foothill,Car,0.0,0.0,0.0,0.0,0.0,1.448712706565857,0.0,inf,0.0,0.0,0,0,0.73,True,35.29391,-120.66782
151781,2025-10-06 18:55:28.058000+00:00,foothill,Car,0.0,0.0,0.0,0.0,0.0,1.448712706565857,0.0,inf,0.0,0.0,0,0,0.73,True,35.29391,-120.66782
151781,2025-10-06 18:55:28.129000+00:00,foothill,Car,0.0,0.0,0.0,0.0,0.0,1.448712706565857,0.0,inf,0.0,0.0,0,0,0.73,True,35.29391,-120.66782
151781,2025-10-06 18:55:28.190000+00:00,foothill,Car,0.0,0.0,0.0,0.0,0.0,1.448712706565857,0.0,inf,0.0,0.0,0,0,0.73,True,35.29391,-120.66782
151781,2025-10-06 18:55:28.251000+00:00,foothill,Car,0.0,0.0,0.0,0.0,0.0,1.448712706565857,0.0,inf,0.0,0.0,0,0,0.73,True,35.29391,-120.66782
151781,2025-10-06 18:55:28.322000+00:00,foothill,Car,0.0,0.0,0.0,0.0,0.0,1.448712706565857,0.0,inf,0.0,0.0,0,0,0.73,True,35.29391,-120.66782
151781,2025-10-06 18:55:28.388000+00:00,foothill,Car,0.0,0.0,0.0,0.0,0.0,1.448712706565857,0.0,inf,0.0,0.0,0,0,0.73,True,35.29391,-120.66782
151781,2025-10-06 18:55:28.449000+00:00,foothill,Car,0.0,0.0,0.0,0.0,0.0,1.448712706565857,0.0,inf,0.0,0.0,0,0,0.73,True,35.29391,-120.66782
151781,2025-10-06 18:55:28.520000+00:00,foothill,Car,0.0,0.0,0.0,0.0,0.0,1.448712706565857,0.0,inf,0.0,0.0,0,0,0.73,True,35.29391,-120.66782
151781,2025-10-06 18:55:28.591000+00:00,foothill,Car,0.0,0.0,0.0,0.0,0.0,1.448712706565857,0.0,inf,0.0,0.0,0,0,0.73,True,35.29391,-120.66782
151781,2025-10-06 18:55:28.653000+00:00,foothill,Car,0.0,0.0,0.0,0.0,0.0,1.448712706565857,0.0,inf,0.0,0.0,0,0,0.73,True,35.29391,-120.66782
151781,2025-10-06 18:55:28.724000+00:00,foothill,Car,0.0,0.0,0.0,0.0,0.0,1.448712706565857,0.0,inf,0.0,0.0,0,0,0.73,True,35.29391,-120.66782
151781,2025-10-06 18:55:28.795000+00:00,foothill,Car,0.0,0.0,0.0,0.0,0.0,1.448712706565857,0.0,inf,0.0,0.0,0,0,0.73,True,35.29391,-120.66782
151781,2025-10-06 18:55:28.856000+00:00,foothill,Car,0.0,0.0,0.0,0.0,0.0,1.448712706565857,0.0,inf,0.0,0.0,0,0,0.73,True,35.29391,-120.66782
151781,2025-10-06 18:55:28.917000+00:00,foothill,Car,0.0,0.0,0.0,0.0,0.0,1.448712706565857,0.0,inf,0.0,0.0,0,0,0.73,True,35.29391,-120.66782
151781,2025-10-06 18:55:28.999000+00:00,foothill,Car,0.0,0.0,0.0,0.0,0.0,1.448712706565857,0.0,inf,0.0,0.0,0,0,0.73,True,35.29391,-120.66782
151781,2025-10-06 18:55:29.060000+00:00,foothill,Car,0.0,0.0,0.0,0.0,0.0,1.448712706565857,0.0,inf,0.0,0.0,0,0,0.73,True,35.29391,-120.66782
151781,2025-10-06 18:55:29.121000+00:00,foothill,Car,0.0,0.0,0.0,0.0,0.0,1.448712706565857,0.0,inf,0.0,0.0,0,0,0.73,True,35.29391,-120.66782
151781,2025-10-06 18:55:29.193000+00:00,foothill,Car,0.0,0.0,0.0,0.0,0.0,1.448712706565857,0.0,inf,0.0,0.0,0,0,0.73,True,35.29391,-120.66782
151781,2025-10-06 18:55:29.284000+00:00,foothill,Car,0.0,0.0,0.0,0.0,0.0,1.448712706565857,0.0,inf,0.0,0.0,0,0,0.73,True,35.29391,-120.66782
151781,2025-10-06 18:55:31.073000+00:00,foothill,Car,0.0,0.0,0.0,0.0,0.0,1.448712706565857,0.0,inf,0.0,0.0,0,0,0.73,True,35.29391,-120.66782
151781,2025-10-06 18:55:32.122000+00:00,foothill,Car,0.0,0.0,0.0,0.0,0.0,1.448712706565857,0.0,inf,0.0,0.0,0,0,0.73,True,35.29391,-120.66782
151781,2025-10-06 18:55:32.193000+00:00,foothill,Car,0.0,0.0,0.0,0.0,0.0,1.448712706565857,0.0,inf,0.0,0.0,0,0,0.73,True,35.29391,-120.66782
151781,2025-10-06 18:55:32.265000+00:00,foothill,Car,0.0,0.0,0.0,0.0,0.0,1.448712706565857,0.0,inf,0.0,0.0,0,0,0.73,True,35.29391,-120.66782
151781,2025-10-06 18:55:32.325000+00:00,foothill,Car,0.0,0.0,0.0,0.0,0.0,1.448712706565857,0.0,inf,0.0,0.0,0,0,0.73,True,35.29391,-120.66782
151781,2025-10-06 18:55:32.396000+00:00,foothill,Car,0.0,0.0,0.0,0.0,0.0,1.448712706565857,0.0,inf,0.0,0.0,0,0,0.73,True,35.29391,-120.66782
151781,2025-10-06 18:55:32.458000+00:00,foothill,Car,0.0,0.0,0.0,0.0,0.0,1.448712706565857,0.0,inf,0.0,0.0,0,0,0.73,True,35.29391,-120.66782
151781,2025-10-06 18:55:32.529000+00:00,foothill,Car,0.0,0.0,0.0,0.0,0.0,1.448712706565857,0.0,inf,0.0,0.0,0,0,0.73,True,35.29391,-120.66782
151781,2025-10-06 18:55:32.590000+00:00,foothill,Car,0.0,0.0,0.0,0.0,0.0,1.448712706565857,0.0,inf,0.0,0.0,0,0,0.73,True,35.29391,-120.66782
151781,2025-10-06 18:55:32.651000+00:00,foothill,Car,0.0,0.0,0.0,0.0,0.0,1.448712706565857,0.0,inf,0.0,0.0,0,0,0.73,True,35.29391,-120.66782
151781,2025-10-06 18:55:32.732000+00:00,foothill,Car,0.0,0.0,0.0,0.0,0.0,1.448712706565857,0.0,inf,0.0,0.0,0,0,0.73,True,35.29391,-120.66782
151781,2025-10-06 18:55:32.793000+00:00,foothill,Car,0.0,0.0,0.0,0.0,0.0,1.448712706565857,0.0,inf,0.0,0.0,0,0,0.73,True,35.29391,-120.66782
151781,2025-10-06 18:55:32.855000+00:00,foothill,Car,0.0,0.0,0.0,0.0,0.0,1.448712706565857,0.0,inf,0.0,0.0,0,0,0.73,True,35.29391,-120.66782
151781,2025-10-06 18:55:32.926000+00:00,foothill,Car,0.0,0.0,0.0,0.0,0.0,1.448712706565857,0.0,inf,0.0,0.0,0,0,0.73,True,35.29391,-120.66782
151781,2025-10-06 18:55:32.986000+00:00,foothill,Car,0.0,0.0,0.0,0.0,0.0,1.448712706565857,0.0,inf,0.0,0.0,0,0,0.73,True,35.29391,-120.66782
151781,2025-10-06 18:55:33.057000+00:00,foothill,Car,0.0,0.0,0.0,0.0,0.0,1.448712706565857,0.0,inf,0.0,0.0,0,0,0.73,True,35.29391,-120.66782
151781,2025-10-06 18:55:33.128000+00:00,foothill,Car,0.0,0.0,0.0,0.0,0.0,1.448712706565857,0.0,inf,0.0,0.0,0,0,0.73,True,35.29391,-120.66782
151781,2025-10-06 18:55:33.189000+00:00,foothill,Car,0.0,0.0,0.0,0.0,0.0,1.448712706565857,0.0,inf,0.0,0.0,0,0,0.73,True,35.29391,-120.66782
151781,2025-10-06 18:55:33.260000+00:00,foothill,Car,0.0,0.0,0.0,0.0,0.0,1.448712706565857,0.0,inf,0.0,0.0,0,0,0.73,True,35.29391,-120.66782
151781,2025-10-06 18:55:33.321000+00:00,foothill,Car,0.0,0.0,0.0,0.0,0.0,1.448712706565857,0.0,inf,0.0,0.0,0,0,0.73,True,35.29391,-120.66782
151781,2025-10-06 18:55:33.392000+00:00,foothill,Car,0.0,0.0,0.0,0.0,0.0,1.448712706565857,0.0,inf,0.0,0.0,0,0,0.73,True,35.29391,-120.66782
151781,2025-10-06 18:55:33.453000+00:00,foothill,Car,0.0,0.0,0.0,0.0,0.0,1.448712706565857,0.0,inf,0.0,0.0,0,0,0.73,True,35.29391,-120.66782
151781,2025-10-06 18:55:33.524000+00:00,foothill,Car,0.0,0.0,0.0,0.0,0.0,1.448712706565857,0.0,inf,0.0,0.0,0,0,0.73,True,35.29391,-120.66782
151781,2025-10-06 18:55:33.585000+00:00,foothill,Car,0.0,0.0,0.0,0.0,0.0,1.448712706565857,0.0,inf,0.0,0.0,0,0,0.73,True,35.29391,-120.66782
151781,2025-10-06 18:55:33.656000+00:00,foothill,Car,0.0,0.0,0.0,0.0,0.0,1.448712706565857,0.0,inf,0.0,0.0,0,0,0.73,True,35.29391,-120.66782
151781,2025-10-06 18:55:33.717000+00:00,foothill,Car,0.0,0.0,0.0,0.0,0.0,1.448712706565857,0.0,inf,0.0,0.0,0,0,0.73,True,35.29391,-120.66782
151781,2025-10-06 18:55:33.777000+00:00,foothill,Car,0.0,0.0,0.0,0.0,0.0,1.448712706565857,0.0,inf,0.0,0.0,0,0,0.73,True,35.29391,-120.66782
151781,2025-10-06 18:55:33.859000+00:00,foothill,Car,0.0,0.0,0.0,0.0,0.0,1.448712706565857,0.0,inf,0.0,0.0,0,0,0.73,True,35.29391,-120.66782
151781,2025-10-06 18:55:33.930000+00:00,foothill,Car,0.0,0.0,0.0,0.0,0.0,1.448712706565857,0.0,inf,0.0,0.0,0,0,0.73,True,35.29391,-120.66782
151781,2025-10-06 18:55:33.995000+00:00,foothill,Car,0.0,0.0,0.0,0.0,0.0,1.448712706565857,0.0,inf,0.0,0.0,0,0,0.73,True,35.29391,-120.66782
151781,2025-10-06 18:55:34.055000+00:00,foothill,Car,0.0,0.0,0.0,0.0,0.0,1.448712706565857,0.0,inf,0.0,0.0,0,0,0.73,True,35.29391,-120.66782
151781,2025-10-06 18:55:34.126000+00:00,foothill,Car,0.0,0.0,0.0,0.0,0.0,1.448712706565857,0.0,inf,0.0,0.0,0,0,0.73,True,35.29391,-120.66782
151781,2025-10-06 18:55:34.187000+00:00,foothill,Car,0.0,0.0,0.0,0.0,0.0,1.448712706565857,0.0,inf,0.0,0.0,0,0,0.73,True,35.29391,-120.66782
151781,2025-10-06 18:55:34.258000+00:00,foothill,Car,0.0,0.0,0.0,0.0,0.0,1.448712706565857,0.0,inf,0.0,0.0,0,0,0.73,True,35.29391,-120.66782
151781,2025-10-06 18:55:34.319000+00:00,foothill,Car,0.0,0.0,0.0,0.0,0.0,1.448712706565857,0.0,inf,0.0,0.0,0,0,0.73,True,35.29391,-120.66782
151781,2025-10-06 18:55:34.390000+00:00,foothill,Car,0.0,0.0,0.0,0.0,0.0,1.448712706565857,0.0,inf,0.0,0.0,0,0,0.73,True,35.29391,-120.66782
151781,2025-10-06 18:55:34.451000+00:00,foothill,Car,0.0,0.0,0.0,0.0,0.0,1.448712706565857,0.0,inf,0.0,0.0,0,0,0.73,True,35.29391,-120.66782
151781,2025-10-06 18:55:34.522000+00:00,foothill,Car,0.0,0.0,0.0,0.0,0.0,1.448712706565857,0.0,inf,0.0,0.0,0,0,0.73,True,35.29391,-120.66782
151781,2025-10-06 18:55:34.603000+00:00,foothill,Car,0.0,0.0,0.0,0.0,0.0,1.448712706565857,0.0,inf,0.0,0.0,0,0,0.73,True,35.29391,-120.66782
151781,2025-10-06 18:55:34.664000+00:00,foothill,Car,0.0,0.0,0.0,0.0,0.0,1.448712706565857,0.0,inf,0.0,0.0,0,0,0.73,True,35.29391,-120.66782
151781,2025-10-06 18:55:34.715000+00:00,foothill,Car,0.0,0.0,0.0,0.0,0.0,1.448712706565857,0.0,inf,0.0,0.0,0,0,0.73,True,35.29391,-120.66782
151781,2025-10-06 18:55:34.797000+00:00,foothill,Car,0.0,0.0,0.0,0.0,0.0,1.448712706565857,0.0,inf,0.0,0.0,0,0,0.73,True,35.29391,-120.66782
151781,2025-10-06 18:55:34.858000+00:00,foothill,Car,0.0,0.0,0.0,0.0,0.0,1.448712706565857,0.0,inf,0.0,0.0,0,0,0.73,True,35.29391,-120.66782
151781,2025-10-06 18:55:34.919000+00:00,foothill,Car,0.0,0.0,0.0,0.0,0.0,1.448712706565857,0.0,inf,0.0,0.0,0,0,0.74,True,35.29391,-120.66782
151781,2025-10-06 18:55:35+00:00,foothill,Car,0.0,0.0,0.0,0.0,0.0,1.448712706565857,0.0,inf,0.0,0.0,0,0,0.74,True,35.29391,-120.66782
151781,2025-10-06 18:55:35.061000+00:00,foothill,Car,0.0,0.0,0.0,0.0,0.0,1.448712706565857,0.0,inf,0.0,0.0,0,0,0.74,True,35.29391,-120.66782
151781,2025-10-06 18:55:35.122000+00:00,foothill,Car,0.0,0.0,0.0,0.0,0.0,1.448712706565857,0.0,inf,0.0,0.0,0,0,0.74,True,35.29391,-120.66782
151781,2025-10-06 18:55:35.193000+00:00,foothill,Car,0.0,0.0,0.0,0.0,0.0,1.448712706565857,0.0,inf,0.0,0.0,0,0,0.74,True,35.29391,-120.66782
151781,2025-10-06 18:55:35.254000+00:00,foothill,Car,0.0,0.0,0.0,0.0,0.0,1.448712706565857,0.0,inf,0.0,0.0,0,0,0.74,True,35.29391,-120.66782
151781,2025-10-06 18:55:35.325000+00:00,foothill,Car,0.0,0.0,0.0,0.0,0.0,1.448712706565857,0.0,inf,0.0,0.0,0,0,0.74,True,35.29391,-120.66782
151781,2025-10-06 18:55:35.397000+00:00,foothill,Car,0.0,0.0,0.0,0.0,0.0,1.448712706565857,0.0,inf,0.0,0.0,0,0,0.74,True,35.29391,-120.66782
151781,2025-10-06 18:55:35.447000+00:00,foothill,Car,0.0,0.0,0.0,0.0,0.0,1.448712706565857,0.0,inf,0.0,0.0,0,0,0.74,True,35.29391,-120.66782
151781,2025-10-06 18:55:35.518000+00:00,foothill,Car,0.0,0.0,0.0,0.0,0.0,1.448712706565857,0.0,inf,0.0,0.0,0,0,0.74,True,35.29391,-120.66782
151781,2025-10-06 18:55:35.589000+00:00,foothill,Car,0.0,0.0,0.0,0.0,0.0,1.448712706565857,0.0,inf,0.0,0.0,0,0,0.74,True,35.29391,-120.66782
151781,2025-10-06 18:55:35.650000+00:00,foothill,Car,0.0,0.0,0.0,0.0,0.0,1.448712706565857,0.0,inf,0.0,0.0,0,0,0.75,True,35.29391,-120.66782
151781,2025-10-06 18:55:35.721000+00:00,foothill,Car,0.0,0.0,0.0,0.0,0.0,1.448712706565857,0.0,inf,0.0,0.0,0,0,0.75,True,35.29391,-120.66782
151781,2025-10-06 18:55:35.792000+00:00,foothill,Car,0.0,0.0,0.0,0.0,0.0,1.448712706565857,0.0,inf,0.0,0.0,0,0,0.75,True,35.29391,-120.66782
151781,2025-10-06 18:55:35.863000+00:00,foothill,Car,0.0,0.0,0.0,0.0,0.0,1.448712706565857,0.0,inf,0.0,0.0,0,0,0.75,True,35.29391,-120.66782
151782,2025-10-06 18:55:22.604000+00:00,foothill,Car,2.530072,-0.33096552,-0.33096552,0.0,0.0,4.2402729988098145,-2.4789180755615234,1.7105337381362915,2.530071973800659,0.0,1,0,0.48,False,35.293774,-120.667885
151782,2025-10-06 18:55:22.653000+00:00,foothill,Car,7.74982,-0.33096552,-0.33096552,180.0,-180.0,4.1761393547058105,7.70974063873291,inf,7.749820232391357,180.0,0,0,0.51,True,35.29377,-120.667885
151782,2025-10-06 18:55:22.725000+00:00,foothill,Car,2.8600814,-0.33096552,-0.33096552,0.0,-180.0,4.1761393547058105,-2.845290184020996,1.4677375555038452,2.860081434249878,0.0,0,0,0.54,True,35.29377,-120.667885
151782,2025-10-06 18:55:22.786000+00:00,foothill,Car,21.256277,-0.33096552,-0.33096552,65.32376,65.32376,3.564541816711426,-4.022339820861816,0.8861861228942871,21.256277084350586,65.32376098632812,0,0,0.56,True,35.293774,-120.66788
151782,2025-10-06 18:55:22.867000+00:00,foothill,Car,3.2200916,-0.33096552,-0.33096552,0.0,-65.32376,3.564541816711426,-3.1275651454925537,1.1397178173065186,3.2200915813446045,0.0,0,0,0.59,True,35.293774,-120.66788
151782,2025-10-06 18:55:22.919000+00:00,foothill,Car,3.2200916,-0.33096552,-0.33096552,0.0,0.0,3.564541816711426,-3.1275651454925537,1.1397178173065186,3.2200915813446045,0.0,0,0,0.62,True,35.293774,-120.66788
151782,2025-10-06 18:55:22.994000+00:00,foothill,Car,3.0800877,-0.33096552,-0.33096552,0.0,0.0,3.564541816711426,-2.991584062576294,1.1915231943130493,3.080087661743164,0.0,0,0,0.63,True,35.293774,-120.66788
151782,2025-10-06 18:55:23.055000+00:00,foothill,Car,6.2252655,-0.33096552,-0.33096552,0.0,0.0,3.6885743141174316,-5.843071460723877,0.6312732100486755,6.2252655029296875,0.0,0,0,0.66,True,35.293777,-120.66788
151782,2025-10-06 18:55:23.115000+00:00,foothill,Car,6.32902,-0.33096552,-0.33096552,0.0,0.0,3.8555214405059814,-5.683228492736816,0.678403377532959,6.329020023345947,0.0,0,0,0.67,True,35.29378,-120.66788
151782,2025-10-06 18:55:23.187000+00:00,foothill,Car,5.2741833,-0.33096552,-0.33096552,0.0,0.0,3.6885735988616943,-4.950379848480225,0.7451092004776001,5.27418327331543,0.0,0,0,0.7,True,35.293785,-120.66788
151782,2025-10-06 18:55:24.458000+00:00,foothill,Car,4.004668,-1.8131194,-1.4821539,345.90237,-14.097656,4.487647533416748,-3.226954936981201,1.390675663948059,4.004668235778809,14.097625732421875,0,0,0.95,True,35.293827,-120.667885
151782,2025-10-06 18:55:24.519000+00:00,foothill,Car,3.230092,-0.24121046,1.571909,0.0,14.097626,4.487647533416748,-2.990328550338745,1.500720500946045,3.2300920486450195,0.0,0,0,0.95,True,35.293827,-120.667885
151782,2025-10-06 18:55:24.590000+00:00,foothill,Car,5.3484674,-0.24121046,1.571909,0.0,0.0,4.34505558013916,-5.113953113555908,0.8496471047401428,5.3484673500061035,0.0,0,0,0.93,True,35.29383,-120.667885
151782,2025-10-06 18:55:24.650000+00:00,foothill,Car,3.2200916,-0.24121046,1.571909,0.0,0.0,4.34505558013916,-3.0789003372192383,1.4112361669540405,3.2200915813446045,0.0,0,0,0.95,True,35.29383,-120.667885
151782,2025-10-06 18:55:24.721000+00:00,foothill,Car,5.3484674,-0.24121046,1.571909,0.0,0.0,4.920643329620361,-5.268378734588623,0.9339957237243652,5.3484673500061035,0.0,0,0,0.95,True,35.293835,-120.66789
151782,2025-10-06 18:55:24.793000+00:00,foothill,Car,3.2700932,-0.24121046,1.571909,0.0,0.0,4.920643329620361,-3.2211265563964844,1.5276156663894653,3.2700932025909424,0.0,0,0,0.96,True,35.293835,-120.66789
151782,2025-10-06 18:55:24.854000+00:00,foothill,Car,6.2252655,-0.24121046,1.571909,0.0,0.0,4.865486145019531,-6.201562881469727,0.7845580577850342,6.2252655029296875,0.0,0,0,0.96,True,35.29384,-120.66789
151782,2025-10-06 18:55:24.925000+00:00,foothill,Car,3.3300948,-0.24121046,1.571909,0.0,0.0,4.865486145019531,-3.317415475845337,1.4666496515274048,3.330094814300537,0.0,0,0,0.95,True,35.29384,-120.66789
151782,2025-10-06 18:55:24.996000+00:00,foothill,Car,3.190091,-0.24121046,1.571909,0.0,0.0,4.865486145019531,-3.1779446601867676,1.5310165882110596,3.1900908946990967,0.0,0,0,0.93,True,35.29384,-120.66789
151782,2025-10-06 18:55:25.067000+00:00,foothill,Car,5.3484674,-0.24121046,1.571909,0.0,0.0,4.84696102142334,-5.348466873168945,0.9062337279319763,5.3484673500061035,0.0,0,0,0.91,True,35.293842,-120.66789
151782,2025-10-06 18:55:25.127000+00:00,foothill,Car,3.1700902,-0.24121046,1.571909,0.0,0.0,4.84696102142334,-3.1700899600982666,1.5289664268493652,3.1700901985168457,0.0,0,0,0.96,True,35.293842,-120.66789
151782,2025-10-06 18:55:25.189000+00:00,foothill,Car,6.124858,-0.24121046,1.571909,0.0,0.0,4.865485668182373,-6.101538181304932,0.797419548034668,6.1248579025268555,0.0,0,0,0.91,True,35.293846,-120.66789
151782,2025-10-06 18:55:25.251000+00:00,foothill,Car,2.7200775,-0.24121046,1.571909,0.0,0.0,4.865485668182373,-2.709721088409424,1.7955669164657593,2.7200775146484375,0.0,0,0,0.92,True,35.293846,-120.66789
151782,2025-10-06 18:55:25.322000+00:00,foothill,Car,2.2800648,-0.24121046,1.571909,0.0,0.0,4.865485668182373,-2.271383762359619,2.142080068588257,2.280064821243286,0.0,0,0,0.91,True,35.293846,-120.66789
151782,2025-10-06 18:55:25.393000+00:00,foothill,Car,1.8000512,-0.24121046,1.571909,0.0,0.0,4.865485668182373,-1.7931976318359375,2.713301420211792,1.800051212310791,0.0,0,0,0.93,True,35.293846,-120.66789
151782,2025-10-06 18:55:25.464000+00:00,foothill,Car,5.3484674,-0.24121046,1.571909,0.0,0.0,4.846960544586182,16.045406341552734,inf,15.129186630249023,121.491455078125,0,0,0.93,True,35.29385,-120.66789
151782,2025-10-06 18:55:25.525000+00:00,foothill,Car,1.9400551,-0.973402,-0.73219156,0.0,0.0,4.865485668182373,8.134230613708496,inf,4.285210609436035,180.0,0,0,0.94,True,35.29385,-120.66789
151782,2025-10-06 18:55:25.587000+00:00,foothill,Car,2.2200632,-0.973402,-0.73219156,0.0,0.0,4.920642852783203,-2.1868197917938232,2.250136375427246,2.2200632095336914,0.0,0,0,0.92,True,35.29385,-120.66789
151782,2025-10-06 18:55:25.658000+00:00,foothill,Car,10.696935,-0.973402,-0.73219156,0.0,0.0,5.011221885681152,-10.34630298614502,0.4843490421772003,10.696934700012207,0.0,0,0,0.92,True,35.293854,-120.66789
151782,2025-10-06 18:55:25.719000+00:00,foothill,Car,2.11006,-0.973402,-0.73219156,0.0,0.0,5.011221885681152,-2.0408949851989746,2.455404043197632,2.110059976577759,0.0,0,0,0.94,True,35.293854,-120.66789
151782,2025-10-06 18:55:25.794000+00:00,foothill,Car,5.0632157,-0.973402,-0.73219156,0.0,0.0,5.135349750518799,-4.778877258300781,1.0745933055877686,5.063215732574463,0.0,0,0,0.79,True,35.293858,-120.66789
151782,2025-10-06 18:55:25.852000+00:00,foothill,Car,2.080059,-0.973402,-0.73219156,0.0,0.0,5.135349750518799,-1.9632476568222046,2.6157422065734863,2.080059051513672,0.0,0,0,0.94,True,35.293858,-120.66789
151782,2025-10-06 18:55:25.922000+00:00,foothill,Car,5.4248743,-0.973402,-0.73219156,0.0,0.0,5.9373908042907715,-3.7959158420562744,1.5641523599624634,5.424874305725098,0.0,0,0,0.95,True,35.29386,-120.66789
151782,2025-10-06 18:55:25.995000+00:00,foothill,Car,2.000057,-0.973402,-0.73219156,0.0,0.0,5.9373908042907715,-1.3994882106781006,4.242544174194336,2.0000569820404053,0.0,0,0,0.95,True,35.29386,-120.66789
151782,2025-10-06 18:55:26.056000+00:00,foothill,Car,1.9500556,-0.973402,-0.73219156,0.0,0.0,5.9373908042907715,-1.3645011186599731,4.351326942443848,1.9500555992126465,0.0,0,0,0.95,True,35.29386,-120.66789
151782,2025-10-06 18:55:26.127000+00:00,foothill,Car,1.7500498,-0.973402,-0.73219156,0.0,0.0,5.9373908042907715,-1.2245521545410156,4.8486223220825195,1.7500498294830322,0.0,0,0,0.95,True,35.29386,-120.66789
151782,2025-10-06 18:55:26.188000+00:00,foothill,Car,6.2252655,-0.973402,-0.73219156,0.0,0.0,5.642166614532471,-4.583892822265625,1.230867862701416,6.2252655029296875,0.0,0,0,0.95,True,35.293865,-120.66789
151782,2025-10-06 18:55:26.250000+00:00,foothill,Car,1.580045,-0.973402,-0.73219156,0.0,0.0,5.642166614532471,-1.1634454727172852,4.849532604217529,1.5800449848175049,0.0,0,0,0.96,True,35.293865,-120.66789
151782,2025-10-06 18:55:26.322000+00:00,foothill,Car,1.6400466,-0.973402,-0.73219156,0.0,0.0,5.642166614532471,-1.2076269388198853,4.672110557556152,1.6400465965270996,0.0,0,0,0.95,True,35.293865,-120.66789
151782,2025-10-06 18:55:26.393000+00:00,foothill,Car,5.3484674,-0.973402,-0.73219156,0.0,0.0,5.364264011383057,-4.142301082611084,1.2949961423873901,5.3484673500061035,0.0,0,0,0.94,True,35.29387,-120.66789
151782,2025-10-06 18:55:26.464000+00:00,foothill,Car,1.6900481,-0.973402,-0.73219156,0.0,0.0,5.364264011383057,-1.3089148998260498,4.098252773284912,1.690048098564148,0.0,0,0,0.94,True,35.29387,-120.66789
151782,2025-10-06 18:55:26.514000+00:00,foothill,Car,1.5500441,0.38065434,1.3540564,0.0,0.0,5.364264011383057,-1.200484037399292,4.468417644500732,1.550044059753418,0.0,0,0,0.94,True,35.29387,-120.66789
151782,2025-10-06 18:55:26.595000+00:00,foothill,Car,1.5500441,0.38065434,1.3540564,0.0,0.0,5.364264011383057,-1.200484037399292,4.468417644500732,1.550044059753418,0.0,0,0,0.93,True,35.29387,-120.66789
151782,2025-10-06 18:55:26.657000+00:00,foothill,Car,1.5500441,0.38065434,1.3540564,0.0,0.0,5.364264011383057,-1.200484037399292,4.468417644500732,1.550044059753418,0.0,0,0,0.94,True,35.29387,-120.66789
151782,2025-10-06 18:55:26.728000+00:00,foothill,Car,1.4100401,0.38065434,1.3540564,0.0,0.0,5.364264011383057,-1.0920532941818237,4.912089824676514,1.4100401401519775,0.0,0,0,0.94,True,35.29387,-120.66789
151782,2025-10-06 18:55:26.789000+00:00,foothill,Car,6.2252655,0.38065434,1.3540564,0.0,0.0,5.10651159286499,-5.064726829528809,1.008250117301941,6.2252655029296875,0.0,0,0,0.92,True,35.293873,-120.66789
151782,2025-10-06 18:55:26.860000+00:00,foothill,Car,5.3484674,0.38065434,1.3540564,180.0,-180.0,5.364264011383057,4.142301082611084,inf,5.3484673500061035,180.0,0,0,0.94,True,35.29387,-120.66789
151782,2025-10-06 18:55:26.921000+00:00,foothill,Car,0.5600159,0.38065434,1.3540564,0.0,-180.0,5.364264011383057,-0.43372324109077454,12.367941856384277,0.5600159168243408,0.0,0,0,0.95,True,35.29387,-120.66789
151782,2025-10-06 18:55:26.992000+00:00,foothill,Car,5.3484674,0.38065434,1.3540564,0.0,0.0,5.10651159286499,-4.351385116577148,1.173537015914917,5.3484673500061035,0.0,0,0,0.89,True,35.293873,-120.66789
151782,2025-10-06 18:55:27.063000+00:00,foothill,Car,0.7000199,0.38065434,1.3540564,0.0,0.0,5.10651159286499,-0.5695194005966187,8.966352462768555,0.700019896030426,0.0,0,0,0.89,True,35.293873,-120.66789
151782,2025-10-06 18:55:27.123000+00:00,foothill,Car,6.32902,0.38065434,1.3540564,0.0,0.0,4.8721089363098145,-5.396870136260986,0.9027656316757202,6.329020023345947,0.0,0,0,0.79,True,35.293877,-120.66789
151782,2025-10-06 18:55:27.186000+00:00,foothill,Car,0.9200261,0.38065434,1.3540564,0.0,0.0,4.8721089363098145,-0.7845229506492615,6.210282325744629,0.9200261235237122,0.0,0,0,0.89,True,35.293877,-120.66789
151782,2025-10-06 18:55:27.257000+00:00,foothill,Car,0.9100259,0.38065434,1.3540564,0.0,0.0,4.8721089363098145,-0.7759955525398254,6.278526782989502,0.9100258946418762,0.0,0,0,0.9,True,35.293877,-120.66789
151782,2025-10-06 18:55:27.318000+00:00,foothill,Car,0.8900253,0.38065434,1.3540564,0.0,0.0,4.8721089363098145,-0.7589406967163086,6.419617652893066,0.8900253176689148,0.0,0,0,0.79,True,35.293877,-120.66789
151782,2025-10-06 18:55:27.389000+00:00,foothill,Car,0.8900253,0.38065434,1.3540564,0.0,0.0,4.8721089363098145,-0.7589406967163086,6.419617652893066,0.8900253176689148,0.0,0,0,0.89,True,35.293877,-120.66789
151782,2025-10-06 18:55:27.460000+00:00,foothill,Car,5.3484674,0.38065434,1.3540564,0.0,0.0,4.664576530456543,-4.763647556304932,0.9792026877403259,5.3484673500061035,0.0,0,0,0.79,True,35.29388,-120.66789
151782,2025-10-06 18:55:27.521000+00:00,foothill,Car,20.32423,-0.69787025,-1.0785246,270.0,-90.0,5.29066276550293,8.147400856018066,inf,20.324230194091797,90.0,0,0,0.78,True,35.29388,-120.6679
151782,2025-10-06 18:55:27.596000+00:00,foothill,Car,0.9100259,-0.69787025,-1.0785246,0.0,90.0,5.29066276550293,-0.8337059617042542,6.3459577560424805,0.9100258946418762,0.0,0,0,0.78,True,35.29388,-120.6679
151782,2025-10-06 18:55:27.662000+00:00,foothill,Car,0.9100259,-0.69787025,-1.0785246,0.0,0.0,5.29066276550293,-0.8337059617042542,6.3459577560424805,0.9100258946418762,0.0,0,0,0.78,True,35.29388,-120.6679
151782,2025-10-06 18:55:27.723000+00:00,foothill,Car,0.8900253,-0.69787025,-1.0785246,0.0,0.0,5.29066276550293,-0.8153827786445618,6.488563060760498,0.8900253176689148,0.0,0,0,0.78,True,35.29388,-120.6679
151782,2025-10-06 18:55:27.794000+00:00,foothill,Car,5.3484674,-0.69787025,-1.0785246,0.0,0.0,5.135347366333008,-5.048109531402588,1.0172812938690186,5.3484673500061035,0.0,0,0,0.77,True,35.293884,-120.6679
151782,2025-10-06 18:55:27.854000+00:00,foothill,Car,0.8900253,-0.69787025,-1.0785246,0.0,0.0,5.135347366333008,-0.8400435447692871,6.113192081451416,0.8900253176689148,0.0,0,0,0.77,True,35.293884,-120.6679
151782,2025-10-06 18:55:27.936000+00:00,foothill,Car,0.880025,-0.69787025,-1.0785246,0.0,0.0,5.135347366333008,-0.8306048512458801,6.182660102844238,0.8800250291824341,0.0,0,0,0.77,True,35.293884,-120.6679
151782,2025-10-06 18:55:28.008000+00:00,foothill,Car,0.880025,-0.69787025,-1.0785246,0.0,0.0,5.135347366333008,-0.8306048512458801,6.182660102844238,0.8800250291824341,0.0,0,0,0.77,True,35.293884,-120.6679
151782,2025-10-06 18:55:28.058000+00:00,foothill,Car,0.880025,-0.69787025,-1.0785246,0.0,0.0,5.135347366333008,-0.8306048512458801,6.182660102844238,0.8800250291824341,0.0,0,0,0.77,True,35.293884,-120.6679
151782,2025-10-06 18:55:28.129000+00:00,foothill,Car,0.8600245,-0.69787025,-1.0785246,0.0,0.0,5.135347366333008,-0.8117275238037109,6.326442241668701,0.8600245118141174,0.0,0,0,0.76,True,35.293884,-120.6679
151782,2025-10-06 18:55:28.190000+00:00,foothill,Car,0.72002053,-0.69787025,-1.0785246,0.0,0.0,5.135347366333008,-0.6795858144760132,7.556583881378174,0.7200205326080322,0.0,0,0,0.76,True,35.293884,-120.6679
151782,2025-10-06 18:55:28.251000+00:00,foothill,Car,0.4400125,-0.69787025,-1.0785246,0.0,0.0,5.135347366333008,-0.41530242562294006,12.365320205688477,0.44001251459121704,0.0,0,0,0.76,True,35.293884,-120.6679
151782,2025-10-06 18:55:28.322000+00:00,foothill,Car,17.461662,-0.69787025,-1.0785246,90.0,90.0,4.487644672393799,-6.601949214935303,0.6797454357147217,17.46166229248047,90.0,0,0,0.76,True,35.293884,-120.66789
151782,2025-10-06 18:55:28.388000+00:00,foothill,Car,0.0,-0.69787025,-1.0785246,0.0,-90.0,4.487644672393799,-0.0,inf,0.0,0.0,0,0,0.75,True,35.293884,-120.66789
151782,2025-10-06 18:55:28.449000+00:00,foothill,Car,0.0,-0.69787025,-1.0785246,0.0,0.0,4.487644672393799,-0.0,inf,0.0,0.0,0,0,0.75,True,35.293884,-120.66789
151782,2025-10-06 18:55:28.520000+00:00,foothill,Car,0.0,-2.597875,-1.9000049,0.0,0.0,4.487644672393799,-0.0,inf,0.0,0.0,0,0,0.75,True,35.293884,-120.66789
151782,2025-10-06 18:55:28.591000+00:00,foothill,Car,0.0,-2.597875,-1.9000049,0.0,0.0,4.487644672393799,-0.0,inf,0.0,0.0,0,0,0.75,True,35.293884,-120.66789
151782,2025-10-06 18:55:28.653000+00:00,foothill,Car,0.0,-2.597875,-1.9000049,0.0,0.0,4.487644672393799,-0.0,inf,0.0,0.0,0,0,0.75,True,35.293884,-120.66789
151782,2025-10-06 18:55:28.724000+00:00,foothill,Car,0.0,-2.597875,-1.9000049,0.0,0.0,4.487644672393799,-0.0,inf,0.0,0.0,0,0,0.75,True,35.293884,-120.66789
151782,2025-10-06 18:55:28.795000+00:00,foothill,Car,0.0,-2.597875,-1.9000049,0.0,0.0,4.487644672393799,-0.0,inf,0.0,0.0,0,0,0.74,True,35.293884,-120.66789
151782,2025-10-06 18:55:28.856000+00:00,foothill,Car,0.0,-2.597875,-1.9000049,0.0,0.0,4.487644672393799,-0.0,inf,0.0,0.0,0,0,0.74,True,35.293884,-120.66789
151782,2025-10-06 18:55:28.917000+00:00,foothill,Car,20.32423,-2.597875,-1.9000049,270.0,-90.0,5.135347366333008,6.715051174163818,inf,20.324230194091797,90.0,0,0,0.74,True,35.293884,-120.6679
151782,2025-10-06 18:55:28.999000+00:00,foothill,Car,0.0,-2.597875,-1.9000049,0.0,90.0,5.135347366333008,-0.0,inf,0.0,0.0,0,0,0.74,True,35.293884,-120.6679
151782,2025-10-06 18:55:29.060000+00:00,foothill,Car,0.0,-2.597875,-1.9000049,0.0,0.0,5.135347366333008,-0.0,inf,0.0,0.0,0,0,0.74,True,35.293884,-120.6679
151782,2025-10-06 18:55:29.121000+00:00,foothill,Car,0.0,-2.597875,-1.9000049,0.0,0.0,5.135347366333008,-0.0,inf,0.0,0.0,0,0,0.74,True,35.293884,-120.6679
151782,2025-10-06 18:55:29.193000+00:00,foothill,Car,0.0,-2.597875,-1.9000049,0.0,0.0,5.135347366333008,-0.0,inf,0.0,0.0,0,0,0.73,True,35.293884,-120.6679
151782,2025-10-06 18:55:29.284000+00:00,foothill,Car,0.0,-2.597875,-1.9000049,0.0,0.0,5.135347366333008,-0.0,inf,0.0,0.0,0,0,0.73,True,35.293884,-120.6679
151782,2025-10-06 18:55:31.073000+00:00,foothill,Car,0.0,0.0,0.0,0.0,0.0,5.135347366333008,-0.0,inf,0.0,0.0,0,0,0.71,True,35.293884,-120.6679
151782,2025-10-06 18:55:32.122000+00:00,foothill,Car,0.0,1.2472616,1.2472616,0.0,0.0,5.135347366333008,-0.0,inf,0.0,0.0,0,0,0.71,True,35.293884,-120.6679
151782,2025-10-06 18:55:32.193000+00:00,foothill,Car,0.0,1.2472616,1.2472616,0.0,0.0,5.135347366333008,-0.0,inf,0.0,0.0,0,0,0.71,True,35.293884,-120.6679
151782,2025-10-06 18:55:32.265000+00:00,foothill,Car,0.0,1.2472616,1.2472616,0.0,0.0,5.0659284591674805,2.883549928665161,inf,5.27418327331543,0.0,0,0,0.71,True,35.293884,-120.6679
151782,2025-10-06 18:55:32.325000+00:00,foothill,Car,0.0,1.2472616,1.2472616,0.0,0.0,5.135347366333008,-0.0,inf,0.0,0.0,0,0,0.71,True,35.293884,-120.6679
151782,2025-10-06 18:55:32.396000+00:00,foothill,Car,0.0,1.2472616,1.2472616,0.0,0.0,5.135347366333008,-0.0,inf,0.0,0.0,0,0,0.71,True,35.293884,-120.6679
151782,2025-10-06 18:55:32.458000+00:00,foothill,Car,0.0,1.2472616,1.2472616,0.0,0.0,5.135347366333008,-0.0,inf,0.0,0.0,0,0,0.71,True,35.293884,-120.6679
151782,2025-10-06 18:55:32.529000+00:00,foothill,Car,17.461662,-1.2472616,-2.4945233,90.0,90.0,4.487644672393799,-6.601949214935303,0.6797454357147217,17.46166229248047,90.0,0,0,0.71,True,35.293884,-120.66789
151782,2025-10-06 18:55:32.590000+00:00,foothill,Car,0.0,-1.2472616,-2.4945233,0.0,-90.0,4.487644672393799,-0.0,inf,0.0,0.0,0,0,0.71,True,35.293884,-120.66789
151782,2025-10-06 18:55:32.651000+00:00,foothill,Car,0.0,-1.2472616,-2.4945233,0.0,0.0,4.487644672393799,-0.0,inf,0.0,0.0,0,0,0.71,True,35.293884,-120.66789
151782,2025-10-06 18:55:32.732000+00:00,foothill,Car,0.0,-1.2472616,-2.4945233,0.0,0.0,4.487644672393799,-0.0,inf,0.0,0.0,0,0,0.71,True,35.293884,-120.66789
151782,2025-10-06 18:55:32.793000+00:00,foothill,Car,0.0,-1.2472616,-2.4945233,0.0,0.0,4.487644672393799,-0.0,inf,0.0,0.0,0,0,0.71,True,35.293884,-120.66789
151782,2025-10-06 18:55:32.855000+00:00,foothill,Car,0.0,-1.2472616,-2.4945233,0.0,0.0,4.487644672393799,-0.0,inf,0.0,0.0,0,0,0.71,True,35.293884,-120.66789
151782,2025-10-06 18:55:32.926000+00:00,foothill,Car,0.0,-1.2472616,-2.4945233,0.0,0.0,4.487644672393799,-0.0,inf,0.0,0.0,0,0,0.71,True,35.293884,-120.66789
151782,2025-10-06 18:55:32.986000+00:00,foothill,Car,0.0,-1.2472616,-2.4945233,0.0,0.0,4.487644672393799,-0.0,inf,0.0,0.0,0,0,0.71,True,35.293884,-120.66789
151782,2025-10-06 18:55:33.057000+00:00,foothill,Car,0.0,-1.2472616,-2.4945233,0.0,0.0,4.487644672393799,-0.0,inf,0.0,0.0,0,0,0.71,True,35.293884,-120.66789
151782,2025-10-06 18:55:33.128000+00:00,foothill,Car,0.0,-1.2472616,-2.4945233,0.0,0.0,4.487644672393799,-0.0,inf,0.0,0.0,0,0,0.71,True,35.293884,-120.66789
151782,2025-10-06 18:55:33.189000+00:00,foothill,Car,0.0,-1.2472616,-2.4945233,0.0,0.0,4.487644672393799,-0.0,inf,0.0,0.0,0,0,0.71,True,35.293884,-120.66789
151782,2025-10-06 18:55:33.260000+00:00,foothill,Car,0.0,-1.2472616,-2.4945233,0.0,0.0,4.487644672393799,-0.0,inf,0.0,0.0,0,0,0.71,True,35.293884,-120.66789
151782,2025-10-06 18:55:33.321000+00:00,foothill,Car,0.0,-1.2472616,-2.4945233,0.0,0.0,4.487644672393799,-0.0,inf,0.0,0.0,0,0,0.71,True,35.293884,-120.66789
151782,2025-10-06 18:55:33.392000+00:00,foothill,Car,0.0,-1.2472616,-2.4945233,0.0,0.0,4.487644672393799,-0.0,inf,0.0,0.0,0,0,0.71,True,35.293884,-120.66789
151782,2025-10-06 18:55:33.453000+00:00,foothill,Car,0.0,-1.2472616,-2.4945233,0.0,0.0,4.487644672393799,-0.0,inf,0.0,0.0,0,0,0.71,True,35.293884,-120.66789
151782,2025-10-06 18:55:33.524000+00:00,foothill,Car,0.0,0.0,1.2472616,0.0,0.0,4.487644672393799,-0.0,inf,0.0,0.0,0,0,0.71,True,35.293884,-120.66789
151782,2025-10-06 18:55:33.585000+00:00,foothill,Car,0.0,0.0,1.2472616,0.0,0.0,4.487644672393799,-0.0,inf,0.0,0.0,0,0,0.71,True,35.293884,-120.66789
151782,2025-10-06 18:55:33.656000+00:00,foothill,Car,0.0,0.0,1.2472616,0.0,0.0,4.487644672393799,-0.0,inf,0.0,0.0,0,0,0.71,True,35.293884,-120.66789
151782,2025-10-06 18:55:33.717000+00:00,foothill,Car,0.0,0.0,1.2472616,0.0,0.0,4.487644672393799,-0.0,inf,0.0,0.0,0,0,0.71,True,35.293884,-120.66789
151782,2025-10-06 18:55:33.777000+00:00,foothill,Car,0.0,0.0,1.2472616,0.0,0.0,4.487644672393799,-0.0,inf,0.0,0.0,0,0,0.71,True,35.293884,-120.66789
151782,2025-10-06 18:55:33.859000+00:00,foothill,Car,0.0,0.0,1.2472616,0.0,0.0,4.487644672393799,-0.0,inf,0.0,0.0,0,0,0.71,True,35.293884,-120.66789
151782,2025-10-06 18:55:33.930000+00:00,foothill,Car,0.0,0.0,1.2472616,0.0,0.0,2.120133638381958,2.2346150875091553,inf,2.2807278633117676,0.0,0,0,0.71,True,35.293884,-120.66789
151782,2025-10-06 18:55:33.995000+00:00,foothill,Car,0.0,0.0,1.2472616,0.0,0.0,2.120133638381958,0.5388952493667603,inf,0.5500156879425049,0.0,0,0,0.71,True,35.293884,-120.66789
151782,2025-10-06 18:55:34.055000+00:00,foothill,Car,0.0,0.0,1.2472616,0.0,0.0,2.120133638381958,0.7348570823669434,inf,0.7500213384628296,0.0,0,0,0.71,True,35.293884,-120.66789
151782,2025-10-06 18:55:34.126000+00:00,foothill,Car,0.0,0.0,1.2472616,0.0,0.0,2.120133638381958,0.7936456799507141,inf,0.8100230693817139,0.0,0,0,0.71,True,35.293884,-120.66789
151782,2025-10-06 18:55:34.187000+00:00,foothill,Car,0.0,0.0,1.2472616,0.0,0.0,2.120133638381958,0.8426361680030823,inf,0.8600245118141174,0.0,0,0,0.71,True,35.293884,-120.66789
151782,2025-10-06 18:55:34.258000+00:00,foothill,Car,0.0,0.0,1.2472616,0.0,0.0,2.120133638381958,0.8720303773880005,inf,0.8900253176689148,0.0,0,0,0.71,True,35.293884,-120.66789
151782,2025-10-06 18:55:34.319000+00:00,foothill,Car,0.0,0.0,1.2472616,0.0,0.0,2.07726788520813,6.2252655029296875,inf,6.2252655029296875,0.0,0,0,0.71,True,35.293884,-120.66789
151782,2025-10-06 18:55:34.390000+00:00,foothill,Car,0.0,0.0,1.2472616,0.0,0.0,2.07726788520813,0.9400268197059631,inf,0.9400268197059631,0.0,0,0,0.71,True,35.293884,-120.66789
151782,2025-10-06 18:55:34.451000+00:00,foothill,Car,0.0,0.0,1.2472616,0.0,0.0,2.07726788520813,1.0800307989120483,inf,1.0800307989120483,0.0,0,0,0.71,True,35.293884,-120.66789
151782,2025-10-06 18:55:34.522000+00:00,foothill,Car,0.0,0.0,0.0,0.0,0.0,2.120133399963379,10.480660438537598,inf,10.696934700012207,0.0,0,0,0.71,True,35.293884,-120.66789
151782,2025-10-06 18:55:34.603000+00:00,foothill,Car,0.0,0.0,0.0,0.0,0.0,2.120133399963379,1.0581942796707153,inf,1.0800307989120483,0.0,0,0,0.71,True,35.293884,-120.66789
151782,2025-10-06 18:55:34.664000+00:00,foothill,Car,0.0,0.0,0.0,0.0,0.0,2.120133399963379,1.0092037916183472,inf,1.030029296875,0.0,0,0,0.71,True,35.293884,-120.66789
151782,2025-10-06 18:55:34.715000+00:00,foothill,Car,0.0,0.0,0.0,0.0,0.0,1.4483510255813599,0.984865665435791,inf,1.030029296875,0.0,0,0,0.71,True,35.293884,-120.66789
151782,2025-10-06 18:55:34.797000+00:00,foothill,Car,0.0,0.0,0.0,0.0,0.0,1.6240363121032715,3.9489290714263916,inf,4.630990028381348,0.0,0,0,0.71,True,35.293884,-120.66789
151782,2025-10-06 18:55:34.858000+00:00,foothill,Car,0.0,0.0,0.0,0.0,0.0,1.6240363121032715,0.8953794836997986,inf,1.0500298738479614,0.0,0,0,0.71,True,35.293884,-120.66789
151782,2025-10-06 18:55:34.919000+00:00,foothill,Car,0.0,0.0,0.0,0.0,0.0,1.6240363121032715,0.8953794836997986,inf,1.0500298738479614,0.0,0,0,0.71,True,35.293884,-120.66789
151782,2025-10-06 18:55:35+00:00,foothill,Car,0.0,0.0,0.0,0.0,0.0,1.6240363121032715,0.8953794836997986,inf,1.0500298738479614,0.0,0,0,0.71,True,35.293884,-120.66789
151782,2025-10-06 18:55:35.061000+00:00,foothill,Car,0.0,0.0,0.0,0.0,0.0,1.6240363121032715,0.8783246278762817,inf,1.030029296875,0.0,0,0,0.71,True,35.293884,-120.66789
151782,2025-10-06 18:55:35.122000+00:00,foothill,Car,0.0,0.0,0.0,0.0,0.0,1.6240363121032715,0.8783246278762817,inf,1.030029296875,0.0,0,0,0.71,True,35.293884,-120.66789
151782,2025-10-06 18:55:35.193000+00:00,foothill,Car,0.0,0.0,0.0,0.0,0.0,1.6240363121032715,0.8015779256820679,inf,0.9400268197059631,0.0,0,0,0.71,True,35.293884,-120.66789
151782,2025-10-06 18:55:35.254000+00:00,foothill,Car,0.0,0.0,0.0,0.0,0.0,1.6240363121032715,0.8015779256820679,inf,0.9400268197059631,0.0,0,0,0.71,True,35.293884,-120.66789
151782,2025-10-06 18:55:35.325000+00:00,foothill,Car,0.0,0.0,0.0,0.0,0.0,1.6240363121032715,0.690721333026886,inf,0.8100230693817139,0.0,0,0,0.71,True,35.293884,-120.66789
151782,2025-10-06 18:55:35.397000+00:00,foothill,Car,0.0,0.0,0.0,0.0,0.0,1.6240363121032715,0.4519535005092621,inf,0.5300151109695435,0.0,0,0,0.71,True,35.293884,-120.66789
151782,2025-10-06 18:55:35.447000+00:00,foothill,Car,0.0,0.0,0.0,0.0,0.0,1.6240363121032715,0.09380166232585907,inf,0.11000312864780426,0.0,0,0,0.71,True,35.293884,-120.66789
151782,2025-10-06 18:55:35.518000+00:00,foothill,Car,0.0,0.0,0.0,0.0,0.0,1.6240363121032715,-0.0,inf,0.0,0.0,0,0,0.71,True,35.293884,-120.66789
151782,2025-10-06 18:55:35.589000+00:00,foothill,Car,0.0,0.0,0.0,0.0,0.0,1.6240363121032715,-0.0,inf,0.0,0.0,0,0,0.71,True,35.293884,-120.66789
151782,2025-10-06 18:55:35.650000+00:00,foothill,Car,0.0,0.0,0.0,0.0,0.0,1.6240363121032715,-0.0,inf,0.0,0.0,0,0,0.71,True,35.293884,-120.66789
151782,2025-10-06 18:55:35.721000+00:00,foothill,Car,0.0,0.0,0.0,0.0,0.0,1.6240363121032715,-0.0,inf,0.0,0.0,0,0,0.71,True,35.293884,-120.66789
151782,2025-10-06 18:55:35.792000+00:00,foothill,Car,0.0,0.0,0.0,0.0,0.0,1.6240363121032715,-0.0,inf,0.0,0.0,0,0,0.71,True,35.293884,-120.66789
151782,2025-10-06 18:55:35.863000+00:00,foothill,Car,0.0,0.0,0.0,0.0,0.0,1.6240363121032715,-0.0,inf,0.0,0.0,0,0,0.71,True,35.293884,-120.66789
151783,2025-10-06 18:55:21.789000+00:00,foothill,Car,3.310094,0.26638603,0.26638603,0.0,0.0,12.744073867797852,-17.373506546020508,0.7335349321365356,13.909001350402832,90.0,1,0,0.12,False,35.293972,-120.66809
151783,2025-10-06 18:55:21.860000+00:00,foothill,Car,3.300094,0.26638603,0.26638603,0.0,0.0,12.725249290466309,-17.46161651611328,0.728755533695221,14.16152286529541,90.0,0,0,0.26,False,35.293972,-120.66809
151783,2025-10-06 18:55:21.922000+00:00,foothill,Car,3.340095,0.26638603,0.26638603,0.0,0.0,12.744073867797852,-0.6726594567298889,18.945802688598633,12.380353927612305,0.0,0,0,0.3,False,35.293972,-120.66809
151783,2025-10-06 18:55:21.993000+00:00,foothill,Car,18.262394,0.26638603,0.26638603,65.32373,65.32373,12.475234031677246,-32.31132507324219,0.3860947787761688,0.8007774353027344,155.32373046875,0,0,0.39,False,35.293976,-120.66808
151783,2025-10-06 18:55:22.054000+00:00,foothill,Car,3.5000997,0.26638603,0.26638603,0.0,-65.32373,12.195569038391113,-16.00010871887207,0.7622178792953491,17.756101608276367,114.67630004882812,0,0,0.43,False,35.293976,-120.66808
151783,2025-10-06 18:55:22.114000+00:00,foothill,Car,3.6401036,0.26638603,0.26638603,0.0,0.0,12.371213912963867,-3.4590671062469482,3.5764596462249756,12.360352516174316,0.0,0,0,0.45,False,35.293976,-120.66808
151783,2025-10-06 18:55:22.186000+00:00,foothill,Car,5.2741833,0.26638603,0.26638603,180.0,-180.0,13.221549034118652,-17.95380401611328,0.7364205121994019,11.944913864135742,90.0,0,0,0.47,False,35.293972,-120.668076
151783,2025-10-06 18:55:22.257000+00:00,foothill,Car,4.0201144,0.26638603,0.26638603,0.0,-180.0,13.490777015686035,-4.861693382263184,2.7749130725860596,11.840337753295898,0.0,0,0,0.48,False,35.293972,-120.668076
151783,2025-10-06 18:55:22.327000+00:00,foothill,Car,17.711094,0.26638603,0.26638603,90.0,90.0,14.367486953735352,9.412002563476562,inf,12.286219596862793,90.0,0,0,0.49,False,35.293972,-120.66807
151783,2025-10-06 18:55:22.404000+00:00,foothill,Car,4.8401375,0.26638603,0.26638603,0.0,-90.0,14.367486953735352,0.4858064353466034,inf,0.7200207710266113,0.0,0,0,0.51,True,35.293972,-120.66807
151783,2025-10-06 18:55:22.460000+00:00,foothill,Car,5.440155,0.26638603,0.26638603,0.0,0.0,14.235719680786133,-7.727705001831055,1.842166543006897,1.340937614440918,180.0,0,0,0.51,True,35.293972,-120.66806
151783,2025-10-06 18:55:22.520000+00:00,foothill,Car,6.32902,3.376563,3.110177,0.0,0.0,14.23572063446045,-8.00389575958252,1.7785989046096802,0.0,180.0,0,0,0.59,True,35.29397,-120.66806
151783,2025-10-06 18:55:22.604000+00:00,foothill,Car,14.759245,3.376563,3.110177,90.0,90.0,14.566802024841309,8.810462951660156,inf,10.238515853881836,90.0,0,0,0.66,True,35.29397,-120.66805
151783,2025-10-06 18:55:22.653000+00:00,foothill,Car,5.8101654,3.376563,3.110177,0.0,-90.0,14.566802024841309,-0.30898162722587585,47.14455795288086,0.5000143051147461,0.0,0,0,0.74,True,35.29397,-120.66805
151783,2025-10-06 18:55:22.725000+00:00,foothill,Car,5.8901677,3.376563,3.110177,0.0,0.0,14.494873046875,-6.39987325668335,2.26486873626709,0.6159844398498535,180.0,0,0,0.82,True,35.29397,-120.668045
151783,2025-10-06 18:55:22.786000+00:00,foothill,Car,5.8901677,3.376563,3.110177,0.0,0.0,14.844428062438965,-6.78153133392334,2.1889493465423584,0.3350977897644043,180.0,0,0,0.9,True,35.29397,-120.668045
151783,2025-10-06 18:55:22.867000+00:00,foothill,Car,4.688163,3.376563,3.110177,180.0,-180.0,14.844429016113281,5.248334884643555,inf,0.0,180.0,0,0,0.97,True,35.293964,-120.668045
151783,2025-10-06 18:55:22.919000+00:00,foothill,Car,5.4701557,3.376563,3.110177,0.0,-180.0,14.844429016113281,-0.24629426002502441,60.27111053466797,0.44001293182373047,0.0,0,0,0.98,True,35.293964,-120.668045
151783,2025-10-06 18:55:22.994000+00:00,foothill,Car,16.530357,3.376563,3.110177,90.0,90.0,15.197782516479492,-5.536432266235352,2.7450499534606934,2.855154037475586,31.491455078125,0,0,0.98,True,35.293964,-120.66804
151783,2025-10-06 18:55:23.055000+00:00,foothill,Car,6.2252655,3.376563,3.110177,180.0,90.0,15.554677963256836,-3.3254411220550537,4.677478313446045,6.2252655029296875,0.0,0,0,0.99,True,35.29396,-120.66804
151783,2025-10-06 18:55:23.115000+00:00,foothill,Car,20.662945,3.376563,3.110177,90.0,-90.0,15.196074485778809,20.63681411743164,inf,15.162788391113281,90.0,0,0,0.98,True,35.29396,-120.66803
151783,2025-10-06 18:55:23.187000+00:00,foothill,Car,5.2001476,3.376563,3.110177,0.0,-90.0,15.56457233428955,-5.125697135925293,3.036576747894287,0.07403564453125,180.0,0,0,0.98,True,35.29396,-120.66803
151783,2025-10-06 18:55:24.458000+00:00,foothill,Car,5.6049314,-1.4820824,-4.8586454,147.71136,147.71136,11.801712036132812,4.941195487976074,inf,5.604931354522705,147.71136474609375,0,0,0.99,True,35.293907,-120.66798
151783,2025-10-06 18:55:24.519000+00:00,foothill,Car,6.2252655,-2.1163783,-0.63429594,180.0,32.288635,11.77882194519043,6.221227645874023,inf,6.2252655029296875,180.0,0,0,0.99,True,35.293903,-120.66798
151783,2025-10-06 18:55:24.590000+00:00,foothill,Car,18.262407,-2.1163783,-0.63429594,114.67624,-65.32376,10.784659385681152,20.91050910949707,inf,12.9139404296875,114.67623901367188,0,0,0.99,True,35.2939,-120.66797
151783,2025-10-06 18:55:24.650000+00:00,foothill,Car,6.32902,-2.1163783,-0.63429594,180.0,65.32376,10.488637924194336,6.934383869171143,inf,3.1089284420013428,180.0,0,0,0.99,True,35.293896,-120.66797
151783,2025-10-06 18:55:24.721000+00:00,foothill,Car,5.3484674,-2.1163783,-0.63429594,180.0,0.0,9.40361213684082,7.87654972076416,inf,0.0,180.0,0,0,0.99,True,35.29389,-120.66797
151783,2025-10-06 18:55:24.793000+00:00,foothill,Car,18.008766,-2.1163783,-0.63429594,114.67624,-65.32376,8.608169555664062,19.099353790283203,inf,14.738673210144043,114.67623901367188,0,0,0.99,True,35.293888,-120.66796
151783,2025-10-06 18:55:24.854000+00:00,foothill,Car,12.450531,-2.1163783,-0.63429594,180.0,65.32376,8.04639720916748,14.464103698730469,inf,6.2252655029296875,180.0,0,0,0.99,True,35.293884,-120.66796
151783,2025-10-06 18:55:24.925000+00:00,foothill,Car,5.3484674,-2.1163783,-0.63429594,180.0,0.0,7.785001754760742,6.9470906257629395,inf,2.0183725357055664,180.0,0,0,0.99,True,35.29388,-120.66796
151783,2025-10-06 18:55:24.996000+00:00,foothill,Car,5.3484674,-2.1163783,-0.63429594,180.0,0.0,7.538424491882324,7.058588027954102,inf,2.158376455307007,180.0,0,0,0.99,True,35.293877,-120.66796
151783,2025-10-06 18:55:25.067000+00:00,foothill,Car,5.3484674,-2.1163783,-0.63429594,180.0,0.0,6.4961466789245605,9.121471405029297,inf,0.0,180.0,0,0,0.99,True,35.293873,-120.66795
151783,2025-10-06 18:55:25.127000+00:00,foothill,Car,6.32902,-2.1163783,-0.63429594,180.0,0.0,6.284986972808838,8.372206687927246,inf,3.1589298248291016,180.0,0,0,0.99,True,35.29387,-120.66795
151783,2025-10-06 18:55:25.189000+00:00,foothill,Car,6.124858,-2.1163783,-0.63429594,180.0,0.0,5.931515216827393,11.439888000488281,inf,0.0,180.0,0,0,0.99,True,35.293865,-120.66795
151783,2025-10-06 18:55:25.251000+00:00,foothill,Car,6.124858,-2.1163783,-0.63429594,180.0,0.0,5.793406009674072,8.457112312316895,inf,3.404780387878418,180.0,0,0,0.99,True,35.29386,-120.66795
151783,2025-10-06 18:55:25.322000+00:00,foothill,Car,5.3484674,-2.1163783,-0.63429594,180.0,0.0,5.68366813659668,7.434875011444092,inf,3.0684025287628174,180.0,0,0,0.99,True,35.293858,-120.66795
151783,2025-10-06 18:55:25.393000+00:00,foothill,Car,5.3484674,-2.1163783,-0.63429594,0.0,-180.0,5.603968620300293,-3.507520914077759,1.5977007150650024,3.5484161376953125,0.0,0,0,0.99,True,35.293854,-120.66795
151783,2025-10-06 18:55:25.464000+00:00,foothill,Car,20.477654,-2.1163783,-0.63429594,121.491455,121.491455,4.846960544586182,16.045406341552734,inf,15.129186630249023,121.491455078125,0,0,0.99,True,35.29385,-120.667946
151783,2025-10-06 18:55:25.525000+00:00,foothill,Car,6.2252655,3.2175164,5.3338947,180.0,58.508545,4.865485668182373,8.134230613708496,inf,4.285210609436035,180.0,0,0,0.99,True,35.293846,-120.667946
151783,2025-10-06 18:55:25.587000+00:00,foothill,Car,6.124858,3.2175164,5.3338947,180.0,0.0,4.920642852783203,8.219963073730469,inf,3.904794692993164,180.0,0,0,0.99,True,35.293842,-120.667946
151783,2025-10-06 18:55:25.658000+00:00,foothill,Car,5.3484674,3.2175164,5.3338947,180.0,0.0,5.135349750518799,15.144330024719238,inf,5.3484673500061035,180.0,0,0,0.99,True,35.29384,-120.667946
151783,2025-10-06 18:55:25.719000+00:00,foothill,Car,6.2252655,3.2175164,5.3338947,180.0,0.0,5.290665149688721,7.6362786293029785,inf,4.115205764770508,180.0,0,0,0.99,True,35.293835,-120.667946
151783,2025-10-06 18:55:25.794000+00:00,foothill,Car,5.0632157,3.2175164,5.3338947,180.0,0.0,5.684129238128662,8.634992599487305,inf,0.0,180.0,0,0,0.99,True,35.29383,-120.667946
151783,2025-10-06 18:55:25.852000+00:00,foothill,Car,6.5472617,3.2175164,5.3338947,180.0,0.0,5.91677188873291,7.067416191101074,inf,4.467202663421631,180.0,0,0,0.99,True,35.293827,-120.667946
151783,2025-10-06 18:55:25.922000+00:00,foothill,Car,5.4248743,3.2175164,5.3338947,180.0,0.0,5.937392234802246,7.591833114624023,inf,0.0,180.0,0,0,0.99,True,35.293823,-120.66794
151783,2025-10-06 18:55:25.995000+00:00,foothill,Car,10.403869,3.2175164,5.3338947,180.0,0.0,6.247482776641846,8.24853515625,inf,8.40381145477295,180.0,0,0,0.99,True,35.29382,-120.66794
151783,2025-10-06 18:55:26.056000+00:00,foothill,Car,6.2252655,3.2175164,5.3338947,180.0,0.0,6.5703349113464355,5.169399261474609,inf,4.275209903717041,180.0,0,0,0.99,True,35.293816,-120.66794
151783,2025-10-06 18:55:26.127000+00:00,foothill,Car,5.3484674,3.2175164,5.3338947,180.0,0.0,6.904159069061279,4.2714924812316895,inf,3.5984175205230713,180.0,0,0,0.99,True,35.29381,-120.66794
151783,2025-10-06 18:55:26.188000+00:00,foothill,Car,6.2252655,3.2175164,5.3338947,180.0,0.0,7.598893165588379,6.807071208953857,inf,0.0,180.0,0,0,0.99,True,35.293808,-120.66794
151783,2025-10-06 18:55:26.250000+00:00,foothill,Car,6.124858,3.2175164,5.3338947,180.0,0.0,7.957439422607422,4.0226898193359375,inf,4.54481315612793,180.0,0,0,0.99,True,35.293804,-120.66794
151783,2025-10-06 18:55:26.322000+00:00,foothill,Car,5.2741833,3.2175164,5.3338947,180.0,0.0,8.322159767150879,3.4516801834106445,inf,3.63413667678833,180.0,0,0,0.99,True,35.2938,-120.66794
151783,2025-10-06 18:55:26.393000+00:00,foothill,Car,18.26243,3.2175164,5.3338947,98.70712,-81.29288,8.309080123901367,2.764634370803833,inf,18.26243019104004,98.70712280273438,0,0,0.99,True,35.293797,-120.66793
151783,2025-10-06 18:55:26.464000+00:00,foothill,Car,18.26243,3.2175164,5.3338947,245.32379,146.61667,9.011492729187012,8.397047996520996,inf,18.26243019104004,114.67620849609375,0,0,0.99,True,35.293793,-120.66794
151783,2025-10-06 18:55:26.514000+00:00,foothill,Car,25.932653,3.2175164,5.3338947,107.02969,-138.2941,8.352276802062988,5.037031173706055,inf,25.932653427124023,107.02969360351562,0,0,0.99,True,35.29379,-120.66793
151783,2025-10-06 18:55:26.595000+00:00,foothill,Car,9.376326,3.2175164,5.3338947,180.0,72.97031,8.405959129333496,9.268263816833496,inf,9.376325607299805,180.0,0,0,0.99,True,35.293785,-120.66793
151783,2025-10-06 18:55:26.657000+00:00,foothill,Car,6.124858,3.2175164,5.3338947,180.0,0.0,8.480544090270996,6.001023292541504,inf,6.1248579025268555,180.0,0,0,0.99,True,35.29378,-120.66793
151783,2025-10-06 18:55:26.728000+00:00,foothill,Car,6.3101797,3.2175164,5.3338947,0.0,-180.0,8.480544090270996,-6.182598114013672,1.371679663658142,6.310179710388184,0.0,0,0,0.99,True,35.29378,-120.66793
151784,2025-10-06 18:55:22.114000+00:00,foothill,Car,4.0201144,0.0,0.0,0.0,0.0,5.497652053833008,1.5189889669418335,inf,4.020114421844482,0.0,1,0,0.17,False,35.293682,-120.667816
151784,2025-10-06 18:55:22.186000+00:00,foothill,Car,5.2741833,0.0,0.0,180.0,-180.0,5.892561912536621,-1.859278917312622,3.1692726612091064,5.27418327331543,180.0,0,0,0.32,False,35.29368,-120.667816
151784,2025-10-06 18:55:22.257000+00:00,foothill,Car,17.461706,0.0,0.0,90.0,-90.0,6.170773506164551,-15.603982925415039,0.39546144008636475,17.461706161499023,90.0,0,0,0.45,False,35.29368,-120.66781
151784,2025-10-06 18:55:22.327000+00:00,foothill,Car,2.9100828,0.0,0.0,0.0,-90.0,6.552587509155273,-1.0629708766937256,6.164409160614014,2.514791488647461,0.0,0,0,0.36,False,35.29368,-120.66781
151784,2025-10-06 18:55:22.404000+00:00,foothill,Car,2.7300777,0.0,0.0,0.0,0.0,6.170773506164551,3.43892240524292,inf,2.2016258239746094,180.0,0,0,0.4,False,35.29368,-120.66781
151784,2025-10-06 18:55:22.460000+00:00,foothill,Car,2.6400752,0.0,0.0,0.0,0.0,6.552587509155273,-1.7503561973571777,3.7435736656188965,4.141017436981201,0.0,0,0,0.44,False,35.29368,-120.66781
151785,2025-10-06 18:55:23.187000+00:00,foothill,Car,5.190148,0.0,0.0,0.0,0.0,11.001745223999023,3.919848918914795,inf,5.190147876739502,0.0,1,0,0.15,False,35.294098,-120.66751
151785,2025-10-06 18:55:24.458000+00:00,foothill,Car,7.8091774,6.6946216,6.6946216,266.71307,-93.28693,4.7164626121521,5.872080326080322,inf,7.510403633117676,93.28692626953125,0,0,0.57,True,35.294094,-120.66762
151785,2025-10-06 18:55:24.519000+00:00,foothill,Car,20.324175,-0.5806303,-7.275252,270.0,3.2869263,4.34613561630249,17.613439559936523,inf,19.824161529541016,90.0,0,0,0.57,True,35.294094,-120.667625
151785,2025-10-06 18:55:24.590000+00:00,foothill,Car,9.470269,-0.5806303,-7.275252,0.0,90.0,4.34613561630249,4.316065788269043,inf,9.030256271362305,0.0,0,0,0.57,True,35.294094,-120.667625
151785,2025-10-06 18:55:24.650000+00:00,foothill,Car,9.590273,-0.5806303,-7.275252,0.0,0.0,4.06099271774292,3.1578474044799805,inf,9.260263442993164,0.0,0,0,0.58,True,35.294094,-120.66763
151785,2025-10-06 18:55:24.721000+00:00,foothill,Car,17.461615,-0.5806303,-7.275252,270.0,-90.0,3.8175747394561768,17.46161460876465,inf,17.13160514831543,90.0,0,0,0.59,True,35.294094,-120.66764
151785,2025-10-06 18:55:24.793000+00:00,foothill,Car,9.450269,-0.5806303,-7.275252,0.0,90.0,3.8175747394561768,0.0,inf,9.22026252746582,0.0,0,0,0.6,True,35.294094,-120.66764
151785,2025-10-06 18:55:24.854000+00:00,foothill,Car,6.2252655,-0.5806303,-7.275252,0.0,0.0,3.4633233547210693,-1.2266203165054321,2.8234682083129883,6.135262966156006,0.0,0,0,0.6,True,35.294098,-120.66765
151785,2025-10-06 18:55:24.925000+00:00,foothill,Car,9.170261,-0.5806303,-7.275252,0.0,0.0,3.4633233547210693,-1.8334062099456787,1.8890104293823242,9.17026138305664,0.0,0,0,0.66,True,35.294098,-120.66765
151785,2025-10-06 18:55:24.996000+00:00,foothill,Car,17.461615,-0.5806303,-7.275252,270.0,-90.0,3.6650986671447754,16.16716194152832,inf,17.46161460876465,90.0,0,0,0.71,True,35.294098,-120.667656
151785,2025-10-06 18:55:25.067000+00:00,foothill,Car,17.461615,-0.5806303,-7.275252,270.0,0.0,3.9787158966064453,14.892805099487305,inf,17.46161460876465,90.0,0,0,0.76,True,35.294098,-120.66766
151785,2025-10-06 18:55:25.127000+00:00,foothill,Car,9.030257,-0.5806303,-7.275252,0.0,90.0,3.9787158966064453,-4.714639663696289,0.8439067006111145,9.030257225036621,0.0,0,0,0.81,True,35.294098,-120.66766
151785,2025-10-06 18:55:25.189000+00:00,foothill,Car,8.880253,-0.5806303,-7.275252,0.0,0.0,4.380217552185059,-5.615128040313721,0.7800743579864502,8.880252838134766,0.0,0,0,0.87,True,35.294098,-120.66767
151785,2025-10-06 18:55:25.251000+00:00,foothill,Car,19.996365,-0.5806303,-7.275252,270.0,-90.0,4.847815990447998,14.040011405944824,inf,19.936363220214844,90.0,0,0,0.92,True,35.294098,-120.66768
151785,2025-10-06 18:55:25.322000+00:00,foothill,Car,8.220234,-0.5806303,-7.275252,0.0,90.0,4.847815990447998,-5.827690124511719,0.8318589329719543,8.160232543945312,0.0,0,0,0.96,True,35.294098,-120.66768
151785,2025-10-06 18:55:25.393000+00:00,foothill,Car,5.3484674,-0.5806303,-7.275252,0.0,0.0,5.106502056121826,-4.351380825042725,1.173535943031311,5.3484673500061035,0.0,0,0,0.99,True,35.2941,-120.66769
151785,2025-10-06 18:55:25.464000+00:00,foothill,Car,8.220234,-0.5806303,-7.275252,0.0,0.0,5.106502056121826,-6.687778949737549,0.7635572552680969,8.220233917236328,0.0,0,0,0.99,True,35.2941,-120.66769
151785,2025-10-06 18:55:25.525000+00:00,foothill,Car,20.324173,-2.7591763,-2.178546,270.0,-90.0,6.284971237182617,19.203596115112305,inf,5.7220458984375e-06,180.0,0,0,0.99,True,35.2941,-120.667694
151785,2025-10-06 18:55:25.587000+00:00,foothill,Car,7.810222,-2.7591763,-2.178546,0.0,90.0,6.284971237182617,-6.777904033660889,0.9272735714912415,7.690218925476074,0.0,0,0,0.99,True,35.2941,-120.667694
151785,2025-10-06 18:55:25.658000+00:00,foothill,Car,7.6402173,-2.7591763,-2.178546,0.0,0.0,6.903003215789795,-6.716758728027344,1.0277283191680908,7.440211772918701,0.0,0,0,0.99,True,35.2941,-120.6677
151785,2025-10-06 18:55:25.719000+00:00,foothill,Car,7.410211,-2.7591763,-2.178546,0.0,0.0,6.903003215789795,-6.509117126464844,1.0605130195617676,7.210205554962158,0.0,0,0,0.99,True,35.2941,-120.6677
151785,2025-10-06 18:55:25.794000+00:00,foothill,Car,17.288376,-2.7591763,-2.178546,294.67633,-65.32367,7.3771209716796875,-1.167201042175293,6.320351600646973,17.088369369506836,65.32366943359375,0,0,0.99,True,35.294106,-120.66771
151785,2025-10-06 18:55:25.852000+00:00,foothill,Car,7.3102083,-2.7591763,-2.178546,0.0,65.32367,7.3771209716796875,-6.729992866516113,1.0961558818817139,7.170204162597656,0.0,0,0,0.99,True,35.294106,-120.66771
151785,2025-10-06 18:55:25.922000+00:00,foothill,Car,17.711065,-2.7591763,-2.178546,270.0,-90.0,7.912681579589844,-17.089862823486328,0.46300438046455383,17.7110652923584,90.0,0,0,0.99,True,35.294106,-120.66772
151785,2025-10-06 18:55:25.995000+00:00,foothill,Car,6.910197,-2.7591763,-2.178546,0.0,90.0,7.912681579589844,-1.8140873908996582,4.361797332763672,6.910196781158447,0.0,0,0,0.99,True,35.294106,-120.66772
151785,2025-10-06 18:55:26.056000+00:00,foothill,Car,6.2252655,-2.7591763,-2.178546,0.0,0.0,7.906396865844727,-5.910405158996582,1.3377081155776978,6.135262966156006,0.0,0,0,0.99,True,35.29411,-120.66772
151785,2025-10-06 18:55:26.127000+00:00,foothill,Car,6.380182,-2.7591763,-2.178546,0.0,0.0,8.177438735961914,-1.0804771184921265,7.568358898162842,6.380181789398193,0.0,0,0,0.99,True,35.29411,-120.667725
151785,2025-10-06 18:55:26.188000+00:00,foothill,Car,6.1201744,-2.7591763,-2.178546,0.0,0.0,7.906396865844727,-11.347785949707031,0.6967347264289856,14.20399284362793,90.0,0,0,0.99,True,35.29411,-120.667725
151785,2025-10-06 18:55:26.250000+00:00,foothill,Car,5.940169,-2.7591763,-2.178546,0.0,0.0,7.906396865844727,-5.722461223602295,1.3816426992416382,5.940168857574463,0.0,0,0,0.99,True,35.29411,-120.667725
151785,2025-10-06 18:55:26.322000+00:00,foothill,Car,17.21909,-2.7591763,-2.178546,270.0,-90.0,8.322723388671875,16.674137115478516,inf,17.21908950805664,90.0,0,0,0.99,True,35.29411,-120.66773
151785,2025-10-06 18:55:26.393000+00:00,foothill,Car,5.3484674,-2.7591763,-2.178546,0.0,90.0,7.9126811027526855,-1.4040958881378174,5.635427951812744,5.3484673500061035,0.0,0,0,0.99,True,35.294113,-120.66773
151785,2025-10-06 18:55:26.464000+00:00,foothill,Car,5.380153,-2.7591763,-2.178546,0.0,0.0,8.12198543548584,-1.8346881866455078,4.4269022941589355,5.380153179168701,0.0,0,0,0.99,True,35.294113,-120.66774
151785,2025-10-06 18:55:26.514000+00:00,foothill,Car,5.310151,0.4992752,3.2584515,0.0,0.0,8.12198543548584,-1.810816764831543,4.485260963439941,5.310151100158691,0.0,0,0,0.99,True,35.294113,-120.66774
151785,2025-10-06 18:55:26.595000+00:00,foothill,Car,9.376326,0.4992752,3.2584515,0.0,0.0,7.724589824676514,-3.361917734146118,2.2976737022399902,9.376325607299805,0.0,0,0,0.99,True,35.294117,-120.66774
151785,2025-10-06 18:55:26.657000+00:00,foothill,Car,19.99636,0.4992752,3.2584515,270.0,-90.0,7.999019145965576,18.026365280151367,inf,19.996360778808594,90.0,0,0,0.99,True,35.294117,-120.66775
151785,2025-10-06 18:55:26.728000+00:00,foothill,Car,5.410154,0.4992752,3.2584515,0.0,90.0,7.999019145965576,-2.341599941253662,3.416048526763916,5.410153865814209,0.0,0,0,0.99,True,35.294117,-120.66775
151785,2025-10-06 18:55:26.789000+00:00,foothill,Car,6.2252655,0.4992752,3.2584515,0.0,0.0,7.957430839538574,-3.2501697540283203,2.448312282562256,6.2252655029296875,0.0,0,0,0.99,True,35.29412,-120.667755
151785,2025-10-06 18:55:26.860000+00:00,foothill,Car,5.5001564,0.4992752,3.2584515,0.0,0.0,7.957430839538574,-2.8715951442718506,2.7710838317871094,5.500156402587891,0.0,0,0,0.99,True,35.29412,-120.667755
151785,2025-10-06 18:55:26.921000+00:00,foothill,Car,5.480156,0.4992752,3.2584515,0.0,0.0,7.957430839538574,-2.8611531257629395,2.7811970710754395,5.480155944824219,0.0,0,0,0.99,True,35.29412,-120.667755
151785,2025-10-06 18:55:26.992000+00:00,foothill,Car,18.262365,0.4992752,3.2584515,278.70715,-81.29285,7.998489856719971,12.68456745147705,inf,18.262365341186523,81.2928466796875,0,0,0.99,True,35.294125,-120.66776
151785,2025-10-06 18:55:27.063000+00:00,foothill,Car,5.3484674,0.4992752,3.2584515,0.0,81.29285,7.665379047393799,-3.3819217681884766,2.2665748596191406,5.3484673500061035,0.0,0,0,0.99,True,35.29413,-120.66776
151785,2025-10-06 18:55:27.123000+00:00,foothill,Car,5.5901594,0.4992752,3.2584515,0.0,0.0,7.665379047393799,-3.53474760055542,2.168578863143921,5.5901594161987305,0.0,0,0,0.99,True,35.29413,-120.66776
151785,2025-10-06 18:55:27.186000+00:00,foothill,Car,6.027638,0.4992752,3.2584515,0.0,0.0,7.816122055053711,-4.271845817565918,1.8296825885772705,6.027637958526611,0.0,0,0,0.99,True,35.294132,-120.66777
151785,2025-10-06 18:55:27.257000+00:00,foothill,Car,5.770164,0.4992752,3.2584515,0.0,0.0,7.816122055053711,-4.089371681213379,1.9113259315490723,5.7701640129089355,0.0,0,0,0.99,True,35.294132,-120.66777
151785,2025-10-06 18:55:27.318000+00:00,foothill,Car,21.256191,0.4992752,3.2584515,294.67633,-65.32367,8.046380043029785,5.345651149749756,inf,21.25619125366211,65.32366943359375,0,0,0.99,True,35.294136,-120.66778
151785,2025-10-06 18:55:27.389000+00:00,foothill,Car,6.2001762,0.4992752,3.2584515,0.0,65.32367,8.046380043029785,-4.801929473876953,1.6756556034088135,6.200176239013672,0.0,0,0,0.99,True,35.294136,-120.66778
151785,2025-10-06 18:55:27.460000+00:00,foothill,Car,5.3484674,0.4992752,3.2584515,0.0,0.0,7.784983158111572,-4.281381607055664,1.8183343410491943,5.3484673500061035,0.0,0,0,0.99,True,35.29414,-120.66778
151785,2025-10-06 18:55:27.521000+00:00,foothill,Car,21.25619,-1.2617521,-1.7610273,278.70715,-81.29285,8.120161056518555,8.231762886047363,inf,21.256189346313477,81.2928466796875,0,0,0.99,True,35.294144,-120.667786
151785,2025-10-06 18:55:27.596000+00:00,foothill,Car,10.126431,-1.2617521,-1.7610273,0.0,81.29285,7.906861305236816,-8.867925643920898,0.8916246891021729,10.126431465148926,0.0,0,0,0.99,True,35.294147,-120.667786
151785,2025-10-06 18:55:27.662000+00:00,foothill,Car,5.9801702,-1.2617521,-1.7610273,0.0,0.0,7.906861305236816,-5.236958980560303,1.5098192691802979,5.980170249938965,0.0,0,0,0.99,True,35.294147,-120.667786
151785,2025-10-06 18:55:27.723000+00:00,foothill,Car,6.2252655,-1.2617521,-1.7610273,0.0,0.0,8.338351249694824,-5.686435222625732,1.4663583040237427,6.2252655029296875,0.0,0,0,0.99,True,35.29415,-120.66779
151785,2025-10-06 18:55:27.794000+00:00,foothill,Car,5.3484674,-1.2617521,-1.7610273,0.0,0.0,8.174914360046387,-4.9832024574279785,1.6404941082000732,5.3484673500061035,0.0,0,0,0.99,True,35.294155,-120.66779
151785,2025-10-06 18:55:27.854000+00:00,foothill,Car,6.32902,-1.2617521,-1.7610273,0.0,0.0,8.030579566955566,-6.002773761749268,1.3378114700317383,6.329020023345947,0.0,0,0,0.99,True,35.29416,-120.66779
151785,2025-10-06 18:55:27.936000+00:00,foothill,Car,15.812527,-1.2617521,-1.7610273,294.67633,-65.32367,8.575447082519531,-2.8428943157196045,3.016449451446533,15.81252670288086,65.32366943359375,0,0,0.99,True,35.294163,-120.6678
151785,2025-10-06 18:55:28.008000+00:00,foothill,Car,5.2741833,-1.2617521,-1.7610273,0.0,65.32367,8.480504989624023,-5.16754674911499,1.641108512878418,5.27418327331543,0.0,0,0,0.99,True,35.294167,-120.6678
151785,2025-10-06 18:55:28.058000+00:00,foothill,Car,6.7301917,-1.2617521,-1.7610273,0.0,0.0,9.15997314453125,-6.61372709274292,1.3849941492080688,6.730191707611084,0.0,0,0,0.99,True,35.294167,-120.66781
151785,2025-10-06 18:55:28.129000+00:00,foothill,Car,5.3484674,-1.2617521,-1.7610273,0.0,0.0,9.090964317321777,-5.295810222625732,1.7166333198547363,5.3484673500061035,0.0,0,0,0.99,True,35.29417,-120.66781
151785,2025-10-06 18:55:28.190000+00:00,foothill,Car,6.2252655,-1.2617521,-1.7610273,0.0,0.0,9.041349411010742,-6.197801113128662,1.4587994813919067,6.2252655029296875,0.0,0,0,0.99,True,35.294174,-120.66781
151785,2025-10-06 18:55:28.251000+00:00,foothill,Car,6.2252655,-1.2617521,-1.7610273,0.0,0.0,9.011449813842773,-6.21836519241333,1.449167013168335,6.2252655029296875,0.0,0,0,0.99,True,35.294178,-120.66781
151785,2025-10-06 18:55:28.322000+00:00,foothill,Car,20.477592,-1.2617521,-1.7610273,307.443,-52.557007,9.693881034851074,-12.449798583984375,0.7786375880241394,20.47759246826172,52.5570068359375,0,0,0.99,True,35.29418,-120.667816
151785,2025-10-06 18:55:28.388000+00:00,foothill,Car,5.7536545,-1.2617521,-1.7610273,0.0,52.557007,9.703156471252441,-5.748154163360596,1.6880474090576172,5.753654479980469,0.0,0,0,0.99,True,35.294186,-120.667816
151785,2025-10-06 18:55:28.449000+00:00,foothill,Car,6.2252655,-1.2617521,-1.7610273,0.0,0.0,9.730931282043457,-6.201562404632568,1.5691096782684326,6.2252655029296875,0.0,0,0,0.99,True,35.29419,-120.667816
151786,2025-10-06 18:55:24.458000+00:00,foothill,Car,1.860053,0.0,0.0,0.0,0.0,12.081806182861328,-7.081167697906494,1.706188440322876,3.7448782920837402,147.71136474609375,1,0,0.43,False,35.293972,-120.66808
151786,2025-10-06 18:55:24.519000+00:00,foothill,Car,6.2252655,3.2192488,3.2192488,0.0,0.0,12.60653018951416,-9.573952674865723,1.3167529106140137,0.0,180.0,0,0,0.46,False,35.293976,-120.66808
151786,2025-10-06 18:55:24.590000+00:00,foothill,Car,3.0300863,3.2192488,3.2192488,0.0,0.0,12.881834983825684,-18.94641876220703,0.6799086928367615,15.232320785522461,114.67623901367188,0,0,0.47,False,35.293976,-120.668076
151786,2025-10-06 18:55:24.650000+00:00,foothill,Car,6.32902,3.2192488,3.2192488,180.0,-180.0,12.881834983825684,0.0,inf,0.0,0.0,0,0,0.49,False,35.293972,-120.668076
151786,2025-10-06 18:55:24.721000+00:00,foothill,Car,3.5901024,3.2192488,3.2192488,0.0,-180.0,13.165051460266113,-6.581797122955322,2.0002214908599854,1.7583649158477783,180.0,0,0,0.5,False,35.293972,-120.668076
151786,2025-10-06 18:55:24.793000+00:00,foothill,Car,17.21912,3.2192488,3.2192488,90.0,90.0,13.455679893493652,-4.82367467880249,2.789508104324341,0.7896461486816406,24.676239013671875,0,0,0.51,True,35.293972,-120.66807
151786,2025-10-06 18:55:24.854000+00:00,foothill,Car,4.4501266,3.2192488,3.2192488,0.0,-90.0,13.753252029418945,-11.912343978881836,1.1545377969741821,8.000404357910156,180.0,0,0,0.52,True,35.293972,-120.66807
151786,2025-10-06 18:55:24.925000+00:00,foothill,Car,5.1101456,3.2192488,3.2192488,0.0,0.0,13.589086532592773,-6.927845478057861,1.9615169763565063,0.23832178115844727,180.0,0,0,0.52,True,35.293972,-120.66806
151786,2025-10-06 18:55:24.996000+00:00,foothill,Car,5.3484674,3.2192488,3.2192488,0.0,0.0,13.589086532592773,-7.085711479187012,1.9178154468536377,0.0,180.0,0,0,0.59,True,35.29397,-120.66806
151786,2025-10-06 18:55:25.067000+00:00,foothill,Car,17.461643,3.2192488,3.2192488,90.0,90.0,13.909693717956543,9.851088523864746,inf,12.113176345825195,90.0,0,0,0.66,True,35.29397,-120.66805
151786,2025-10-06 18:55:25.127000+00:00,foothill,Car,5.97017,3.2192488,3.2192488,0.0,-90.0,14.23572063446045,-7.776988983154297,1.830492615699768,0.35885000228881836,180.0,0,0,0.72,True,35.29397,-120.66805
151786,2025-10-06 18:55:25.189000+00:00,foothill,Car,6.124858,3.2192488,3.2192488,180.0,-180.0,13.808313369750977,0.0,inf,0.0,0.0,0,0,0.79,True,35.293964,-120.668045
151786,2025-10-06 18:55:25.251000+00:00,foothill,Car,6.020171,3.2192488,3.2192488,0.0,-180.0,14.149399757385254,-7.132025718688965,1.983924388885498,0.10468673706054688,180.0,0,0,0.86,True,35.293964,-120.668045
151786,2025-10-06 18:55:25.322000+00:00,foothill,Car,17.461643,3.2192488,3.2192488,90.0,90.0,14.109359741210938,11.811507225036621,inf,12.113176345825195,90.0,0,0,0.92,True,35.293964,-120.66804
151786,2025-10-06 18:55:25.393000+00:00,foothill,Car,5.3484674,3.2192488,3.2192488,180.0,90.0,14.109360694885254,5.774518966674805,inf,0.0,180.0,0,0,0.98,True,35.29396,-120.66804
151786,2025-10-06 18:55:25.464000+00:00,foothill,Car,6.020171,3.2192488,3.2192488,0.0,-180.0,14.844429016113281,-23.827180862426758,0.6230040192604065,14.45748233795166,121.491455078125,0,0,0.98,True,35.29396,-120.66804
151786,2025-10-06 18:55:25.525000+00:00,foothill,Car,21.256231,-0.95659924,-4.175848,114.67627,114.67627,14.468232154846191,17.81652069091797,inf,15.030965805053711,65.32373046875,0,0,0.99,True,35.293957,-120.66803
151786,2025-10-06 18:55:25.587000+00:00,foothill,Car,5.5301576,-0.95659924,-4.175848,0.0,-114.67627,14.83055305480957,-5.9857611656188965,2.4776387214660645,0.5947003364562988,180.0,0,0,0.99,True,35.293957,-120.66803
151786,2025-10-06 18:55:25.658000+00:00,foothill,Car,5.3484674,-0.95659924,-4.175848,180.0,-180.0,14.83055305480957,0.0,inf,0.0,0.0,0,0,0.99,True,35.293953,-120.66803
151786,2025-10-06 18:55:25.719000+00:00,foothill,Car,5.1401463,-0.95659924,-4.175848,0.0,-180.0,14.861099243164062,-5.295481204986572,2.8063735961914062,1.0851192474365234,180.0,0,0,0.99,True,35.293953,-120.66802
151786,2025-10-06 18:55:25.794000+00:00,foothill,Car,5.1401463,-0.95659924,-4.175848,0.0,0.0,15.237700462341309,-4.6365509033203125,3.2864301204681396,0.07693052291870117,180.0,0,0,0.99,True,35.293953,-120.66802
151786,2025-10-06 18:55:25.852000+00:00,foothill,Car,5.0001426,-0.95659924,-4.175848,0.0,0.0,15.616741180419922,-5.119943618774414,3.050178289413452,1.547119140625,180.0,0,0,0.98,True,35.293953,-120.66802
151786,2025-10-06 18:55:25.922000+00:00,foothill,Car,20.770174,-0.95659924,-4.175848,114.67627,114.67627,14.762077331542969,23.05222511291504,inf,15.34529972076416,114.67626953125,0,0,0.98,True,35.29395,-120.668015
151786,2025-10-06 18:55:25.995000+00:00,foothill,Car,4.3001223,-0.95659924,-4.175848,0.0,-114.67627,14.762077331542969,-1.7261708974838257,8.551920890808105,2.300065279006958,0.0,0,0,0.98,True,35.29395,-120.668015
151786,2025-10-06 18:55:26.056000+00:00,foothill,Car,3.7501068,-0.95659924,-4.175848,0.0,0.0,14.762077331542969,-1.3509165048599243,10.927453994750977,1.800051212310791,0.0,0,0,0.98,True,35.29395,-120.668015
151786,2025-10-06 18:55:26.127000+00:00,foothill,Car,3.0800877,-0.95659924,-4.175848,0.0,0.0,14.762077331542969,-0.998177170753479,14.789034843444824,1.3300378322601318,0.0,0,0,0.97,True,35.29395,-120.668015
151786,2025-10-06 18:55:26.188000+00:00,foothill,Car,6.2252655,-0.95659924,-4.175848,180.0,-180.0,14.215680122375488,9.703118324279785,inf,0.0,180.0,0,0,0.98,True,35.293945,-120.668015
151786,2025-10-06 18:55:26.250000+00:00,foothill,Car,6.124858,-0.95659924,-4.175848,180.0,0.0,13.410658836364746,5.967321872711182,inf,4.54481315612793,180.0,0,0,0.99,True,35.29394,-120.66801
151786,2025-10-06 18:55:26.322000+00:00,foothill,Car,5.2741833,-0.95659924,-4.175848,180.0,0.0,13.14643383026123,5.462585926055908,inf,3.63413667678833,180.0,0,0,0.99,True,35.293938,-120.66801
151786,2025-10-06 18:55:26.393000+00:00,foothill,Car,3.0900881,-0.95659924,-4.175848,0.0,-180.0,12.890752792358398,1.819621205329895,inf,2.2583792209625244,0.0,0,0,0.99,True,35.293938,-120.66801
151786,2025-10-06 18:55:26.464000+00:00,foothill,Car,5.3484674,-0.95659924,-4.175848,180.0,-180.0,12.644135475158691,5.781683921813965,inf,3.658419132232666,180.0,0,0,0.98,True,35.293934,-120.66801
151786,2025-10-06 18:55:26.514000+00:00,foothill,Car,24.795544,-1.2560005,-0.29940128,90.0,-90.0,12.081809997558594,16.042797088623047,inf,23.245498657226562,90.0,0,0,0.99,True,35.293934,-120.668
151786,2025-10-06 18:55:26.595000+00:00,foothill,Car,4.688163,-1.2560005,-0.29940128,180.0,90.0,11.833539009094238,5.110275745391846,inf,3.1381187438964844,180.0,0,0,0.99,True,35.29393,-120.668
151786,2025-10-06 18:55:26.657000+00:00,foothill,Car,6.124858,-1.2560005,-0.29940128,180.0,0.0,11.59547233581543,6.416284561157227,inf,4.5748138427734375,180.0,0,0,0.99,True,35.293926,-120.668
151786,2025-10-06 18:55:26.728000+00:00,foothill,Car,5.3484674,-1.2560005,-0.29940128,180.0,0.0,10.783879280090332,5.641444683074951,inf,3.938427209854126,180.0,0,0,0.99,True,35.293922,-120.66799
151786,2025-10-06 18:55:26.789000+00:00,foothill,Car,18.675797,-1.2560005,-0.29940128,180.0,0.0,10.138921737670898,22.10755157470703,inf,12.450531005859375,180.0,0,0,0.99,True,35.293915,-120.66799
151786,2025-10-06 18:55:26.860000+00:00,foothill,Car,5.5301576,-1.2560005,-0.29940128,0.0,-180.0,10.340986251831055,-9.469490051269531,1.0920319557189941,0.18169021606445312,180.0,0,0,0.99,True,35.293915,-120.66799
151786,2025-10-06 18:55:26.921000+00:00,foothill,Car,6.2252655,-1.2560005,-0.29940128,180.0,-180.0,10.138921737670898,6.024078845977783,inf,5.665249824523926,180.0,0,0,0.99,True,35.29391,-120.66799
151786,2025-10-06 18:55:26.992000+00:00,foothill,Car,18.262407,-1.2560005,-0.29940128,107.029724,-72.970276,9.144098281860352,17.01018524169922,inf,12.9139404296875,107.02972412109375,0,0,0.99,True,35.293907,-120.667984
151786,2025-10-06 18:55:27.063000+00:00,foothill,Car,5.3484674,-1.2560005,-0.29940128,180.0,72.970276,8.975289344787598,5.599519729614258,inf,4.648447513580322,180.0,0,0,0.99,True,35.293903,-120.667984
151786,2025-10-06 18:55:27.123000+00:00,foothill,Car,5.6701612,-1.2560005,-0.29940128,0.0,-180.0,8.82365894317627,0.6204347014427185,inf,0.6588587760925293,0.0,0,0,0.99,True,35.293903,-120.667984
151786,2025-10-06 18:55:27.186000+00:00,foothill,Car,6.027638,-1.2560005,-0.29940128,180.0,-180.0,8.690105438232422,6.643030643463135,inf,5.107611656188965,180.0,0,0,0.99,True,35.2939,-120.667984
151786,2025-10-06 18:55:27.257000+00:00,foothill,Car,5.3484674,-1.2560005,-0.29940128,180.0,0.0,8.575474739074707,6.064068794250488,inf,4.438441276550293,180.0,0,0,0.99,True,35.293896,-120.667984
151786,2025-10-06 18:55:27.318000+00:00,foothill,Car,6.2252655,-1.2560005,-0.29940128,180.0,0.0,7.803340911865234,6.945059776306152,inf,5.335240364074707,180.0,0,0,0.99,True,35.29389,-120.66798
151786,2025-10-06 18:55:27.389000+00:00,foothill,Car,5.3484674,-1.2560005,-0.29940128,180.0,0.0,7.7222185134887695,6.153206825256348,inf,4.458442211151123,180.0,0,0,0.99,True,35.293888,-120.66798
151786,2025-10-06 18:55:27.460000+00:00,foothill,Car,10.696935,-1.2560005,-0.29940128,180.0,0.0,7.628450870513916,16.020578384399414,inf,5.3484673500061035,180.0,0,0,0.99,True,35.293884,-120.66798
151786,2025-10-06 18:55:27.521000+00:00,foothill,Car,5.8601665,0.69610834,1.9521089,0.0,-180.0,6.937206745147705,-4.606478214263916,1.505967617034912,14.46406364440918,90.0,0,0,0.99,True,35.293884,-120.66798
151786,2025-10-06 18:55:27.596000+00:00,foothill,Car,5.0632157,0.69610834,1.9521089,180.0,-180.0,6.9242262840271,5.973241806030273,inf,4.153189659118652,180.0,0,0,0.99,True,35.29388,-120.66798
151786,2025-10-06 18:55:27.662000+00:00,foothill,Car,5.7536545,0.69610834,1.9521089,180.0,0.0,6.937206745147705,6.651212215423584,inf,4.843628406524658,180.0,0,0,0.99,True,35.293877,-120.66798
151786,2025-10-06 18:55:27.723000+00:00,foothill,Car,6.2252655,0.69610834,1.9521089,180.0,0.0,6.9760026931762695,7.06248140335083,inf,5.335240364074707,180.0,0,0,0.99,True,35.293873,-120.66798
151786,2025-10-06 18:55:27.794000+00:00,foothill,Car,18.262415,0.69610834,1.9521089,114.67624,-65.32376,6.458651065826416,8.157739639282227,inf,12.913948059082031,114.67623901367188,0,0,0.99,True,35.29387,-120.66797
151786,2025-10-06 18:55:27.854000+00:00,foothill,Car,6.32902,0.69610834,1.9521089,180.0,65.32376,6.582818031311035,6.834105968475342,inf,5.438994884490967,180.0,0,0,0.99,True,35.293865,-120.66797
151786,2025-10-06 18:55:27.936000+00:00,foothill,Car,4.63099,0.69610834,1.9521089,180.0,0.0,6.731468200683594,5.101943016052246,inf,3.750965118408203,180.0,0,0,0.99,True,35.29386,-120.66797
151786,2025-10-06 18:55:28.008000+00:00,foothill,Car,5.880167,0.69610834,1.9521089,0.0,-180.0,6.731468200683594,-4.62899112701416,1.454197645187378,5.0001420974731445,0.0,0,0,0.99,True,35.29386,-120.66797
151786,2025-10-06 18:55:28.058000+00:00,foothill,Car,7.594824,0.69610834,1.9521089,180.0,-180.0,6.903019905090332,7.650796413421631,inf,6.714798927307129,180.0,0,0,0.99,True,35.293858,-120.66797
151786,2025-10-06 18:55:28.129000+00:00,foothill,Car,5.3484674,0.69610834,1.9521089,0.0,-180.0,7.0958123207092285,-3.9419164657592773,1.8000919818878174,4.488442897796631,0.0,0,0,0.99,True,35.293854,-120.66797
151786,2025-10-06 18:55:28.190000+00:00,foothill,Car,12.450531,0.69610834,1.9521089,180.0,-180.0,7.308164596557617,11.230768203735352,inf,11.730510711669922,180.0,0,0,0.99,True,35.29385,-120.66797
151786,2025-10-06 18:55:28.251000+00:00,foothill,Car,6.2252655,0.69610834,1.9521089,180.0,0.0,7.538424015045166,5.509999752044678,inf,5.785253047943115,180.0,0,0,0.99,True,35.293846,-120.66797
151786,2025-10-06 18:55:28.322000+00:00,foothill,Car,5.3484674,0.69610834,1.9521089,180.0,0.0,8.349597930908203,14.193355560302734,inf,12.113195419311523,90.0,0,0,0.99,True,35.293842,-120.66797
151786,2025-10-06 18:55:28.388000+00:00,foothill,Car,19.645939,0.69610834,1.9521089,98.70712,-81.29288,8.04639720916748,-9.981291770935059,0.8061478734016418,19.645938873291016,98.70712280273438,0,0,0.99,True,35.29384,-120.66796
151786,2025-10-06 18:55:28.449000+00:00,foothill,Car,5.830166,0.69610834,1.9521089,0.0,-98.70712,8.04639720916748,-4.515369892120361,1.7820017337799072,5.830165863037109,0.0,0,0,0.99,True,35.29384,-120.66796
151786,2025-10-06 18:55:28.520000+00:00,foothill,Car,5.3484674,0.69610834,1.9521089,180.0,-180.0,8.321215629577637,4.005497455596924,inf,5.3484673500061035,180.0,0,0,0.99,True,35.293835,-120.66796
151786,2025-10-06 18:55:28.591000+00:00,foothill,Car,5.3484674,0.69610834,1.9521089,180.0,0.0,8.608169555664062,3.871973991394043,inf,5.3484673500061035,180.0,0,0,0.99,True,35.29383,-120.66796
151786,2025-10-06 18:55:28.653000+00:00,foothill,Car,5.6901617,0.69610834,1.9521089,0.0,-180.0,8.608169555664062,-4.119340419769287,2.089696168899536,5.69016170501709,0.0,0,0,0.99,True,35.29383,-120.66796
151786,2025-10-06 18:55:28.724000+00:00,foothill,Car,5.3484674,0.69610834,1.9521089,180.0,-180.0,8.906087875366211,3.742452383041382,inf,5.3484673500061035,180.0,0,0,0.99,True,35.293827,-120.66796
151786,2025-10-06 18:55:28.795000+00:00,foothill,Car,5.410154,0.69610834,1.9521089,0.0,-180.0,8.906087875366211,-3.785615921020508,2.3526127338409424,5.410153865814209,0.0,0,0,0.99,True,35.293827,-120.66796
151786,2025-10-06 18:55:28.856000+00:00,foothill,Car,6.2252655,0.69610834,1.9521089,180.0,-180.0,9.213905334472656,4.210445880889893,inf,6.2252655029296875,180.0,0,0,0.99,True,35.293823,-120.66796
151786,2025-10-06 18:55:28.917000+00:00,foothill,Car,12.450531,0.69610834,1.9521089,180.0,0.0,9.09301471710205,-8.53283977508545,1.0656492710113525,7.873699188232422,90.0,0,0,0.99,True,35.29382,-120.66796
151787,2025-10-06 18:55:25.393000+00:00,foothill,Car,0.8300236,0.0,0.0,0.0,0.0,7.342749118804932,0.15654312074184418,inf,0.8300235867500305,0.0,1,0,0.12,False,35.293667,-120.66782
151787,2025-10-06 18:55:25.464000+00:00,foothill,Car,5.3484674,0.0,0.0,0.0,0.0,6.926648139953613,1.069321870803833,inf,5.3484673500061035,0.0,0,0,0.24,False,35.29367,-120.66782
151787,2025-10-06 18:55:25.525000+00:00,foothill,Car,0.9800279,6.3201227,6.3201227,0.0,0.0,6.926648139953613,0.19593748450279236,inf,0.9800279140472412,0.0,0,0,0.29,False,35.29367,-120.66782
151787,2025-10-06 18:55:25.587000+00:00,foothill,Car,1.0300293,6.3201227,6.3201227,0.0,0.0,6.097785949707031,-0.13853906095027924,44.014923095703125,0.6100172996520996,0.0,0,0,0.31,False,35.29367,-120.66782
151787,2025-10-06 18:55:25.658000+00:00,foothill,Car,1.0800308,6.3201227,6.3201227,0.0,0.0,6.097785949707031,-0.13626794517040253,44.748497009277344,0.6000171303749084,0.0,0,0,0.43,False,35.29367,-120.66782
151787,2025-10-06 18:55:25.719000+00:00,foothill,Car,6.2252655,6.3201227,6.3201227,0.0,0.0,5.685510635375977,-1.3945281505584717,4.077013969421387,5.725251197814941,0.0,0,0,0.52,True,35.293674,-120.66782
151787,2025-10-06 18:55:25.794000+00:00,foothill,Car,1.1900339,6.3201227,6.3201227,0.0,0.0,5.5575785636901855,-0.08597023040056229,64.6453857421875,0.6900196671485901,0.0,0,0,0.54,True,35.293674,-120.667816
151787,2025-10-06 18:55:25.852000+00:00,foothill,Car,1.2200347,6.3201227,6.3201227,0.0,0.0,5.5575785636901855,-0.08970806002616882,61.95183181762695,0.7200204730033875,0.0,0,0,0.59,True,35.293674,-120.667816
151787,2025-10-06 18:55:25.922000+00:00,foothill,Car,1.230035,6.3201227,6.3201227,0.0,0.0,5.5575785636901855,-0.0909539982676506,61.103179931640625,0.7300207018852234,0.0,0,0,0.64,True,35.293674,-120.667816
151787,2025-10-06 18:55:25.995000+00:00,foothill,Car,5.2019343,6.3201227,6.3201227,0.0,0.0,2.07727313041687,5.201934337615967,inf,5.201934337615967,0.0,0,0,0.56,True,35.29368,-120.667816
151787,2025-10-06 18:55:26.056000+00:00,foothill,Car,1.3300378,6.3201227,6.3201227,0.0,0.0,2.07727313041687,1.3300378322601318,inf,1.3300378322601318,0.0,0,0,0.69,True,35.29368,-120.667816
151787,2025-10-06 18:55:26.127000+00:00,foothill,Car,5.3484674,6.3201227,6.3201227,0.0,0.0,1.4483543634414673,5.113954544067383,inf,5.3484673500061035,0.0,0,0,0.61,True,35.293682,-120.66782
151787,2025-10-06 18:55:26.188000+00:00,foothill,Car,1.2700362,6.3201227,6.3201227,0.0,0.0,1.4483543634414673,1.2143492698669434,inf,1.270036220550537,0.0,0,0,0.72,True,35.293682,-120.66782
151787,2025-10-06 18:55:26.250000+00:00,foothill,Car,6.124858,6.3201227,6.3201227,0.0,0.0,1.6240392923355103,5.222780704498291,inf,6.1248579025268555,0.0,0,0,0.65,True,35.293686,-120.66782
151787,2025-10-06 18:55:26.322000+00:00,foothill,Truck,65.590775,6.3201227,6.3201227,195.21992,-164.78009,3.879862070083618,5.647601127624512,inf,65.59077453613281,164.7800750732422,0,0,0.67,True,35.293644,-120.66783
151787,2025-10-06 18:55:26.393000+00:00,foothill,Truck,1.2200347,6.3201227,6.3201227,0.0,164.78009,3.879862070083618,0.21773505210876465,inf,1.2200347185134888,0.0,0,0,0.67,True,35.293644,-120.66783
151787,2025-10-06 18:55:26.464000+00:00,foothill,Truck,1.3100373,6.3201227,6.3201227,0.0,0.0,3.879862070083618,0.23379747569561005,inf,1.3100372552871704,0.0,0,0,0.78,True,35.293644,-120.66783
151787,2025-10-06 18:55:26.514000+00:00,foothill,Truck,1.3100373,-3.024849,-9.344972,0.0,0.0,3.879862070083618,0.23379747569561005,inf,1.3100372552871704,0.0,0,0,0.8,True,35.293644,-120.66783
151787,2025-10-06 18:55:26.595000+00:00,foothill,Truck,1.3100373,-3.024849,-9.344972,0.0,0.0,3.879862070083618,0.23379747569561005,inf,1.3100372552871704,0.0,0,0,0.78,True,35.293644,-120.66783
151787,2025-10-06 18:55:26.657000+00:00,foothill,Truck,1.3100373,-3.024849,-9.344972,0.0,0.0,3.879862070083618,0.23379747569561005,inf,1.3100372552871704,0.0,0,0,0.69,True,35.293644,-120.66783
151787,2025-10-06 18:55:26.728000+00:00,foothill,Truck,1.1700333,-3.024849,-9.344972,0.0,0.0,3.879862070083618,0.20881149172782898,inf,1.17003333568573,0.0,0,0,0.69,True,35.293644,-120.66783
151787,2025-10-06 18:55:26.789000+00:00,foothill,Truck,20.32429,-3.024849,-9.344972,90.0,90.0,4.060995578765869,-19.106027603149414,0.21255049109458923,20.324289321899414,90.0,0,0,0.78,True,35.293644,-120.66782
151787,2025-10-06 18:55:26.860000+00:00,foothill,Truck,17.461714,-3.024849,-9.344972,270.0,-180.0,3.879862070083618,17.18138313293457,inf,17.461713790893555,90.0,0,0,0.7,True,35.293644,-120.66783
151787,2025-10-06 18:55:26.921000+00:00,foothill,Truck,6.2252655,-3.024849,-9.344972,0.0,90.0,3.4633240699768066,1.2446211576461792,inf,6.2252655029296875,0.0,0,0,0.7,True,35.293648,-120.66783
151787,2025-10-06 18:55:26.992000+00:00,foothill,Truck,0.0,-3.024849,-9.344972,0.0,0.0,3.4633240699768066,0.0,inf,0.0,0.0,0,0,0.8,True,35.293648,-120.66783
151787,2025-10-06 18:55:27.063000+00:00,foothill,Truck,0.0,-3.024849,-9.344972,0.0,0.0,3.4633240699768066,0.0,inf,0.0,0.0,0,0,0.7,True,35.293648,-120.66783
151787,2025-10-06 18:55:27.123000+00:00,foothill,Truck,20.663027,-3.024849,-9.344972,90.0,90.0,3.6651015281677246,-19.13123321533203,0.19157685339450836,20.663026809692383,90.0,0,0,0.7,True,35.293648,-120.66782
151787,2025-10-06 18:55:27.186000+00:00,foothill,Truck,0.0,-3.024849,-9.344972,0.0,-90.0,3.6651015281677246,0.0,inf,0.0,0.0,0,0,0.7,True,35.293648,-120.66782
151787,2025-10-06 18:55:27.257000+00:00,foothill,Car,20.477692,-3.024849,-9.344972,238.50864,-121.49136,4.29789400100708,15.510250091552734,inf,20.477691650390625,121.49136352539062,0,0,0.47,False,35.29364,-120.66783
151787,2025-10-06 18:55:27.318000+00:00,foothill,Car,0.9400268,-3.024849,-9.344972,0.0,121.49136,4.29789400100708,0.15144571661949158,inf,0.9400268197059631,0.0,0,0,0.48,False,35.29364,-120.66783
151787,2025-10-06 18:55:27.389000+00:00,foothill,Car,0.9400268,-3.024849,-9.344972,0.0,0.0,4.29789400100708,0.15144571661949158,inf,0.9400268197059631,0.0,0,0,0.49,False,35.29364,-120.66783
151787,2025-10-06 18:55:27.460000+00:00,foothill,Car,5.3484674,-3.024849,-9.344972,0.0,0.0,3.879862070083618,0.9545210599899292,inf,5.3484673500061035,0.0,0,0,0.49,False,35.293644,-120.66783
151787,2025-10-06 18:55:27.521000+00:00,foothill,Car,0.9400268,-3.201533,-0.17668414,0.0,0.0,3.879862070083618,0.16776308417320251,inf,0.9400268197059631,0.0,0,0,0.49,False,35.293644,-120.66783
151787,2025-10-06 18:55:27.596000+00:00,foothill,Car,17.288464,-3.201533,-0.17668414,72.97034,72.97034,3.6651015281677246,-13.391862869262695,0.2736812233924866,17.288463592529297,72.9703369140625,0,0,0.49,False,35.293648,-120.66782
151787,2025-10-06 18:55:27.662000+00:00,foothill,Car,0.9400268,-3.201533,-0.17668414,0.0,-72.97034,3.6651015281677246,0.35518667101860046,inf,0.9400268197059631,0.0,0,0,0.48,False,35.293648,-120.66782
151787,2025-10-06 18:55:27.723000+00:00,foothill,Car,6.2252655,-3.201533,-0.17668414,0.0,0.0,3.276293992996216,2.631342887878418,inf,6.2252655029296875,0.0,0,0,0.49,False,35.29365,-120.66782
151787,2025-10-06 18:55:27.794000+00:00,foothill,Car,0.9200261,-3.201533,-0.17668414,0.0,0.0,3.276293992996216,0.38888368010520935,inf,0.9200261235237122,0.0,0,0,0.49,False,35.29365,-120.66782
151787,2025-10-06 18:55:27.854000+00:00,foothill,Car,0.8900253,-3.201533,-0.17668414,0.0,0.0,3.276293992996216,0.37620270252227783,inf,0.8900253176689148,0.0,0,0,0.5,False,35.29365,-120.66782
151787,2025-10-06 18:55:27.936000+00:00,foothill,Car,4.63099,-3.201533,-0.17668414,0.0,0.0,2.8974273204803467,2.2134194374084473,inf,4.630990028381348,0.0,0,0,0.5,False,35.293655,-120.66782
151787,2025-10-06 18:55:28.008000+00:00,foothill,Car,0.880025,-3.201533,-0.17668414,0.0,0.0,2.8974273204803467,0.42061513662338257,inf,0.8800250291824341,0.0,0,0,0.5,False,35.293655,-120.66782
151787,2025-10-06 18:55:28.058000+00:00,foothill,Car,15.189648,-3.201533,-0.17668414,0.0,0.0,2.532966136932373,8.304638862609863,inf,15.189647674560547,0.0,0,0,0.45,False,35.29366,-120.66782
151787,2025-10-06 18:55:28.129000+00:00,foothill,Car,0.9100259,-3.201533,-0.17668414,0.0,0.0,2.532966136932373,0.49753859639167786,inf,0.9100258946418762,0.0,0,0,0.34,False,35.29366,-120.66782
151787,2025-10-06 18:55:28.190000+00:00,foothill,Car,0.8900253,-3.201533,-0.17668414,0.0,0.0,2.532966136932373,0.48660367727279663,inf,0.8900253176689148,0.0,0,0,0.43,False,35.29366,-120.66782
151787,2025-10-06 18:55:28.251000+00:00,foothill,Car,6.2252655,-3.201533,-0.17668414,0.0,0.0,2.1901135444641113,3.936349391937256,inf,6.2252655029296875,0.0,0,0,0.43,False,35.293663,-120.66782
151787,2025-10-06 18:55:28.322000+00:00,foothill,Car,0.880025,-3.201533,-0.17668414,0.0,0.0,2.1901135444641113,0.5564559698104858,inf,0.8800250291824341,0.0,0,0,0.45,False,35.293663,-120.66782
151787,2025-10-06 18:55:28.388000+00:00,foothill,Car,5.7536545,-3.201533,-0.17668414,0.0,0.0,1.8807249069213867,4.23663330078125,inf,5.753654479980469,0.0,0,0,0.44,False,35.293667,-120.66782
151787,2025-10-06 18:55:28.449000+00:00,foothill,Car,0.8300236,-3.201533,-0.17668414,0.0,0.0,1.8807249069213867,0.6111777424812317,inf,0.8300235867500305,0.0,0,0,0.46,False,35.293667,-120.66782
151787,2025-10-06 18:55:28.520000+00:00,foothill,Car,0.8300236,3.201968,6.403501,0.0,0.0,1.8807249069213867,0.6111777424812317,inf,0.8300235867500305,0.0,0,0,0.45,False,35.293667,-120.66782
151787,2025-10-06 18:55:28.591000+00:00,foothill,Car,0.84002393,3.201968,6.403501,0.0,0.0,1.8807249069213867,0.6185413599014282,inf,0.840023934841156,0.0,0,0,0.47,False,35.293667,-120.66782
151787,2025-10-06 18:55:28.653000+00:00,foothill,Car,0.84002393,3.201968,6.403501,0.0,0.0,1.8807249069213867,0.6185413599014282,inf,0.840023934841156,0.0,0,0,0.45,False,35.293667,-120.66782
151787,2025-10-06 18:55:28.724000+00:00,foothill,Car,5.3484674,3.201968,6.403501,180.0,-180.0,2.1901135444641113,-3.3819339275360107,0.6475920677185059,5.3484673500061035,180.0,0,0,0.44,False,35.293663,-120.66782
151787,2025-10-06 18:55:28.795000+00:00,foothill,Car,0.5900168,3.201968,6.403501,0.0,-180.0,2.1901135444641113,0.3730784058570862,inf,0.590016782283783,0.0,0,0,0.34,False,35.293663,-120.66782
151787,2025-10-06 18:55:28.856000+00:00,foothill,Car,0.31000882,3.201968,6.403501,0.0,0.0,2.1901135444641113,0.19602425396442413,inf,0.31000882387161255,0.0,0,0,0.34,False,35.293663,-120.66782
151787,2025-10-06 18:55:28.917000+00:00,foothill,Car,0.12000342,3.201968,6.403501,0.0,0.0,2.1901135444641113,0.07588035613298416,inf,0.12000341713428497,0.0,0,0,0.34,False,35.293663,-120.66782
151787,2025-10-06 18:55:28.999000+00:00,foothill,Car,0.0,3.201968,6.403501,0.0,0.0,2.1901135444641113,0.0,inf,0.0,0.0,0,0,0.46,False,35.293663,-120.66782
151787,2025-10-06 18:55:29.060000+00:00,foothill,Car,0.0,3.201968,6.403501,0.0,0.0,2.1901135444641113,0.0,inf,0.0,0.0,0,0,0.46,False,35.293663,-120.66782
151787,2025-10-06 18:55:29.121000+00:00,foothill,Car,6.2252655,3.201968,6.403501,0.0,0.0,1.8807249069213867,4.583898067474365,inf,6.2252655029296875,0.0,0,0,0.46,False,35.293667,-120.66782
151787,2025-10-06 18:55:29.193000+00:00,foothill,Car,0.0,3.201968,6.403501,0.0,0.0,1.8807249069213867,0.0,inf,0.0,0.0,0,0,0.46,False,35.293667,-120.66782
151787,2025-10-06 18:55:29.284000+00:00,foothill,Truck,16.691921,3.201968,6.403501,0.0,0.0,1.4483543634414673,15.96003532409668,inf,16.69192123413086,0.0,0,0,0.84,True,35.293682,-120.66782
151787,2025-10-06 18:55:31.073000+00:00,foothill,Truck,0.9411472,-2.394075,-2.3841858e-07,307.4428,-52.55719,1.0950566530227661,-0.35130202770233154,3.1171371936798096,0.7288826704025269,52.55718994140625,0,0,0.83,True,35.29369,-120.66783
151787,2025-10-06 18:55:32.122000+00:00,foothill,Truck,0.36200303,0.56002474,2.9540997,0.0,52.55719,1.2725249528884888,0.0,inf,0.36200302839279175,0.0,0,0,0.83,True,35.293694,-120.66783
151787,2025-10-06 18:55:32.193000+00:00,foothill,Truck,0.0,0.56002474,2.9540997,0.0,0.0,1.2725249528884888,0.0,inf,0.0,0.0,0,0,0.83,True,35.293694,-120.66783
151787,2025-10-06 18:55:32.265000+00:00,foothill,Truck,0.0,0.56002474,2.9540997,0.0,0.0,1.2725249528884888,0.0,inf,0.0,0.0,0,0,0.83,True,35.293694,-120.66783
151787,2025-10-06 18:55:32.325000+00:00,foothill,Truck,0.0,0.56002474,2.9540997,0.0,0.0,1.2725249528884888,0.0,inf,0.0,0.0,0,0,0.83,True,35.293694,-120.66783
151787,2025-10-06 18:55:32.396000+00:00,foothill,Truck,0.0,0.56002474,2.9540997,0.0,0.0,1.2725249528884888,0.0,inf,0.0,0.0,0,0,0.83,True,35.293694,-120.66783
151787,2025-10-06 18:55:32.458000+00:00,foothill,Truck,0.0,0.56002474,2.9540997,0.0,0.0,1.2725249528884888,0.0,inf,0.0,0.0,0,0,0.83,True,35.293694,-120.66783
151787,2025-10-06 18:55:32.529000+00:00,foothill,Truck,5.3484674,-1.501172,-2.0611968,180.0,-180.0,0.8483499884605408,6.549983490735745e-16,inf,5.3484673500061035,180.0,0,0,0.83,True,35.29369,-120.66783
151787,2025-10-06 18:55:32.590000+00:00,foothill,Truck,0.0,-1.501172,-2.0611968,0.0,-180.0,0.8483499884605408,0.0,inf,0.0,0.0,0,0,0.83,True,35.29369,-120.66783
151787,2025-10-06 18:55:32.651000+00:00,foothill,Truck,0.0,-1.501172,-2.0611968,0.0,0.0,0.8483499884605408,0.0,inf,0.0,0.0,0,0,0.83,True,35.29369,-120.66783
151787,2025-10-06 18:55:32.732000+00:00,foothill,Truck,15.305937,-1.501172,-2.0611968,90.0,90.0,1.0950566530227661,11.857643127441406,inf,15.305936813354492,90.0,0,0,0.83,True,35.29369,-120.66782
151787,2025-10-06 18:55:32.793000+00:00,foothill,Truck,0.0,-1.501172,-2.0611968,0.0,-90.0,1.0950566530227661,0.0,inf,0.0,0.0,0,0,0.83,True,35.29369,-120.66782
151787,2025-10-06 18:55:32.855000+00:00,foothill,Truck,0.0,-1.501172,-2.0611968,0.0,0.0,1.0950566530227661,0.0,inf,0.0,0.0,0,0,0.83,True,35.29369,-120.66782
151787,2025-10-06 18:55:32.926000+00:00,foothill,Truck,0.0,-1.501172,-2.0611968,0.0,0.0,1.0950566530227661,0.0,inf,0.0,0.0,0,0,0.83,True,35.29369,-120.66782
151787,2025-10-06 18:55:32.986000+00:00,foothill,Truck,0.0,-1.501172,-2.0611968,0.0,0.0,1.0950566530227661,0.0,inf,0.0,0.0,0,0,0.83,True,35.29369,-120.66782
151787,2025-10-06 18:55:33.057000+00:00,foothill,Truck,0.0,-1.501172,-2.0611968,0.0,0.0,1.0950566530227661,0.0,inf,0.0,0.0,0,0,0.83,True,35.29369,-120.66782
151787,2025-10-06 18:55:33.128000+00:00,foothill,Truck,0.0,-1.501172,-2.0611968,0.0,0.0,1.0950566530227661,0.0,inf,0.0,0.0,0,0,0.83,True,35.29369,-120.66782
151787,2025-10-06 18:55:33.189000+00:00,foothill,Truck,0.0,-1.501172,-2.0611968,0.0,0.0,1.0950566530227661,0.0,inf,0.0,0.0,0,0,0.83,True,35.29369,-120.66782
151787,2025-10-06 18:55:33.260000+00:00,foothill,Truck,0.0,-1.501172,-2.0611968,0.0,0.0,1.0950566530227661,0.0,inf,0.0,0.0,0,0,0.83,True,35.29369,-120.66782
151787,2025-10-06 18:55:33.321000+00:00,foothill,Truck,0.0,-1.501172,-2.0611968,0.0,0.0,1.0950566530227661,0.0,inf,0.0,0.0,0,0,0.83,True,35.29369,-120.66782
151787,2025-10-06 18:55:33.392000+00:00,foothill,Truck,0.0,-1.501172,-2.0611968,0.0,0.0,1.0950566530227661,0.0,inf,0.0,0.0,0,0,0.83,True,35.29369,-120.66782
151787,2025-10-06 18:55:33.453000+00:00,foothill,Truck,0.0,-1.501172,-2.0611968,0.0,0.0,1.6240391731262207,0.0,inf,0.0,0.0,0,0,0.83,True,35.29369,-120.66782
151787,2025-10-06 18:55:33.524000+00:00,foothill,Truck,0.0,0.0,1.501172,0.0,0.0,1.6240391731262207,0.0,inf,0.0,0.0,0,0,0.83,True,35.29369,-120.66782
151787,2025-10-06 18:55:33.585000+00:00,foothill,Truck,0.0,0.0,1.501172,0.0,0.0,1.6240391731262207,0.0,inf,0.0,0.0,0,0,0.83,True,35.29369,-120.66782
151787,2025-10-06 18:55:33.656000+00:00,foothill,Truck,0.0,0.0,1.501172,0.0,0.0,1.6240391731262207,0.0,inf,0.0,0.0,0,0,0.83,True,35.29369,-120.66782
151787,2025-10-06 18:55:33.717000+00:00,foothill,Truck,0.0,0.0,1.501172,0.0,0.0,1.6240391731262207,0.0,inf,0.0,0.0,0,0,0.83,True,35.29369,-120.66782
151787,2025-10-06 18:55:33.777000+00:00,foothill,Truck,0.0,0.0,1.501172,0.0,0.0,1.6240391731262207,0.0,inf,0.0,0.0,0,0,0.83,True,35.29369,-120.66782
151787,2025-10-06 18:55:33.859000+00:00,foothill,Truck,0.0,0.0,1.501172,0.0,0.0,1.6240391731262207,0.0,inf,0.0,0.0,0,0,0.83,True,35.29369,-120.66782
151787,2025-10-06 18:55:33.930000+00:00,foothill,Truck,0.0,0.0,1.501172,0.0,0.0,1.6240391731262207,0.0,inf,0.0,0.0,0,0,0.83,True,35.29369,-120.66782
151787,2025-10-06 18:55:33.995000+00:00,foothill,Truck,0.0,0.0,1.501172,0.0,0.0,1.6240391731262207,0.0,inf,0.0,0.0,0,0,0.83,True,35.29369,-120.66782
151787,2025-10-06 18:55:34.055000+00:00,foothill,Truck,0.0,0.0,1.501172,0.0,0.0,1.6240391731262207,0.0,inf,0.0,0.0,0,0,0.83,True,35.29369,-120.66782
151787,2025-10-06 18:55:34.126000+00:00,foothill,Truck,0.0,0.0,1.501172,0.0,0.0,1.6240391731262207,0.0,inf,0.0,0.0,0,0,0.83,True,35.29369,-120.66782
151787,2025-10-06 18:55:34.187000+00:00,foothill,Truck,0.0,0.0,1.501172,0.0,0.0,1.6240391731262207,0.0,inf,0.0,0.0,0,0,0.83,True,35.29369,-120.66782
151787,2025-10-06 18:55:34.258000+00:00,foothill,Truck,0.0,0.0,1.501172,0.0,0.0,1.6240391731262207,0.0,inf,0.0,0.0,0,0,0.83,True,35.29369,-120.66782
151787,2025-10-06 18:55:34.319000+00:00,foothill,Truck,0.0,0.0,1.501172,0.0,0.0,1.6240391731262207,0.0,inf,0.0,0.0,0,0,0.83,True,35.29369,-120.66782
151787,2025-10-06 18:55:34.390000+00:00,foothill,Truck,0.0,0.0,1.501172,0.0,0.0,1.6240391731262207,0.0,inf,0.0,0.0,0,0,0.83,True,35.29369,-120.66782
151787,2025-10-06 18:55:34.451000+00:00,foothill,Truck,0.0,0.0,1.501172,0.0,0.0,1.6240391731262207,0.0,inf,0.0,0.0,0,0,0.83,True,35.29369,-120.66782
151787,2025-10-06 18:55:34.522000+00:00,foothill,Truck,0.0,0.0,0.0,0.0,0.0,1.6240391731262207,0.0,inf,0.0,0.0,0,0,0.83,True,35.29369,-120.66782
151787,2025-10-06 18:55:34.603000+00:00,foothill,Truck,0.0,0.0,0.0,0.0,0.0,1.6240391731262207,0.0,inf,0.0,0.0,0,0,0.83,True,35.29369,-120.66782
151787,2025-10-06 18:55:34.664000+00:00,foothill,Truck,0.0,0.0,0.0,0.0,0.0,1.6240391731262207,0.0,inf,0.0,0.0,0,0,0.83,True,35.29369,-120.66782
151787,2025-10-06 18:55:34.715000+00:00,foothill,Truck,0.0,0.0,0.0,0.0,0.0,1.6240391731262207,0.0,inf,0.0,0.0,0,0,0.83,True,35.29369,-120.66782
151787,2025-10-06 18:55:34.797000+00:00,foothill,Truck,0.0,0.0,0.0,0.0,0.0,1.6240391731262207,0.0,inf,0.0,0.0,0,0,0.83,True,35.29369,-120.66782
151787,2025-10-06 18:55:34.858000+00:00,foothill,Truck,0.0,0.0,0.0,0.0,0.0,1.6240391731262207,0.0,inf,0.0,0.0,0,0,0.83,True,35.29369,-120.66782
151787,2025-10-06 18:55:34.919000+00:00,foothill,Truck,0.0,0.0,0.0,0.0,0.0,1.6240391731262207,0.0,inf,0.0,0.0,0,0,0.83,True,35.29369,-120.66782
151787,2025-10-06 18:55:35+00:00,foothill,Truck,0.0,0.0,0.0,0.0,0.0,1.6240391731262207,0.0,inf,0.0,0.0,0,0,0.83,True,35.29369,-120.66782
151787,2025-10-06 18:55:35.061000+00:00,foothill,Truck,0.0,0.0,0.0,0.0,0.0,1.6240391731262207,0.0,inf,0.0,0.0,0,0,0.83,True,35.29369,-120.66782
151787,2025-10-06 18:55:35.122000+00:00,foothill,Truck,0.0,0.0,0.0,0.0,0.0,1.6240391731262207,0.0,inf,0.0,0.0,0,0,0.83,True,35.29369,-120.66782
151787,2025-10-06 18:55:35.193000+00:00,foothill,Truck,0.0,0.0,0.0,0.0,0.0,1.6240391731262207,0.0,inf,0.0,0.0,0,0,0.83,True,35.29369,-120.66782
151787,2025-10-06 18:55:35.254000+00:00,foothill,Truck,0.0,0.0,0.0,0.0,0.0,1.6240391731262207,0.0,inf,0.0,0.0,0,0,0.83,True,35.29369,-120.66782
151787,2025-10-06 18:55:35.325000+00:00,foothill,Truck,0.0,0.0,0.0,0.0,0.0,1.6240391731262207,0.0,inf,0.0,0.0,0,0,0.83,True,35.29369,-120.66782
151787,2025-10-06 18:55:35.397000+00:00,foothill,Truck,0.0,0.0,0.0,0.0,0.0,1.6240391731262207,0.0,inf,0.0,0.0,0,0,0.83,True,35.29369,-120.66782
151787,2025-10-06 18:55:35.447000+00:00,foothill,Truck,0.0,0.0,0.0,0.0,0.0,1.6240391731262207,0.0,inf,0.0,0.0,0,0,0.83,True,35.29369,-120.66782
151787,2025-10-06 18:55:35.518000+00:00,foothill,Truck,0.0,0.0,0.0,0.0,0.0,1.6240391731262207,0.0,inf,0.0,0.0,0,0,0.83,True,35.29369,-120.66782
151787,2025-10-06 18:55:35.589000+00:00,foothill,Truck,0.0,0.0,0.0,0.0,0.0,1.6240391731262207,0.0,inf,0.0,0.0,0,0,0.83,True,35.29369,-120.66782
151787,2025-10-06 18:55:35.650000+00:00,foothill,Truck,0.0,0.0,0.0,0.0,0.0,1.6240391731262207,0.0,inf,0.0,0.0,0,0,0.83,True,35.29369,-120.66782
151787,2025-10-06 18:55:35.721000+00:00,foothill,Truck,0.0,0.0,0.0,0.0,0.0,1.6240391731262207,0.0,inf,0.0,0.0,0,0,0.83,True,35.29369,-120.66782
151787,2025-10-06 18:55:35.792000+00:00,foothill,Truck,0.0,0.0,0.0,0.0,0.0,1.6240391731262207,0.0,inf,0.0,0.0,0,0,0.83,True,35.29369,-120.66782
151787,2025-10-06 18:55:35.863000+00:00,foothill,Truck,0.0,0.0,0.0,0.0,0.0,1.6240391731262207,0.0,inf,0.0,0.0,0,0,0.83,True,35.29369,-120.66782
151788,2025-10-06 18:55:25.587000+00:00,foothill,Car,0.42001197,1.2336317,1.2336317,0.0,0.0,2.89670729637146,0.4015957713127136,inf,0.420011967420578,0.0,1,0,0.14,False,35.293724,-120.66781
151788,2025-10-06 18:55:25.658000+00:00,foothill,Car,0.48001367,1.2336317,1.2336317,0.0,0.0,2.89670729637146,0.45896658301353455,inf,0.4800136685371399,0.0,0,0,0.36,False,35.293724,-120.66781
151788,2025-10-06 18:55:25.719000+00:00,foothill,Car,0.50001425,1.2336317,1.2336317,0.0,0.0,2.89670729637146,0.47809019684791565,inf,0.5000142455101013,0.0,0,0,0.45,False,35.293724,-120.66781
151788,2025-10-06 18:55:25.794000+00:00,foothill,Car,0.50001425,1.2336317,1.2336317,0.0,0.0,2.89670729637146,0.47809019684791565,inf,0.5000142455101013,0.0,0,0,0.51,True,35.293724,-120.66781
151788,2025-10-06 18:55:25.852000+00:00,foothill,Car,0.50001425,1.2336317,1.2336317,0.0,0.0,2.89670729637146,0.47809019684791565,inf,0.5000142455101013,0.0,0,0,0.57,True,35.293724,-120.66781
151788,2025-10-06 18:55:25.922000+00:00,foothill,Car,0.50001425,1.2336317,1.2336317,0.0,0.0,2.89670729637146,0.47809019684791565,inf,0.5000142455101013,0.0,0,0,0.61,True,35.293724,-120.66781
151788,2025-10-06 18:55:25.995000+00:00,foothill,Car,0.48001367,1.2336317,1.2336317,0.0,0.0,2.89670729637146,0.45896658301353455,inf,0.4800136685371399,0.0,0,0,0.64,True,35.293724,-120.66781
151788,2025-10-06 18:55:26.056000+00:00,foothill,Car,0.48001367,1.2336317,1.2336317,0.0,0.0,2.89670729637146,0.45896658301353455,inf,0.4800136685371399,0.0,0,0,0.69,True,35.293724,-120.66781
151788,2025-10-06 18:55:26.127000+00:00,foothill,Car,0.48001367,1.2336317,1.2336317,0.0,0.0,2.8019886016845703,5.761308670043945,inf,4.868453502655029,180.0,0,0,0.73,True,35.293724,-120.66781
151788,2025-10-06 18:55:26.188000+00:00,foothill,Car,0.41001165,1.2336317,1.2336317,0.0,0.0,2.8019886016845703,0.4052863121032715,inf,0.4100116491317749,0.0,0,0,0.77,True,35.293724,-120.66781
151788,2025-10-06 18:55:26.250000+00:00,foothill,Car,0.41001165,1.2336317,1.2336317,0.0,0.0,2.8019886016845703,0.4052863121032715,inf,0.4100116491317749,0.0,0,0,0.78,True,35.293724,-120.66781
151788,2025-10-06 18:55:26.322000+00:00,foothill,Car,0.41001165,1.2336317,1.2336317,0.0,0.0,2.8019886016845703,0.4052863121032715,inf,0.4100116491317749,0.0,0,0,0.78,True,35.293724,-120.66781
151788,2025-10-06 18:55:26.393000+00:00,foothill,Car,0.30000854,1.2336317,1.2336317,0.0,0.0,3.4880077838897705,0.29778188467025757,inf,0.30000853538513184,0.0,0,0,0.77,True,35.293724,-120.6678
151788,2025-10-06 18:55:26.464000+00:00,foothill,Car,10.696935,1.2336317,1.2336317,180.0,-180.0,3.5645437240600586,-10.389568328857422,0.34308871626853943,10.696934700012207,180.0,0,0,0.75,True,35.29372,-120.6678
151788,2025-10-06 18:55:26.514000+00:00,foothill,Car,0.0,-1.3344693,-2.568101,0.0,-180.0,3.5645437240600586,0.0,inf,0.0,0.0,0,0,0.77,True,35.29372,-120.6678
151788,2025-10-06 18:55:26.595000+00:00,foothill,Car,0.0,-1.3344693,-2.568101,0.0,0.0,3.5645437240600586,0.0,inf,0.0,0.0,0,0,0.76,True,35.29372,-120.6678
151788,2025-10-06 18:55:26.657000+00:00,foothill,Car,0.0,-1.3344693,-2.568101,0.0,0.0,3.5645437240600586,0.0,inf,0.0,0.0,0,0,0.78,True,35.29372,-120.6678
151788,2025-10-06 18:55:26.728000+00:00,foothill,Car,0.06000171,-1.3344693,-2.568101,0.0,0.0,3.5645437240600586,0.058277618139982224,inf,0.06000170856714249,0.0,0,0,0.78,True,35.29372,-120.6678
151788,2025-10-06 18:55:26.789000+00:00,foothill,Car,12.450531,-1.3344693,-2.568101,0.0,0.0,3.4880077838897705,12.358123779296875,inf,12.450531005859375,0.0,0,0,0.79,True,35.293724,-120.6678
151788,2025-10-06 18:55:26.860000+00:00,foothill,Car,0.050001424,-1.3344693,-2.568101,0.0,0.0,3.4880077838897705,0.049630314111709595,inf,0.05000142380595207,0.0,0,0,0.8,True,35.293724,-120.6678
151788,2025-10-06 18:55:26.921000+00:00,foothill,Car,0.0,-1.3344693,-2.568101,0.0,0.0,3.4880077838897705,0.0,inf,0.0,0.0,0,0,0.78,True,35.293724,-120.6678
151788,2025-10-06 18:55:26.992000+00:00,foothill,Car,0.0,-1.3344693,-2.568101,0.0,0.0,3.4880077838897705,0.0,inf,0.0,0.0,0,0,0.77,True,35.293724,-120.6678
151788,2025-10-06 18:55:27.063000+00:00,foothill,Car,0.0,-1.3344693,-2.568101,0.0,0.0,3.4880077838897705,0.0,inf,0.0,0.0,0,0,0.78,True,35.293724,-120.6678
151788,2025-10-06 18:55:27.123000+00:00,foothill,Car,0.0,-1.3344693,-2.568101,0.0,0.0,3.4880077838897705,0.0,inf,0.0,0.0,0,0,0.68,True,35.293724,-120.6678
151788,2025-10-06 18:55:27.186000+00:00,foothill,Car,0.0,-1.3344693,-2.568101,0.0,0.0,3.4880077838897705,0.0,inf,0.0,0.0,0,0,0.68,True,35.293724,-120.6678
151788,2025-10-06 18:55:27.257000+00:00,foothill,Car,0.0,-1.3344693,-2.568101,0.0,0.0,3.4880077838897705,0.0,inf,0.0,0.0,0,0,0.68,True,35.293724,-120.6678
151788,2025-10-06 18:55:27.318000+00:00,foothill,Car,0.0,-1.3344693,-2.568101,0.0,0.0,3.4880077838897705,0.0,inf,0.0,0.0,0,0,0.68,True,35.293724,-120.6678
151788,2025-10-06 18:55:27.389000+00:00,foothill,Car,0.0,-1.3344693,-2.568101,0.0,0.0,3.4880077838897705,0.0,inf,0.0,0.0,0,0,0.78,True,35.293724,-120.6678
151788,2025-10-06 18:55:27.460000+00:00,foothill,Car,0.0,-1.3344693,-2.568101,0.0,0.0,3.4880077838897705,0.0,inf,0.0,0.0,0,0,0.69,True,35.293724,-120.6678
151788,2025-10-06 18:55:27.521000+00:00,foothill,Car,0.0,-0.04775417,1.2867151,0.0,0.0,3.4880077838897705,0.0,inf,0.0,0.0,0,0,0.69,True,35.293724,-120.6678
151788,2025-10-06 18:55:27.596000+00:00,foothill,Car,0.0,-0.04775417,1.2867151,0.0,0.0,3.4880077838897705,0.0,inf,0.0,0.0,0,0,0.7,True,35.293724,-120.6678
151788,2025-10-06 18:55:27.662000+00:00,foothill,Car,0.0,-0.04775417,1.2867151,0.0,0.0,3.4880077838897705,0.0,inf,0.0,0.0,0,0,0.69,True,35.293724,-120.6678
151788,2025-10-06 18:55:27.723000+00:00,foothill,Car,0.0,-0.04775417,1.2867151,0.0,0.0,3.4880077838897705,0.0,inf,0.0,0.0,0,0,0.7,True,35.293724,-120.6678
151788,2025-10-06 18:55:27.794000+00:00,foothill,Car,5.3484674,-0.04775417,1.2867151,0.0,0.0,3.393399953842163,0.0,inf,5.3484673500061035,0.0,0,0,0.7,True,35.293728,-120.6678
151788,2025-10-06 18:55:27.854000+00:00,foothill,Car,0.0,-0.04775417,1.2867151,0.0,0.0,3.393399953842163,0.0,inf,0.0,0.0,0,0,0.7,True,35.293728,-120.6678
151788,2025-10-06 18:55:27.936000+00:00,foothill,Car,0.0,-0.04775417,1.2867151,0.0,0.0,3.393399953842163,0.0,inf,0.0,0.0,0,0,0.7,True,35.293728,-120.6678
151788,2025-10-06 18:55:28.008000+00:00,foothill,Car,0.0,-0.04775417,1.2867151,0.0,0.0,3.393399953842163,0.0,inf,0.0,0.0,0,0,0.7,True,35.293728,-120.6678
151788,2025-10-06 18:55:28.058000+00:00,foothill,Car,0.0,-0.04775417,1.2867151,0.0,0.0,3.393399953842163,0.0,inf,0.0,0.0,0,0,0.81,True,35.293728,-120.6678
151788,2025-10-06 18:55:28.129000+00:00,foothill,Car,0.0,-0.04775417,1.2867151,0.0,0.0,3.393399953842163,0.0,inf,0.0,0.0,0,0,0.81,True,35.293728,-120.6678
151788,2025-10-06 18:55:28.190000+00:00,foothill,Car,0.0,-0.04775417,1.2867151,0.0,0.0,3.393399953842163,0.0,inf,0.0,0.0,0,0,0.81,True,35.293728,-120.6678
151788,2025-10-06 18:55:28.251000+00:00,foothill,Car,0.0,-0.04775417,1.2867151,0.0,0.0,3.393399953842163,0.0,inf,0.0,0.0,0,0,0.72,True,35.293728,-120.6678
151788,2025-10-06 18:55:28.322000+00:00,foothill,Car,5.3484674,-0.04775417,1.2867151,0.0,0.0,2.801988363265991,5.2868266105651855,inf,5.3484673500061035,0.0,0,0,0.82,True,35.29373,-120.66781
151788,2025-10-06 18:55:28.388000+00:00,foothill,Car,0.0,-0.04775417,1.2867151,0.0,0.0,2.801988363265991,0.0,inf,0.0,0.0,0,0,0.83,True,35.29373,-120.66781
151788,2025-10-06 18:55:28.449000+00:00,foothill,Car,0.0,-0.04775417,1.2867151,0.0,0.0,2.801988363265991,0.0,inf,0.0,0.0,0,0,0.82,True,35.29373,-120.66781
151788,2025-10-06 18:55:28.520000+00:00,foothill,Car,0.0,0.98426664,1.0320208,0.0,0.0,2.801988363265991,0.0,inf,0.0,0.0,0,0,0.84,True,35.29373,-120.66781
151788,2025-10-06 18:55:28.591000+00:00,foothill,Car,0.0,0.98426664,1.0320208,0.0,0.0,2.801988363265991,0.0,inf,0.0,0.0,0,0,0.73,True,35.29373,-120.66781
151788,2025-10-06 18:55:28.653000+00:00,foothill,Car,0.0,0.98426664,1.0320208,0.0,0.0,2.801988363265991,0.0,inf,0.0,0.0,0,0,0.73,True,35.29373,-120.66781
151788,2025-10-06 18:55:28.724000+00:00,foothill,Car,0.0,0.98426664,1.0320208,0.0,0.0,2.801988363265991,0.0,inf,0.0,0.0,0,0,0.73,True,35.29373,-120.66781
151788,2025-10-06 18:55:28.795000+00:00,foothill,Car,0.0,0.98426664,1.0320208,0.0,0.0,2.801988363265991,0.0,inf,0.0,0.0,0,0,0.83,True,35.29373,-120.66781
151788,2025-10-06 18:55:28.856000+00:00,foothill,Car,0.0,0.98426664,1.0320208,0.0,0.0,2.801988363265991,0.0,inf,0.0,0.0,0,0,0.84,True,35.29373,-120.66781
151788,2025-10-06 18:55:28.917000+00:00,foothill,Car,0.0,0.98426664,1.0320208,0.0,0.0,2.801988363265991,0.0,inf,0.0,0.0,0,0,0.85,True,35.29373,-120.66781
151788,2025-10-06 18:55:28.999000+00:00,foothill,Car,0.0,0.98426664,1.0320208,0.0,0.0,2.801988363265991,0.0,inf,0.0,0.0,0,0,0.84,True,35.29373,-120.66781
151788,2025-10-06 18:55:29.060000+00:00,foothill,Car,0.0,0.98426664,1.0320208,0.0,0.0,2.801988363265991,0.0,inf,0.0,0.0,0,0,0.85,True,35.29373,-120.66781
151788,2025-10-06 18:55:29.121000+00:00,foothill,Car,0.0,0.98426664,1.0320208,0.0,0.0,2.801988363265991,0.0,inf,0.0,0.0,0,0,0.86,True,35.29373,-120.66781
151788,2025-10-06 18:55:29.193000+00:00,foothill,Car,5.2741833,0.98426664,1.0320208,0.0,0.0,2.637561321258545,-1.3846009969711304,1.9049252271652222,5.27418327331543,0.0,0,0,0.87,True,35.293736,-120.66781
151788,2025-10-06 18:55:29.284000+00:00,foothill,Car,0.0,0.98426664,1.0320208,0.0,0.0,2.637561321258545,-0.0,inf,0.0,0.0,0,0,0.87,True,35.293736,-120.66781
151788,2025-10-06 18:55:31.073000+00:00,foothill,Car,0.21226451,-0.55314064,0.0,180.0,-180.0,2.801988363265991,-0.20981818437576294,13.354363441467285,0.2122645080089569,180.0,0,0,0.88,True,35.29373,-120.66781
151788,2025-10-06 18:55:32.122000+00:00,foothill,Car,0.36200303,-0.18640715,0.3667335,180.0,0.0,3.393399953842163,-4.433258611110191e-17,7.654414264513331e+16,0.36200302839279175,180.0,0,0,0.77,True,35.293728,-120.6678
151788,2025-10-06 18:55:32.193000+00:00,foothill,Car,0.0,-0.18640715,0.3667335,0.0,-180.0,3.393399953842163,0.0,inf,0.0,0.0,0,0,0.77,True,35.293728,-120.6678
151788,2025-10-06 18:55:32.265000+00:00,foothill,Car,0.0,-0.18640715,0.3667335,0.0,0.0,3.393399953842163,0.0,inf,0.0,0.0,0,0,0.77,True,35.293728,-120.6678
151788,2025-10-06 18:55:32.325000+00:00,foothill,Car,0.0,-0.18640715,0.3667335,0.0,0.0,3.393399953842163,0.0,inf,0.0,0.0,0,0,0.77,True,35.293728,-120.6678
151788,2025-10-06 18:55:32.396000+00:00,foothill,Car,0.0,-0.18640715,0.3667335,0.0,0.0,3.393399953842163,0.0,inf,0.0,0.0,0,0,0.77,True,35.293728,-120.6678
151788,2025-10-06 18:55:32.458000+00:00,foothill,Car,0.0,-0.18640715,0.3667335,0.0,0.0,3.393399953842163,0.0,inf,0.0,0.0,0,0,0.77,True,35.293728,-120.6678
151788,2025-10-06 18:55:32.529000+00:00,foothill,Car,0.0,-0.02585736,0.16054979,0.0,0.0,3.393399953842163,0.0,inf,0.0,0.0,0,0,0.77,True,35.293728,-120.6678
151788,2025-10-06 18:55:32.590000+00:00,foothill,Car,0.0,-0.02585736,0.16054979,0.0,0.0,3.393399953842163,0.0,inf,0.0,0.0,0,0,0.77,True,35.293728,-120.6678
151788,2025-10-06 18:55:32.651000+00:00,foothill,Car,0.0,-0.02585736,0.16054979,0.0,0.0,3.393399953842163,0.0,inf,0.0,0.0,0,0,0.77,True,35.293728,-120.6678
151788,2025-10-06 18:55:32.732000+00:00,foothill,Car,0.0,-0.02585736,0.16054979,0.0,0.0,3.393399953842163,0.0,inf,0.0,0.0,0,0,0.77,True,35.293728,-120.6678
151788,2025-10-06 18:55:32.793000+00:00,foothill,Car,0.0,-0.02585736,0.16054979,0.0,0.0,3.393399953842163,0.0,inf,0.0,0.0,0,0,0.77,True,35.293728,-120.6678
151788,2025-10-06 18:55:32.855000+00:00,foothill,Car,0.0,-0.02585736,0.16054979,0.0,0.0,3.393399953842163,0.0,inf,0.0,0.0,0,0,0.77,True,35.293728,-120.6678
151788,2025-10-06 18:55:32.926000+00:00,foothill,Car,0.0,-0.02585736,0.16054979,0.0,0.0,3.393399953842163,0.0,inf,0.0,0.0,0,0,0.77,True,35.293728,-120.6678
151788,2025-10-06 18:55:32.986000+00:00,foothill,Car,0.0,-0.02585736,0.16054979,0.0,0.0,3.393399953842163,0.0,inf,0.0,0.0,0,0,0.77,True,35.293728,-120.6678
151788,2025-10-06 18:55:33.057000+00:00,foothill,Car,0.0,-0.02585736,0.16054979,0.0,0.0,3.393399953842163,0.0,inf,0.0,0.0,0,0,0.77,True,35.293728,-120.6678
151788,2025-10-06 18:55:33.128000+00:00,foothill,Car,0.0,-0.02585736,0.16054979,0.0,0.0,3.393399953842163,0.0,inf,0.0,0.0,0,0,0.77,True,35.293728,-120.6678
151788,2025-10-06 18:55:33.189000+00:00,foothill,Car,0.0,-0.02585736,0.16054979,0.0,0.0,3.393399953842163,0.0,inf,0.0,0.0,0,0,0.77,True,35.293728,-120.6678
151788,2025-10-06 18:55:33.260000+00:00,foothill,Car,0.0,-0.02585736,0.16054979,0.0,0.0,3.393399953842163,0.0,inf,0.0,0.0,0,0,0.77,True,35.293728,-120.6678
151788,2025-10-06 18:55:33.321000+00:00,foothill,Car,0.0,-0.02585736,0.16054979,0.0,0.0,3.393399953842163,0.0,inf,0.0,0.0,0,0,0.77,True,35.293728,-120.6678
151788,2025-10-06 18:55:33.392000+00:00,foothill,Car,0.0,-0.02585736,0.16054979,0.0,0.0,3.393399953842163,0.0,inf,0.0,0.0,0,0,0.77,True,35.293728,-120.6678
151788,2025-10-06 18:55:33.453000+00:00,foothill,Car,0.0,-0.02585736,0.16054979,0.0,0.0,3.393399953842163,0.0,inf,0.0,0.0,0,0,0.77,True,35.293728,-120.6678
151788,2025-10-06 18:55:33.524000+00:00,foothill,Car,0.0,0.0,0.02585736,0.0,0.0,3.393399953842163,0.0,inf,0.0,0.0,0,0,0.77,True,35.293728,-120.6678
151788,2025-10-06 18:55:33.585000+00:00,foothill,Car,0.0,0.0,0.02585736,0.0,0.0,3.393399953842163,0.0,inf,0.0,0.0,0,0,0.77,True,35.293728,-120.6678
151788,2025-10-06 18:55:33.656000+00:00,foothill,Car,0.0,0.0,0.02585736,0.0,0.0,3.393399953842163,0.0,inf,0.0,0.0,0,0,0.77,True,35.293728,-120.6678
151788,2025-10-06 18:55:33.717000+00:00,foothill,Car,0.0,0.0,0.02585736,0.0,0.0,3.393399953842163,0.0,inf,0.0,0.0,0,0,0.77,True,35.293728,-120.6678
151788,2025-10-06 18:55:33.777000+00:00,foothill,Car,0.0,0.0,0.02585736,0.0,0.0,3.393399953842163,0.0,inf,0.0,0.0,0,0,0.77,True,35.293728,-120.6678
151788,2025-10-06 18:55:33.859000+00:00,foothill,Car,0.0,0.0,0.02585736,0.0,0.0,3.393399953842163,0.0,inf,0.0,0.0,0,0,0.77,True,35.293728,-120.6678
151788,2025-10-06 18:55:33.930000+00:00,foothill,Car,0.0,0.0,0.02585736,0.0,0.0,3.393399953842163,0.0,inf,0.0,0.0,0,0,0.77,True,35.293728,-120.6678
151788,2025-10-06 18:55:33.995000+00:00,foothill,Car,0.0,0.0,0.02585736,0.0,0.0,3.393399953842163,0.0,inf,0.0,0.0,0,0,0.77,True,35.293728,-120.6678
151788,2025-10-06 18:55:34.055000+00:00,foothill,Car,0.0,0.0,0.02585736,0.0,0.0,3.393399953842163,0.0,inf,0.0,0.0,0,0,0.77,True,35.293728,-120.6678
151788,2025-10-06 18:55:34.126000+00:00,foothill,Car,0.0,0.0,0.02585736,0.0,0.0,3.393399953842163,0.0,inf,0.0,0.0,0,0,0.77,True,35.293728,-120.6678
151788,2025-10-06 18:55:34.187000+00:00,foothill,Car,0.0,0.0,0.02585736,0.0,0.0,3.393399953842163,0.0,inf,0.0,0.0,0,0,0.77,True,35.293728,-120.6678
151788,2025-10-06 18:55:34.258000+00:00,foothill,Car,0.0,0.0,0.02585736,0.0,0.0,3.393399953842163,0.0,inf,0.0,0.0,0,0,0.77,True,35.293728,-120.6678
151788,2025-10-06 18:55:34.319000+00:00,foothill,Car,0.0,0.0,0.02585736,0.0,0.0,3.393399953842163,0.0,inf,0.0,0.0,0,0,0.77,True,35.293728,-120.6678
151788,2025-10-06 18:55:34.390000+00:00,foothill,Car,0.0,0.0,0.02585736,0.0,0.0,3.393399953842163,0.0,inf,0.0,0.0,0,0,0.77,True,35.293728,-120.6678
151788,2025-10-06 18:55:34.451000+00:00,foothill,Car,0.0,0.0,0.02585736,0.0,0.0,3.393399953842163,0.0,inf,0.0,0.0,0,0,0.77,True,35.293728,-120.6678
151788,2025-10-06 18:55:34.522000+00:00,foothill,Car,0.0,0.0,0.0,0.0,0.0,3.393399953842163,0.0,inf,0.0,0.0,0,0,0.77,True,35.293728,-120.6678
151788,2025-10-06 18:55:34.603000+00:00,foothill,Car,0.0,0.0,0.0,0.0,0.0,3.393399953842163,0.0,inf,0.0,0.0,0,0,0.77,True,35.293728,-120.6678
151788,2025-10-06 18:55:34.664000+00:00,foothill,Car,0.0,0.0,0.0,0.0,0.0,3.393399953842163,0.0,inf,0.0,0.0,0,0,0.77,True,35.293728,-120.6678
151788,2025-10-06 18:55:34.715000+00:00,foothill,Car,0.0,0.0,0.0,0.0,0.0,3.393399953842163,0.0,inf,0.0,0.0,0,0,0.77,True,35.293728,-120.6678
151788,2025-10-06 18:55:34.797000+00:00,foothill,Car,0.0,0.0,0.0,0.0,0.0,3.393399953842163,0.0,inf,0.0,0.0,0,0,0.77,True,35.293728,-120.6678
151788,2025-10-06 18:55:34.858000+00:00,foothill,Car,0.0,0.0,0.0,0.0,0.0,3.393399953842163,0.0,inf,0.0,0.0,0,0,0.77,True,35.293728,-120.6678
151788,2025-10-06 18:55:34.919000+00:00,foothill,Car,0.0,0.0,0.0,0.0,0.0,3.393399953842163,0.0,inf,0.0,0.0,0,0,0.77,True,35.293728,-120.6678
151788,2025-10-06 18:55:35+00:00,foothill,Car,0.0,0.0,0.0,0.0,0.0,3.393399953842163,0.0,inf,0.0,0.0,0,0,0.77,True,35.293728,-120.6678
151788,2025-10-06 18:55:35.061000+00:00,foothill,Car,0.0,0.0,0.0,0.0,0.0,3.393399953842163,0.0,inf,0.0,0.0,0,0,0.77,True,35.293728,-120.6678
151788,2025-10-06 18:55:35.122000+00:00,foothill,Car,0.0,0.0,0.0,0.0,0.0,3.393399953842163,0.0,inf,0.0,0.0,0,0,0.77,True,35.293728,-120.6678
151788,2025-10-06 18:55:35.193000+00:00,foothill,Car,0.0,0.0,0.0,0.0,0.0,3.393399953842163,0.0,inf,0.0,0.0,0,0,0.77,True,35.293728,-120.6678
151788,2025-10-06 18:55:35.254000+00:00,foothill,Car,0.0,0.0,0.0,0.0,0.0,3.393399953842163,0.0,inf,0.0,0.0,0,0,0.77,True,35.293728,-120.6678
151788,2025-10-06 18:55:35.325000+00:00,foothill,Car,0.0,0.0,0.0,0.0,0.0,3.393399953842163,0.0,inf,0.0,0.0,0,0,0.77,True,35.293728,-120.6678
151788,2025-10-06 18:55:35.397000+00:00,foothill,Car,0.0,0.0,0.0,0.0,0.0,3.393399953842163,0.0,inf,0.0,0.0,0,0,0.77,True,35.293728,-120.6678
151788,2025-10-06 18:55:35.447000+00:00,foothill,Car,0.0,0.0,0.0,0.0,0.0,3.393399953842163,0.0,inf,0.0,0.0,0,0,0.77,True,35.293728,-120.6678
151788,2025-10-06 18:55:35.518000+00:00,foothill,Car,0.0,0.0,0.0,0.0,0.0,3.393399953842163,0.0,inf,0.0,0.0,0,0,0.77,True,35.293728,-120.6678
151788,2025-10-06 18:55:35.589000+00:00,foothill,Car,0.0,0.0,0.0,0.0,0.0,3.393399953842163,0.0,inf,0.0,0.0,0,0,0.77,True,35.293728,-120.6678
151788,2025-10-06 18:55:35.650000+00:00,foothill,Car,0.0,0.0,0.0,0.0,0.0,3.393399953842163,0.0,inf,0.0,0.0,0,0,0.77,True,35.293728,-120.6678
151788,2025-10-06 18:55:35.721000+00:00,foothill,Car,0.0,0.0,0.0,0.0,0.0,3.393399953842163,0.0,inf,0.0,0.0,0,0,0.77,True,35.293728,-120.6678
151788,2025-10-06 18:55:35.792000+00:00,foothill,Car,0.0,0.0,0.0,0.0,0.0,3.393399953842163,0.0,inf,0.0,0.0,0,0,0.77,True,35.293728,-120.6678
151788,2025-10-06 18:55:35.863000+00:00,foothill,Car,0.0,0.0,0.0,0.0,0.0,3.393399953842163,0.0,inf,0.0,0.0,0,0,0.77,True,35.293728,-120.6678
151789,2025-10-06 18:55:25.995000+00:00,foothill,Car,0.0,0.0,0.0,0.0,0.0,2.07727313041687,5.201934337615967,inf,5.201934337615967,0.0,1,0,0.84,True,35.29368,-120.66784
151789,2025-10-06 18:55:26.056000+00:00,foothill,Car,0.0,0.0,0.0,0.0,0.0,2.07727313041687,1.3300378322601318,inf,1.3300378322601318,0.0,0,0,0.84,True,35.29368,-120.66784
151789,2025-10-06 18:55:26.127000+00:00,foothill,Car,0.0,0.0,0.0,0.0,0.0,1.4483543634414673,5.113954544067383,inf,5.3484673500061035,0.0,0,0,0.83,True,35.29368,-120.66784
151789,2025-10-06 18:55:26.188000+00:00,foothill,Car,0.0,0.0,0.0,0.0,0.0,1.4483543634414673,1.2143492698669434,inf,1.270036220550537,0.0,0,0,0.83,True,35.29368,-120.66784
151789,2025-10-06 18:55:26.250000+00:00,foothill,Car,0.0,0.0,0.0,0.0,0.0,1.6240392923355103,5.222780704498291,inf,6.1248579025268555,0.0,0,0,0.83,True,35.29368,-120.66784
151789,2025-10-06 18:55:26.322000+00:00,foothill,Car,0.0,0.0,0.0,0.0,0.0,3.879862070083618,5.647601127624512,inf,65.59077453613281,164.7800750732422,0,0,0.82,True,35.29368,-120.66784
151789,2025-10-06 18:55:26.393000+00:00,foothill,Car,0.0,0.0,0.0,0.0,0.0,3.879862070083618,0.21773505210876465,inf,1.2200347185134888,0.0,0,0,0.82,True,35.29368,-120.66784
151789,2025-10-06 18:55:26.464000+00:00,foothill,Car,0.0,0.0,0.0,0.0,0.0,3.879862070083618,0.23379747569561005,inf,1.3100372552871704,0.0,0,0,0.81,True,35.29368,-120.66784
151789,2025-10-06 18:55:26.514000+00:00,foothill,Car,0.0,0.0,0.0,0.0,0.0,3.879862070083618,0.23379747569561005,inf,1.3100372552871704,0.0,0,0,0.82,True,35.29368,-120.66784
151789,2025-10-06 18:55:26.595000+00:00,foothill,Car,0.0,0.0,0.0,0.0,0.0,3.879862070083618,0.23379747569561005,inf,1.3100372552871704,0.0,0,0,0.81,True,35.29368,-120.66784
151789,2025-10-06 18:55:26.657000+00:00,foothill,Car,0.0,0.0,0.0,0.0,0.0,3.879862070083618,0.23379747569561005,inf,1.3100372552871704,0.0,0,0,0.8,True,35.29368,-120.66784
151789,2025-10-06 18:55:26.728000+00:00,foothill,Car,0.0,0.0,0.0,0.0,0.0,3.879862070083618,0.20881149172782898,inf,1.17003333568573,0.0,0,0,0.8,True,35.29368,-120.66784
151789,2025-10-06 18:55:26.789000+00:00,foothill,Car,0.0,0.0,0.0,0.0,0.0,4.060995578765869,-19.106027603149414,0.21255049109458923,20.324289321899414,90.0,0,0,0.8,True,35.29368,-120.66784
151789,2025-10-06 18:55:26.860000+00:00,foothill,Car,0.0,0.0,0.0,0.0,0.0,3.879862070083618,17.18138313293457,inf,17.461713790893555,90.0,0,0,0.8,True,35.29368,-120.66784
151789,2025-10-06 18:55:26.921000+00:00,foothill,Car,0.0,0.0,0.0,0.0,0.0,3.4633240699768066,1.2446211576461792,inf,6.2252655029296875,0.0,0,0,0.8,True,35.29368,-120.66784
151789,2025-10-06 18:55:26.992000+00:00,foothill,Car,0.0,0.0,0.0,0.0,0.0,3.4633240699768066,0.0,inf,0.0,0.0,0,0,0.8,True,35.29368,-120.66784
151789,2025-10-06 18:55:27.063000+00:00,foothill,Car,0.0,0.0,0.0,0.0,0.0,3.4633240699768066,0.0,inf,0.0,0.0,0,0,0.8,True,35.29368,-120.66784
151789,2025-10-06 18:55:27.123000+00:00,foothill,Car,0.0,0.0,0.0,0.0,0.0,3.6651015281677246,-19.13123321533203,0.19157685339450836,20.663026809692383,90.0,0,0,0.8,True,35.29368,-120.66784
151789,2025-10-06 18:55:27.186000+00:00,foothill,Car,0.0,0.0,0.0,0.0,0.0,3.6651015281677246,0.0,inf,0.0,0.0,0,0,0.8,True,35.29368,-120.66784
151789,2025-10-06 18:55:27.257000+00:00,foothill,Car,0.0,0.0,0.0,0.0,0.0,4.29789400100708,15.510250091552734,inf,20.477691650390625,121.49136352539062,0,0,0.8,True,35.29368,-120.66784
151789,2025-10-06 18:55:27.318000+00:00,foothill,Car,0.0,0.0,0.0,0.0,0.0,4.29789400100708,0.15144571661949158,inf,0.9400268197059631,0.0,0,0,0.8,True,35.29368,-120.66784
151789,2025-10-06 18:55:27.389000+00:00,foothill,Car,0.0,0.0,0.0,0.0,0.0,4.29789400100708,0.15144571661949158,inf,0.9400268197059631,0.0,0,0,0.81,True,35.29368,-120.66784
151789,2025-10-06 18:55:27.460000+00:00,foothill,Car,0.0,0.0,0.0,0.0,0.0,3.879862070083618,0.9545210599899292,inf,5.3484673500061035,0.0,0,0,0.81,True,35.29368,-120.66784
151789,2025-10-06 18:55:27.521000+00:00,foothill,Car,0.0,0.0,0.0,0.0,0.0,3.879862070083618,0.16776308417320251,inf,0.9400268197059631,0.0,0,0,0.82,True,35.29368,-120.66784
151789,2025-10-06 18:55:27.596000+00:00,foothill,Car,0.0,0.0,0.0,0.0,0.0,3.6651015281677246,-13.391862869262695,0.2736812233924866,17.288463592529297,72.9703369140625,0,0,0.82,True,35.29368,-120.66784
151789,2025-10-06 18:55:27.662000+00:00,foothill,Car,0.0,0.0,0.0,0.0,0.0,3.6651015281677246,0.35518667101860046,inf,0.9400268197059631,0.0,0,0,0.82,True,35.29368,-120.66784
151789,2025-10-06 18:55:27.723000+00:00,foothill,Car,0.0,0.0,0.0,0.0,0.0,3.276293992996216,2.631342887878418,inf,6.2252655029296875,0.0,0,0,0.82,True,35.29368,-120.66784
151789,2025-10-06 18:55:27.794000+00:00,foothill,Car,0.0,0.0,0.0,0.0,0.0,3.276293992996216,0.38888368010520935,inf,0.9200261235237122,0.0,0,0,0.81,True,35.29368,-120.66784
151789,2025-10-06 18:55:27.854000+00:00,foothill,Car,0.0,0.0,0.0,0.0,0.0,3.276293992996216,0.37620270252227783,inf,0.8900253176689148,0.0,0,0,0.81,True,35.29368,-120.66784
151789,2025-10-06 18:55:27.936000+00:00,foothill,Car,0.0,0.0,0.0,0.0,0.0,2.8974273204803467,2.2134194374084473,inf,4.630990028381348,0.0,0,0,0.81,True,35.29368,-120.66784
151789,2025-10-06 18:55:28.008000+00:00,foothill,Car,0.0,0.0,0.0,0.0,0.0,2.8974273204803467,0.42061513662338257,inf,0.8800250291824341,0.0,0,0,0.8,True,35.29368,-120.66784
151789,2025-10-06 18:55:28.058000+00:00,foothill,Car,0.0,0.0,0.0,0.0,0.0,2.532966136932373,8.304638862609863,inf,15.189647674560547,0.0,0,0,0.8,True,35.29368,-120.66784
151789,2025-10-06 18:55:28.129000+00:00,foothill,Car,0.0,0.0,0.0,0.0,0.0,2.532966136932373,0.49753859639167786,inf,0.9100258946418762,0.0,0,0,0.8,True,35.29368,-120.66784
151789,2025-10-06 18:55:28.190000+00:00,foothill,Car,0.0,0.0,0.0,0.0,0.0,2.532966136932373,0.48660367727279663,inf,0.8900253176689148,0.0,0,0,0.8,True,35.29368,-120.66784
151789,2025-10-06 18:55:28.251000+00:00,foothill,Car,0.0,0.0,0.0,0.0,0.0,1.0950566530227661,-0.48689892888069153,2.2490429878234863,0.770021915435791,0.0,0,0,0.8,True,35.29368,-120.66784
151789,2025-10-06 18:55:28.322000+00:00,foothill,Car,0.0,0.0,0.0,0.0,0.0,1.4487136602401733,-5.112685680389404,0.2833566963672638,10.696934700012207,0.0,0,0,0.8,True,35.29368,-120.66784
151789,2025-10-06 18:55:28.388000+00:00,foothill,Car,0.0,0.0,0.0,0.0,0.0,1.4487136602401733,-0.4684121906757355,3.092818021774292,0.9800279140472412,0.0,0,0,0.79,True,35.29368,-120.66784
151789,2025-10-06 18:55:28.449000+00:00,foothill,Car,0.0,0.0,0.0,0.0,0.0,1.8807249069213867,0.6111777424812317,inf,0.8300235867500305,0.0,0,0,0.79,True,35.29368,-120.66784
151789,2025-10-06 18:55:28.520000+00:00,foothill,Car,0.0,0.0,0.0,0.0,0.0,1.8807249069213867,0.6111777424812317,inf,0.8300235867500305,0.0,0,0,0.79,True,35.29368,-120.66784
151789,2025-10-06 18:55:28.591000+00:00,foothill,Car,0.0,0.0,0.0,0.0,0.0,1.8807249069213867,0.6185413599014282,inf,0.840023934841156,0.0,0,0,0.8,True,35.29368,-120.66784
151789,2025-10-06 18:55:28.653000+00:00,foothill,Car,0.0,0.0,0.0,0.0,0.0,1.8807249069213867,0.6185413599014282,inf,0.840023934841156,0.0,0,0,0.8,True,35.29368,-120.66784
151789,2025-10-06 18:55:28.724000+00:00,foothill,Car,0.0,0.0,0.0,0.0,0.0,2.1901135444641113,-3.3819339275360107,0.6475920677185059,5.3484673500061035,180.0,0,0,0.8,True,35.29368,-120.66784
151789,2025-10-06 18:55:28.795000+00:00,foothill,Car,0.0,0.0,0.0,0.0,0.0,2.1901135444641113,0.3730784058570862,inf,0.590016782283783,0.0,0,0,0.79,True,35.29368,-120.66784
151789,2025-10-06 18:55:28.856000+00:00,foothill,Car,0.0,0.0,0.0,0.0,0.0,2.1901135444641113,0.19602425396442413,inf,0.31000882387161255,0.0,0,0,0.79,True,35.29368,-120.66784
151789,2025-10-06 18:55:28.917000+00:00,foothill,Car,0.0,0.0,0.0,0.0,0.0,2.1901135444641113,0.07588035613298416,inf,0.12000341713428497,0.0,0,0,0.8,True,35.29368,-120.66784
151789,2025-10-06 18:55:28.999000+00:00,foothill,Car,0.0,0.0,0.0,0.0,0.0,2.1901135444641113,0.0,inf,0.0,0.0,0,0,0.8,True,35.29368,-120.66784
151789,2025-10-06 18:55:29.060000+00:00,foothill,Car,0.0,0.0,0.0,0.0,0.0,2.1901135444641113,0.0,inf,0.0,0.0,0,0,0.8,True,35.29368,-120.66784
151789,2025-10-06 18:55:29.121000+00:00,foothill,Car,0.0,0.0,0.0,0.0,0.0,1.8807249069213867,4.583898067474365,inf,6.2252655029296875,0.0,0,0,0.8,True,35.29368,-120.66784
151789,2025-10-06 18:55:29.193000+00:00,foothill,Car,0.0,0.0,0.0,0.0,0.0,1.8807249069213867,0.0,inf,0.0,0.0,0,0,0.81,True,35.29368,-120.66784
151789,2025-10-06 18:55:29.284000+00:00,foothill,Car,0.0,0.0,0.0,0.0,0.0,1.4483543634414673,15.96003532409668,inf,16.69192123413086,0.0,0,0,0.81,True,35.29368,-120.66784
151789,2025-10-06 18:55:31.073000+00:00,foothill,Car,0.21226451,0.106132254,0.0,0.0,0.0,1.0950566530227661,-0.35130202770233154,3.1171371936798096,0.7288826704025269,52.55718994140625,0,0,0.87,True,35.293682,-120.66784
151789,2025-10-06 18:55:32.122000+00:00,foothill,Car,0.0,-0.21226451,-0.31839675,0.0,0.0,1.2725249528884888,-0.0,inf,0.36200302839279175,0.0,0,0,0.88,True,35.293682,-120.66783
151789,2025-10-06 18:55:32.193000+00:00,foothill,Car,0.0,-0.21226451,-0.31839675,0.0,0.0,1.2725249528884888,0.0,inf,0.0,0.0,0,0,0.89,True,35.293682,-120.66783
151789,2025-10-06 18:55:32.265000+00:00,foothill,Car,0.0,-0.21226451,-0.31839675,0.0,0.0,1.2725249528884888,0.0,inf,0.0,0.0,0,0,0.89,True,35.293682,-120.66783
151789,2025-10-06 18:55:32.325000+00:00,foothill,Car,0.0,-0.21226451,-0.31839675,0.0,0.0,1.2725249528884888,0.0,inf,0.0,0.0,0,0,0.89,True,35.293682,-120.66783
151789,2025-10-06 18:55:32.396000+00:00,foothill,Car,0.0,-0.21226451,-0.31839675,0.0,0.0,1.2725249528884888,0.0,inf,0.0,0.0,0,0,0.89,True,35.293682,-120.66783
151789,2025-10-06 18:55:32.458000+00:00,foothill,Car,0.0,-0.21226451,-0.31839675,0.0,0.0,1.2725249528884888,0.0,inf,0.0,0.0,0,0,0.89,True,35.293682,-120.66783
151789,2025-10-06 18:55:32.529000+00:00,foothill,Car,0.0,0.0,0.21226451,0.0,0.0,0.8483499884605408,6.549983490735745e-16,inf,5.3484673500061035,180.0,0,0,0.89,True,35.293682,-120.66783
151789,2025-10-06 18:55:32.590000+00:00,foothill,Car,0.0,0.0,0.21226451,0.0,0.0,0.8483499884605408,0.0,inf,0.0,0.0,0,0,0.89,True,35.293682,-120.66783
151789,2025-10-06 18:55:32.651000+00:00,foothill,Car,0.0,0.0,0.21226451,0.0,0.0,0.8483499884605408,0.0,inf,0.0,0.0,0,0,0.89,True,35.293682,-120.66783
151789,2025-10-06 18:55:32.732000+00:00,foothill,Car,0.0,0.0,0.21226451,0.0,0.0,1.0950566530227661,11.857643127441406,inf,15.305936813354492,90.0,0,0,0.89,True,35.293682,-120.66783
151789,2025-10-06 18:55:32.793000+00:00,foothill,Car,0.0,0.0,0.21226451,0.0,0.0,1.0950566530227661,-0.0,inf,0.0,0.0,0,0,0.89,True,35.293682,-120.66783
151789,2025-10-06 18:55:32.855000+00:00,foothill,Car,0.0,0.0,0.21226451,0.0,0.0,1.0950566530227661,-0.0,inf,0.0,0.0,0,0,0.89,True,35.293682,-120.66783
151789,2025-10-06 18:55:32.926000+00:00,foothill,Car,0.0,0.0,0.21226451,0.0,0.0,1.0950566530227661,-0.0,inf,0.0,0.0,0,0,0.89,True,35.293682,-120.66783
151789,2025-10-06 18:55:32.986000+00:00,foothill,Car,0.0,0.0,0.21226451,0.0,0.0,1.0950566530227661,-0.0,inf,0.0,0.0,0,0,0.89,True,35.293682,-120.66783
151789,2025-10-06 18:55:33.057000+00:00,foothill,Car,0.0,0.0,0.21226451,0.0,0.0,1.0950566530227661,-0.0,inf,0.0,0.0,0,0,0.89,True,35.293682,-120.66783
151789,2025-10-06 18:55:33.128000+00:00,foothill,Car,0.0,0.0,0.21226451,0.0,0.0,1.0950566530227661,-0.0,inf,0.0,0.0,0,0,0.89,True,35.293682,-120.66783
151789,2025-10-06 18:55:33.189000+00:00,foothill,Car,0.0,0.0,0.21226451,0.0,0.0,1.0950566530227661,-0.0,inf,0.0,0.0,0,0,0.89,True,35.293682,-120.66783
151789,2025-10-06 18:55:33.260000+00:00,foothill,Car,0.0,0.0,0.21226451,0.0,0.0,1.0950566530227661,-0.0,inf,0.0,0.0,0,0,0.9,True,35.293682,-120.66783
151789,2025-10-06 18:55:33.321000+00:00,foothill,Car,0.0,0.0,0.21226451,0.0,0.0,1.0950566530227661,-0.0,inf,0.0,0.0,0,0,0.9,True,35.293682,-120.66783
151789,2025-10-06 18:55:33.392000+00:00,foothill,Car,0.0,0.0,0.21226451,0.0,0.0,1.0950566530227661,-0.0,inf,0.0,0.0,0,0,0.9,True,35.293682,-120.66783
151789,2025-10-06 18:55:33.453000+00:00,foothill,Car,0.0,0.0,0.21226451,0.0,0.0,1.6240391731262207,-0.0,inf,0.0,0.0,0,0,0.9,True,35.293682,-120.66784
151789,2025-10-06 18:55:33.524000+00:00,foothill,Car,0.0,0.0,0.0,0.0,0.0,1.6240391731262207,-0.0,inf,0.0,0.0,0,0,0.9,True,35.293682,-120.66784
151789,2025-10-06 18:55:33.585000+00:00,foothill,Car,0.0,0.0,0.0,0.0,0.0,1.6240391731262207,-0.0,inf,0.0,0.0,0,0,0.9,True,35.293682,-120.66784
151789,2025-10-06 18:55:33.656000+00:00,foothill,Car,0.0,0.0,0.0,0.0,0.0,1.6240391731262207,-0.0,inf,0.0,0.0,0,0,0.9,True,35.293682,-120.66784
151789,2025-10-06 18:55:33.717000+00:00,foothill,Car,0.0,0.0,0.0,0.0,0.0,1.6240391731262207,-0.0,inf,0.0,0.0,0,0,0.9,True,35.293682,-120.66784
151789,2025-10-06 18:55:33.777000+00:00,foothill,Car,0.0,0.0,0.0,0.0,0.0,1.6240391731262207,-0.0,inf,0.0,0.0,0,0,0.9,True,35.293682,-120.66784
151789,2025-10-06 18:55:33.859000+00:00,foothill,Car,0.0,0.0,0.0,0.0,0.0,1.6240391731262207,-0.0,inf,0.0,0.0,0,0,0.9,True,35.293682,-120.66784
151789,2025-10-06 18:55:33.930000+00:00,foothill,Car,0.0,0.0,0.0,0.0,0.0,1.6240391731262207,-0.0,inf,0.0,0.0,0,0,0.9,True,35.293682,-120.66784
151789,2025-10-06 18:55:33.995000+00:00,foothill,Car,0.0,0.0,0.0,0.0,0.0,1.6240391731262207,-0.0,inf,0.0,0.0,0,0,0.9,True,35.293682,-120.66784
151789,2025-10-06 18:55:34.055000+00:00,foothill,Car,0.0,0.0,0.0,0.0,0.0,1.6240391731262207,-0.0,inf,0.0,0.0,0,0,0.9,True,35.293682,-120.66784
151789,2025-10-06 18:55:34.126000+00:00,foothill,Car,0.0,0.0,0.0,0.0,0.0,1.6240391731262207,-0.0,inf,0.0,0.0,0,0,0.9,True,35.293682,-120.66784
151789,2025-10-06 18:55:34.187000+00:00,foothill,Car,0.0,0.0,0.0,0.0,0.0,1.6240391731262207,-0.0,inf,0.0,0.0,0,0,0.9,True,35.293682,-120.66784
151789,2025-10-06 18:55:34.258000+00:00,foothill,Car,0.0,0.0,0.0,0.0,0.0,1.6240391731262207,-0.0,inf,0.0,0.0,0,0,0.9,True,35.293682,-120.66784
151789,2025-10-06 18:55:34.319000+00:00,foothill,Car,0.0,0.0,0.0,0.0,0.0,1.6240391731262207,-0.0,inf,0.0,0.0,0,0,0.9,True,35.293682,-120.66784
151789,2025-10-06 18:55:34.390000+00:00,foothill,Car,0.0,0.0,0.0,0.0,0.0,1.6240391731262207,-0.0,inf,0.0,0.0,0,0,0.91,True,35.293682,-120.66784
151789,2025-10-06 18:55:34.451000+00:00,foothill,Car,0.0,0.0,0.0,0.0,0.0,1.6240391731262207,-0.0,inf,0.0,0.0,0,0,0.91,True,35.293682,-120.66784
151789,2025-10-06 18:55:34.522000+00:00,foothill,Car,0.0,0.0,0.0,0.0,0.0,1.6240391731262207,-0.0,inf,0.0,0.0,0,0,0.91,True,35.293682,-120.66784
151789,2025-10-06 18:55:34.603000+00:00,foothill,Car,0.0,0.0,0.0,0.0,0.0,1.6240391731262207,-0.0,inf,0.0,0.0,0,0,0.91,True,35.293682,-120.66784
151789,2025-10-06 18:55:34.664000+00:00,foothill,Car,0.0,0.0,0.0,0.0,0.0,1.6240391731262207,-0.0,inf,0.0,0.0,0,0,0.91,True,35.293682,-120.66784
151789,2025-10-06 18:55:34.715000+00:00,foothill,Car,0.0,0.0,0.0,0.0,0.0,1.6240391731262207,-0.0,inf,0.0,0.0,0,0,0.91,True,35.293682,-120.66784
151789,2025-10-06 18:55:34.797000+00:00,foothill,Car,0.0,0.0,0.0,0.0,0.0,1.6240391731262207,-0.0,inf,0.0,0.0,0,0,0.91,True,35.293682,-120.66784
151789,2025-10-06 18:55:34.858000+00:00,foothill,Car,0.0,0.0,0.0,0.0,0.0,1.6240391731262207,-0.0,inf,0.0,0.0,0,0,0.91,True,35.293682,-120.66784
151789,2025-10-06 18:55:34.919000+00:00,foothill,Car,0.0,0.0,0.0,0.0,0.0,1.6240391731262207,-0.0,inf,0.0,0.0,0,0,0.91,True,35.293682,-120.66784
151789,2025-10-06 18:55:35+00:00,foothill,Car,0.0,0.0,0.0,0.0,0.0,1.6240391731262207,-0.0,inf,0.0,0.0,0,0,0.91,True,35.293682,-120.66784
151789,2025-10-06 18:55:35.061000+00:00,foothill,Car,0.0,0.0,0.0,0.0,0.0,1.6240391731262207,-0.0,inf,0.0,0.0,0,0,0.91,True,35.293682,-120.66784
151789,2025-10-06 18:55:35.122000+00:00,foothill,Car,0.0,0.0,0.0,0.0,0.0,1.6240391731262207,-0.0,inf,0.0,0.0,0,0,0.91,True,35.293682,-120.66784
151789,2025-10-06 18:55:35.193000+00:00,foothill,Car,0.0,0.0,0.0,0.0,0.0,1.6240391731262207,-0.0,inf,0.0,0.0,0,0,0.91,True,35.293682,-120.66784
151789,2025-10-06 18:55:35.254000+00:00,foothill,Car,0.0,0.0,0.0,0.0,0.0,1.6240391731262207,-0.0,inf,0.0,0.0,0,0,0.91,True,35.293682,-120.66784
151789,2025-10-06 18:55:35.325000+00:00,foothill,Car,0.0,0.0,0.0,0.0,0.0,1.6240391731262207,-0.0,inf,0.0,0.0,0,0,0.91,True,35.293682,-120.66784
151789,2025-10-06 18:55:35.397000+00:00,foothill,Car,0.0,0.0,0.0,0.0,0.0,1.6240391731262207,-0.0,inf,0.0,0.0,0,0,0.91,True,35.293682,-120.66784
151789,2025-10-06 18:55:35.447000+00:00,foothill,Car,0.0,0.0,0.0,0.0,0.0,1.6240391731262207,-0.0,inf,0.0,0.0,0,0,0.91,True,35.293682,-120.66784
151789,2025-10-06 18:55:35.518000+00:00,foothill,Car,0.0,0.0,0.0,0.0,0.0,1.6240391731262207,-0.0,inf,0.0,0.0,0,0,0.91,True,35.293682,-120.66784
151789,2025-10-06 18:55:35.589000+00:00,foothill,Car,0.0,0.0,0.0,0.0,0.0,1.6240391731262207,-0.0,inf,0.0,0.0,0,0,0.91,True,35.293682,-120.66784
151789,2025-10-06 18:55:35.650000+00:00,foothill,Car,0.0,0.0,0.0,0.0,0.0,1.6240391731262207,-0.0,inf,0.0,0.0,0,0,0.91,True,35.293682,-120.66784
151789,2025-10-06 18:55:35.721000+00:00,foothill,Car,0.0,0.0,0.0,0.0,0.0,1.6240391731262207,-0.0,inf,0.0,0.0,0,0,0.91,True,35.293682,-120.66784
151789,2025-10-06 18:55:35.792000+00:00,foothill,Car,0.0,0.0,0.0,0.0,0.0,1.6240391731262207,-0.0,inf,0.0,0.0,0,0,0.91,True,35.293682,-120.66784
151789,2025-10-06 18:55:35.863000+00:00,foothill,Car,0.0,0.0,0.0,0.0,0.0,1.6240391731262207,-0.0,inf,0.0,0.0,0,0,0.91,True,35.293682,-120.66784
151791,2025-10-06 18:55:28.251000+00:00,foothill,Car,0.7700219,0.0,0.0,0.0,0.0,1.0950566530227661,-0.48689892888069153,2.2490429878234863,0.770021915435791,0.0,1,0,0.12,False,35.293686,-120.66785
151791,2025-10-06 18:55:28.322000+00:00,foothill,Car,10.696935,0.0,0.0,0.0,0.0,1.4487136602401733,-5.112685680389404,0.2833566963672638,10.696934700012207,0.0,0,0,0.31,False,35.29369,-120.66785
151791,2025-10-06 18:55:28.388000+00:00,foothill,Car,0.9800279,0.0,0.0,0.0,0.0,1.4487136602401733,-0.4684121906757355,3.092818021774292,0.9800279140472412,0.0,0,0,0.37,False,35.29369,-120.66785
151791,2025-10-06 18:55:28.449000+00:00,foothill,Car,21.256296,0.0,0.0,294.6762,-65.32379,2.1901133060455322,-20.575031280517578,0.10644520074129105,21.256296157836914,65.32379150390625,0,0,0.36,False,35.293694,-120.667854
151791,2025-10-06 18:55:28.520000+00:00,foothill,Car,5.3484674,-0.98665905,-0.98665905,0.0,65.32379,2.532965898513794,-2.9241678714752197,0.8662176728248596,5.3484673500061035,0.0,0,0,0.39,False,35.293697,-120.667854
151791,2025-10-06 18:55:28.591000+00:00,foothill,Car,18.26245,-0.98665905,-0.98665905,65.32379,65.32379,2.637561559677124,14.0111083984375,inf,18.262449264526367,65.32379150390625,0,0,0.44,False,35.2937,-120.66785
151791,2025-10-06 18:55:28.653000+00:00,foothill,Car,1.2800364,-0.98665905,-0.98665905,0.0,-65.32379,2.637561559677124,-0.33604079484939575,7.84893274307251,1.280036449432373,0.0,0,0,0.43,False,35.2937,-120.66785
151791,2025-10-06 18:55:28.724000+00:00,foothill,Car,5.3484674,-0.98665905,-0.98665905,180.0,-180.0,2.2310450077056885,1.6599435806274414,inf,5.3484673500061035,180.0,0,0,0.42,False,35.293697,-120.66785
151791,2025-10-06 18:55:28.795000+00:00,foothill,Car,5.3484674,-0.98665905,-0.98665905,0.0,-180.0,2.637561559677124,-1.40410315990448,1.878467082977295,5.3484673500061035,0.0,0,0,0.29,False,35.2937,-120.66785
151791,2025-10-06 18:55:28.856000+00:00,foothill,Car,1.9400551,-0.98665905,-0.98665905,0.0,0.0,2.637561559677124,-0.5093117952346802,5.178677558898926,1.9400551319122314,0.0,0,0,0.29,False,35.2937,-120.66785
151791,2025-10-06 18:55:28.917000+00:00,foothill,Car,20.324274,-0.98665905,-0.98665905,90.0,90.0,2.5450499057769775,20.32427406311035,inf,20.32427406311035,90.0,0,0,0.42,False,35.2937,-120.66784
151791,2025-10-06 18:55:28.999000+00:00,foothill,Car,1.8000512,-0.98665905,-0.98665905,0.0,-90.0,2.5450499057769775,0.0,inf,1.800051212310791,0.0,0,0,0.43,False,35.2937,-120.66784
151791,2025-10-06 18:55:29.060000+00:00,foothill,Car,6.2252655,-0.98665905,-0.98665905,0.0,0.0,2.5450499057769775,0.0,inf,6.2252655029296875,0.0,0,0,0.45,False,35.293705,-120.66784
151791,2025-10-06 18:55:29.121000+00:00,foothill,Car,6.2252655,-0.98665905,-0.98665905,0.0,0.0,2.1208748817443848,0.0,inf,6.2252655029296875,0.0,0,0,0.46,False,35.29371,-120.66784
151791,2025-10-06 18:55:29.193000+00:00,foothill,Car,10.548367,-0.98665905,-0.98665905,0.0,0.0,1.2725249528884888,0.0,inf,10.54836654663086,0.0,0,0,0.47,False,35.293716,-120.66784
151791,2025-10-06 18:55:29.284000+00:00,foothill,Car,4.1729803,-0.98665905,-0.98665905,0.0,0.0,0.8483499884605408,0.0,inf,4.172980308532715,0.0,0,0,0.49,False,35.29372,-120.66784
151791,2025-10-06 18:55:31.073000+00:00,foothill,Car,6.2965336,-0.24821806,0.0,340.72015,-19.279846,3.4884538650512695,-5.982799530029297,0.583080530166626,6.296533584594727,19.27984619140625,0,0,0.76,True,35.293816,-120.66787
151791,2025-10-06 18:55:32.122000+00:00,foothill,Car,2.8960242,-2.739774,-2.491556,0.0,19.279846,3.4880030155181885,-3.0662505626678467,1.1375466585159302,2.7028698921203613,180.0,0,0,0.71,True,35.293842,-120.66787
151791,2025-10-06 18:55:32.193000+00:00,foothill,Car,2.5000713,-2.739774,-2.491556,0.0,0.0,3.4880030155181885,-2.481515645980835,1.405593752861023,2.5000712871551514,0.0,0,0,0.71,True,35.293842,-120.66787
151791,2025-10-06 18:55:32.265000+00:00,foothill,Car,5.2741833,-2.739774,-2.491556,0.0,0.0,3.5645389556884766,-5.122633934020996,0.6958410739898682,5.27418327331543,0.0,0,0,0.72,True,35.293846,-120.66787
151791,2025-10-06 18:55:33.930000+00:00,foothill,Car,2.2807279,0.87916315,3.0205512,0.0,0.0,2.120133638381958,2.2346150875091553,inf,2.2807278633117676,0.0,0,0,0.87,True,35.29388,-120.66787
151791,2025-10-06 18:55:33.995000+00:00,foothill,Car,0.5500157,0.87916315,3.0205512,0.0,0.0,2.120133638381958,0.5388952493667603,inf,0.5500156879425049,0.0,0,0,0.88,True,35.29388,-120.66787
151791,2025-10-06 18:55:34.055000+00:00,foothill,Car,0.75002134,0.87916315,3.0205512,0.0,0.0,2.120133638381958,0.7348570823669434,inf,0.7500213384628296,0.0,0,0,0.87,True,35.29388,-120.66787
151791,2025-10-06 18:55:34.126000+00:00,foothill,Car,0.81002307,0.87916315,3.0205512,0.0,0.0,2.120133638381958,0.7936456799507141,inf,0.8100230693817139,0.0,0,0,0.87,True,35.29388,-120.66787
151791,2025-10-06 18:55:34.187000+00:00,foothill,Car,0.8600245,0.87916315,3.0205512,0.0,0.0,2.120133638381958,0.8426361680030823,inf,0.8600245118141174,0.0,0,0,0.88,True,35.29388,-120.66787
151791,2025-10-06 18:55:34.258000+00:00,foothill,Car,0.8900253,0.87916315,3.0205512,0.0,0.0,2.120133638381958,0.8720303773880005,inf,0.8900253176689148,0.0,0,0,0.88,True,35.29388,-120.66787
151791,2025-10-06 18:55:34.319000+00:00,foothill,Car,6.2252655,0.87916315,3.0205512,0.0,0.0,2.07726788520813,6.2252655029296875,inf,6.2252655029296875,0.0,0,0,0.87,True,35.293884,-120.66787
151791,2025-10-06 18:55:34.390000+00:00,foothill,Car,0.9400268,0.87916315,3.0205512,0.0,0.0,2.07726788520813,0.9400268197059631,inf,0.9400268197059631,0.0,0,0,0.88,True,35.293884,-120.66787
151791,2025-10-06 18:55:34.451000+00:00,foothill,Car,1.0800308,0.87916315,3.0205512,0.0,0.0,2.07726788520813,1.0800307989120483,inf,1.0800307989120483,0.0,0,0,0.89,True,35.293884,-120.66787
151791,2025-10-06 18:55:34.522000+00:00,foothill,Car,10.696935,-1.8345218,-2.713685,0.0,0.0,2.120133399963379,10.480660438537598,inf,10.696934700012207,0.0,0,0,0.89,True,35.293888,-120.66787
151791,2025-10-06 18:55:34.603000+00:00,foothill,Car,1.0800308,-1.8345218,-2.713685,0.0,0.0,2.120133399963379,1.0581942796707153,inf,1.0800307989120483,0.0,0,0,0.89,True,35.293888,-120.66787
151791,2025-10-06 18:55:34.664000+00:00,foothill,Car,1.0300293,-1.8345218,-2.713685,0.0,0.0,2.120133399963379,1.0092037916183472,inf,1.030029296875,0.0,0,0,0.89,True,35.293888,-120.66787
151791,2025-10-06 18:55:34.715000+00:00,foothill,Car,1.0300293,-1.8345218,-2.713685,0.0,0.0,1.4483510255813599,0.984865665435791,inf,1.030029296875,0.0,0,0,0.89,True,35.293888,-120.66788
151791,2025-10-06 18:55:34.797000+00:00,foothill,Car,4.63099,-1.8345218,-2.713685,0.0,0.0,1.6240363121032715,3.9489290714263916,inf,4.630990028381348,0.0,0,0,0.89,True,35.29389,-120.66788
151791,2025-10-06 18:55:34.858000+00:00,foothill,Car,1.0500299,-1.8345218,-2.713685,0.0,0.0,1.6240363121032715,0.8953794836997986,inf,1.0500298738479614,0.0,0,0,0.89,True,35.29389,-120.66788
151791,2025-10-06 18:55:34.919000+00:00,foothill,Car,1.0500299,-1.8345218,-2.713685,0.0,0.0,1.6240363121032715,0.8953794836997986,inf,1.0500298738479614,0.0,0,0,0.9,True,35.29389,-120.66788
151791,2025-10-06 18:55:35+00:00,foothill,Car,1.0500299,-1.8345218,-2.713685,0.0,0.0,1.6240363121032715,0.8953794836997986,inf,1.0500298738479614,0.0,0,0,0.9,True,35.29389,-120.66788
151791,2025-10-06 18:55:35.061000+00:00,foothill,Car,1.0300293,-1.8345218,-2.713685,0.0,0.0,1.6240363121032715,0.8783246278762817,inf,1.030029296875,0.0,0,0,0.9,True,35.29389,-120.66788
151791,2025-10-06 18:55:35.122000+00:00,foothill,Car,1.0300293,-1.8345218,-2.713685,0.0,0.0,1.6240363121032715,0.8783246278762817,inf,1.030029296875,0.0,0,0,0.9,True,35.29389,-120.66788
151791,2025-10-06 18:55:35.193000+00:00,foothill,Car,0.9400268,-1.8345218,-2.713685,0.0,0.0,1.6240363121032715,0.8015779256820679,inf,0.9400268197059631,0.0,0,0,0.9,True,35.29389,-120.66788
151791,2025-10-06 18:55:35.254000+00:00,foothill,Car,0.9400268,-1.8345218,-2.713685,0.0,0.0,1.6240363121032715,0.8015779256820679,inf,0.9400268197059631,0.0,0,0,0.9,True,35.29389,-120.66788
151791,2025-10-06 18:55:35.325000+00:00,foothill,Car,0.81002307,-1.8345218,-2.713685,0.0,0.0,1.6240363121032715,0.690721333026886,inf,0.8100230693817139,0.0,0,0,0.9,True,35.29389,-120.66788
151791,2025-10-06 18:55:35.397000+00:00,foothill,Car,0.5300151,-1.8345218,-2.713685,0.0,0.0,1.6240363121032715,0.4519535005092621,inf,0.5300151109695435,0.0,0,0,0.9,True,35.29389,-120.66788
151791,2025-10-06 18:55:35.447000+00:00,foothill,Car,0.11000313,-1.8345218,-2.713685,0.0,0.0,1.6240363121032715,0.09380166232585907,inf,0.11000312864780426,0.0,0,0,0.9,True,35.29389,-120.66788
151791,2025-10-06 18:55:35.518000+00:00,foothill,Car,0.0,-1.8345218,-2.713685,0.0,0.0,1.6240363121032715,0.0,inf,0.0,0.0,0,0,0.9,True,35.29389,-120.66788
151791,2025-10-06 18:55:35.589000+00:00,foothill,Car,0.0,-1.8345218,-2.713685,0.0,0.0,1.6240363121032715,0.0,inf,0.0,0.0,0,0,0.9,True,35.29389,-120.66788
151791,2025-10-06 18:55:35.650000+00:00,foothill,Car,0.0,-1.8345218,-2.713685,0.0,0.0,1.6240363121032715,0.0,inf,0.0,0.0,0,0,0.9,True,35.29389,-120.66788
151791,2025-10-06 18:55:35.721000+00:00,foothill,Car,0.0,-1.8345218,-2.713685,0.0,0.0,1.6240363121032715,0.0,inf,0.0,0.0,0,0,0.9,True,35.29389,-120.66788
151791,2025-10-06 18:55:35.792000+00:00,foothill,Car,0.0,-1.8345218,-2.713685,0.0,0.0,1.6240363121032715,0.0,inf,0.0,0.0,0,0,0.9,True,35.29389,-120.66788
151791,2025-10-06 18:55:35.863000+00:00,foothill,Car,0.0,-1.8345218,-2.713685,0.0,0.0,1.6240363121032715,0.0,inf,0.0,0.0,0,0,0.9,True,35.29389,-120.66788
151792,2025-10-06 18:55:29.060000+00:00,foothill,Car,6.050172,0.0,0.0,0.0,0.0,7.906865119934082,4.912933349609375,inf,5.610159397125244,0.0,1,0,0.16,False,35.294098,-120.66754
151792,2025-10-06 18:55:29.121000+00:00,foothill,Car,6.080173,0.0,0.0,0.0,0.0,7.308148384094238,4.8094635009765625,inf,5.64016056060791,0.0,0,0,0.32,False,35.294098,-120.66755
151792,2025-10-06 18:55:29.193000+00:00,foothill,Car,6.080173,0.0,0.0,0.0,0.0,7.308148384094238,4.8094635009765625,inf,5.64016056060791,0.0,0,0,0.37,False,35.294098,-120.66755
151792,2025-10-06 18:55:29.284000+00:00,foothill,Car,13.623897,0.0,0.0,270.0,-90.0,6.7274394035339355,7.368755340576172,inf,13.183883666992188,90.0,0,0,0.39,False,35.294098,-120.66756
151792,2025-10-06 18:55:31.073000+00:00,foothill,Car,4.179608,-1.8894982,-4.7683716e-07,274.37885,4.378845,6.926646709442139,4.019467830657959,inf,4.17960786819458,85.62115478515625,0,0,0.71,True,35.294106,-120.66765
151792,2025-10-06 18:55:32.122000+00:00,foothill,Car,4.741293,0.86621,2.7557082,276.5524,2.1735535,7.342747688293457,4.523751258850098,inf,4.741292953491211,83.44760131835938,0,0,0.99,True,35.29411,-120.667694
151792,2025-10-06 18:55:32.193000+00:00,foothill,Car,3.9201117,0.86621,2.7557082,0.0,83.4476,7.342747688293457,-0.7393323183059692,9.93159294128418,3.920111656188965,0.0,0,0,0.99,True,35.29411,-120.667694
151792,2025-10-06 18:55:32.265000+00:00,foothill,Car,3.8001082,0.86621,2.7557082,0.0,0.0,7.342747688293457,-0.7166996598243713,10.245223045349121,3.8001081943511963,0.0,0,0,0.99,True,35.29411,-120.667694
151792,2025-10-06 18:55:32.325000+00:00,foothill,Car,3.8001082,0.86621,2.7557082,0.0,0.0,7.342747688293457,-0.7166996598243713,10.245223045349121,3.8001081943511963,0.0,0,0,0.99,True,35.29411,-120.667694
151792,2025-10-06 18:55:32.396000+00:00,foothill,Car,3.8601098,0.86621,2.7557082,0.0,0.0,7.504209995269775,-1.0685278177261353,7.022943019866943,3.860109806060791,0.0,0,0,0.99,True,35.29411,-120.6677
151792,2025-10-06 18:55:32.458000+00:00,foothill,Car,6.124858,0.86621,2.7557082,0.0,0.0,7.097581386566162,-1.7925726175308228,3.9594388008117676,6.1248579025268555,0.0,0,0,0.99,True,35.294113,-120.6677
151792,2025-10-06 18:55:32.529000+00:00,foothill,Car,3.8101084,-1.8256402,-2.6918502,0.0,0.0,7.097581386566162,-1.115110993385315,6.364910125732422,3.8101084232330322,0.0,0,0,0.99,True,35.294113,-120.6677
151792,2025-10-06 18:55:32.590000+00:00,foothill,Car,3.7501068,-1.8256402,-2.6918502,0.0,0.0,7.097581386566162,-1.0975501537322998,6.46674919128418,3.7501068115234375,0.0,0,0,0.99,True,35.294113,-120.6677
151792,2025-10-06 18:55:32.651000+00:00,foothill,Car,20.324171,-1.8256402,-2.6918502,270.0,-90.0,7.330196857452393,18.817514419555664,inf,20.32417106628418,90.0,0,0,0.99,True,35.294113,-120.66771
151792,2025-10-06 18:55:32.732000+00:00,foothill,Car,3.690105,-1.8256402,-2.6918502,0.0,90.0,7.330196857452393,-1.3942893743515015,5.257299423217773,3.6901049613952637,0.0,0,0,0.99,True,35.294113,-120.66771
151792,2025-10-06 18:55:32.793000+00:00,foothill,Car,3.5901024,-1.8256402,-2.6918502,0.0,0.0,7.330196857452393,-1.356503963470459,5.403741359710693,3.590102434158325,0.0,0,0,0.99,True,35.294113,-120.66771
151792,2025-10-06 18:55:32.855000+00:00,foothill,Car,3.340095,-1.8256402,-2.6918502,0.0,0.0,7.330196857452393,-1.2620397806167603,5.808213710784912,3.340095043182373,0.0,0,0,0.99,True,35.294113,-120.66771
151792,2025-10-06 18:55:32.926000+00:00,foothill,Car,3.050087,-1.8256402,-2.6918502,0.0,0.0,7.330196857452393,-1.1524615287780762,6.360469818115234,3.0500869750976562,0.0,0,0,0.99,True,35.294113,-120.66771
151792,2025-10-06 18:55:32.986000+00:00,foothill,Car,2.8400807,-1.8256402,-2.6918502,0.0,0.0,7.330196857452393,-1.073111653327942,6.83078670501709,2.840080738067627,0.0,0,0,0.99,True,35.294113,-120.66771
151792,2025-10-06 18:55:33.057000+00:00,foothill,Car,2.5800734,-1.8256402,-2.6918502,0.0,0.0,7.330196857452393,-0.9748690128326416,7.519160747528076,2.580073356628418,0.0,0,0,0.99,True,35.294113,-120.66771
151792,2025-10-06 18:55:33.128000+00:00,foothill,Car,2.1700618,-1.8256402,-2.6918502,0.0,0.0,7.330196857452393,-0.8199480175971985,8.939830780029297,2.1700618267059326,0.0,0,0,0.99,True,35.294113,-120.66771
151792,2025-10-06 18:55:33.189000+00:00,foothill,Car,1.6200461,-1.8256402,-2.6918502,0.0,0.0,7.330196857452393,-0.6121270656585693,11.974959373474121,1.6200461387634277,0.0,0,0,0.99,True,35.294113,-120.66771
151792,2025-10-06 18:55:33.260000+00:00,foothill,Car,17.461613,-1.8256402,-2.6918502,270.0,-90.0,7.618844985961914,15.55465030670166,inf,17.461612701416016,90.0,0,0,0.99,True,35.294113,-120.66772
151792,2025-10-06 18:55:33.321000+00:00,foothill,Car,1.5900452,-1.8256402,-2.6918502,0.0,90.0,7.618844985961914,-0.7225371599197388,10.544571876525879,1.5900452136993408,0.0,0,0,0.99,True,35.294113,-120.66772
151792,2025-10-06 18:55:33.392000+00:00,foothill,Car,1.5900452,-1.8256402,-2.6918502,0.0,0.0,7.618844985961914,-0.7225371599197388,10.544571876525879,1.5900452136993408,0.0,0,0,0.99,True,35.294113,-120.66772
151792,2025-10-06 18:55:33.453000+00:00,foothill,Car,12.450531,-1.8256402,-2.6918502,0.0,0.0,7.243558883666992,-5.950805187225342,1.2172400951385498,12.450531005859375,0.0,0,0,0.99,True,35.294117,-120.66772
151792,2025-10-06 18:55:33.524000+00:00,foothill,Car,1.5200433,-0.4051385,1.4205017,0.0,0.0,7.243558883666992,-0.726513683795929,9.97029972076416,1.5200432538986206,0.0,0,0,0.99,True,35.294117,-120.66772
151792,2025-10-06 18:55:33.585000+00:00,foothill,Car,1.2800364,-0.4051385,1.4205017,0.0,0.0,7.243558883666992,-0.611801028251648,11.839730262756348,1.280036449432373,0.0,0,0,0.99,True,35.294117,-120.66772
151792,2025-10-06 18:55:33.656000+00:00,foothill,Car,1.2800364,-0.4051385,1.4205017,0.0,0.0,7.342747211456299,-0.2414146363735199,30.41550064086914,1.280036449432373,0.0,0,0,0.99,True,35.294117,-120.667725
151792,2025-10-06 18:55:33.717000+00:00,foothill,Car,1.1400324,-0.4051385,1.4205017,0.0,0.0,7.342747211456299,-0.2150098979473114,34.15074157714844,1.140032410621643,0.0,0,0,0.99,True,35.294117,-120.667725
151792,2025-10-06 18:55:33.777000+00:00,foothill,Car,1.1400324,-0.4051385,1.4205017,0.0,0.0,7.342747211456299,-0.2150098979473114,34.15074157714844,1.140032410621643,0.0,0,0,0.99,True,35.294117,-120.667725
151792,2025-10-06 18:55:33.859000+00:00,foothill,Car,1.020029,-0.4051385,1.4205017,0.0,0.0,7.342747211456299,-0.1923772692680359,38.16847610473633,1.0200289487838745,0.0,0,0,0.99,True,35.294117,-120.667725
151792,2025-10-06 18:55:33.930000+00:00,foothill,Car,0.73002076,-0.4051385,1.4205017,0.0,0.0,7.342747211456299,-0.137681782245636,53.33129119873047,0.7300207614898682,0.0,0,0,0.99,True,35.294117,-120.667725
151792,2025-10-06 18:55:33.995000+00:00,foothill,Car,0.73002076,-0.4051385,1.4205017,0.0,0.0,7.342747211456299,-0.137681782245636,53.33129119873047,0.7300207614898682,0.0,0,0,0.99,True,35.294117,-120.667725
151792,2025-10-06 18:55:34.055000+00:00,foothill,Car,0.880025,-0.4051385,1.4205017,0.0,0.0,7.342747211456299,-0.16597256064414978,44.24073028564453,0.8800250291824341,0.0,0,0,0.99,True,35.294117,-120.667725
151792,2025-10-06 18:55:34.126000+00:00,foothill,Car,1.1400324,-0.4051385,1.4205017,0.0,0.0,7.342747211456299,-0.2150098979473114,34.15074157714844,1.140032410621643,0.0,0,0,0.99,True,35.294117,-120.667725
151792,2025-10-06 18:55:34.187000+00:00,foothill,Car,1.3800392,-0.4051385,1.4205017,0.0,0.0,7.342747211456299,-0.26027512550354004,28.211483001708984,1.3800392150878906,0.0,0,0,0.99,True,35.294117,-120.667725
151792,2025-10-06 18:55:34.258000+00:00,foothill,Car,17.46161,-0.4051385,1.4205017,270.0,-90.0,7.504209995269775,16.779279708862305,inf,17.461610794067383,90.0,0,0,0.99,True,35.294117,-120.66773
151792,2025-10-06 18:55:34.319000+00:00,foothill,Car,1.4400411,-0.4051385,1.4205017,0.0,90.0,7.504209995269775,-0.39862173795700073,18.825389862060547,1.4400410652160645,0.0,0,0,0.99,True,35.294117,-120.66773
151792,2025-10-06 18:55:34.390000+00:00,foothill,Car,5.3484674,-0.4051385,1.4205017,0.0,0.0,7.097581386566162,-1.5653449296951294,4.534196376800537,5.3484673500061035,0.0,0,0,0.99,True,35.29412,-120.66773
151792,2025-10-06 18:55:34.451000+00:00,foothill,Car,1.4400411,-0.4051385,1.4205017,0.0,0.0,7.097581386566162,-0.42145922780036926,16.84049415588379,1.4400410652160645,0.0,0,0,0.99,True,35.29412,-120.66773
151792,2025-10-06 18:55:34.522000+00:00,foothill,Car,1.4400411,0.9179399,1.3230784,0.0,0.0,7.097581386566162,-0.42145922780036926,16.84049415588379,1.4400410652160645,0.0,0,0,0.99,True,35.29412,-120.66773
151792,2025-10-06 18:55:34.603000+00:00,foothill,Car,1.4400411,0.9179399,1.3230784,0.0,0.0,7.097581386566162,-0.42145922780036926,16.84049415588379,1.4400410652160645,0.0,0,0,0.99,True,35.29412,-120.66773
151792,2025-10-06 18:55:34.664000+00:00,foothill,Car,1.4500413,0.9179399,1.3230784,0.0,0.0,7.097581386566162,-0.42438602447509766,16.72435188293457,1.4500412940979004,0.0,0,0,0.99,True,35.29412,-120.66773
151792,2025-10-06 18:55:34.715000+00:00,foothill,Car,1.4700418,0.9179399,1.3230784,0.0,0.0,7.330196857452393,-0.555448591709137,13.196895599365234,1.4700417518615723,0.0,0,0,0.99,True,35.29412,-120.66774
151792,2025-10-06 18:55:34.797000+00:00,foothill,Car,1.5000427,0.9179399,1.3230784,0.0,0.0,7.330196857452393,-0.5667842626571655,12.932957649230957,1.5000426769256592,0.0,0,0,0.99,True,35.29412,-120.66774
151792,2025-10-06 18:55:34.858000+00:00,foothill,Car,1.5000427,0.9179399,1.3230784,0.0,0.0,7.330196857452393,-0.5667842626571655,12.932957649230957,1.5000426769256592,0.0,0,0,0.99,True,35.29412,-120.66774
151792,2025-10-06 18:55:34.919000+00:00,foothill,Car,1.5200433,0.9179399,1.3230784,0.0,0.0,7.330196857452393,-0.5743414163589478,12.762786865234375,1.5200432538986206,0.0,0,0,0.99,True,35.29412,-120.66774
151792,2025-10-06 18:55:35+00:00,foothill,Car,1.6700475,0.9179399,1.3230784,0.0,0.0,7.330196857452393,-0.6310198307037354,11.61642837524414,1.6700475215911865,0.0,0,0,0.99,True,35.29412,-120.66774
151792,2025-10-06 18:55:35.061000+00:00,foothill,Car,1.7000484,0.9179399,1.3230784,0.0,0.0,7.330196857452393,-0.6423555612564087,11.411432266235352,1.7000484466552734,0.0,0,0,0.99,True,35.29412,-120.66774
151792,2025-10-06 18:55:35.122000+00:00,foothill,Car,1.7300491,0.9179399,1.3230784,0.0,0.0,7.330196857452393,-0.6536911725997925,11.213547706604004,1.7300491333007812,0.0,0,0,0.99,True,35.29412,-120.66774
151792,2025-10-06 18:55:35.193000+00:00,foothill,Car,5.3484674,0.9179399,1.3230784,0.0,0.0,6.93931770324707,-2.1347272396087646,3.250681161880493,5.3484673500061035,0.0,0,0,0.99,True,35.294125,-120.66774
151792,2025-10-06 18:55:35.254000+00:00,foothill,Car,20.324167,0.9179399,1.3230784,270.0,-90.0,7.243558406829834,17.852420806884766,inf,20.324167251586914,90.0,0,0,0.99,True,35.294125,-120.66775
151792,2025-10-06 18:55:35.325000+00:00,foothill,Car,1.7700504,0.9179399,1.3230784,0.0,90.0,7.243558406829834,-0.8460060358047485,8.562065124511719,1.7700504064559937,0.0,0,0,0.99,True,35.294125,-120.66775
151792,2025-10-06 18:55:35.397000+00:00,foothill,Car,1.7700504,0.9179399,1.3230784,0.0,0.0,7.243558406829834,-0.8460060358047485,8.562065124511719,1.7700504064559937,0.0,0,0,0.99,True,35.294125,-120.66775
151792,2025-10-06 18:55:35.447000+00:00,foothill,Car,1.830052,0.9179399,1.3230784,0.0,0.0,7.243558406829834,-0.8746841549873352,8.281341552734375,1.8300520181655884,0.0,0,0,0.99,True,35.294125,-120.66775
151792,2025-10-06 18:55:35.518000+00:00,foothill,Car,5.3484674,0.9179399,1.3230784,0.0,0.0,7.247429847717285,-3.0659592151641846,2.363837718963623,5.3484673500061035,0.0,0,0,0.99,True,35.29413,-120.667755
151792,2025-10-06 18:55:35.589000+00:00,foothill,Car,2.0500581,0.9179399,1.3230784,0.0,0.0,7.247429847717285,-1.175176739692688,6.167097568511963,2.050058126449585,0.0,0,0,0.99,True,35.29413,-120.667755
151792,2025-10-06 18:55:35.650000+00:00,foothill,Car,2.080059,0.9179399,1.3230784,0.0,0.0,7.247429847717285,-1.1923744678497314,6.078149318695068,2.080059051513672,0.0,0,0,0.99,True,35.29413,-120.667755
151792,2025-10-06 18:55:35.721000+00:00,foothill,Car,2.0900595,0.9179399,1.3230784,0.0,0.0,7.247429847717285,-1.198107123374939,6.049066543579102,2.090059518814087,0.0,0,0,0.99,True,35.29413,-120.667755
151792,2025-10-06 18:55:35.792000+00:00,foothill,Car,2.250064,0.9179399,1.3230784,0.0,0.0,7.247429847717285,-1.2898281812667847,5.618911266326904,2.250063896179199,0.0,0,0,0.99,True,35.29413,-120.667755
151792,2025-10-06 18:55:35.863000+00:00,foothill,Car,2.3000655,0.9179399,1.3230784,0.0,0.0,7.247429847717285,-1.3184912204742432,5.49675989151001,2.300065517425537,0.0,0,0,0.99,True,35.29413,-120.667755
151793,2025-10-06 18:55:31.073000+00:00,foothill,Car,4.160118,0.0,0.0,0.0,0.0,2.769681453704834,0.450013130903244,inf,0.4500131607055664,0.0,1,0,0.55,True,35.29415,-120.66799
151793,2025-10-06 18:55:32.122000+00:00,foothill,Car,5.557175,6.2417116,6.2417116,168.10559,168.10559,6.92420768737793,-0.06805217266082764,101.74851989746094,1.6424217224121094,28.220611572265625,0,0,0.99,True,35.2941,-120.66798
151793,2025-10-06 18:55:32.193000+00:00,foothill,Car,18.262367,6.2417116,6.2417116,90.0,-78.10559,6.231787204742432,5.3484673500061035,inf,12.913900375366211,90.0,0,0,0.99,True,35.294098,-120.66797
151793,2025-10-06 18:55:32.265000+00:00,foothill,Car,5.5001564,6.2417116,6.2417116,0.0,-90.0,6.937188148498535,-13.994871139526367,0.495695024728775,12.508569717407227,114.67630004882812,0,0,0.99,True,35.294098,-120.66797
151793,2025-10-06 18:55:32.325000+00:00,foothill,Car,21.61047,6.2417116,6.2417116,114.6763,114.6763,6.246206760406494,4.020479202270508,inf,15.281450271606445,65.32369995117188,0,0,0.99,True,35.294094,-120.66796
151793,2025-10-06 18:55:32.396000+00:00,foothill,Car,5.3484674,6.2417116,6.2417116,180.0,65.3237,6.23178768157959,13.188690185546875,inf,2.491755962371826,180.0,0,0,0.99,True,35.29409,-120.66796
151793,2025-10-06 18:55:32.458000+00:00,foothill,Car,6.124858,6.2417116,6.2417116,180.0,0.0,6.231788158416748,0.0,inf,0.0,0.0,0,0,0.99,True,35.294086,-120.66795
151793,2025-10-06 18:55:32.529000+00:00,foothill,Car,5.3484674,-1.8696814,-8.111393,180.0,0.0,6.231788158416748,0.0,inf,0.0,0.0,0,0,0.99,True,35.294083,-120.66795
151793,2025-10-06 18:55:32.590000+00:00,foothill,Car,12.450531,-1.8696814,-8.111393,180.0,0.0,6.9242095947265625,2.4997949600219727,inf,11.38406753540039,65.32369995117188,0,0,0.99,True,35.29408,-120.66795
151793,2025-10-06 18:55:32.651000+00:00,foothill,Car,20.324179,-1.8696814,-8.111393,90.0,-90.0,6.937190055847168,-4.970893859863281,1.395561933517456,14.098913192749023,90.0,0,0,0.99,True,35.29408,-120.667946
151793,2025-10-06 18:55:32.732000+00:00,foothill,Car,4.688163,-1.8696814,-8.111393,180.0,90.0,6.937190055847168,0.0,inf,0.0,0.0,0,0,0.99,True,35.294075,-120.667946
151793,2025-10-06 18:55:32.793000+00:00,foothill,Car,6.2252655,-1.8696814,-8.111393,180.0,0.0,7.616631031036377,6.2252655029296875,inf,14.098915100097656,90.0,0,0,0.99,True,35.29407,-120.667946
151793,2025-10-06 18:55:32.855000+00:00,foothill,Car,6.124858,-1.8696814,-8.111393,180.0,0.0,6.924210548400879,0.0,inf,0.0,0.0,0,0,0.99,True,35.294067,-120.66794
151793,2025-10-06 18:55:32.926000+00:00,foothill,Car,6.4501834,-1.8696814,-8.111393,0.0,-180.0,7.616631507873535,1.6700482368469238,inf,1.6700482368469238,0.0,0,0,0.99,True,35.294067,-120.66794
151793,2025-10-06 18:55:32.986000+00:00,foothill,Car,21.610477,-1.8696814,-8.111393,107.029724,107.029724,6.924211025238037,-7.4522813520161435e-06,929139.75,15.281457901000977,72.97027587890625,0,0,0.99,True,35.294064,-120.66793
151793,2025-10-06 18:55:33.057000+00:00,foothill,Car,5.3484674,-1.8696814,-8.111393,180.0,72.970276,6.924211025238037,0.0,inf,0.0,0.0,0,0,0.99,True,35.29406,-120.66793
151793,2025-10-06 18:55:33.128000+00:00,foothill,Car,6.3101797,-1.8696814,-8.111393,0.0,-180.0,7.616632461547852,-6.310179710388184,1.2070388793945312,11.151444435119629,90.0,0,0,0.99,True,35.29406,-120.66793
151793,2025-10-06 18:55:33.189000+00:00,foothill,Car,6.2252655,-1.8696814,-8.111393,180.0,-180.0,7.616632461547852,0.0,inf,0.0,0.0,0,0,0.99,True,35.294056,-120.66793
151793,2025-10-06 18:55:33.260000+00:00,foothill,Car,5.3484674,-1.8696814,-8.111393,180.0,0.0,7.61663293838501,-2.2759149074554443,3.3466246128082275,12.913909912109375,65.32369995117188,0,0,0.99,True,35.294052,-120.66792
151793,2025-10-06 18:55:33.321000+00:00,foothill,Car,6.2252655,-1.8696814,-8.111393,180.0,0.0,8.31987476348877,14.256928443908691,inf,1.8249635696411133,180.0,0,0,0.99,True,35.29405,-120.66792
151793,2025-10-06 18:55:33.392000+00:00,foothill,Car,17.461624,-1.8696814,-8.111393,90.0,-90.0,7.616633415222168,-5.3484673500061035,1.4240777492523193,12.113157272338867,90.0,0,0,0.99,True,35.29405,-120.667915
151793,2025-10-06 18:55:33.453000+00:00,foothill,Car,12.450531,-1.8696814,-8.111393,180.0,90.0,8.31987476348877,13.47053337097168,inf,7.873653411865234,90.0,0,0,0.99,True,35.294044,-120.667915
151793,2025-10-06 18:55:33.524000+00:00,foothill,Car,17.461626,2.2579737,4.127655,90.0,-90.0,7.616633892059326,-10.696934700012207,0.7120389342308044,6.764691352844238,90.0,0,0,0.99,True,35.294044,-120.66791
151793,2025-10-06 18:55:33.585000+00:00,foothill,Car,6.2252655,2.2579737,4.127655,180.0,90.0,8.30905532836914,0.0,inf,0.0,0.0,0,0,0.99,True,35.29404,-120.66791
151793,2025-10-06 18:55:33.656000+00:00,foothill,Car,5.3484674,2.2579737,4.127655,180.0,0.0,7.62843656539917,13.467829704284668,inf,2.791764736175537,180.0,0,0,0.99,True,35.294037,-120.6679
151793,2025-10-06 18:55:33.717000+00:00,foothill,Car,6.500185,2.2579737,4.127655,0.0,-180.0,8.30905532836914,-15.374458312988281,0.5404453873634338,14.75602912902832,114.67626953125,0,0,0.99,True,35.294037,-120.6679
151793,2025-10-06 18:55:33.777000+00:00,foothill,Car,6.32902,2.2579737,4.127655,180.0,-180.0,9.011466026306152,14.31336498260498,inf,1.6712079048156738,180.0,0,0,0.99,True,35.294033,-120.6679
151793,2025-10-06 18:55:33.859000+00:00,foothill,Car,15.119215,2.2579737,4.127655,90.0,-90.0,8.309056282043457,-4.630990028381348,1.7942289113998413,10.488224983215332,90.0,0,0,0.99,True,35.294033,-120.66789
151793,2025-10-06 18:55:33.930000+00:00,foothill,Car,5.3484674,2.2579737,4.127655,180.0,90.0,8.906076431274414,0.0,inf,0.0,0.0,0,0,0.99,True,35.29403,-120.66789
151793,2025-10-06 18:55:33.995000+00:00,foothill,Car,6.2801785,2.2579737,4.127655,0.0,-180.0,9.011466026306152,1.8080451488494873,inf,1.810051441192627,0.0,0,0,0.99,True,35.29403,-120.667885
151793,2025-10-06 18:55:34.055000+00:00,foothill,Car,6.2801785,2.2579737,4.127655,0.0,0.0,8.32120418548584,14.1829252243042,inf,6.377861499786377,180.0,0,0,0.99,True,35.29403,-120.667885
151793,2025-10-06 18:55:34.126000+00:00,foothill,Car,5.3484674,2.2579737,4.127655,180.0,-180.0,8.32120418548584,0.0,inf,0.0,0.0,0,0,0.99,True,35.294025,-120.667885
151793,2025-10-06 18:55:34.187000+00:00,foothill,Car,21.256216,2.2579737,4.127655,98.70715,-81.29285,8.32120418548584,3.112138032913208,inf,9.5367431640625e-06,15.969146728515625,0,0,0.99,True,35.29402,-120.66788
151793,2025-10-06 18:55:34.258000+00:00,foothill,Car,6.6601896,2.2579737,4.127655,0.0,-98.70715,8.593825340270996,9.675609588623047,inf,1.3117222785949707,180.0,0,0,0.99,True,35.29402,-120.66787
151793,2025-10-06 18:55:34.319000+00:00,foothill,Car,6.6601896,2.2579737,4.127655,0.0,0.0,8.34958553314209,10.685755729675293,inf,0.4349241256713867,180.0,0,0,0.99,True,35.29402,-120.66787
151793,2025-10-06 18:55:34.390000+00:00,foothill,Car,5.3484674,2.2579737,4.127655,180.0,-180.0,7.7849907875061035,0.0,inf,0.0,0.0,0,0,0.99,True,35.294018,-120.66787
151793,2025-10-06 18:55:34.451000+00:00,foothill,Car,23.83461,2.2579737,4.127655,121.491486,-58.508514,8.593826293945312,-28.467193603515625,0.3018852770328522,15.894384384155273,121.49148559570312,0,0,0.99,True,35.294014,-120.66786
151793,2025-10-06 18:55:34.522000+00:00,foothill,Car,6.67019,-0.51737404,-2.7753477,0.0,-121.491486,8.34958553314209,9.966931343078613,inf,1.3217225074768066,180.0,0,0,0.99,True,35.294014,-120.66786
151793,2025-10-06 18:55:34.603000+00:00,foothill,Car,6.780193,-0.51737404,-2.7753477,0.0,0.0,8.120170593261719,19.078784942626953,inf,9.227567672729492,114.67630004882812,0,0,0.99,True,35.294014,-120.667854
151793,2025-10-06 18:55:34.664000+00:00,foothill,Car,21.25622,-0.51737404,-2.7753477,98.70715,98.70715,8.718117713928223,-7.595458030700684,1.1478067636489868,15.030954360961914,81.2928466796875,0,0,0.99,True,35.29401,-120.66785
151793,2025-10-06 18:55:34.715000+00:00,foothill,Car,6.6401887,-0.51737404,-2.7753477,0.0,-98.70715,7.906871318817139,18.85602569580078,inf,8.251623153686523,180.0,0,0,0.99,True,35.29401,-120.66785
151793,2025-10-06 18:55:34.797000+00:00,foothill,Car,6.5901875,-0.51737404,-2.7753477,0.0,0.0,7.711024761199951,10.076201438903809,inf,1.9591975212097168,180.0,0,0,0.99,True,35.29401,-120.66785
151793,2025-10-06 18:55:34.858000+00:00,foothill,Car,21.25622,-0.51737404,-2.7753477,98.70715,98.70715,7.711025238037109,4.33283805847168,inf,5.7220458984375e-06,15.9691162109375,0,0,0.99,True,35.294006,-120.66784
151793,2025-10-06 18:55:34.919000+00:00,foothill,Car,6.4801846,-0.51737404,-2.7753477,0.0,-98.70715,7.711025238037109,-1.1224852800369263,6.869600296020508,1.250035285949707,0.0,0,0,0.99,True,35.294006,-120.66784
151793,2025-10-06 18:55:35+00:00,foothill,Car,6.520186,-0.51737404,-2.7753477,0.0,0.0,8.174927711486816,10.442895889282227,inf,1.8320231437683105,180.0,0,0,0.99,True,35.294006,-120.66783
151793,2025-10-06 18:55:35.061000+00:00,foothill,Car,6.5601864,-0.51737404,-2.7753477,0.0,0.0,7.377128601074219,21.150432586669922,inf,14.696027755737305,114.67626953125,0,0,0.99,True,35.294006,-120.66783
151793,2025-10-06 18:55:35.122000+00:00,foothill,Car,21.256222,-0.51737404,-2.7753477,114.67627,114.67627,8.174927711486816,-22.18783950805664,0.3684418201446533,13.846010208129883,114.67626953125,0,0,0.99,True,35.294003,-120.66782
151793,2025-10-06 18:55:35.193000+00:00,foothill,Car,6.690191,-0.51737404,-2.7753477,0.0,-114.67627,8.030593872070312,11.418094635009766,inf,1.3417234420776367,180.0,0,0,0.99,True,35.294003,-120.667816
151793,2025-10-06 18:55:35.254000+00:00,foothill,Car,6.800194,-0.51737404,-2.7753477,0.0,0.0,7.906406879425049,12.548075675964355,inf,0.5749282836914062,180.0,0,0,0.99,True,35.294003,-120.667816
151793,2025-10-06 18:55:35.325000+00:00,foothill,Car,17.461636,-0.51737404,-2.7753477,90.0,90.0,8.575462341308594,-11.014120101928711,0.778588056564331,10.55143928527832,90.0,0,0,0.99,True,35.294003,-120.66781
151793,2025-10-06 18:55:35.397000+00:00,foothill,Car,6.7301917,-0.51737404,-2.7753477,0.0,-90.0,7.8033294677734375,17.465892791748047,inf,11.278547286987305,114.67626953125,0,0,0.99,True,35.294003,-120.66781
151793,2025-10-06 18:55:35.447000+00:00,foothill,Car,7.594824,-0.51737404,-2.7753477,180.0,-180.0,8.57546329498291,-14.1900634765625,0.6043287515640259,0.5446228981018066,180.0,0,0,0.99,True,35.294,-120.6678
151793,2025-10-06 18:55:35.518000+00:00,foothill,Car,6.8401947,-0.51737404,-2.7753477,0.0,-180.0,7.803329944610596,17.117557525634766,inf,3.8567399978637695,180.0,0,0,0.99,True,35.294,-120.6678
151793,2025-10-06 18:55:35.589000+00:00,foothill,Car,17.461636,-0.51737404,-2.7753477,90.0,90.0,8.480522155761719,-10.411006927490234,0.8145726919174194,10.401434898376465,90.0,0,0,0.99,True,35.294,-120.66779
151793,2025-10-06 18:55:35.650000+00:00,foothill,Car,7.0302005,-0.51737404,-2.7753477,0.0,-90.0,8.405937194824219,13.310715675354004,inf,14.226018905639648,98.7071533203125,0,0,0.99,True,35.294,-120.667786
151793,2025-10-06 18:55:35.721000+00:00,foothill,Car,7.2302055,-0.51737404,-2.7753477,0.0,0.0,8.405937194824219,0.5041361451148987,inf,0.5100140571594238,0.0,0,0,0.99,True,35.294,-120.667786
151793,2025-10-06 18:55:35.792000+00:00,foothill,Car,18.26239,-0.51737404,-2.7753477,114.67627,114.67627,8.480522155761719,-17.374649047851562,0.4880974590778351,11.542198181152344,114.67626953125,0,0,0.99,True,35.293995,-120.66778
151793,2025-10-06 18:55:35.863000+00:00,foothill,Car,7.38021,-0.51737404,-2.7753477,0.0,-114.67627,8.405938148498535,12.581979751586914,inf,2.031742572784424,180.0,0,0,0.99,True,35.293995,-120.66778
151794,2025-10-06 18:55:31.073000+00:00,foothill,Car,4.6101313,0.0,0.0,0.0,0.0,2.769681453704834,0.450013130903244,inf,0.4500131607055664,0.0,1,0,0.5,False,35.29415,-120.66796
151794,2025-10-06 18:55:32.122000+00:00,foothill,Car,7.199597,4.807417,4.807417,139.88498,139.88498,6.92420768737793,-0.06805217266082764,101.74851989746094,1.6424217224121094,28.220611572265625,0,0,0.98,True,35.2941,-120.6679
151794,2025-10-06 18:55:32.193000+00:00,foothill,Car,5.3484674,4.807417,4.807417,0.0,-139.88498,6.231787204742432,5.3484673500061035,inf,12.913900375366211,90.0,0,0,0.99,True,35.294098,-120.6679
151794,2025-10-06 18:55:32.265000+00:00,foothill,Car,18.008726,4.807417,4.807417,114.6763,114.6763,6.937188148498535,-13.994871139526367,0.495695024728775,12.508569717407227,114.67630004882812,0,0,0.99,True,35.294094,-120.66789
151794,2025-10-06 18:55:32.325000+00:00,foothill,Car,6.32902,4.807417,4.807417,180.0,65.3237,6.246206760406494,4.020479202270508,inf,15.281450271606445,65.32369995117188,0,0,0.99,True,35.29409,-120.66789
151794,2025-10-06 18:55:32.396000+00:00,foothill,Car,7.8402233,4.807417,4.807417,0.0,-180.0,6.23178768157959,13.188690185546875,inf,2.491755962371826,180.0,0,0,0.99,True,35.29409,-120.66789
151794,2025-10-06 18:55:32.458000+00:00,foothill,Car,6.124858,4.807417,4.807417,180.0,-180.0,6.231788158416748,0.0,inf,0.0,0.0,0,0,0.99,True,35.294086,-120.667885
151794,2025-10-06 18:55:32.529000+00:00,foothill,Car,5.3484674,1.6172743,-3.1901426,180.0,0.0,6.231788158416748,0.0,inf,0.0,0.0,0,0,0.99,True,35.294083,-120.667885
151794,2025-10-06 18:55:32.590000+00:00,foothill,Car,23.834599,1.6172743,-3.1901426,114.6763,-65.3237,6.9242095947265625,2.4997949600219727,inf,11.38406753540039,65.32369995117188,0,0,0.99,True,35.29408,-120.66788
151794,2025-10-06 18:55:32.651000+00:00,foothill,Car,6.2252655,1.6172743,-3.1901426,180.0,65.3237,6.937190055847168,-4.970893859863281,1.395561933517456,14.098913192749023,90.0,0,0,0.99,True,35.294075,-120.66787
151794,2025-10-06 18:55:32.732000+00:00,foothill,Car,4.688163,1.6172743,-3.1901426,180.0,0.0,6.937190055847168,0.0,inf,0.0,0.0,0,0,0.99,True,35.29407,-120.66787
151794,2025-10-06 18:55:32.793000+00:00,foothill,Car,20.32418,1.6172743,-3.1901426,90.0,-90.0,7.616631031036377,6.2252655029296875,inf,14.098915100097656,90.0,0,0,0.99,True,35.29407,-120.66786
151794,2025-10-06 18:55:32.855000+00:00,foothill,Car,6.124858,1.6172743,-3.1901426,180.0,90.0,6.924210548400879,0.0,inf,0.0,0.0,0,0,0.99,True,35.294067,-120.66786
151794,2025-10-06 18:55:32.926000+00:00,foothill,Car,8.120232,1.6172743,-3.1901426,0.0,-180.0,7.616631507873535,1.6700482368469238,inf,1.6700482368469238,0.0,0,0,0.99,True,35.294067,-120.667854
151794,2025-10-06 18:55:32.986000+00:00,foothill,Car,6.32902,1.6172743,-3.1901426,180.0,-180.0,6.924211025238037,-7.4522813520161435e-06,929139.75,15.281457901000977,72.97027587890625,0,0,0.99,True,35.294064,-120.667854
151794,2025-10-06 18:55:33.057000+00:00,foothill,Car,5.3484674,1.6172743,-3.1901426,180.0,0.0,6.924211025238037,0.0,inf,0.0,0.0,0,0,0.99,True,35.29406,-120.667854
151794,2025-10-06 18:55:33.128000+00:00,foothill,Car,17.461624,1.6172743,-3.1901426,90.0,-90.0,7.616632461547852,-6.310179710388184,1.2070388793945312,11.151444435119629,90.0,0,0,0.99,True,35.29406,-120.66785
151794,2025-10-06 18:55:33.189000+00:00,foothill,Car,6.2252655,1.6172743,-3.1901426,180.0,90.0,7.616632461547852,0.0,inf,0.0,0.0,0,0,0.99,True,35.294056,-120.66785
151794,2025-10-06 18:55:33.260000+00:00,foothill,Car,18.262377,1.6172743,-3.1901426,114.6763,-65.3237,7.61663293838501,-2.2759149074554443,3.3466246128082275,12.913909912109375,65.32369995117188,0,0,0.99,True,35.294052,-120.66784
151794,2025-10-06 18:55:33.321000+00:00,foothill,Car,8.050229,1.6172743,-3.1901426,0.0,-114.6763,8.31987476348877,14.256928443908691,inf,1.8249635696411133,180.0,0,0,0.99,True,35.294052,-120.66783
151794,2025-10-06 18:55:33.392000+00:00,foothill,Car,5.3484674,1.6172743,-3.1901426,180.0,-180.0,7.616633415222168,-5.3484673500061035,1.4240777492523193,12.113157272338867,90.0,0,0,0.99,True,35.29405,-120.66783
151794,2025-10-06 18:55:33.453000+00:00,foothill,Car,20.324184,1.6172743,-3.1901426,90.0,-90.0,8.31987476348877,13.47053337097168,inf,7.873653411865234,90.0,0,0,0.99,True,35.29405,-120.66782
151794,2025-10-06 18:55:33.524000+00:00,foothill,Car,10.696935,1.12426,-0.49301434,180.0,90.0,7.616633892059326,-10.696934700012207,0.7120389342308044,6.764691352844238,90.0,0,0,0.99,True,35.294044,-120.66782
151794,2025-10-06 18:55:33.585000+00:00,foothill,Car,6.2252655,1.12426,-0.49301434,180.0,0.0,8.30905532836914,0.0,inf,0.0,0.0,0,0,0.99,True,35.29404,-120.667816
151794,2025-10-06 18:55:33.656000+00:00,foothill,Car,8.140232,1.12426,-0.49301434,0.0,-180.0,7.62843656539917,13.467829704284668,inf,2.791764736175537,180.0,0,0,0.99,True,35.29404,-120.667816
151794,2025-10-06 18:55:33.717000+00:00,foothill,Car,21.256214,1.12426,-0.49301434,114.67627,114.67627,8.30905532836914,-15.374458312988281,0.5404453873634338,14.75602912902832,114.67626953125,0,0,0.99,True,35.294037,-120.66781
151794,2025-10-06 18:55:33.777000+00:00,foothill,Car,8.000228,1.12426,-0.49301434,0.0,-114.67627,9.011466026306152,14.31336498260498,inf,1.6712079048156738,180.0,0,0,0.99,True,35.294037,-120.6678
151794,2025-10-06 18:55:33.859000+00:00,foothill,Car,4.63099,1.12426,-0.49301434,180.0,-180.0,8.309056282043457,-4.630990028381348,1.7942289113998413,10.488224983215332,90.0,0,0,0.99,True,35.294033,-120.6678
151794,2025-10-06 18:55:33.930000+00:00,foothill,Car,17.46163,1.12426,-0.49301434,90.0,-90.0,9.011466026306152,-0.8219291567802429,10.963798522949219,17.46162986755371,90.0,0,0,0.99,True,35.294033,-120.66779
151794,2025-10-06 18:55:33.995000+00:00,foothill,Car,8.09023,1.12426,-0.49301434,0.0,-90.0,8.319875717163086,-8.07970905303955,1.0297247171401978,8.090229988098145,0.0,0,0,0.99,True,35.294033,-120.667786
151794,2025-10-06 18:55:34.055000+00:00,foothill,Car,6.32902,1.12426,-0.49301434,180.0,-180.0,8.352252006530762,6.296287536621094,inf,6.329020023345947,180.0,0,0,0.99,True,35.29403,-120.667786
151794,2025-10-06 18:55:34.126000+00:00,foothill,Car,17.46163,1.12426,-0.49301434,90.0,-90.0,7.663734436035156,-1.932944416999817,3.9647982120513916,17.46162986755371,90.0,0,0,0.99,True,35.29403,-120.66778
151794,2025-10-06 18:55:34.187000+00:00,foothill,Car,6.2252655,1.12426,-0.49301434,180.0,90.0,7.722204685211182,6.14016056060791,inf,6.2252655029296875,180.0,0,0,0.99,True,35.294025,-120.66778
151794,2025-10-06 18:55:34.258000+00:00,foothill,Car,17.46163,1.12426,-0.49301434,90.0,-90.0,7.04017448425293,-3.1562228202819824,2.23056960105896,17.46162986755371,90.0,0,0,0.99,True,35.294025,-120.66777
151794,2025-10-06 18:55:34.319000+00:00,foothill,Car,6.2252655,1.12426,-0.49301434,180.0,90.0,6.458639621734619,6.006615161895752,inf,6.2252655029296875,180.0,0,0,0.99,True,35.29402,-120.66776
151794,2025-10-06 18:55:34.390000+00:00,foothill,Car,17.46163,1.12426,-0.49301434,90.0,-90.0,5.793394565582275,-5.113953113555908,1.1328603029251099,17.46162986755371,90.0,0,0,0.99,True,35.29402,-120.667755
151794,2025-10-06 18:55:34.451000+00:00,foothill,Car,8.660246,1.12426,-0.49301434,0.0,-90.0,5.793394565582275,-8.280519485473633,0.6996414661407471,8.660245895385742,0.0,0,0,0.99,True,35.29402,-120.667755
151794,2025-10-06 18:55:34.522000+00:00,foothill,Car,8.730248,3.2276745,2.1034145,0.0,0.0,5.135339260101318,-8.23997688293457,0.6232225298881531,8.73024845123291,0.0,0,0,0.99,True,35.29402,-120.66775
151794,2025-10-06 18:55:34.603000+00:00,foothill,Car,16.007769,3.2276745,2.1034145,114.67627,114.67627,4.664570331573486,-0.6613783836364746,7.052801132202148,16.007768630981445,114.67626953125,0,0,0.99,True,35.294018,-120.66774
151794,2025-10-06 18:55:34.664000+00:00,foothill,Car,8.830252,3.2276745,2.1034145,0.0,-114.67627,4.664570331573486,-7.864717960357666,0.5931007862091064,8.830251693725586,0.0,0,0,0.99,True,35.294018,-120.66774
151794,2025-10-06 18:55:34.715000+00:00,foothill,Car,8.940254,3.2276745,2.1034145,0.0,0.0,4.060085773468018,-7.623513221740723,0.5325741171836853,8.940254211425781,0.0,0,0,0.99,True,35.294018,-120.66773
151794,2025-10-06 18:55:34.797000+00:00,foothill,Car,15.119218,3.2276745,2.1034145,90.0,90.0,3.488447904586792,-9.192045211791992,0.37950727343559265,15.119217872619629,90.0,0,0,0.99,True,35.294018,-120.667725
151794,2025-10-06 18:55:34.858000+00:00,foothill,Car,12.450531,3.2276745,2.1034145,180.0,90.0,3.2851645946502686,7.872678279876709,inf,12.450531005859375,180.0,0,0,0.99,True,35.294014,-120.66772
151794,2025-10-06 18:55:34.919000+00:00,foothill,Car,20.324198,3.2276745,2.1034145,90.0,-90.0,2.8974244594573975,-17.852439880371094,0.1622985154390335,20.32419776916504,90.0,0,0,0.99,True,35.294014,-120.66771
151794,2025-10-06 18:55:35+00:00,foothill,Car,9.340265,3.2276745,2.1034145,0.0,-90.0,2.8974244594573975,-4.464240550994873,0.6490296721458435,9.340265274047852,0.0,0,0,0.99,True,35.294014,-120.66771
151794,2025-10-06 18:55:35.061000+00:00,foothill,Car,20.324198,3.2276745,2.1034145,90.0,90.0,2.6375606060028076,-19.611339569091797,0.13449160754680634,20.32419776916504,90.0,0,0,0.99,True,35.294014,-120.6677
151794,2025-10-06 18:55:35.122000+00:00,foothill,Car,9.580273,3.2276745,2.1034145,0.0,-90.0,2.5450499057769775,0.0,inf,9.580272674560547,0.0,0,0,0.99,True,35.294014,-120.667694
151794,2025-10-06 18:55:35.193000+00:00,foothill,Car,17.461634,3.2276745,2.1034145,90.0,90.0,2.6375606060028076,-16.849178314208984,0.1565394252538681,17.461633682250977,90.0,0,0,0.99,True,35.294014,-120.66769
151794,2025-10-06 18:55:35.254000+00:00,foothill,Car,9.590273,3.2276745,2.1034145,0.0,-90.0,2.8974244594573975,4.583733081817627,inf,9.590272903442383,0.0,0,0,0.99,True,35.294014,-120.66768
151794,2025-10-06 18:55:35.325000+00:00,foothill,Car,17.461634,3.2276745,2.1034145,90.0,90.0,3.2851645946502686,-13.527702331542969,0.24284720420837402,17.461633682250977,90.0,0,0,0.99,True,35.294014,-120.66767
151794,2025-10-06 18:55:35.397000+00:00,foothill,Car,10.020285,3.2276745,2.1034145,0.0,-90.0,3.7614409923553467,7.378299713134766,inf,10.020284652709961,0.0,0,0,0.99,True,35.294014,-120.66766
151794,2025-10-06 18:55:35.447000+00:00,foothill,Car,24.79552,3.2276745,2.1034145,90.0,90.0,4.296913146972656,-14.686319351196289,0.2925792932510376,24.795520782470703,90.0,0,0,0.99,True,35.294014,-120.667656
151794,2025-10-06 18:55:35.518000+00:00,foothill,Car,18.262386,3.2276745,2.1034145,98.70715,8.707153,5.106505870819092,-12.74569320678711,0.40064558386802673,18.262386322021484,98.7071533203125,0,0,0.99,True,35.29401,-120.66765
151794,2025-10-06 18:55:35.589000+00:00,foothill,Car,11.110316,3.2276745,2.1034145,0.0,-98.70715,5.684120178222656,9.473963737487793,inf,11.110316276550293,0.0,0,0,0.99,True,35.29401,-120.66764
151794,2025-10-06 18:55:35.650000+00:00,foothill,Car,20.324198,3.2276745,2.1034145,90.0,90.0,6.903009414672852,-8.742145538330078,0.7896241545677185,20.32419776916504,90.0,0,0,0.99,True,35.29401,-120.667625
151794,2025-10-06 18:55:35.721000+00:00,foothill,Car,17.461634,3.2276745,2.1034145,90.0,0.0,7.533992290496826,-6.881811618804932,1.094768762588501,17.461633682250977,90.0,0,0,0.99,True,35.29401,-120.66762
151794,2025-10-06 18:55:35.792000+00:00,foothill,Car,12.220347,3.2276745,2.1034145,0.0,-90.0,8.174927711486816,11.385780334472656,inf,12.22034740447998,0.0,0,0,0.99,True,35.29401,-120.66761
151794,2025-10-06 18:55:35.863000+00:00,foothill,Car,17.461634,3.2276745,2.1034145,90.0,90.0,8.82364559173584,-5.875974178314209,1.5016480684280396,17.461633682250977,90.0,0,0,0.99,True,35.29401,-120.6676
151795,2025-10-06 18:55:31.073000+00:00,foothill,Car,4.120117,0.0,0.0,0.0,0.0,11.28431510925293,3.033790349960327,inf,4.1201171875,0.0,1,0,0.46,False,35.294094,-120.66751
151795,2025-10-06 18:55:32.122000+00:00,foothill,Car,4.7274537,2.0828848,2.0828848,270.0,-90.0,8.69227123260498,4.1525187492370605,inf,4.727453708648682,90.0,0,0,0.54,True,35.294094,-120.66756
151795,2025-10-06 18:55:32.193000+00:00,foothill,Car,4.5601296,2.0828848,2.0828848,0.0,90.0,8.69227123260498,2.1795413494110107,inf,4.560129642486572,0.0,0,0,0.55,True,35.294094,-120.66756
151795,2025-10-06 18:55:32.265000+00:00,foothill,Car,4.420126,2.0828848,2.0828848,0.0,0.0,8.383416175842285,1.8253811597824097,inf,4.420125961303711,0.0,0,0,0.55,True,35.294094,-120.667564
151795,2025-10-06 18:55:32.325000+00:00,foothill,Car,4.330123,2.0828848,2.0828848,0.0,0.0,8.383416175842285,1.788212537765503,inf,4.330122947692871,0.0,0,0,0.55,True,35.294094,-120.667564
151795,2025-10-06 18:55:32.396000+00:00,foothill,Car,17.461615,2.0828848,2.0828848,270.0,-90.0,8.12198543548584,16.41495704650879,inf,17.46161460876465,90.0,0,0,0.56,True,35.294094,-120.66757
151795,2025-10-06 18:55:32.458000+00:00,foothill,Car,4.470127,2.0828848,2.0828848,0.0,90.0,8.12198543548584,1.524360179901123,inf,4.470127105712891,0.0,0,0,0.56,True,35.294094,-120.66757
151795,2025-10-06 18:55:32.529000+00:00,foothill,Car,4.470127,0.7102504,-1.3726344,0.0,0.0,8.12198543548584,1.524360179901123,inf,4.470127105712891,0.0,0,0,0.56,True,35.294094,-120.66757
151795,2025-10-06 18:55:32.590000+00:00,foothill,Car,4.330123,0.7102504,-1.3726344,0.0,0.0,8.12198543548584,1.4766173362731934,inf,4.330122947692871,0.0,0,0,0.57,True,35.294094,-120.66757
151795,2025-10-06 18:55:32.651000+00:00,foothill,Car,4.270121,0.7102504,-1.3726344,0.0,0.0,7.912681579589844,1.1210054159164429,inf,4.270121097564697,0.0,0,0,0.57,True,35.294094,-120.66758
151795,2025-10-06 18:55:32.732000+00:00,foothill,Car,4.0901165,0.7102504,-1.3726344,0.0,0.0,7.912681579589844,1.0737500190734863,inf,4.090116500854492,0.0,0,0,0.57,True,35.294094,-120.66758
151795,2025-10-06 18:55:32.793000+00:00,foothill,Car,4.0901165,0.7102504,-1.3726344,0.0,0.0,7.912681579589844,1.0737500190734863,inf,4.090116500854492,0.0,0,0,0.57,True,35.294094,-120.66758
151795,2025-10-06 18:55:32.855000+00:00,foothill,Car,4.110117,0.7102504,-1.3726344,0.0,0.0,7.912681579589844,1.0790005922317505,inf,4.110116958618164,0.0,0,0,0.57,True,35.294094,-120.66758
151795,2025-10-06 18:55:32.926000+00:00,foothill,Car,17.461615,0.7102504,-1.3726344,270.0,-90.0,7.759722709655762,17.181289672851562,inf,17.46161460876465,90.0,0,0,0.58,True,35.294094,-120.66759
151795,2025-10-06 18:55:32.986000+00:00,foothill,Car,4.050115,0.7102504,-1.3726344,0.0,90.0,7.759722709655762,0.7228049039840698,inf,4.05011510848999,0.0,0,0,0.58,True,35.294094,-120.66759
151795,2025-10-06 18:55:33.057000+00:00,foothill,Car,4.000114,0.7102504,-1.3726344,0.0,0.0,7.759722709655762,0.7138814330101013,inf,4.0001139640808105,0.0,0,0,0.58,True,35.294094,-120.66759
151795,2025-10-06 18:55:33.128000+00:00,foothill,Car,17.461615,0.7102504,-1.3726344,270.0,-90.0,7.666482925415039,17.390249252319336,inf,17.46161460876465,90.0,0,0,0.58,True,35.294094,-120.667595
151795,2025-10-06 18:55:33.189000+00:00,foothill,Car,4.1401176,0.7102504,-1.3726344,0.0,90.0,7.666482925415039,0.37392666935920715,inf,4.140117645263672,0.0,0,0,0.59,True,35.294094,-120.667595
151795,2025-10-06 18:55:33.260000+00:00,foothill,Car,4.1901193,0.7102504,-1.3726344,0.0,0.0,7.6351494789123535,0.0,inf,4.19011926651001,0.0,0,0,0.59,True,35.294094,-120.6676
151795,2025-10-06 18:55:33.321000+00:00,foothill,Car,4.1901193,0.7102504,-1.3726344,0.0,0.0,7.6351494789123535,0.0,inf,4.19011926651001,0.0,0,0,0.59,True,35.294094,-120.6676
151795,2025-10-06 18:55:33.392000+00:00,foothill,Car,4.120117,0.7102504,-1.3726344,0.0,0.0,7.6351494789123535,0.0,inf,4.1201171875,0.0,0,0,0.6,True,35.294094,-120.6676
151795,2025-10-06 18:55:33.453000+00:00,foothill,Car,20.324175,0.7102504,-1.3726344,270.0,-90.0,7.666482925415039,20.24110984802246,inf,20.324174880981445,90.0,0,0,0.6,True,35.294094,-120.66761
151795,2025-10-06 18:55:33.524000+00:00,foothill,Car,4.110117,-2.7330537,-3.443304,0.0,90.0,7.666482925415039,-0.3712170720100403,20.65229034423828,4.110116958618164,0.0,0,0,0.6,True,35.294094,-120.66761
151795,2025-10-06 18:55:33.585000+00:00,foothill,Car,4.080116,-2.7330537,-3.443304,0.0,0.0,7.759722709655762,-0.7281590104103088,10.656632423400879,4.080115795135498,0.0,0,0,0.6,True,35.294094,-120.66762
151795,2025-10-06 18:55:33.656000+00:00,foothill,Car,4.0301147,-2.7330537,-3.443304,0.0,0.0,7.759722709655762,-0.7192355394363403,10.788847923278809,4.030114650726318,0.0,0,0,0.61,True,35.294094,-120.66762
151795,2025-10-06 18:55:33.717000+00:00,foothill,Car,3.9501126,-2.7330537,-3.443304,0.0,0.0,7.759722709655762,-0.7049579620361328,11.007355690002441,3.9501125812530518,0.0,0,0,0.61,True,35.294094,-120.66762
151795,2025-10-06 18:55:33.777000+00:00,foothill,Car,3.8901107,-2.7330537,-3.443304,0.0,0.0,7.759722709655762,-0.69424968957901,11.177135467529297,3.890110731124878,0.0,0,0,0.61,True,35.294094,-120.66762
151795,2025-10-06 18:55:33.859000+00:00,foothill,Car,3.8901107,-2.7330537,-3.443304,0.0,0.0,7.759722709655762,-0.69424968957901,11.177135467529297,3.890110731124878,0.0,0,0,0.61,True,35.294094,-120.66762
151795,2025-10-06 18:55:33.930000+00:00,foothill,Car,17.461615,-2.7330537,-3.443304,270.0,-90.0,7.912681579589844,16.84916114807129,inf,17.46161460876465,90.0,0,0,0.62,True,35.294094,-120.667625
151795,2025-10-06 18:55:33.995000+00:00,foothill,Car,3.8601098,-2.7330537,-3.443304,0.0,90.0,7.912681579589844,-1.0133678913116455,7.808300971984863,3.860109806060791,0.0,0,0,0.62,True,35.294094,-120.667625
151795,2025-10-06 18:55:34.055000+00:00,foothill,Car,3.8401093,-2.7330537,-3.443304,0.0,0.0,7.912681579589844,-1.0081173181533813,7.848968982696533,3.840109348297119,0.0,0,0,0.62,True,35.294094,-120.667625
151795,2025-10-06 18:55:34.126000+00:00,foothill,Car,3.8401093,-2.7330537,-3.443304,0.0,0.0,8.059324264526367,0.0,inf,3.840109348297119,0.0,0,0,0.62,True,35.294094,-120.66763
151795,2025-10-06 18:55:34.187000+00:00,foothill,Car,3.7501068,-2.7330537,-3.443304,0.0,0.0,8.059324264526367,0.0,inf,3.7501068115234375,0.0,0,0,0.63,True,35.294094,-120.66763
151795,2025-10-06 18:55:34.258000+00:00,foothill,Car,3.7501068,-2.7330537,-3.443304,0.0,0.0,8.059324264526367,0.0,inf,3.7501068115234375,0.0,0,0,0.63,True,35.294094,-120.66763
151795,2025-10-06 18:55:34.319000+00:00,foothill,Car,3.6401036,-2.7330537,-3.443304,0.0,0.0,8.059324264526367,0.0,inf,3.640103578567505,0.0,0,0,0.63,True,35.294094,-120.66763
151795,2025-10-06 18:55:34.390000+00:00,foothill,Car,17.461615,-2.7330537,-3.443304,270.0,-90.0,7.998493194580078,-13.890329360961914,0.5758317708969116,17.46161460876465,90.0,0,0,0.63,True,35.294094,-120.66764
151795,2025-10-06 18:55:34.451000+00:00,foothill,Car,3.580102,-2.7330537,-3.443304,0.0,90.0,7.998493194580078,2.1694796085357666,inf,3.58010196685791,0.0,0,0,0.63,True,35.294094,-120.66764
151795,2025-10-06 18:55:34.522000+00:00,foothill,Car,3.5201,-0.6661906,2.066863,0.0,0.0,7.998493194580078,2.1331193447113037,inf,3.5201001167297363,0.0,0,0,0.64,True,35.294094,-120.66764
151795,2025-10-06 18:55:34.603000+00:00,foothill,Car,3.3600957,-0.6661906,2.066863,0.0,0.0,7.998493194580078,2.0361595153808594,inf,3.360095739364624,0.0,0,0,0.64,True,35.294094,-120.66764
151795,2025-10-06 18:55:34.664000+00:00,foothill,Car,3.0600872,-0.6661906,2.066863,0.0,0.0,7.998493194580078,1.8543596267700195,inf,3.060087203979492,0.0,0,0,0.64,True,35.294094,-120.66764
151795,2025-10-06 18:55:34.715000+00:00,foothill,Car,2.6200745,-0.6661906,2.066863,0.0,0.0,7.998493194580078,1.5877195596694946,inf,2.620074510574341,0.0,0,0,0.66,True,35.294094,-120.66764
151795,2025-10-06 18:55:34.797000+00:00,foothill,Car,2.080059,-0.6661906,2.066863,0.0,0.0,7.998493194580078,1.2604795694351196,inf,2.080059051513672,0.0,0,0,0.68,True,35.294094,-120.66764
151795,2025-10-06 18:55:34.858000+00:00,foothill,Car,2.080059,-0.6661906,2.066863,0.0,0.0,7.998493194580078,1.2604795694351196,inf,2.080059051513672,0.0,0,0,0.69,True,35.294094,-120.66764
151795,2025-10-06 18:55:34.919000+00:00,foothill,Car,1.9400551,-0.6661906,2.066863,0.0,0.0,7.598886966705322,1.060683012008667,inf,1.9400551319122314,0.0,0,0,0.7,True,35.294094,-120.66765
151795,2025-10-06 18:55:35+00:00,foothill,Car,1.6600472,-0.6661906,2.066863,0.0,0.0,7.598886966705322,0.9075946807861328,inf,1.660047173500061,0.0,0,0,0.72,True,35.294094,-120.66765
151795,2025-10-06 18:55:35.061000+00:00,foothill,Car,1.6600472,-0.6661906,2.066863,0.0,0.0,7.598886966705322,0.9075946807861328,inf,1.660047173500061,0.0,0,0,0.73,True,35.294094,-120.66765
151795,2025-10-06 18:55:35.122000+00:00,foothill,Car,1.8000512,-0.6661906,2.066863,0.0,0.0,7.598886966705322,0.9841388463973999,inf,1.800051212310791,0.0,0,0,0.74,True,35.294094,-120.66765
151795,2025-10-06 18:55:35.193000+00:00,foothill,Car,17.461615,-0.6661906,2.066863,270.0,-90.0,7.243560314178467,-15.337996482849121,0.4722624719142914,17.46161460876465,90.0,0,0,0.75,True,35.294094,-120.667656
151795,2025-10-06 18:55:35.254000+00:00,foothill,Car,1.6600472,-0.6661906,2.066863,0.0,90.0,7.243560314178467,0.793429970741272,inf,1.660047173500061,0.0,0,0,0.76,True,35.294094,-120.667656
151795,2025-10-06 18:55:35.325000+00:00,foothill,Car,1.3900396,-0.6661906,2.066863,0.0,0.0,7.243560314178467,0.6643781661987305,inf,1.3900395631790161,0.0,0,0,0.77,True,35.294094,-120.667656
151795,2025-10-06 18:55:35.397000+00:00,foothill,Car,0.97002757,-0.6661906,2.066863,0.0,0.0,7.243560314178467,0.4636307954788208,inf,0.9700275659561157,0.0,0,0,0.78,True,35.294094,-120.667656
151795,2025-10-06 18:55:35.447000+00:00,foothill,Car,0.50001425,-0.6661906,2.066863,0.0,0.0,7.243560314178467,0.23898495733737946,inf,0.5000142455101013,0.0,0,0,0.79,True,35.294094,-120.667656
151795,2025-10-06 18:55:35.518000+00:00,foothill,Car,0.3900111,-0.6661906,2.066863,0.0,0.0,7.243560314178467,0.18640826642513275,inf,0.39001110196113586,0.0,0,0,0.79,True,35.294094,-120.667656
151795,2025-10-06 18:55:35.589000+00:00,foothill,Car,0.3900111,-0.6661906,2.066863,0.0,0.0,7.243560314178467,0.18640826642513275,inf,0.39001110196113586,0.0,0,0,0.8,True,35.294094,-120.667656
151795,2025-10-06 18:55:35.650000+00:00,foothill,Car,20.324175,-0.6661906,2.066863,270.0,-90.0,6.939318656921387,-18.635128021240234,0.3723783791065216,20.324174880981445,90.0,0,0,0.81,True,35.294094,-120.66766
151795,2025-10-06 18:55:35.721000+00:00,foothill,Car,0.3800108,-0.6661906,2.066863,0.0,90.0,6.939318656921387,0.15167339146137238,inf,0.38001081347465515,0.0,0,0,0.81,True,35.294094,-120.66766
151795,2025-10-06 18:55:35.792000+00:00,foothill,Car,0.3300094,-0.6661906,2.066863,0.0,0.0,6.939318656921387,0.13171637058258057,inf,0.330009400844574,0.0,0,0,0.82,True,35.294094,-120.66766
151795,2025-10-06 18:55:35.863000+00:00,foothill,Car,0.28000796,-0.6661906,2.066863,0.0,0.0,6.939318656921387,0.11175934225320816,inf,0.2800079584121704,0.0,0,0,0.83,True,35.294094,-120.66766
151796,2025-10-06 18:55:32.193000+00:00,foothill,Car,4.120117,0.0,0.0,0.0,0.0,10.141555786132812,-18.693336486816406,0.5425224900245667,14.142250061035156,90.0,1,0,0.16,False,35.294186,-120.668
151796,2025-10-06 18:55:32.265000+00:00,foothill,Car,5.2741833,0.0,0.0,180.0,-180.0,9.7341947555542,3.0656352043151855,inf,0.22597312927246094,180.0,0,0,0.34,False,35.29418,-120.668
151796,2025-10-06 18:55:32.325000+00:00,foothill,Car,12.65804,0.0,0.0,180.0,0.0,9.953370094299316,-17.146156311035156,0.5805015563964844,8.95242977142334,65.32369995117188,0,0,0.39,False,35.294178,-120.668
151796,2025-10-06 18:55:32.396000+00:00,foothill,Car,18.262352,0.0,0.0,261.29285,81.29285,10.214865684509277,-17.542278289794922,0.5822998285293579,12.913885116577148,81.2928466796875,0,0,0.41,False,35.294174,-120.66801
151796,2025-10-06 18:55:32.458000+00:00,foothill,Car,6.124858,0.0,0.0,180.0,-81.29285,10.515525817871094,0.0,inf,0.0,0.0,0,0,0.38,False,35.29417,-120.66801
151796,2025-10-06 18:55:32.529000+00:00,foothill,Car,17.4616,1.025732,1.025732,90.0,-90.0,10.603776931762695,13.970065116882324,inf,12.11313247680664,90.0,0,0,0.44,False,35.29417,-120.668
151796,2025-10-06 18:55:32.590000+00:00,foothill,Car,12.450531,1.025732,1.025732,180.0,90.0,10.214865684509277,0.0,inf,0.0,0.0,0,0,0.47,False,35.294163,-120.668
151796,2025-10-06 18:55:32.651000+00:00,foothill,Car,5.310151,1.025732,1.025732,0.0,-180.0,10.515525817871094,-20.48401641845703,0.5133527517318726,15.01402759552002,90.0,0,0,0.48,False,35.294163,-120.668
151796,2025-10-06 18:55:32.732000+00:00,foothill,Car,4.688163,1.025732,1.025732,180.0,-180.0,10.515525817871094,0.0,inf,0.0,0.0,0,0,0.5,False,35.29416,-120.668
151796,2025-10-06 18:55:32.793000+00:00,foothill,Car,6.2252655,1.025732,1.025732,180.0,0.0,10.515525817871094,0.0,inf,0.0,0.0,0,0,0.51,True,35.294155,-120.668
151796,2025-10-06 18:55:32.855000+00:00,foothill,Car,6.124858,1.025732,1.025732,0.0,-180.0,10.852095603942871,-6.252769470214844,1.735566258430481,0.0,180.0,0,0,0.51,True,35.29415,-120.668
151796,2025-10-06 18:55:32.926000+00:00,foothill,Car,5.3484674,1.025732,1.025732,180.0,-180.0,10.489577293395996,6.23066520690918,inf,1.1017160415649414,180.0,0,0,0.58,True,35.294147,-120.668
151796,2025-10-06 18:55:32.986000+00:00,foothill,Car,6.080173,1.025732,1.025732,0.0,-180.0,10.852096557617188,-24.102466583251953,0.4502483904361725,15.530303955078125,107.02972412109375,0,0,0.65,True,35.294147,-120.66799
151796,2025-10-06 18:55:33.057000+00:00,foothill,Car,10.696935,1.025732,1.025732,180.0,-180.0,10.852096557617188,2.7300825119018555,inf,5.3484673500061035,0.0,0,0,0.71,True,35.294144,-120.66799
151796,2025-10-06 18:55:33.128000+00:00,foothill,Car,10.696935,1.025732,1.025732,180.0,0.0,10.131848335266113,9.29826831817627,inf,4.386754989624023,180.0,0,0,0.78,True,35.294136,-120.66799
151796,2025-10-06 18:55:33.189000+00:00,foothill,Car,6.2252655,1.025732,1.025732,180.0,0.0,10.131848335266113,0.0,inf,0.0,0.0,0,0,0.84,True,35.294132,-120.66799
151796,2025-10-06 18:55:33.260000+00:00,foothill,Car,18.262362,1.025732,1.025732,98.70715,-81.29285,10.131848335266113,13.702374458312988,inf,12.913894653320312,81.2928466796875,0,0,0.91,True,35.29413,-120.667984
151796,2025-10-06 18:55:33.321000+00:00,foothill,Car,6.2252655,1.025732,1.025732,180.0,81.29285,10.131848335266113,0.0,inf,0.0,0.0,0,0,0.97,True,35.294125,-120.667984
151796,2025-10-06 18:55:33.392000+00:00,foothill,Car,5.3484674,1.025732,1.025732,180.0,0.0,9.77943229675293,-11.360758781433105,0.8608080148696899,12.113157272338867,90.0,0,0,0.98,True,35.29412,-120.66798
151796,2025-10-06 18:55:33.453000+00:00,foothill,Car,6.2252655,1.025732,1.025732,180.0,0.0,9.779433250427246,-3.526179313659668,2.7733795642852783,6.2252655029296875,0.0,0,0,0.99,True,35.294117,-120.66798
151796,2025-10-06 18:55:33.524000+00:00,foothill,Car,10.696935,0.5182438,-0.50748825,180.0,0.0,7.6351494789123535,-1.309996698147149e-15,5828373163016192.0,6.106803894042969,180.0,0,0,0.99,True,35.294113,-120.66798
151796,2025-10-06 18:55:33.585000+00:00,foothill,Car,6.2252655,0.5182438,-0.50748825,180.0,0.0,7.6351494789123535,7.62375127610226e-16,inf,6.2252655029296875,0.0,0,0,0.99,True,35.29411,-120.66798
151796,2025-10-06 18:55:33.656000+00:00,foothill,Car,5.3484674,0.5182438,-0.50748825,180.0,0.0,8.059324264526367,-6.549983490735745e-16,1.2304342568665088e+16,0.9383420944213867,180.0,0,0,0.99,True,35.294106,-120.66798
151796,2025-10-06 18:55:33.717000+00:00,foothill,Car,21.256199,0.5182438,-0.50748825,114.6763,-65.3237,7.666482925415039,-18.913162231445312,0.4053517282009125,8.805667877197266,65.32369995117188,0,0,0.99,True,35.2941,-120.66797
151796,2025-10-06 18:55:33.777000+00:00,foothill,Car,6.32902,0.5182438,-0.50748825,0.0,-114.6763,8.089015007019043,0.14456899464130402,inf,1.6888880729675293,0.0,0,0,0.99,True,35.294098,-120.66797
151796,2025-10-06 18:55:33.859000+00:00,foothill,Car,17.730612,0.5182438,-0.50748825,121.491516,121.491516,8.511710166931152,-0.9645969867706299,8.82411003112793,1.9180850982666016,6.815185546875,0,0,0.99,True,35.29409,-120.66796
151796,2025-10-06 18:55:33.930000+00:00,foothill,Car,5.3484674,0.5182438,-0.50748825,180.0,58.508484,8.511710166931152,0.0,inf,0.0,0.0,0,0,0.99,True,35.294086,-120.66796
151796,2025-10-06 18:55:33.995000+00:00,foothill,Car,5.842172,0.5182438,-0.50748825,180.0,0.0,8.93454647064209,-0.8596464991569519,10.393280029296875,0.5920224189758301,180.0,0,0,0.99,True,35.294083,-120.66796
151796,2025-10-06 18:55:34.055000+00:00,foothill,Car,12.65804,0.5182438,-0.50748825,180.0,0.0,8.32120418548584,14.1829252243042,inf,6.377861499786377,180.0,0,0,0.99,True,35.29408,-120.66795
151796,2025-10-06 18:55:34.126000+00:00,foothill,Car,5.3484674,0.5182438,-0.50748825,180.0,0.0,8.32120418548584,0.0,inf,0.0,0.0,0,0,0.99,True,35.294075,-120.66795
151796,2025-10-06 18:55:34.187000+00:00,foothill,Car,21.256207,0.5182438,-0.50748825,114.6763,-65.3237,8.32120418548584,3.112138032913208,inf,9.5367431640625e-06,15.969146728515625,0,0,0.99,True,35.29407,-120.667946
151796,2025-10-06 18:55:34.258000+00:00,foothill,Car,5.3484674,0.5182438,-0.50748825,180.0,65.3237,8.593825340270996,9.675609588623047,inf,1.3117222785949707,180.0,0,0,0.99,True,35.294067,-120.667946
151796,2025-10-06 18:55:34.319000+00:00,foothill,Car,6.2252655,0.5182438,-0.50748825,180.0,0.0,8.34958553314209,10.685755729675293,inf,0.4349241256713867,180.0,0,0,0.99,True,35.294064,-120.667946
151796,2025-10-06 18:55:34.390000+00:00,foothill,Car,5.3484674,0.5182438,-0.50748825,180.0,0.0,7.7849907875061035,0.0,inf,0.0,0.0,0,0,0.99,True,35.29406,-120.66794
151796,2025-10-06 18:55:34.451000+00:00,foothill,Car,7.940226,0.5182438,-0.50748825,0.0,-180.0,8.593826293945312,-28.467193603515625,0.3018852770328522,15.894384384155273,121.49148559570312,0,0,0.99,True,35.29406,-120.66794
151796,2025-10-06 18:55:34.522000+00:00,foothill,Car,5.3484674,-0.39401436,-0.91225815,180.0,-180.0,8.34958553314209,9.966931343078613,inf,1.3217225074768066,180.0,0,0,0.99,True,35.294056,-120.66794
151796,2025-10-06 18:55:34.603000+00:00,foothill,Car,16.007761,-0.39401436,-0.91225815,114.6763,-65.3237,8.120170593261719,19.078784942626953,inf,9.227567672729492,114.67630004882812,0,0,0.99,True,35.294052,-120.66793
151796,2025-10-06 18:55:34.664000+00:00,foothill,Car,6.2252655,-0.39401436,-0.91225815,180.0,65.3237,8.718117713928223,-7.595458030700684,1.1478067636489868,15.030954360961914,81.2928466796875,0,0,0.99,True,35.29405,-120.66793
151796,2025-10-06 18:55:34.715000+00:00,foothill,Car,14.891811,-0.39401436,-0.91225815,180.0,0.0,7.906871318817139,18.85602569580078,inf,8.251623153686523,180.0,0,0,0.99,True,35.294044,-120.66792
151796,2025-10-06 18:55:34.797000+00:00,foothill,Car,4.63099,-0.39401436,-0.91225815,180.0,0.0,7.711024761199951,10.076201438903809,inf,1.9591975212097168,180.0,0,0,0.99,True,35.29404,-120.66792
151796,2025-10-06 18:55:34.858000+00:00,foothill,Car,21.256214,-0.39401436,-0.91225815,114.67627,-65.32373,7.711025238037109,4.33283805847168,inf,5.7220458984375e-06,15.9691162109375,0,0,0.99,True,35.294037,-120.667915
151796,2025-10-06 18:55:34.919000+00:00,foothill,Car,7.73022,-0.39401436,-0.91225815,0.0,-114.67627,7.711025238037109,-1.1224852800369263,6.869600296020508,1.250035285949707,0.0,0,0,0.99,True,35.294037,-120.667915
151796,2025-10-06 18:55:35+00:00,foothill,Car,4.688163,-0.39401436,-0.91225815,180.0,-180.0,8.174927711486816,10.442895889282227,inf,1.8320231437683105,180.0,0,0,0.99,True,35.294033,-120.667915
151796,2025-10-06 18:55:35.061000+00:00,foothill,Car,21.256214,-0.39401436,-0.91225815,114.67627,-65.32373,7.377128601074219,21.150432586669922,inf,14.696027755737305,114.67626953125,0,0,0.99,True,35.29403,-120.66791
151796,2025-10-06 18:55:35.122000+00:00,foothill,Car,7.410211,-0.39401436,-0.91225815,0.0,-114.67627,8.174927711486816,-22.18783950805664,0.3684418201446533,13.846010208129883,114.67626953125,0,0,0.99,True,35.29403,-120.66791
151796,2025-10-06 18:55:35.193000+00:00,foothill,Car,5.3484674,-0.39401436,-0.91225815,180.0,-180.0,8.030593872070312,11.418094635009766,inf,1.3417234420776367,180.0,0,0,0.99,True,35.294025,-120.6679
151796,2025-10-06 18:55:35.254000+00:00,foothill,Car,6.2252655,-0.39401436,-0.91225815,180.0,0.0,7.906406879425049,12.548075675964355,inf,0.5749282836914062,180.0,0,0,0.99,True,35.29402,-120.6679
151796,2025-10-06 18:55:35.325000+00:00,foothill,Car,6.910197,-0.39401436,-0.91225815,0.0,-180.0,8.059324264526367,6.549983490735745e-16,inf,1.5617294311523438,180.0,0,0,0.99,True,35.29402,-120.6679
151796,2025-10-06 18:55:35.397000+00:00,foothill,Car,18.00874,-0.39401436,-0.91225815,114.67627,114.67627,7.8033294677734375,17.465892791748047,inf,11.278547286987305,114.67626953125,0,0,0.99,True,35.294018,-120.66789
151796,2025-10-06 18:55:35.447000+00:00,foothill,Car,7.050201,-0.39401436,-0.91225815,0.0,-114.67627,7.6351494789123535,9.30097656743267e-16,inf,0.5446228981018066,180.0,0,0,0.99,True,35.294018,-120.66789
151796,2025-10-06 18:55:35.518000+00:00,foothill,Car,10.696935,-0.39401436,-0.91225815,180.0,-180.0,7.803329944610596,17.117557525634766,inf,3.8567399978637695,180.0,0,0,0.99,True,35.294014,-120.667885
151796,2025-10-06 18:55:35.589000+00:00,foothill,Car,7.0602007,-0.39401436,-0.91225815,0.0,-180.0,7.6351494789123535,6.549983490735745e-16,inf,1.711733341217041,180.0,0,0,0.99,True,35.294014,-120.667885
151796,2025-10-06 18:55:35.650000+00:00,foothill,Car,21.25622,-0.39401436,-0.91225815,98.70715,98.70715,7.6351494789123535,0.6468037962913513,inf,2.578378677368164,15.969146728515625,0,0,0.99,True,35.29401,-120.66788
151796,2025-10-06 18:55:35.721000+00:00,foothill,Car,6.7201915,-0.39401436,-0.91225815,0.0,-98.70715,7.21097469329834,6.549983490735745e-16,inf,1.3717241287231445,180.0,0,0,0.99,True,35.29401,-120.66788
151796,2025-10-06 18:55:35.792000+00:00,foothill,Car,6.7201915,-0.39401436,-0.91225815,0.0,0.0,6.786799907684326,6.549983490735745e-16,inf,1.3717241287231445,180.0,0,0,0.99,True,35.29401,-120.66787
151796,2025-10-06 18:55:35.863000+00:00,foothill,Car,5.3484674,-0.39401436,-0.91225815,180.0,-180.0,6.822030544281006,16.277971267700195,inf,12.913908004760742,65.32369995117188,0,0,0.99,True,35.294006,-120.66787
151797,2025-10-06 18:55:33.524000+00:00,foothill,Car,4.590131,1.9005051,1.9005051,0.0,0.0,7.6351494789123535,-1.309996698147149e-15,5828373163016192.0,6.106803894042969,180.0,1,0,0.16,False,35.29418,-120.66798
151797,2025-10-06 18:55:33.585000+00:00,foothill,Car,12.450531,1.9005051,1.9005051,180.0,-180.0,7.6351494789123535,7.62375127610226e-16,inf,6.2252655029296875,0.0,0,0,0.34,False,35.294178,-120.66798
151797,2025-10-06 18:55:33.656000+00:00,foothill,Car,4.4101253,1.9005051,1.9005051,0.0,-180.0,8.059324264526367,-6.549983490735745e-16,1.2304342568665088e+16,0.9383420944213867,180.0,0,0,0.39,False,35.294178,-120.66798
151797,2025-10-06 18:55:33.717000+00:00,foothill,Car,12.450531,1.9005051,1.9005051,180.0,-180.0,6.289260387420654,-14.239249229431152,0.4416848421096802,10.530476570129395,180.0,0,0,0.43,False,35.29417,-120.66798
151797,2025-10-06 18:55:33.777000+00:00,foothill,Car,4.640132,1.9005051,1.9005051,0.0,-180.0,6.975977420806885,2.8090755939483643,inf,2.830080509185791,0.0,0,0,0.45,False,35.29417,-120.66798
151797,2025-10-06 18:55:33.859000+00:00,foothill,Car,15.812527,1.9005051,1.9005051,114.67633,114.67633,7.663721561431885,-3.5490503311157227,2.159372568130493,11.181536674499512,65.32366943359375,0,0,0.47,False,35.294167,-120.66797
151797,2025-10-06 18:55:33.930000+00:00,foothill,Car,5.3484674,1.9005051,1.9005051,180.0,65.32367,7.722192287445068,-7.198744773864746,1.0727137327194214,3.398411750793457,180.0,0,0,0.48,False,35.294163,-120.66797
151797,2025-10-06 18:55:33.995000+00:00,foothill,Car,5.2501497,1.9005051,1.9005051,0.0,-180.0,7.663722038269043,11.024149894714355,inf,0.5920224189758301,180.0,0,0,0.49,False,35.294163,-120.66797
151797,2025-10-06 18:55:34.055000+00:00,foothill,Car,6.32902,1.9005051,1.9005051,180.0,-180.0,7.722192287445068,-8.461799621582031,0.9125945568084717,4.078956127166748,180.0,0,0,0.5,False,35.29416,-120.66797
151797,2025-10-06 18:55:34.126000+00:00,foothill,Car,18.262356,1.9005051,1.9005051,114.67633,-65.32367,8.48050594329834,-13.122276306152344,0.6462678909301758,15.882287979125977,114.67633056640625,0,0,0.51,True,35.294155,-120.66796
151797,2025-10-06 18:55:34.187000+00:00,foothill,Car,6.2252655,1.9005051,1.9005051,0.0,-114.67633,8.93454647064209,-20.42721939086914,0.43738436698913574,15.030941009521484,114.67630004882812,0,0,0.52,True,35.29415,-120.66795
151797,2025-10-06 18:55:34.258000+00:00,foothill,Car,6.610188,1.9005051,1.9005051,0.0,0.0,9.159975051879883,3.8522746562957764,inf,3.9201114177703857,0.0,0,0,0.53,True,35.29415,-120.66795
151797,2025-10-06 18:55:34.319000+00:00,foothill,Car,6.2252655,1.9005051,1.9005051,180.0,-180.0,9.159975051879883,0.0,inf,0.0,0.0,0,0,0.58,True,35.294147,-120.66795
151797,2025-10-06 18:55:34.390000+00:00,foothill,Car,20.477598,1.9005051,1.9005051,127.44296,-52.557037,9.357502937316895,16.739274978637695,inf,15.129131317138672,52.557037353515625,0,0,0.63,True,35.294144,-120.667946
151797,2025-10-06 18:55:34.451000+00:00,foothill,Car,6.2252655,1.9005051,1.9005051,180.0,52.557037,8.907674789428711,7.62375127610226e-16,inf,1.7149605751037598,180.0,0,0,0.68,True,35.29414,-120.66794
151797,2025-10-06 18:55:34.522000+00:00,foothill,Car,5.3484674,0.38300228,-1.5175028,180.0,0.0,8.907674789428711,0.0,inf,0.0,0.0,0,0,0.74,True,35.294136,-120.66794
151797,2025-10-06 18:55:34.603000+00:00,foothill,Car,4.688163,0.38300228,-1.5175028,180.0,0.0,8.93454647064209,-14.656804084777832,0.6095835566520691,11.319598197937012,65.32369995117188,0,0,0.78,True,35.294132,-120.66794
151797,2025-10-06 18:55:34.664000+00:00,foothill,Car,20.324167,0.38300228,-1.5175028,90.0,-90.0,9.331850051879883,20.32416534423828,inf,14.098901748657227,90.0,0,0,0.83,True,35.294132,-120.66793
151797,2025-10-06 18:55:34.715000+00:00,foothill,Car,7.4459057,0.38300228,-1.5175028,180.0,90.0,9.357502937316895,-0.550969660282135,16.983699798583984,7.445905685424805,0.0,0,0,0.88,True,35.29413,-120.66793
151797,2025-10-06 18:55:34.797000+00:00,foothill,Car,4.63099,0.38300228,-1.5175028,180.0,0.0,9.357502937316895,0.0,inf,0.0,0.0,0,0,0.93,True,35.294125,-120.66793
151797,2025-10-06 18:55:34.858000+00:00,foothill,Car,6.2252655,0.38300228,-1.5175028,180.0,0.0,9.357502937316895,-19.45818519592285,0.48090317845344543,15.030948638916016,65.32373046875,0,0,0.98,True,35.29412,-120.66792
151797,2025-10-06 18:55:34.919000+00:00,foothill,Car,21.256195,0.38300228,-1.5175028,98.70715,-81.29285,8.907674789428711,21.01121711730957,inf,13.525975227355957,98.7071533203125,0,0,0.99,True,35.294117,-120.667915
151797,2025-10-06 18:55:35+00:00,foothill,Car,9.376326,0.38300228,-1.5175028,180.0,81.29285,8.907674789428711,5.74134337060693e-16,inf,4.688162803649902,0.0,0,0,0.99,True,35.294113,-120.667915
151797,2025-10-06 18:55:35.061000+00:00,foothill,Car,21.256195,0.38300228,-1.5175028,107.029755,-72.970245,8.907674789428711,1.0090488195419312,inf,1.9073486328125e-05,7.646514892578125,0,0,0.99,True,35.29411,-120.66791
151797,2025-10-06 18:55:35.122000+00:00,foothill,Car,6.2252655,0.38300228,-1.5175028,180.0,72.970245,8.483499526977539,7.62375127610226e-16,inf,1.1849455833435059,180.0,0,0,0.99,True,35.294106,-120.66791
151797,2025-10-06 18:55:35.193000+00:00,foothill,Car,5.3484674,0.38300228,-1.5175028,180.0,0.0,8.483499526977539,0.0,inf,0.0,0.0,0,0,0.99,True,35.2941,-120.6679
151797,2025-10-06 18:55:35.254000+00:00,foothill,Car,6.2252655,0.38300228,-1.5175028,0.0,-180.0,8.483499526977539,-7.62375127610226e-16,1.1127723393024e+16,0.0,180.0,0,0,0.99,True,35.294098,-120.6679
151797,2025-10-06 18:55:35.325000+00:00,foothill,Car,5.3484674,0.38300228,-1.5175028,180.0,-180.0,8.059324264526367,6.549983490735745e-16,inf,1.5617294311523438,180.0,0,0,0.99,True,35.294094,-120.6679
151797,2025-10-06 18:55:35.397000+00:00,foothill,Car,18.008726,0.38300228,-1.5175028,107.029724,-72.970276,8.059324264526367,0.8548941612243652,inf,1.33514404296875e-05,7.64654541015625,0,0,0.99,True,35.29409,-120.66789
151797,2025-10-06 18:55:35.447000+00:00,foothill,Car,7.594824,0.38300228,-1.5175028,180.0,72.970276,7.6351494789123535,9.30097656743267e-16,inf,0.5446228981018066,180.0,0,0,0.99,True,35.294086,-120.66789
151797,2025-10-06 18:55:35.518000+00:00,foothill,Car,8.110231,0.38300228,-1.5175028,0.0,-180.0,8.059324264526367,-1.309996698147149e-15,6152171284332544.0,2.586703300476074,180.0,0,0,0.99,True,35.294086,-120.667885
151797,2025-10-06 18:55:35.589000+00:00,foothill,Car,5.3484674,0.38300228,-1.5175028,180.0,-180.0,7.6351494789123535,6.549983490735745e-16,inf,1.711733341217041,180.0,0,0,0.99,True,35.294083,-120.667885
151797,2025-10-06 18:55:35.650000+00:00,foothill,Car,23.834599,0.38300228,-1.5175028,114.6763,-65.3237,7.6351494789123535,0.6468037962913513,inf,2.578378677368164,15.969146728515625,0,0,0.99,True,35.29408,-120.66788
151797,2025-10-06 18:55:35.721000+00:00,foothill,Car,5.3484674,0.38300228,-1.5175028,180.0,65.3237,7.21097469329834,6.549983490735745e-16,inf,1.3717241287231445,180.0,0,0,0.99,True,35.294075,-120.66788
151797,2025-10-06 18:55:35.792000+00:00,foothill,Car,5.3484674,0.38300228,-1.5175028,180.0,0.0,6.786799907684326,6.549983490735745e-16,inf,1.3717241287231445,180.0,0,0,0.99,True,35.29407,-120.66787
151797,2025-10-06 18:55:35.863000+00:00,foothill,Car,18.262375,0.38300228,-1.5175028,114.6763,-65.3237,6.822030544281006,16.277971267700195,inf,12.913908004760742,65.32369995117188,0,0,0.99,True,35.294067,-120.66786
151798,2025-10-06 18:55:33.717000+00:00,foothill,Car,1.9200547,2.6105127,2.6105127,0.0,0.0,6.289260387420654,-14.239249229431152,0.4416848421096802,10.530476570129395,180.0,1,0,0.16,False,35.294178,-120.668045
151798,2025-10-06 18:55:33.777000+00:00,foothill,Car,1.8100516,2.6105127,2.6105127,0.0,0.0,6.975977420806885,2.8090755939483643,inf,2.830080509185791,0.0,0,0,0.33,False,35.294178,-120.66805
151798,2025-10-06 18:55:33.859000+00:00,foothill,Car,4.63099,2.6105127,2.6105127,180.0,-180.0,7.663721561431885,-3.5490503311157227,2.159372568130493,11.181536674499512,65.32366943359375,0,0,0.39,False,35.294174,-120.66805
151798,2025-10-06 18:55:33.930000+00:00,foothill,Car,1.9500556,2.6105127,2.6105127,0.0,-180.0,7.722192287445068,-7.198744773864746,1.0727137327194214,3.398411750793457,180.0,0,0,0.43,False,35.294174,-120.66805
151798,2025-10-06 18:55:33.995000+00:00,foothill,Car,5.842172,2.6105127,2.6105127,180.0,-180.0,7.663722038269043,11.024149894714355,inf,0.5920224189758301,180.0,0,0,0.45,False,35.29417,-120.66805
151798,2025-10-06 18:55:34.055000+00:00,foothill,Car,2.250064,2.6105127,2.6105127,0.0,-180.0,7.722192287445068,-8.461799621582031,0.9125945568084717,4.078956127166748,180.0,0,0,0.47,False,35.29417,-120.66805
151798,2025-10-06 18:55:34.126000+00:00,foothill,Car,2.3800678,2.6105127,2.6105127,0.0,0.0,8.48050594329834,-13.122276306152344,0.6462678909301758,15.882287979125977,114.67633056640625,0,0,0.48,False,35.29417,-120.66805
151798,2025-10-06 18:55:34.187000+00:00,foothill,Car,6.2252655,2.6105127,2.6105127,180.0,-180.0,9.159975051879883,12.235076904296875,inf,0.0,180.0,0,0,0.49,False,35.294167,-120.66805
151798,2025-10-06 18:55:34.258000+00:00,foothill,Car,2.6900766,2.6105127,2.6105127,0.0,-180.0,9.159975051879883,3.8522746562957764,inf,3.9201114177703857,0.0,0,0,0.5,False,35.294167,-120.66805
151798,2025-10-06 18:55:34.319000+00:00,foothill,Car,6.2252655,2.6105127,2.6105127,180.0,-180.0,9.159975051879883,0.0,inf,0.0,0.0,0,0,0.51,True,35.294163,-120.66805
151798,2025-10-06 18:55:34.390000+00:00,foothill,Car,5.3484674,2.6105127,2.6105127,180.0,0.0,9.841249465942383,-9.798046112060547,1.0044094324111938,15.129131317138672,52.557037353515625,0,0,0.52,True,35.29416,-120.66805
151798,2025-10-06 18:55:34.451000+00:00,foothill,Car,3.690105,2.6105127,2.6105127,0.0,-180.0,10.600634574890137,-9.714896202087402,1.0911731719970703,2.535160541534424,180.0,0,0,0.53,True,35.29416,-120.66805
151798,2025-10-06 18:55:34.522000+00:00,foothill,Car,5.3484674,1.7209368,-0.88957596,180.0,-180.0,10.600634574890137,0.0,inf,0.0,0.0,0,0,0.53,True,35.294155,-120.66805
151798,2025-10-06 18:55:34.603000+00:00,foothill,Car,3.8901107,1.7209368,-0.88957596,0.0,-180.0,10.022409439086914,-8.297087669372559,1.207943081855774,0.7980520725250244,180.0,0,0,0.54,True,35.294155,-120.668045
151798,2025-10-06 18:55:34.664000+00:00,foothill,Car,6.2252655,1.7209368,-0.88957596,0.0,0.0,10.600635528564453,-10.165666580200195,1.042788028717041,14.098901748657227,90.0,0,0,0.55,True,35.29415,-120.668045
151798,2025-10-06 18:55:34.715000+00:00,foothill,Car,4.5201287,1.7209368,-0.88957596,0.0,0.0,10.69357967376709,-11.622197151184082,0.920099675655365,2.925776958465576,180.0,0,0,0.55,True,35.29415,-120.668045
151798,2025-10-06 18:55:34.797000+00:00,foothill,Car,15.81253,1.7209368,-0.88957596,114.67633,114.67633,10.02241039276123,5.554704189300537,inf,11.181539535522461,65.32366943359375,0,0,0.56,True,35.294147,-120.66804
151798,2025-10-06 18:55:34.858000+00:00,foothill,Car,12.450531,1.7209368,-0.88957596,180.0,65.32367,4.346135139465332,-8.077768325805664,0.5380366444587708,8.000404357910156,180.0,0,0,0.62,True,35.294144,-120.66804
151798,2025-10-06 18:55:34.919000+00:00,foothill,Car,4.7201343,1.7209368,-0.88957596,0.0,-180.0,3.6650984287261963,22.452945709228516,inf,16.536046981811523,98.7071533203125,0,0,0.66,True,35.294144,-120.66804
151798,2025-10-06 18:55:35+00:00,foothill,Car,4.688163,1.7209368,-0.88957596,180.0,-180.0,3.978715419769287,-14.677927017211914,0.27106794714927673,11.319579124450684,81.2928466796875,0,0,0.69,True,35.29414,-120.66804
151798,2025-10-06 18:55:35.061000+00:00,foothill,Car,6.2252655,1.7209368,-0.88957596,180.0,0.0,4.380216598510742,0.0,inf,0.0,0.0,0,0,0.71,True,35.294136,-120.66804
151798,2025-10-06 18:55:35.122000+00:00,foothill,Car,6.2252655,1.7209368,-0.88957596,180.0,0.0,4.716461658477783,-6.691809177398682,0.704811155796051,1.0551180839538574,180.0,0,0,0.73,True,35.294132,-120.66804
151798,2025-10-06 18:55:35.193000+00:00,foothill,Car,18.262362,1.7209368,-0.88957596,98.70715,-81.29285,5.153642177581787,-11.636224746704102,0.44289642572402954,12.913894653320312,81.2928466796875,0,0,0.76,True,35.29413,-120.66803
151798,2025-10-06 18:55:35.254000+00:00,foothill,Car,6.2252655,1.7209368,-0.88957596,180.0,81.29285,5.153642177581787,0.0,inf,0.0,0.0,0,0,0.78,True,35.294125,-120.66803
151798,2025-10-06 18:55:35.325000+00:00,foothill,Car,5.3484674,1.7209368,-0.88957596,180.0,0.0,5.475271224975586,-6.442418575286865,0.849878191947937,0.5083298683166504,180.0,0,0,0.81,True,35.29412,-120.66803
151798,2025-10-06 18:55:35.397000+00:00,foothill,Car,5.2741833,1.7209368,-0.88957596,180.0,0.0,5.475271224975586,0.0,inf,0.0,0.0,0,0,0.83,True,35.294117,-120.66803
151798,2025-10-06 18:55:35.447000+00:00,foothill,Car,15.189648,1.7209368,-0.88957596,180.0,0.0,5.475271224975586,-14.406990051269531,0.38004270195961,7.594823837280273,180.0,0,0,0.85,True,35.294113,-120.66803
151798,2025-10-06 18:55:35.518000+00:00,foothill,Car,5.3484674,1.7209368,-0.88957596,180.0,0.0,6.247472763061523,-6.65564489364624,0.9386727809906006,0.6883344650268555,180.0,0,0,0.87,True,35.29411,-120.66802
151798,2025-10-06 18:55:35.589000+00:00,foothill,Car,5.3484674,1.7209368,-0.88957596,180.0,0.0,6.247472763061523,0.0,inf,0.0,0.0,0,0,0.89,True,35.294106,-120.66802
151798,2025-10-06 18:55:35.650000+00:00,foothill,Car,6.3401804,1.7209368,-0.88957596,0.0,-180.0,6.247472763061523,1.4031741619110107,inf,2.1100597381591797,0.0,0,0,0.9,True,35.294106,-120.66802
151798,2025-10-06 18:55:35.721000+00:00,foothill,Car,10.696935,1.7209368,-0.88957596,180.0,-180.0,7.618845462799072,-12.152066230773926,0.6269588470458984,5.348467826843262,180.0,0,0,0.93,True,35.294098,-120.66802
151798,2025-10-06 18:55:35.792000+00:00,foothill,Car,5.3484674,1.7209368,-0.88957596,180.0,0.0,7.618845462799072,0.0,inf,0.0,0.0,0,0,0.94,True,35.294094,-120.66802
151798,2025-10-06 18:55:35.863000+00:00,foothill,Car,5.3484674,1.7209368,-0.88957596,180.0,0.0,7.618845462799072,-4.8608269691467285,1.5673969984054565,0.0,180.0,0,0,0.96,True,35.29409,-120.66802
151799,2025-10-06 18:55:34.319000+00:00,foothill,Car,2.9800847,0.0,0.0,0.0,0.0,9.001470565795898,-0.6600189208984375,13.638200759887695,0.6600189208984375,0.0,1,0,0.16,False,35.294094,-120.667534
151799,2025-10-06 18:55:34.390000+00:00,foothill,Car,4.280122,0.0,0.0,0.0,0.0,9.693891525268555,4.280121803283691,inf,13.181492805480957,90.0,0,0,0.31,False,35.294094,-120.667534
151799,2025-10-06 18:55:34.451000+00:00,foothill,Car,4.530129,0.0,0.0,0.0,0.0,9.693891525268555,0.9500269889831543,inf,0.9500269889831543,0.0,0,0,0.37,False,35.294094,-120.667534
151799,2025-10-06 18:55:34.522000+00:00,foothill,Car,4.590131,-2.9005313,-2.9005313,0.0,0.0,9.693891525268555,1.070030689239502,inf,1.070030689239502,0.0,0,0,0.42,False,35.294094,-120.667534
151799,2025-10-06 18:55:34.603000+00:00,foothill,Car,4.6101313,-2.9005313,-2.9005313,0.0,0.0,9.693891525268555,1.2500355243682861,inf,1.2500355243682861,0.0,0,0,0.44,False,35.294094,-120.667534
151799,2025-10-06 18:55:34.664000+00:00,foothill,Car,4.590131,-2.9005313,-2.9005313,0.0,0.0,9.693891525268555,1.530043601989746,inf,1.530043601989746,0.0,0,0,0.46,False,35.294094,-120.667534
151799,2025-10-06 18:55:34.715000+00:00,foothill,Car,4.5601296,-2.9005313,-2.9005313,0.0,0.0,9.693891525268555,1.9400551319122314,inf,1.9400551319122314,0.0,0,0,0.47,False,35.294094,-120.667534
151799,2025-10-06 18:55:34.797000+00:00,foothill,Car,15.119204,-2.9005313,-2.9005313,270.0,-90.0,9.001470565795898,-2.080059051513672,4.327507019042969,13.039144515991211,90.0,0,0,0.49,False,35.294094,-120.66754
151799,2025-10-06 18:55:34.858000+00:00,foothill,Car,4.5201287,-2.9005313,-2.9005313,0.0,90.0,9.001470565795898,2.4400696754455566,inf,2.4400696754455566,0.0,0,0,0.5,False,35.294094,-120.66754
151799,2025-10-06 18:55:34.919000+00:00,foothill,Car,4.1401176,-2.9005313,-2.9005313,0.0,0.0,9.432924270629883,2.4312312602996826,inf,4.140117645263672,0.0,0,0,0.51,True,35.294094,-120.66754
151799,2025-10-06 18:55:35+00:00,foothill,Car,3.9801133,-2.9005313,-2.9005313,0.0,0.0,9.432924270629883,2.337270736694336,inf,3.9801132678985596,0.0,0,0,0.51,True,35.294094,-120.66754
151799,2025-10-06 18:55:35.061000+00:00,foothill,Car,3.830109,-2.9005313,-2.9005313,0.0,0.0,9.432924270629883,2.2491824626922607,inf,3.830108880996704,0.0,0,0,0.52,True,35.294094,-120.66754
151799,2025-10-06 18:55:35.122000+00:00,foothill,Car,3.830109,-2.9005313,-2.9005313,0.0,0.0,9.432924270629883,2.2491824626922607,inf,3.830108880996704,0.0,0,0,0.52,True,35.294094,-120.66754
151799,2025-10-06 18:55:35.193000+00:00,foothill,Car,3.7701073,-2.9005313,-2.9005313,0.0,0.0,9.043692588806152,2.0205793380737305,inf,3.7701072692871094,0.0,0,0,0.52,True,35.294094,-120.66755
151799,2025-10-06 18:55:35.254000+00:00,foothill,Car,3.660104,-2.9005313,-2.9005313,0.0,0.0,9.043692588806152,1.9616234302520752,inf,3.6601040363311768,0.0,0,0,0.53,True,35.294094,-120.66755
151799,2025-10-06 18:55:35.325000+00:00,foothill,Car,3.4100971,-2.9005313,-2.9005313,0.0,0.0,9.043692588806152,1.8276327848434448,inf,3.410097122192383,0.0,0,0,0.52,True,35.294094,-120.66755
151799,2025-10-06 18:55:35.397000+00:00,foothill,Car,3.020086,-2.9005313,-2.9005313,0.0,0.0,9.043692588806152,1.6186074018478394,inf,3.0200860500335693,0.0,0,0,0.53,True,35.294094,-120.66755
151799,2025-10-06 18:55:35.447000+00:00,foothill,Car,2.4800706,-2.9005313,-2.9005313,0.0,0.0,9.043692588806152,1.3291875123977661,inf,2.4800705909729004,0.0,0,0,0.53,True,35.294094,-120.66755
151799,2025-10-06 18:55:35.518000+00:00,foothill,Car,1.8100516,-2.9005313,-2.9005313,0.0,0.0,9.043692588806152,0.9700924754142761,inf,1.8100515604019165,0.0,0,0,0.53,True,35.294094,-120.66755
151799,2025-10-06 18:55:35.589000+00:00,foothill,Car,1.3900396,-2.9005313,-2.9005313,0.0,0.0,9.043692588806152,0.7449881434440613,inf,1.3900395631790161,0.0,0,0,0.53,True,35.294094,-120.66755
151799,2025-10-06 18:55:35.650000+00:00,foothill,Car,1.2800364,-2.9005313,-2.9005313,0.0,0.0,9.043692588806152,0.686032235622406,inf,1.280036449432373,0.0,0,0,0.54,True,35.294094,-120.66755
151799,2025-10-06 18:55:35.721000+00:00,foothill,Car,1.020029,-2.9005313,-2.9005313,0.0,0.0,9.043692588806152,0.5466818809509277,inf,1.0200289487838745,0.0,0,0,0.54,True,35.294094,-120.66755
151799,2025-10-06 18:55:35.792000+00:00,foothill,Car,0.7000199,-2.9005313,-2.9005313,0.0,0.0,9.043692588806152,0.3751738667488098,inf,0.700019896030426,0.0,0,0,0.54,True,35.294094,-120.66755
151799,2025-10-06 18:55:35.863000+00:00,foothill,Car,0.7000199,-2.9005313,-2.9005313,0.0,0.0,9.043692588806152,0.3751738667488098,inf,0.700019896030426,0.0,0,0,0.54,True,35.294094,-120.66755
151800,2025-10-06 18:55:34.858000+00:00,foothill,Car,4.4501266,-5.8769336,-5.8769336,0.0,0.0,4.346135139465332,-8.077768325805664,0.5380366444587708,8.000404357910156,180.0,1,0,0.05,False,35.294178,-120.66806
151800,2025-10-06 18:55:34.919000+00:00,foothill,Car,21.256182,-5.8769336,-5.8769336,98.70715,98.70715,3.6650984287261963,22.452945709228516,inf,16.536046981811523,98.7071533203125,0,0,0.09,False,35.294174,-120.66805
151800,2025-10-06 18:55:35+00:00,foothill,Car,16.007742,-5.8769336,-5.8769336,261.29285,162.5857,3.978715419769287,-14.677927017211914,0.27106794714927673,11.319579124450684,81.2928466796875,0,0,0.13,False,35.29417,-120.66806
151800,2025-10-06 18:55:35.061000+00:00,foothill,Car,6.2252655,-5.8769336,-5.8769336,180.0,-81.29285,4.380216598510742,0.0,inf,0.0,0.0,0,0,0.15,False,35.294167,-120.66807
151800,2025-10-06 18:55:35.122000+00:00,foothill,Car,5.1701474,-5.8769336,-5.8769336,0.0,-180.0,4.716461658477783,-6.691809177398682,0.704811155796051,1.0551180839538574,180.0,0,0,0.16,False,35.294167,-120.66807
151800,2025-10-06 18:55:35.193000+00:00,foothill,Car,5.3484674,-5.8769336,-5.8769336,180.0,-180.0,5.153642177581787,-11.636224746704102,0.44289642572402954,12.913894653320312,81.2928466796875,0,0,0.17,False,35.294163,-120.66807
151800,2025-10-06 18:55:35.254000+00:00,foothill,Car,6.2252655,-5.8769336,-5.8769336,180.0,0.0,5.153642177581787,0.0,inf,0.0,0.0,0,0,0.18,False,35.29416,-120.66807
151800,2025-10-06 18:55:35.325000+00:00,foothill,Car,4.8401375,-5.8769336,-5.8769336,0.0,-180.0,5.475271224975586,-6.442418575286865,0.849878191947937,0.5083298683166504,180.0,0,0,0.2,False,35.29416,-120.66807
151800,2025-10-06 18:55:35.397000+00:00,foothill,Car,5.2741833,-5.8769336,-5.8769336,180.0,-180.0,5.475271224975586,0.0,inf,0.0,0.0,0,0,0.2,False,35.294155,-120.66807
151800,2025-10-06 18:55:35.447000+00:00,foothill,Car,7.594824,-5.8769336,-5.8769336,0.0,-180.0,5.475271224975586,-14.406990051269531,0.38004270195961,7.594823837280273,180.0,0,0,0.21,False,35.29415,-120.66807
151800,2025-10-06 18:55:35.518000+00:00,foothill,Car,4.660133,-5.8769336,-5.8769336,0.0,0.0,6.247472763061523,-6.65564489364624,0.9386727809906006,0.6883344650268555,180.0,0,0,0.22,False,35.29415,-120.66807
151800,2025-10-06 18:55:35.589000+00:00,foothill,Car,5.3484674,-5.8769336,-5.8769336,180.0,-180.0,6.247472763061523,0.0,inf,0.0,0.0,0,0,0.23,False,35.294147,-120.66807
151800,2025-10-06 18:55:35.650000+00:00,foothill,Car,4.2301207,-5.8769336,-5.8769336,0.0,-180.0,6.247472763061523,1.4031741619110107,inf,2.1100597381591797,0.0,0,0,0.24,False,35.294147,-120.66807
151800,2025-10-06 18:55:35.721000+00:00,foothill,Bus,16.045403,-5.8769336,-5.8769336,0.0,0.0,7.618845462799072,-12.152066230773926,0.6269588470458984,5.348467826843262,180.0,0,0,0.1,False,35.29416,-120.66806
151800,2025-10-06 18:55:35.792000+00:00,foothill,Bus,5.3484674,-5.8769336,-5.8769336,180.0,-180.0,7.618845462799072,0.0,inf,0.0,0.0,0,0,0.05,False,35.294155,-120.66806
151800,2025-10-06 18:55:35.863000+00:00,foothill,Bus,5.3484674,-5.8769336,-5.8769336,0.0,-180.0,7.618845462799072,-4.8608269691467285,1.5673969984054565,0.0,180.0,0,0,0.17,False,35.29415,-120.66806
