object_id,timestamp,location,detected_type,speed_mps,accel,jerk,heading_deg,d_heading_deg,nn_dist_m,closing_rate_mps,ttc_s,rel_speed_mps,heading_diff_deg,zone_change,path_gap,certainty,is_confident,lat,lon,dt_s,dv,accel_new,jerk_new
690fd7d987825a48788a8a36,2025-10-12 20:10:16.401,foothill,Car,0.0,0.0,0.0,0.0,0.0,0.0,0.0,inf,0.0,0.0,1,0,0.8117907421839193,True,35.293682,-120.66784,0.1,0.0,0.0,0.0
690fd7d987825a48788a8a36,2025-10-12 20:10:16.401,foothill,Car,0.0,0.0,0.0,0.0,0.0,0.0,0.0,inf,0.0,0.0,0,0,0.8117907421839193,True,35.293682,-120.66784,0.0,0.0,0.0,0.0
690fd7d987825a48788a8a36,2025-10-12 20:10:16.401,foothill,Car,0.0,0.0,0.0,0.0,0.0,0.0,0.0,inf,0.0,0.0,0,0,0.8117907421839193,True,35.293682,-120.66784,0.0,0.0,0.0,0.0
690fd7d987825a48788a8a37,2025-10-12 20:10:11.735,foothill,Car,4.156286,0.0,0.0,0.0,0.0,0.6924214363098145,0.0,inf,0.0,0.0,1,0,0.6711154139601712,True,35.29402,-120.66814,0.1,0.0,0.0,0.0
690fd7d987825a48788a8a37,2025-10-12 20:10:11.735,foothill,Car,4.156286,0.0,0.0,0.0,0.0,0.4241749942302704,0.0,inf,0.0,0.0,0,0,0.6711154139601712,True,35.29402,-120.66813,0.0,0.0,0.0,0.0
690fd7d987825a48788a8a37,2025-10-12 20:10:11.735,foothill,Car,4.156286,0.0,0.0,0.0,0.0,0.0,0.0,inf,0.0,0.0,0,0,0.6711154139601712,True,35.294025,-120.66813,0.0,0.0,0.0,0.0
690fd7d987825a48788a8a37,2025-10-12 20:10:11.735,foothill,Car,4.156286,0.0,0.0,0.0,0.0,0.0,0.0,inf,0.0,0.0,0,0,0.6711154139601712,True,35.294025,-120.66813,0.0,0.0,0.0,0.0
690fd7d987825a48788a8a37,2025-10-12 20:10:11.735,foothill,Car,4.156286,0.0,0.0,0.0,0.0,0.0,0.0,inf,0.0,0.0,0,0,0.6711154139601712,True,35.294025,-120.66813,0.0,0.0,0.0,0.0
690fd7d987825a48788a8a37,2025-10-12 20:10:11.735,foothill,Car,4.156286,0.0,0.0,0.0,0.0,0.0,0.0,inf,0.0,0.0,0,0,0.6711154139601712,True,35.294025,-120.66813,0.0,0.0,0.0,0.0
690fd7d987825a48788a8a37,2025-10-12 20:10:11.735,foothill,Car,4.156286,0.0,0.0,0.0,0.0,0.0,0.0,inf,0.0,0.0,0,0,0.6711154139601712,True,35.29403,-120.66813,0.0,0.0,0.0,0.0
690fd7d987825a48788a8a37,2025-10-12 20:10:11.735,foothill,Car,4.156286,0.0,0.0,0.0,0.0,0.0,0.0,inf,0.0,0.0,0,0,0.6711154139601712,True,35.29403,-120.66813,0.0,0.0,0.0,0.0
690fd7d987825a48788a8a37,2025-10-12 20:10:11.735,foothill,Car,4.156286,0.0,0.0,90.0,90.0,0.0,0.0,inf,0.0,0.0,0,0,0.6711154139601712,True,35.29403,-120.66812,0.0,0.0,0.0,0.0
690fd7d987825a48788a8a37,2025-10-12 20:10:11.735,foothill,Car,4.156286,0.0,0.0,0.0,-90.0,0.0,0.0,inf,0.0,90.0,0,0,0.6711154139601712,True,35.29403,-120.66812,0.0,0.0,0.0,0.0
690fd7d987825a48788a8a37,2025-10-12 20:10:11.735,foothill,Car,4.156286,0.0,0.0,0.0,0.0,0.0,0.0,inf,0.0,90.0,0,0,0.6711154139601712,True,35.29403,-120.66812,0.0,0.0,0.0,0.0
690fd7d987825a48788a8a37,2025-10-12 20:10:11.735,foothill,Car,4.156286,0.0,0.0,0.0,0.0,0.0,0.0,inf,0.0,90.0,0,0,0.6711154139601712,True,35.29403,-120.66812,0.0,0.0,0.0,0.0
690fd7d987825a48788a8a37,2025-10-12 20:10:11.735,foothill,Car,4.156286,0.0,0.0,0.0,0.0,0.4241749942302704,-4.156285762786865,0.1020562648773193,0.0,90.0,0,0,0.6711154139601712,True,35.294033,-120.66812,0.0,0.0,0.0,0.0
690fd7d987825a48788a8a37,2025-10-12 20:10:11.735,foothill,Car,4.156286,0.0,0.0,0.0,0.0,0.0,0.0,inf,0.0,0.0,0,0,0.6711154139601712,True,35.294033,-120.66811,0.0,0.0,0.0,0.0
690fd7d987825a48788a8a37,2025-10-12 20:10:11.735,foothill,Car,4.156286,0.0,0.0,0.0,0.0,0.0,0.0,inf,0.0,0.0,0,0,0.6711154139601712,True,35.294037,-120.66811,0.0,0.0,0.0,0.0
690fd7d987825a48788a8a37,2025-10-12 20:10:11.735,foothill,Car,4.156286,0.0,0.0,0.0,0.0,0.0,0.0,inf,0.0,0.0,0,0,0.6711154139601712,True,35.294037,-120.66811,0.0,0.0,0.0,0.0
690fd7d987825a48788a8a37,2025-10-12 20:10:11.735,foothill,Car,4.156286,0.0,0.0,0.0,0.0,0.0,0.0,inf,0.0,0.0,0,0,0.6711154139601712,True,35.294037,-120.66811,0.0,0.0,0.0,0.0
690fd7d987825a48788a8a37,2025-10-12 20:10:11.735,foothill,Car,4.156286,0.0,0.0,180.0,-180.0,0.0,0.0,inf,0.0,180.0,0,0,0.6711154139601712,True,35.294033,-120.66811,0.0,0.0,0.0,0.0
690fd7d987825a48788a8a37,2025-10-12 20:10:11.735,foothill,Car,4.156286,0.0,0.0,114.67627,-65.32373,0.6924213767051697,1.73521089553833,inf,0.0,24.67626953125,0,0,0.6711154139601712,True,35.29403,-120.668106,0.0,0.0,0.0,0.0
690fd7d987825a48788a8a37,2025-10-12 20:10:11.735,foothill,Car,4.156286,0.0,0.0,90.0,-24.67627,0.0,0.0,inf,0.0,0.0,0,0,0.6711154139601712,True,35.29403,-120.6681,0.0,0.0,0.0,0.0
690fd7d987825a48788a8a37,2025-10-12 20:10:11.735,foothill,Car,4.156286,0.0,0.0,0.0,-90.0,0.0,0.0,inf,0.0,90.0,0,0,0.6711154139601712,True,35.29403,-120.6681,0.0,0.0,0.0,0.0
690fd7d987825a48788a8a37,2025-10-12 20:10:11.735,foothill,Car,4.156286,0.0,0.0,0.0,0.0,0.0,0.0,inf,0.0,90.0,0,0,0.6711154139601712,True,35.29403,-120.6681,0.0,0.0,0.0,0.0
690fd7d987825a48788a8a37,2025-10-12 20:10:11.735,foothill,Car,4.156286,0.0,0.0,0.0,0.0,0.4241749942302704,0.0,inf,0.0,0.0,0,0,0.6711154139601712,True,35.29403,-120.66809,0.0,0.0,0.0,0.0
690fd7d987825a48788a8a37,2025-10-12 20:10:11.735,foothill,Car,4.156286,0.0,0.0,0.0,0.0,0.0,0.0,inf,0.0,0.0,0,0,0.6711154139601712,True,35.294033,-120.66809,0.0,0.0,0.0,0.0
690fd7d987825a48788a8a37,2025-10-12 20:10:11.735,foothill,Car,4.156286,0.0,0.0,0.0,0.0,0.0,0.0,inf,0.0,0.0,0,0,0.6711154139601712,True,35.294033,-120.66809,0.0,0.0,0.0,0.0
690fd7d987825a48788a8a37,2025-10-12 20:10:11.735,foothill,Car,4.156286,0.0,0.0,90.0,90.0,0.0,0.0,inf,0.0,0.0,0,0,0.6711154139601712,True,35.294033,-120.66808,0.0,0.0,0.0,0.0
690fd7d987825a48788a8a37,2025-10-12 20:10:11.735,foothill,Car,4.156286,0.0,0.0,0.0,-90.0,0.0,0.0,inf,0.0,90.0,0,0,0.6711154139601712,True,35.294033,-120.66808,0.0,0.0,0.0,0.0
690fd7d987825a48788a8a37,2025-10-12 20:10:11.735,foothill,Car,4.156286,0.0,0.0,0.0,0.0,0.0,0.0,inf,0.0,90.0,0,0,0.6711154139601712,True,35.294033,-120.66808,0.0,0.0,0.0,0.0
690fd7d987825a48788a8a37,2025-10-12 20:10:11.735,foothill,Car,4.156286,0.0,0.0,0.0,0.0,0.0,0.0,inf,0.0,0.0,0,0,0.6711154139601712,True,35.294037,-120.668076,0.0,0.0,0.0,0.0
690fd7d987825a48788a8a37,2025-10-12 20:10:11.735,foothill,Car,4.156286,0.0,0.0,0.0,0.0,0.0,0.0,inf,0.0,0.0,0,0,0.6711154139601712,True,35.294037,-120.668076,0.0,0.0,0.0,0.0
690fd7d987825a48788a8a37,2025-10-12 20:10:11.735,foothill,Car,4.156286,0.0,0.0,0.0,0.0,0.0,0.0,inf,0.0,0.0,0,0,0.6711154139601712,True,35.294037,-120.668076,0.0,0.0,0.0,0.0
690fd7d987825a48788a8a37,2025-10-12 20:10:11.735,foothill,Car,4.156286,0.0,0.0,90.0,90.0,0.0,0.0,inf,0.0,0.0,0,0,0.6711154139601712,True,35.294037,-120.66807,0.0,0.0,0.0,0.0
690fd7d987825a48788a8a37,2025-10-12 20:10:11.735,foothill,Car,4.156286,0.0,0.0,0.0,-90.0,0.0,0.0,inf,0.0,90.0,0,0,0.6711154139601712,True,35.294037,-120.66807,0.0,0.0,0.0,0.0
690fd7d987825a48788a8a37,2025-10-12 20:10:11.735,foothill,Car,4.156286,0.0,0.0,0.0,0.0,0.4241749942302704,0.0,inf,0.0,0.0,0,0,0.6711154139601712,True,35.294037,-120.66806,0.0,0.0,0.0,0.0
690fd7d987825a48788a8a37,2025-10-12 20:10:11.735,foothill,Car,4.156286,0.0,0.0,0.0,0.0,0.0,0.0,inf,0.0,0.0,0,0,0.6711154139601712,True,35.29404,-120.66806,0.0,0.0,0.0,0.0
690fd7d987825a48788a8a37,2025-10-12 20:10:11.735,foothill,Car,4.156286,0.0,0.0,0.0,0.0,0.0,0.0,inf,0.0,0.0,0,0,0.6711154139601712,True,35.29404,-120.66806,0.0,0.0,0.0,0.0
690fd7d987825a48788a8a37,2025-10-12 20:10:11.735,foothill,Car,4.156286,0.0,0.0,90.0,90.0,0.4241749942302704,-4.156285762786865,0.1020562648773193,0.0,90.0,0,0,0.6711154139601712,True,35.29404,-120.66805,0.0,0.0,0.0,0.0
690fd7d987825a48788a8a37,2025-10-12 20:10:11.735,foothill,Car,4.156286,0.0,0.0,0.0,-90.0,0.4241749942302704,-4.156285762786865,0.1020562648773193,0.0,90.0,0,0,0.6711154139601712,True,35.294044,-120.66805,0.0,0.0,0.0,0.0
690fd7d987825a48788a8a37,2025-10-12 20:10:11.735,foothill,Car,4.156286,0.0,0.0,0.0,0.0,0.0,0.0,inf,0.0,0.0,0,0,0.6711154139601712,True,35.294044,-120.668045,0.0,0.0,0.0,0.0
690fd7d987825a48788a8a37,2025-10-12 20:10:11.735,foothill,Car,4.156286,0.0,0.0,0.0,0.0,0.0,0.0,inf,0.0,0.0,0,0,0.6711154139601712,True,35.294044,-120.668045,0.0,0.0,0.0,0.0
690fd7d987825a48788a8a37,2025-10-12 20:10:11.735,foothill,Car,4.156286,0.0,0.0,0.0,0.0,0.0,0.0,inf,0.0,0.0,0,0,0.6711154139601712,True,35.294044,-120.668045,0.0,0.0,0.0,0.0
690fd7d987825a48788a8a37,2025-10-12 20:10:11.735,foothill,Car,4.156286,0.0,0.0,65.3237,65.3237,0.0,0.0,inf,0.0,0.0,0,0,0.6711154139601712,True,35.29405,-120.66804,0.0,0.0,0.0,0.0
690fd7d987825a48788a8a37,2025-10-12 20:10:11.735,foothill,Car,4.156286,0.0,0.0,0.0,-65.3237,0.0,0.0,inf,0.0,65.32369995117188,0,0,0.6711154139601712,True,35.29405,-120.66804,0.0,0.0,0.0,0.0
690fd7d987825a48788a8a37,2025-10-12 20:10:11.735,foothill,Car,4.156286,0.0,0.0,90.0,90.0,0.4241749942302704,-4.156285762786865,0.1020562648773193,0.0,90.0,0,0,0.6711154139601712,True,35.29405,-120.66803,0.0,0.0,0.0,0.0
690fd7d987825a48788a8a37,2025-10-12 20:10:11.735,foothill,Car,4.156286,0.0,0.0,0.0,-90.0,0.4241749942302704,-4.156285762786865,0.1020562648773193,0.0,90.0,0,0,0.6711154139601712,True,35.294052,-120.66803,0.0,0.0,0.0,0.0
690fd7d987825a48788a8a37,2025-10-12 20:10:11.735,foothill,Car,4.156286,0.0,0.0,0.0,0.0,0.0,0.0,inf,0.0,0.0,0,0,0.6711154139601712,True,35.294052,-120.66802,0.0,0.0,0.0,0.0
690fd7d987825a48788a8a37,2025-10-12 20:10:11.735,foothill,Car,4.156286,0.0,0.0,0.0,0.0,0.0,0.0,inf,0.0,0.0,0,0,0.6711154139601712,True,35.294052,-120.66802,0.0,0.0,0.0,0.0
690fd7d987825a48788a8a37,2025-10-12 20:10:11.735,foothill,Car,4.156286,0.0,0.0,65.3237,65.3237,0.0,0.0,inf,0.0,0.0,0,0,0.6711154139601712,True,35.294056,-120.668015,0.0,0.0,0.0,0.0
690fd7d987825a48788a8a37,2025-10-12 20:10:11.735,foothill,Car,4.156286,0.0,0.0,0.0,-65.3237,0.0,0.0,inf,0.0,65.32369995117188,0,0,0.6711154139601712,True,35.294056,-120.668015,0.0,0.0,0.0,0.0
690fd7d987825a48788a8a37,2025-10-12 20:10:11.735,foothill,Car,4.156286,0.0,0.0,0.0,0.0,0.0,0.0,inf,0.0,0.0,0,0,0.6711154139601712,True,35.29406,-120.66801,0.0,0.0,0.0,0.0
690fd7d987825a48788a8a37,2025-10-12 20:10:11.735,foothill,Car,4.156286,0.0,0.0,0.0,0.0,0.0,0.0,inf,0.0,0.0,0,0,0.6711154139601712,True,35.29406,-120.66801,0.0,0.0,0.0,0.0
690fd7d987825a48788a8a37,2025-10-12 20:10:11.735,foothill,Car,4.156286,0.0,0.0,0.0,0.0,0.4241749942302704,0.0,inf,0.0,0.0,0,0,0.6711154139601712,True,35.294064,-120.66801,0.0,0.0,0.0,0.0
690fd7d987825a48788a8a37,2025-10-12 20:10:11.735,foothill,Car,4.156286,0.0,0.0,90.0,90.0,0.4241749942302704,-4.156285762786865,0.1020562648773193,0.0,90.0,0,0,0.6711154139601712,True,35.294064,-120.668,0.0,0.0,0.0,0.0
690fd7d987825a48788a8a37,2025-10-12 20:10:11.735,foothill,Car,4.156286,0.0,0.0,0.0,-90.0,0.4241749942302704,-4.156285762786865,0.1020562648773193,0.0,90.0,0,0,0.6711154139601712,True,35.294067,-120.668,0.0,0.0,0.0,0.0
690fd7d987825a48788a8a37,2025-10-12 20:10:11.735,foothill,Car,4.156286,0.0,0.0,0.0,0.0,0.0,0.0,inf,0.0,0.0,0,0,0.6711154139601712,True,35.29407,-120.66799,0.0,0.0,0.0,0.0
690fd7d987825a48788a8a37,2025-10-12 20:10:11.735,foothill,Car,4.156286,0.0,0.0,0.0,0.0,0.0,0.0,inf,0.0,0.0,0,0,0.6711154139601712,True,35.29407,-120.66799,0.0,0.0,0.0,0.0
690fd7d987825a48788a8a37,2025-10-12 20:10:11.735,foothill,Car,4.156286,0.0,0.0,0.0,0.0,0.4241749942302704,0.0,inf,0.0,0.0,0,0,0.6711154139601712,True,35.294075,-120.66799,0.0,0.0,0.0,0.0
690fd7d987825a48788a8a37,2025-10-12 20:10:11.735,foothill,Car,4.156286,0.0,0.0,90.0,90.0,0.4241749942302704,-4.156285762786865,0.1020562648773193,0.0,90.0,0,0,0.6711154139601712,True,35.294075,-120.667984,0.0,0.0,0.0,0.0
690fd7d987825a48788a8a37,2025-10-12 20:10:11.735,foothill,Car,4.156286,0.0,0.0,0.0,-90.0,0.4241749942302704,-4.156285762786865,0.1020562648773193,0.0,90.0,0,0,0.6711154139601712,True,35.29408,-120.667984,0.0,0.0,0.0,0.0
690fd7d987825a48788a8a37,2025-10-12 20:10:11.735,foothill,Car,4.156286,0.0,0.0,0.0,0.0,0.4241749942302704,0.0,inf,0.0,0.0,0,0,0.6711154139601712,True,35.29408,-120.66798,0.0,0.0,0.0,0.0
690fd7d987825a48788a8a37,2025-10-12 20:10:11.735,foothill,Car,4.156286,0.0,0.0,0.0,0.0,0.4241749942302704,0.0,inf,0.0,0.0,0,0,0.6711154139601712,True,35.294083,-120.66798,0.0,0.0,0.0,0.0
690fd7d987825a48788a8a37,2025-10-12 20:10:11.735,foothill,Car,4.156286,0.0,0.0,65.32367,65.32367,0.0,0.0,inf,0.0,0.0,0,0,0.6711154139601712,True,35.294086,-120.66797,0.0,0.0,0.0,0.0
690fd7d987825a48788a8a37,2025-10-12 20:10:11.735,foothill,Car,4.156286,0.0,0.0,0.0,-65.32367,0.0,0.0,inf,0.0,65.32366943359375,0,0,0.6711154139601712,True,35.294086,-120.66797,0.0,0.0,0.0,0.0
690fd7d987825a48788a8a37,2025-10-12 20:10:11.735,foothill,Car,4.156286,0.0,0.0,65.32367,65.32367,0.4241749942302704,-3.776736736297608,0.1123125627636909,0.0,65.32366943359375,0,0,0.6711154139601712,True,35.29409,-120.66796,0.0,0.0,0.0,0.0
690fd7d987825a48788a8a37,2025-10-12 20:10:11.735,foothill,Car,4.156286,0.0,0.0,0.0,-65.32367,0.0,0.0,inf,0.0,0.0,0,0,0.6711154139601712,True,35.294094,-120.66796,0.0,0.0,0.0,0.0
690fd7d987825a48788a8a37,2025-10-12 20:10:11.735,foothill,Car,4.156286,0.0,0.0,0.0,0.0,0.0,0.0,inf,0.0,0.0,0,0,0.6711154139601712,True,35.294094,-120.66796,0.0,0.0,0.0,0.0
690fd7d987825a48788a8a37,2025-10-12 20:10:11.735,foothill,Car,4.156286,0.0,0.0,0.0,0.0,0.4241749942302704,0.0,inf,0.0,0.0,0,0,0.6711154139601712,True,35.294098,-120.66795,0.0,0.0,0.0,0.0
690fd7d987825a48788a8a37,2025-10-12 20:10:11.735,foothill,Car,4.156286,0.0,0.0,0.0,0.0,0.4241749942302704,0.0,inf,0.0,0.0,0,0,0.6711154139601712,True,35.2941,-120.66795,0.0,0.0,0.0,0.0
690fd7d987825a48788a8a37,2025-10-12 20:10:11.735,foothill,Car,4.156286,0.0,0.0,65.32367,65.32367,0.0,0.0,inf,0.0,0.0,0,0,0.6711154139601712,True,35.294106,-120.667946,0.0,0.0,0.0,0.0
690fd7d987825a48788a8a37,2025-10-12 20:10:11.735,foothill,Car,4.156286,0.0,0.0,0.0,-65.32367,0.0,0.0,inf,0.0,65.32366943359375,0,0,0.6711154139601712,True,35.294106,-120.667946,0.0,0.0,0.0,0.0
690fd7d987825a48788a8a37,2025-10-12 20:10:11.735,foothill,Car,4.156286,0.0,0.0,0.0,0.0,0.4241749942302704,0.0,inf,0.0,0.0,0,0,0.6711154139601712,True,35.29411,-120.66794,0.0,0.0,0.0,0.0
690fd7d987825a48788a8a37,2025-10-12 20:10:11.735,foothill,Car,4.156286,0.0,0.0,0.0,0.0,0.4241749942302704,0.0,inf,0.0,0.0,0,0,0.6711154139601712,True,35.294113,-120.66794,0.0,0.0,0.0,0.0
690fd7d987825a48788a8a37,2025-10-12 20:10:11.735,foothill,Car,4.156286,0.0,0.0,0.0,0.0,0.4241749942302704,0.0,inf,0.0,0.0,0,0,0.6711154139601712,True,35.294117,-120.66794,0.0,0.0,0.0,0.0
690fd7d987825a48788a8a37,2025-10-12 20:10:11.735,foothill,Car,4.156286,0.0,0.0,81.29285,81.29285,0.4241749942302704,-4.108384609222412,0.1032461747527122,0.0,81.2928466796875,0,0,0.6711154139601712,True,35.29412,-120.66793,0.0,0.0,0.0,0.0
690fd7d987825a48788a8a37,2025-10-12 20:10:11.735,foothill,Car,4.156286,0.0,0.0,0.0,-81.29285,0.4241749942302704,-4.108384609222412,0.1032461747527122,0.0,81.2928466796875,0,0,0.6711154139601712,True,35.294125,-120.66793,0.0,0.0,0.0,0.0
690fd7d987825a48788a8a37,2025-10-12 20:10:11.735,foothill,Car,4.156286,0.0,0.0,0.0,0.0,0.4241749942302704,0.0,inf,0.0,0.0,0,0,0.6711154139601712,True,35.29413,-120.66793,0.0,0.0,0.0,0.0
690fd7d987825a48788a8a37,2025-10-12 20:10:11.735,foothill,Car,4.156286,0.0,0.0,0.0,0.0,0.4241749942302704,0.0,inf,0.0,0.0,0,0,0.6711154139601712,True,35.294132,-120.66793,0.0,0.0,0.0,0.0
690fd7d987825a48788a8a37,2025-10-12 20:10:11.735,foothill,Car,4.156286,0.0,0.0,0.0,0.0,0.0,0.0,inf,0.0,0.0,0,0,0.6711154139601712,True,35.294136,-120.66792,0.0,0.0,0.0,0.0
690fd7d987825a48788a8a37,2025-10-12 20:10:11.735,foothill,Car,4.156286,0.0,0.0,0.0,0.0,0.0,0.0,inf,0.0,0.0,0,0,0.6711154139601712,True,35.294136,-120.66792,0.0,0.0,0.0,0.0
690fd7d987825a48788a8a37,2025-10-12 20:10:11.735,foothill,Car,4.156286,0.0,0.0,0.0,0.0,0.4241749942302704,0.0,inf,0.0,0.0,0,0,0.6711154139601712,True,35.29414,-120.66792,0.0,0.0,0.0,0.0
690fd7d987825a48788a8a37,2025-10-12 20:10:11.735,foothill,Car,4.156286,0.0,0.0,0.0,0.0,0.4241749942302704,0.0,inf,0.0,0.0,0,0,0.6711154139601712,True,35.294144,-120.66792,0.0,0.0,0.0,0.0
690fd7d987825a48788a8a37,2025-10-12 20:10:11.735,foothill,Car,4.156286,0.0,0.0,0.0,0.0,0.4241749942302704,0.0,inf,0.0,0.0,0,0,0.6711154139601712,True,35.294147,-120.66792,0.0,0.0,0.0,0.0
690fd7d987825a48788a8a37,2025-10-12 20:10:11.735,foothill,Car,4.156286,0.0,0.0,65.32367,65.32367,0.4241749942302704,-3.776736736297608,0.1123125627636909,0.0,65.32366943359375,0,0,0.6711154139601712,True,35.29415,-120.667915,0.0,0.0,0.0,0.0
690fd7d987825a48788a8a37,2025-10-12 20:10:11.735,foothill,Car,4.156286,0.0,0.0,0.0,-65.32367,0.4241749942302704,0.0,inf,0.0,0.0,0,0,0.6711154139601712,True,35.294155,-120.667915,0.0,0.0,0.0,0.0
690fd7d987825a48788a8a37,2025-10-12 20:10:11.735,foothill,Car,4.156286,0.0,0.0,0.0,0.0,0.4241749942302704,0.0,inf,0.0,0.0,0,0,0.6711154139601712,True,35.29416,-120.667915,0.0,0.0,0.0,0.0
690fd7d987825a48788a8a37,2025-10-12 20:10:11.735,foothill,Car,4.156286,0.0,0.0,0.0,0.0,0.4241749942302704,0.0,inf,0.0,0.0,0,0,0.6711154139601712,True,35.294163,-120.667915,0.0,0.0,0.0,0.0
690fd7d987825a48788a8a37,2025-10-12 20:10:11.735,foothill,Car,4.156286,0.0,0.0,0.0,0.0,0.4241749942302704,0.0,inf,0.0,0.0,0,0,0.6711154139601712,True,35.294167,-120.667915,0.0,0.0,0.0,0.0
690fd7d987825a48788a8a37,2025-10-12 20:10:11.735,foothill,Car,4.156286,0.0,0.0,0.0,0.0,0.4241749942302704,0.0,inf,0.0,0.0,0,0,0.6711154139601712,True,35.29417,-120.667915,0.0,0.0,0.0,0.0
690fd7d987825a48788a8a37,2025-10-12 20:10:11.735,foothill,Car,4.156286,0.0,0.0,81.29285,81.29285,0.4241749942302704,-4.108384609222412,0.1032461747527122,0.0,81.2928466796875,0,0,0.6711154139601712,True,35.294174,-120.66791,0.0,0.0,0.0,0.0
690fd7d987825a48788a8a37,2025-10-12 20:10:11.735,foothill,Car,4.156286,0.0,0.0,0.0,-81.29285,0.4241749942302704,-4.108384609222412,0.1032461747527122,0.0,81.2928466796875,0,0,0.6711154139601712,True,35.294178,-120.66791,0.0,0.0,0.0,0.0
690fd7d987825a48788a8a37,2025-10-12 20:10:11.735,foothill,Car,4.156286,0.0,0.0,0.0,0.0,0.4241749942302704,0.0,inf,0.0,0.0,0,0,0.6711154139601712,True,35.29418,-120.66791,0.0,0.0,0.0,0.0
690fd7d987825a48788a8a37,2025-10-12 20:10:11.735,foothill,Car,4.156286,0.0,0.0,0.0,0.0,0.0,0.0,inf,0.0,0.0,0,0,0.6711154139601712,True,35.294186,-120.66791,0.0,0.0,0.0,0.0
690fd7d987825a48788a8a37,2025-10-12 20:10:11.735,foothill,Car,4.156286,0.0,0.0,0.0,0.0,0.0,0.0,inf,0.0,0.0,0,0,0.6711154139601712,True,35.294186,-120.66791,0.0,0.0,0.0,0.0
690fd7d987825a48788a8a37,2025-10-12 20:10:11.735,foothill,Car,4.156286,0.0,0.0,0.0,0.0,0.4241749942302704,0.0,inf,0.0,0.0,0,0,0.6711154139601712,True,35.29419,-120.66791,0.0,0.0,0.0,0.0
690fd7d987825a48788a8a38,2025-10-12 20:10:13.270,foothill,Car,7.0980062,0.0,0.0,0.0,0.0,0.0,0.0,inf,0.0,0.0,1,0,0.749240582871905,True,35.294003,-120.668076,0.1,0.0,0.0,0.0
690fd7d987825a48788a8a38,2025-10-12 20:10:13.270,foothill,Car,7.0980062,0.0,0.0,0.0,0.0,0.0,0.0,inf,0.0,0.0,0,0,0.749240582871905,True,35.294003,-120.668076,0.0,0.0,0.0,0.0
690fd7d987825a48788a8a38,2025-10-12 20:10:13.270,foothill,Car,7.0980062,0.0,0.0,90.0,90.0,0.0,0.0,inf,0.0,0.0,0,0,0.749240582871905,True,35.294003,-120.66807,0.0,0.0,0.0,0.0
690fd7d987825a48788a8a38,2025-10-12 20:10:13.270,foothill,Car,7.0980062,0.0,0.0,0.0,-90.0,0.0,0.0,inf,0.0,90.0,0,0,0.749240582871905,True,35.294003,-120.66807,0.0,0.0,0.0,0.0
690fd7d987825a48788a8a38,2025-10-12 20:10:13.270,foothill,Car,7.0980062,0.0,0.0,0.0,0.0,0.0,0.0,inf,0.0,0.0,0,0,0.749240582871905,True,35.294003,-120.66806,0.0,0.0,0.0,0.0
690fd7d987825a48788a8a38,2025-10-12 20:10:13.270,foothill,Car,7.0980062,0.0,0.0,0.0,0.0,0.0,0.0,inf,0.0,0.0,0,0,0.749240582871905,True,35.294003,-120.66806,0.0,0.0,0.0,0.0
690fd7d987825a48788a8a38,2025-10-12 20:10:13.270,foothill,Car,7.0980062,0.0,0.0,0.0,0.0,0.0,0.0,inf,0.0,0.0,0,0,0.749240582871905,True,35.294003,-120.66806,0.0,0.0,0.0,0.0
690fd7d987825a48788a8a38,2025-10-12 20:10:13.270,foothill,Car,7.0980062,0.0,0.0,90.0,90.0,0.0,0.0,inf,0.0,0.0,0,0,0.749240582871905,True,35.294003,-120.66805,0.0,0.0,0.0,0.0
690fd7d987825a48788a8a38,2025-10-12 20:10:13.270,foothill,Car,7.0980062,0.0,0.0,0.0,-90.0,0.0,0.0,inf,0.0,90.0,0,0,0.749240582871905,True,35.294003,-120.66805,0.0,0.0,0.0,0.0
690fd7d987825a48788a8a38,2025-10-12 20:10:13.270,foothill,Car,7.0980062,0.0,0.0,0.0,0.0,0.0,0.0,inf,0.0,0.0,0,0,0.749240582871905,True,35.294003,-120.668045,0.0,0.0,0.0,0.0
690fd7d987825a48788a8a38,2025-10-12 20:10:13.270,foothill,Car,7.0980062,0.0,0.0,0.0,0.0,0.0,0.0,inf,0.0,0.0,0,0,0.749240582871905,True,35.294003,-120.668045,0.0,0.0,0.0,0.0
690fd7d987825a48788a8a38,2025-10-12 20:10:13.270,foothill,Car,7.0980062,0.0,0.0,90.0,90.0,0.0,0.0,inf,0.0,0.0,0,0,0.749240582871905,True,35.294003,-120.66804,0.0,0.0,0.0,0.0
690fd7d987825a48788a8a38,2025-10-12 20:10:13.270,foothill,Car,7.0980062,0.0,0.0,0.0,-90.0,0.0,0.0,inf,0.0,90.0,0,0,0.749240582871905,True,35.294003,-120.66804,0.0,0.0,0.0,0.0
690fd7d987825a48788a8a38,2025-10-12 20:10:13.270,foothill,Car,7.0980062,0.0,0.0,90.0,90.0,0.0,0.0,inf,0.0,0.0,0,0,0.749240582871905,True,35.294003,-120.66803,0.0,0.0,0.0,0.0
690fd7d987825a48788a8a38,2025-10-12 20:10:13.270,foothill,Car,7.0980062,0.0,0.0,0.0,-90.0,0.0,0.0,inf,0.0,90.0,0,0,0.749240582871905,True,35.294003,-120.66803,0.0,0.0,0.0,0.0
690fd7d987825a48788a8a38,2025-10-12 20:10:13.270,foothill,Car,7.0980062,0.0,0.0,0.0,0.0,0.0,0.0,inf,0.0,0.0,0,0,0.749240582871905,True,35.294003,-120.66802,0.0,0.0,0.0,0.0
690fd7d987825a48788a8a38,2025-10-12 20:10:13.270,foothill,Car,7.0980062,0.0,0.0,0.0,0.0,0.0,0.0,inf,0.0,0.0,0,0,0.749240582871905,True,35.294003,-120.66802,0.0,0.0,0.0,0.0
690fd7d987825a48788a8a38,2025-10-12 20:10:13.270,foothill,Car,7.0980062,0.0,0.0,90.0,90.0,0.0,0.0,inf,0.0,0.0,0,0,0.749240582871905,True,35.294003,-120.668015,0.0,0.0,0.0,0.0
690fd7d987825a48788a8a38,2025-10-12 20:10:13.270,foothill,Car,7.0980062,0.0,0.0,0.0,-90.0,0.0,0.0,inf,0.0,90.0,0,0,0.749240582871905,True,35.294003,-120.668015,0.0,0.0,0.0,0.0
690fd7d987825a48788a8a38,2025-10-12 20:10:13.270,foothill,Car,7.0980062,0.0,0.0,0.0,0.0,0.0,0.0,inf,0.0,0.0,0,0,0.749240582871905,True,35.294003,-120.66801,0.0,0.0,0.0,0.0
690fd7d987825a48788a8a38,2025-10-12 20:10:13.270,foothill,Car,7.0980062,0.0,0.0,0.0,0.0,0.0,0.0,inf,0.0,0.0,0,0,0.749240582871905,True,35.294003,-120.66801,0.0,0.0,0.0,0.0
690fd7d987825a48788a8a38,2025-10-12 20:10:13.270,foothill,Car,7.0980062,0.0,0.0,0.0,0.0,0.0,0.0,inf,0.0,0.0,0,0,0.749240582871905,True,35.294003,-120.66801,0.0,0.0,0.0,0.0
690fd7d987825a48788a8a38,2025-10-12 20:10:13.270,foothill,Car,7.0980062,0.0,0.0,90.0,90.0,0.0,0.0,inf,0.0,0.0,0,0,0.749240582871905,True,35.294003,-120.668,0.0,0.0,0.0,0.0
690fd7d987825a48788a8a38,2025-10-12 20:10:13.270,foothill,Car,7.0980062,0.0,0.0,0.0,-90.0,0.0,0.0,inf,0.0,90.0,0,0,0.749240582871905,True,35.294003,-120.668,0.0,0.0,0.0,0.0
690fd7d987825a48788a8a38,2025-10-12 20:10:13.270,foothill,Car,7.0980062,0.0,0.0,0.0,0.0,0.0,0.0,inf,0.0,0.0,0,0,0.749240582871905,True,35.294003,-120.66799,0.0,0.0,0.0,0.0
690fd7d987825a48788a8a38,2025-10-12 20:10:13.270,foothill,Car,7.0980062,0.0,0.0,0.0,0.0,0.0,0.0,inf,0.0,0.0,0,0,0.749240582871905,True,35.294003,-120.66799,0.0,0.0,0.0,0.0
690fd7d987825a48788a8a38,2025-10-12 20:10:13.270,foothill,Car,7.0980062,0.0,0.0,90.0,90.0,0.0,0.0,inf,0.0,0.0,0,0,0.749240582871905,True,35.294003,-120.667984,0.0,0.0,0.0,0.0
690fd7d987825a48788a8a38,2025-10-12 20:10:13.270,foothill,Car,7.0980062,0.0,0.0,0.0,-90.0,0.0,0.0,inf,0.0,90.0,0,0,0.749240582871905,True,35.294003,-120.667984,0.0,0.0,0.0,0.0
690fd7d987825a48788a8a38,2025-10-12 20:10:13.270,foothill,Car,7.0980062,0.0,0.0,0.0,0.0,0.0,0.0,inf,0.0,0.0,0,0,0.749240582871905,True,35.294003,-120.66798,0.0,0.0,0.0,0.0
690fd7d987825a48788a8a38,2025-10-12 20:10:13.270,foothill,Car,7.0980062,0.0,0.0,0.0,0.0,0.0,0.0,inf,0.0,0.0,0,0,0.749240582871905,True,35.294003,-120.66798,0.0,0.0,0.0,0.0
690fd7d987825a48788a8a38,2025-10-12 20:10:13.270,foothill,Car,7.0980062,0.0,0.0,90.0,90.0,0.0,0.0,inf,0.0,0.0,0,0,0.749240582871905,True,35.294003,-120.66797,0.0,0.0,0.0,0.0
690fd7d987825a48788a8a38,2025-10-12 20:10:13.270,foothill,Car,7.0980062,0.0,0.0,0.0,-90.0,0.0,0.0,inf,0.0,90.0,0,0,0.749240582871905,True,35.294003,-120.66797,0.0,0.0,0.0,0.0
690fd7d987825a48788a8a38,2025-10-12 20:10:13.270,foothill,Car,7.0980062,0.0,0.0,90.0,90.0,0.6924216151237488,0.0,inf,0.0,0.0,0,0,0.749240582871905,True,35.294003,-120.66796,0.0,0.0,0.0,0.0
690fd7d987825a48788a8a38,2025-10-12 20:10:13.270,foothill,Car,7.0980062,0.0,0.0,0.0,-90.0,0.0,0.0,inf,0.0,0.0,0,0,0.749240582871905,True,35.294003,-120.66795,0.0,0.0,0.0,0.0
690fd7d987825a48788a8a38,2025-10-12 20:10:13.270,foothill,Car,7.0980062,0.0,0.0,0.0,0.0,0.0,0.0,inf,0.0,0.0,0,0,0.749240582871905,True,35.294003,-120.66795,0.0,0.0,0.0,0.0
690fd7d987825a48788a8a38,2025-10-12 20:10:13.270,foothill,Car,7.0980062,0.0,0.0,90.0,90.0,0.0,0.0,inf,0.0,0.0,0,0,0.749240582871905,True,35.294003,-120.667946,0.0,0.0,0.0,0.0
690fd7d987825a48788a8a38,2025-10-12 20:10:13.270,foothill,Car,7.0980062,0.0,0.0,0.0,-90.0,0.0,0.0,inf,0.0,90.0,0,0,0.749240582871905,True,35.294003,-120.667946,0.0,0.0,0.0,0.0
690fd7d987825a48788a8a38,2025-10-12 20:10:13.270,foothill,Car,7.0980062,0.0,0.0,0.0,0.0,0.0,0.0,inf,0.0,0.0,0,0,0.749240582871905,True,35.294003,-120.66794,0.0,0.0,0.0,0.0
690fd7d987825a48788a8a38,2025-10-12 20:10:13.270,foothill,Car,7.0980062,0.0,0.0,0.0,0.0,0.0,0.0,inf,0.0,0.0,0,0,0.749240582871905,True,35.294003,-120.66794,0.0,0.0,0.0,0.0
690fd7d987825a48788a8a38,2025-10-12 20:10:13.270,foothill,Car,7.0980062,0.0,0.0,90.0,90.0,0.6924216151237488,-7.098006248474121,0.0975515618920326,0.0,90.0,0,0,0.749240582871905,True,35.294003,-120.66793,0.0,0.0,0.0,0.0
690fd7d987825a48788a8a38,2025-10-12 20:10:13.270,foothill,Car,7.0980062,0.0,0.0,0.0,-90.0,0.0,0.0,inf,0.0,0.0,0,0,0.749240582871905,True,35.294003,-120.66792,0.0,0.0,0.0,0.0
690fd7d987825a48788a8a38,2025-10-12 20:10:13.270,foothill,Car,7.0980062,0.0,0.0,0.0,0.0,0.0,0.0,inf,0.0,0.0,0,0,0.749240582871905,True,35.294003,-120.66792,0.0,0.0,0.0,0.0
690fd7d987825a48788a8a38,2025-10-12 20:10:13.270,foothill,Car,7.0980062,0.0,0.0,90.0,90.0,0.0,0.0,inf,0.0,0.0,0,0,0.749240582871905,True,35.294003,-120.667915,0.0,0.0,0.0,0.0
690fd7d987825a48788a8a38,2025-10-12 20:10:13.270,foothill,Car,7.0980062,0.0,0.0,0.0,-90.0,0.0,0.0,inf,0.0,90.0,0,0,0.749240582871905,True,35.294003,-120.667915,0.0,0.0,0.0,0.0
690fd7d987825a48788a8a38,2025-10-12 20:10:13.270,foothill,Car,7.0980062,0.0,0.0,90.0,90.0,0.6924216151237488,0.0,inf,0.0,0.0,0,0,0.749240582871905,True,35.294003,-120.66791,0.0,0.0,0.0,0.0
690fd7d987825a48788a8a38,2025-10-12 20:10:13.270,foothill,Car,7.0980062,0.0,0.0,0.0,-90.0,0.0,0.0,inf,0.0,0.0,0,0,0.749240582871905,True,35.294003,-120.6679,0.0,0.0,0.0,0.0
690fd7d987825a48788a8a38,2025-10-12 20:10:13.270,foothill,Car,7.0980062,0.0,0.0,0.0,0.0,0.0,0.0,inf,0.0,0.0,0,0,0.749240582871905,True,35.294003,-120.6679,0.0,0.0,0.0,0.0
690fd7d987825a48788a8a38,2025-10-12 20:10:13.270,foothill,Car,7.0980062,0.0,0.0,90.0,90.0,0.0,0.0,inf,0.0,0.0,0,0,0.749240582871905,True,35.294003,-120.66789,0.0,0.0,0.0,0.0
690fd7d987825a48788a8a38,2025-10-12 20:10:13.270,foothill,Car,7.0980062,0.0,0.0,0.0,-90.0,0.0,0.0,inf,0.0,90.0,0,0,0.749240582871905,True,35.294003,-120.66789,0.0,0.0,0.0,0.0
690fd7d987825a48788a8a38,2025-10-12 20:10:13.270,foothill,Car,7.0980062,0.0,0.0,0.0,0.0,0.6924216151237488,7.098006248474121,inf,0.0,90.0,0,0,0.749240582871905,True,35.294003,-120.667885,0.0,0.0,0.0,0.0
690fd7d987825a48788a8a38,2025-10-12 20:10:13.270,foothill,Car,7.0980062,0.0,0.0,90.0,90.0,0.0,0.0,inf,0.0,0.0,0,0,0.749240582871905,True,35.294003,-120.66788,0.0,0.0,0.0,0.0
690fd7d987825a48788a8a38,2025-10-12 20:10:13.270,foothill,Car,7.0980062,0.0,0.0,0.0,-90.0,0.0,0.0,inf,0.0,90.0,0,0,0.749240582871905,True,35.294003,-120.66788,0.0,0.0,0.0,0.0
690fd7d987825a48788a8a38,2025-10-12 20:10:13.270,foothill,Car,7.0980062,0.0,0.0,0.0,0.0,0.6924216151237488,-7.098006248474121,0.0975515618920326,0.0,90.0,0,0,0.749240582871905,True,35.294003,-120.66787,0.0,0.0,0.0,0.0
690fd7d987825a48788a8a38,2025-10-12 20:10:13.270,foothill,Car,7.0980062,0.0,0.0,90.0,90.0,0.0,0.0,inf,0.0,0.0,0,0,0.749240582871905,True,35.294003,-120.66786,0.0,0.0,0.0,0.0
690fd7d987825a48788a8a38,2025-10-12 20:10:13.270,foothill,Car,7.0980062,0.0,0.0,0.0,-90.0,0.0,0.0,inf,0.0,90.0,0,0,0.749240582871905,True,35.294003,-120.66786,0.0,0.0,0.0,0.0
690fd7d987825a48788a8a38,2025-10-12 20:10:13.270,foothill,Car,7.0980062,0.0,0.0,0.0,0.0,0.6924216151237488,7.098006248474121,inf,0.0,90.0,0,0,0.749240582871905,True,35.294003,-120.667854,0.0,0.0,0.0,0.0
690fd7d987825a48788a8a38,2025-10-12 20:10:13.270,foothill,Car,7.0980062,0.0,0.0,65.3237,65.3237,0.0,0.0,inf,0.0,0.0,0,0,0.749240582871905,True,35.294006,-120.66785,0.0,0.0,0.0,0.0
690fd7d987825a48788a8a38,2025-10-12 20:10:13.270,foothill,Car,7.0980062,0.0,0.0,0.0,-65.3237,0.0,0.0,inf,0.0,65.32369995117188,0,0,0.749240582871905,True,35.294006,-120.66785,0.0,0.0,0.0,0.0
690fd7d987825a48788a8a38,2025-10-12 20:10:13.270,foothill,Car,7.0980062,0.0,0.0,90.0,90.0,0.0,0.0,inf,0.0,0.0,0,0,0.749240582871905,True,35.294006,-120.66784,0.0,0.0,0.0,0.0
690fd7d987825a48788a8a38,2025-10-12 20:10:13.270,foothill,Car,7.0980062,0.0,0.0,0.0,-90.0,0.0,0.0,inf,0.0,90.0,0,0,0.749240582871905,True,35.294006,-120.66784,0.0,0.0,0.0,0.0
690fd7d987825a48788a8a38,2025-10-12 20:10:13.270,foothill,Car,7.0980062,0.0,0.0,0.0,0.0,0.692421555519104,7.098006248474121,inf,0.0,90.0,0,0,0.749240582871905,True,35.294006,-120.66783,0.0,0.0,0.0,0.0
690fd7d987825a48788a8a38,2025-10-12 20:10:13.270,foothill,Car,7.0980062,0.0,0.0,90.0,90.0,0.0,0.0,inf,0.0,0.0,0,0,0.749240582871905,True,35.294006,-120.66782,0.0,0.0,0.0,0.0
690fd7d987825a48788a8a38,2025-10-12 20:10:13.270,foothill,Car,7.0980062,0.0,0.0,0.0,-90.0,0.0,0.0,inf,0.0,90.0,0,0,0.749240582871905,True,35.294006,-120.66782,0.0,0.0,0.0,0.0
690fd7d987825a48788a8a38,2025-10-12 20:10:13.270,foothill,Car,7.0980062,0.0,0.0,0.0,0.0,0.692421555519104,7.098006248474121,inf,0.0,90.0,0,0,0.749240582871905,True,35.294006,-120.667816,0.0,0.0,0.0,0.0
690fd7d987825a48788a8a38,2025-10-12 20:10:13.270,foothill,Car,7.0980062,0.0,0.0,90.0,90.0,0.692421555519104,-7.098006248474121,0.097551554441452,0.0,90.0,0,0,0.749240582871905,True,35.294006,-120.66781,0.0,0.0,0.0,0.0
690fd7d987825a48788a8a38,2025-10-12 20:10:13.270,foothill,Car,7.0980062,0.0,0.0,0.0,-90.0,0.0,0.0,inf,0.0,0.0,0,0,0.749240582871905,True,35.29401,-120.6678,0.0,0.0,0.0,0.0
690fd7d987825a48788a8a38,2025-10-12 20:10:13.270,foothill,Car,7.0980062,0.0,0.0,0.0,0.0,0.0,0.0,inf,0.0,0.0,0,0,0.749240582871905,True,35.29401,-120.6678,0.0,0.0,0.0,0.0
690fd7d987825a48788a8a38,2025-10-12 20:10:13.270,foothill,Car,7.0980062,0.0,0.0,98.70715,98.70715,0.692421555519104,8.172532081604004,inf,0.0,98.7071533203125,0,0,0.749240582871905,True,35.294006,-120.66779,0.0,0.0,0.0,0.0
690fd7d987825a48788a8a38,2025-10-12 20:10:13.270,foothill,Car,7.0980062,0.0,0.0,0.0,-98.70715,0.692421555519104,8.172532081604004,inf,0.0,98.7071533203125,0,0,0.749240582871905,True,35.294006,-120.667786,0.0,0.0,0.0,0.0
690fd7d987825a48788a8a38,2025-10-12 20:10:13.270,foothill,Car,7.0980062,0.0,0.0,90.0,90.0,0.692421555519104,-7.098006248474121,0.097551554441452,0.0,90.0,0,0,0.749240582871905,True,35.294006,-120.66778,0.0,0.0,0.0,0.0
690fd7d987825a48788a8a38,2025-10-12 20:10:13.270,foothill,Car,7.0980062,0.0,0.0,81.29285,-8.707153,0.0,0.0,inf,0.0,0.0,0,0,0.749240582871905,True,35.29401,-120.66777,0.0,0.0,0.0,0.0
690fd7d987825a48788a8a38,2025-10-12 20:10:13.270,foothill,Car,7.0980062,0.0,0.0,0.0,-81.29285,0.0,0.0,inf,0.0,81.2928466796875,0,0,0.749240582871905,True,35.29401,-120.66777,0.0,0.0,0.0,0.0
690fd7d987825a48788a8a38,2025-10-12 20:10:13.270,foothill,Car,7.0980062,0.0,0.0,0.0,0.0,0.692421555519104,6.02347993850708,inf,0.0,81.2928466796875,0,0,0.749240582871905,True,35.29401,-120.66776,0.0,0.0,0.0,0.0
690fd7d987825a48788a8a38,2025-10-12 20:10:13.270,foothill,Car,7.0980062,0.0,0.0,90.0,90.0,0.692421555519104,7.098006248474121,inf,0.0,90.0,0,0,0.749240582871905,True,35.29401,-120.667755,0.0,0.0,0.0,0.0
690fd7d987825a48788a8a38,2025-10-12 20:10:13.270,foothill,Car,7.0980062,0.0,0.0,0.0,-90.0,0.0,0.0,inf,0.0,0.0,0,0,0.749240582871905,True,35.29401,-120.66775,0.0,0.0,0.0,0.0
690fd7d987825a48788a8a38,2025-10-12 20:10:13.270,foothill,Car,7.0980062,0.0,0.0,0.0,0.0,0.0,0.0,inf,0.0,0.0,0,0,0.749240582871905,True,35.29401,-120.66775,0.0,0.0,0.0,0.0
690fd7d987825a48788a8a38,2025-10-12 20:10:13.270,foothill,Car,7.0980062,0.0,0.0,90.0,90.0,0.692421555519104,-7.098006248474121,0.097551554441452,0.0,90.0,0,0,0.749240582871905,True,35.29401,-120.66774,0.0,0.0,0.0,0.0
690fd7d987825a48788a8a38,2025-10-12 20:10:13.270,foothill,Car,7.0980062,0.0,0.0,0.0,-90.0,0.0,0.0,inf,0.0,0.0,0,0,0.749240582871905,True,35.29401,-120.66773,0.0,0.0,0.0,0.0
690fd7d987825a48788a8a38,2025-10-12 20:10:13.270,foothill,Car,7.0980062,0.0,0.0,0.0,0.0,0.0,0.0,inf,0.0,0.0,0,0,0.749240582871905,True,35.29401,-120.66773,0.0,0.0,0.0,0.0
690fd7d987825a48788a8a38,2025-10-12 20:10:13.270,foothill,Car,7.0980062,0.0,0.0,90.0,90.0,0.692421555519104,-7.098006248474121,0.097551554441452,0.0,90.0,0,0,0.749240582871905,True,35.29401,-120.667725,0.0,0.0,0.0,0.0
690fd7d987825a48788a8a38,2025-10-12 20:10:13.270,foothill,Car,7.0980062,0.0,0.0,0.0,-90.0,0.692421555519104,7.098006248474121,inf,0.0,90.0,0,0,0.749240582871905,True,35.29401,-120.66772,0.0,0.0,0.0,0.0
690fd7d987825a48788a8a38,2025-10-12 20:10:13.270,foothill,Car,7.0980062,0.0,0.0,90.0,90.0,0.692421555519104,-7.098006248474121,0.097551554441452,0.0,90.0,0,0,0.749240582871905,True,35.29401,-120.66771,0.0,0.0,0.0,0.0
690fd7d987825a48788a8a38,2025-10-12 20:10:13.270,foothill,Car,7.0980062,0.0,0.0,90.0,0.0,0.692421555519104,7.098006248474121,inf,0.0,90.0,0,0,0.749240582871905,True,35.29401,-120.6677,0.0,0.0,0.0,0.0
690fd7d987825a48788a8a38,2025-10-12 20:10:13.270,foothill,Car,7.0980062,0.0,0.0,0.0,-90.0,0.0,0.0,inf,0.0,0.0,0,0,0.749240582871905,True,35.29401,-120.667694,0.0,0.0,0.0,0.0
690fd7d987825a48788a8a38,2025-10-12 20:10:13.270,foothill,Car,7.0980062,0.0,0.0,0.0,0.0,0.0,0.0,inf,0.0,0.0,0,0,0.749240582871905,True,35.29401,-120.667694,0.0,0.0,0.0,0.0
690fd7d987825a48788a8a38,2025-10-12 20:10:13.270,foothill,Car,7.0980062,0.0,0.0,90.0,90.0,0.692421555519104,-7.098006248474121,0.097551554441452,0.0,90.0,0,0,0.749240582871905,True,35.29401,-120.66769,0.0,0.0,0.0,0.0
690fd7d987825a48788a8a38,2025-10-12 20:10:13.270,foothill,Car,7.0980062,0.0,0.0,0.0,-90.0,0.692421555519104,-7.098006248474121,0.097551554441452,0.0,90.0,0,0,0.749240582871905,True,35.29401,-120.66768,0.0,0.0,0.0,0.0
690fd7d987825a48788a8a38,2025-10-12 20:10:13.270,foothill,Car,7.0980062,0.0,0.0,90.0,90.0,0.692421555519104,-7.098006248474121,0.097551554441452,0.0,90.0,0,0,0.749240582871905,True,35.29401,-120.66767,0.0,0.0,0.0,0.0
690fd7d987825a48788a8a38,2025-10-12 20:10:13.270,foothill,Car,7.0980062,0.0,0.0,0.0,-90.0,0.692421555519104,7.098006248474121,inf,0.0,90.0,0,0,0.749240582871905,True,35.29401,-120.66766,0.0,0.0,0.0,0.0
690fd7d987825a48788a8a38,2025-10-12 20:10:13.270,foothill,Car,7.0980062,0.0,0.0,90.0,90.0,0.692421555519104,0.0,inf,0.0,0.0,0,0,0.749240582871905,True,35.29401,-120.667656,0.0,0.0,0.0,0.0
690fd7d987825a48788a8a38,2025-10-12 20:10:13.270,foothill,Car,7.0980062,0.0,0.0,90.0,0.0,0.692421555519104,0.0,inf,0.0,0.0,0,0,0.749240582871905,True,35.29401,-120.66765,0.0,0.0,0.0,0.0
690fd7d987825a48788a8a38,2025-10-12 20:10:13.270,foothill,Car,7.0980062,0.0,0.0,0.0,-90.0,0.692421555519104,7.098006248474121,inf,0.0,90.0,0,0,0.749240582871905,True,35.29401,-120.66764,0.0,0.0,0.0,0.0
690fd7d987825a48788a8a38,2025-10-12 20:10:13.270,foothill,Car,7.0980062,0.0,0.0,90.0,90.0,0.0,0.0,inf,0.0,0.0,0,0,0.749240582871905,True,35.29401,-120.66763,0.0,0.0,0.0,0.0
690fd7d987825a48788a8a38,2025-10-12 20:10:13.270,foothill,Car,7.0980062,0.0,0.0,0.0,-90.0,0.0,0.0,inf,0.0,90.0,0,0,0.749240582871905,True,35.29401,-120.66763,0.0,0.0,0.0,0.0
690fd7d987825a48788a8a38,2025-10-12 20:10:13.270,foothill,Car,7.0980062,0.0,0.0,0.0,0.0,0.692421555519104,7.098006248474121,inf,0.0,90.0,0,0,0.749240582871905,True,35.29401,-120.667625,0.0,0.0,0.0,0.0
690fd7d987825a48788a8a38,2025-10-12 20:10:13.270,foothill,Car,7.0980062,0.0,0.0,90.0,90.0,0.692421555519104,-7.098006248474121,0.097551554441452,0.0,90.0,0,0,0.749240582871905,True,35.29401,-120.66762,0.0,0.0,0.0,0.0
690fd7d987825a48788a8a38,2025-10-12 20:10:13.270,foothill,Car,7.0980062,0.0,0.0,0.0,-90.0,0.692421555519104,-7.098006248474121,0.097551554441452,0.0,90.0,0,0,0.749240582871905,True,35.29401,-120.66761,0.0,0.0,0.0,0.0
690fd7d987825a48788a8a38,2025-10-12 20:10:13.270,foothill,Car,7.0980062,0.0,0.0,90.0,90.0,0.692421555519104,-7.098006248474121,0.097551554441452,0.0,90.0,0,0,0.749240582871905,True,35.29401,-120.6676,0.0,0.0,0.0,0.0
690fd7d987825a48788a8a38,2025-10-12 20:10:13.270,foothill,Car,7.0980062,0.0,0.0,0.0,-90.0,0.692421555519104,7.098006248474121,inf,0.0,90.0,0,0,0.749240582871905,True,35.29401,-120.667595,0.0,0.0,0.0,0.0
690fd7d987825a48788a8a38,2025-10-12 20:10:13.270,foothill,Car,7.0980062,0.0,0.0,90.0,90.0,0.692421555519104,0.0,inf,0.0,0.0,0,0,0.749240582871905,True,35.29401,-120.66759,0.0,0.0,0.0,0.0
690fd7d987825a48788a8a38,2025-10-12 20:10:13.270,foothill,Car,7.0980062,0.0,0.0,90.0,0.0,0.692421555519104,0.0,inf,0.0,0.0,0,0,0.749240582871905,True,35.29401,-120.66758,0.0,0.0,0.0,0.0
690fd7d987825a48788a8a38,2025-10-12 20:10:13.270,foothill,Car,7.0980062,0.0,0.0,0.0,-90.0,0.692421555519104,7.098006248474121,inf,0.0,90.0,0,0,0.749240582871905,True,35.29401,-120.66757,0.0,0.0,0.0,0.0
690fd7d987825a48788a8a38,2025-10-12 20:10:13.270,foothill,Car,7.0980062,0.0,0.0,90.0,90.0,0.692421555519104,7.098006248474121,inf,0.0,90.0,0,0,0.749240582871905,True,35.29401,-120.667564,0.0,0.0,0.0,0.0
690fd7d987825a48788a8a38,2025-10-12 20:10:13.270,foothill,Car,7.0980062,0.0,0.0,0.0,-90.0,0.692421555519104,7.098006248474121,inf,0.0,90.0,0,0,0.749240582871905,True,35.29401,-120.66756,0.0,0.0,0.0,0.0
690fd7d987825a48788a8a38,2025-10-12 20:10:13.270,foothill,Car,7.0980062,0.0,0.0,90.0,90.0,0.692421555519104,-7.098006248474121,0.097551554441452,0.0,90.0,0,0,0.749240582871905,True,35.29401,-120.66755,0.0,0.0,0.0,0.0
690fd7d987825a48788a8a38,2025-10-12 20:10:13.270,foothill,Car,7.0980062,0.0,0.0,0.0,-90.0,0.0,0.0,inf,0.0,0.0,0,0,0.749240582871905,True,35.29401,-120.66754,0.0,0.0,0.0,0.0
690fd7d987825a48788a8a38,2025-10-12 20:10:13.270,foothill,Car,7.0980062,0.0,0.0,0.0,0.0,0.0,0.0,inf,0.0,0.0,0,0,0.749240582871905,True,35.29401,-120.66754,0.0,0.0,0.0,0.0
690fd7d987825a48788a8a38,2025-10-12 20:10:13.270,foothill,Car,7.0980062,0.0,0.0,90.0,90.0,0.692421555519104,-7.098006248474121,0.097551554441452,0.0,90.0,0,0,0.749240582871905,True,35.29401,-120.667534,0.0,0.0,0.0,0.0
690fd7d987825a48788a8a38,2025-10-12 20:10:13.270,foothill,Car,7.0980062,0.0,0.0,0.0,-90.0,0.692421555519104,7.098006248474121,inf,0.0,90.0,0,0,0.749240582871905,True,35.29401,-120.66753,0.0,0.0,0.0,0.0
690fd7d987825a48788a8a38,2025-10-12 20:10:13.270,foothill,Car,7.0980062,0.0,0.0,90.0,90.0,0.692421555519104,0.0,inf,0.0,0.0,0,0,0.749240582871905,True,35.29401,-120.66752,0.0,0.0,0.0,0.0
690fd7d987825a48788a8a38,2025-10-12 20:10:13.270,foothill,Car,7.0980062,0.0,0.0,90.0,0.0,0.692421555519104,0.0,inf,0.0,0.0,0,0,0.749240582871905,True,35.29401,-120.66751,0.0,0.0,0.0,0.0
690fd7d987825a48788a8a38,2025-10-12 20:10:13.270,foothill,Car,7.0980062,0.0,0.0,0.0,-90.0,0.0,0.0,inf,0.0,0.0,0,0,0.749240582871905,True,35.29401,-120.6675,0.0,0.0,0.0,0.0
690fd7d987825a48788a8a38,2025-10-12 20:10:13.270,foothill,Car,7.0980062,0.0,0.0,0.0,0.0,0.0,0.0,inf,0.0,0.0,0,0,0.749240582871905,True,35.29401,-120.6675,0.0,0.0,0.0,0.0
690fd7d987825a48788a8a38,2025-10-12 20:10:13.270,foothill,Car,7.0980062,0.0,0.0,90.0,90.0,0.692421555519104,-7.098006248474121,0.097551554441452,0.0,90.0,0,0,0.749240582871905,True,35.29401,-120.667496,0.0,0.0,0.0,0.0
690fd7d987825a48788a8a39,2025-10-12 20:10:15.142,foothill,Car,7.2736273,0.0,0.0,0.0,0.0,0.0,0.0,inf,0.0,0.0,1,0,0.7822745587075878,True,35.293995,-120.66811,0.1,0.0,0.0,0.0
690fd7d987825a48788a8a39,2025-10-12 20:10:15.142,foothill,Car,7.2736273,0.0,0.0,0.0,0.0,0.0,0.0,inf,0.0,0.0,0,0,0.7822745587075878,True,35.293995,-120.66811,0.0,0.0,0.0,0.0
690fd7d987825a48788a8a39,2025-10-12 20:10:15.142,foothill,Car,7.2736273,0.0,0.0,65.3237,65.3237,0.0,0.0,inf,0.0,0.0,0,0,0.7822745587075878,True,35.294,-120.668106,0.0,0.0,0.0,0.0
690fd7d987825a48788a8a39,2025-10-12 20:10:15.142,foothill,Car,7.2736273,0.0,0.0,0.0,-65.3237,0.0,0.0,inf,0.0,65.32369995117188,0,0,0.7822745587075878,True,35.294,-120.668106,0.0,0.0,0.0,0.0
690fd7d987825a48788a8a39,2025-10-12 20:10:15.142,foothill,Car,7.2736273,0.0,0.0,0.0,0.0,0.4241749942302704,-6.609406471252441,0.064177468419075,0.0,65.32369995117188,0,0,0.7822745587075878,True,35.294003,-120.668106,0.0,0.0,0.0,0.0
690fd7d987825a48788a8a39,2025-10-12 20:10:15.142,foothill,Car,7.2736273,0.0,0.0,90.0,90.0,0.0,0.0,inf,0.0,0.0,0,0,0.7822745587075878,True,35.294003,-120.6681,0.0,0.0,0.0,0.0
690fd7d987825a48788a8a39,2025-10-12 20:10:15.142,foothill,Car,7.2736273,0.0,0.0,0.0,-90.0,0.0,0.0,inf,0.0,90.0,0,0,0.7822745587075878,True,35.294003,-120.6681,0.0,0.0,0.0,0.0
690fd7d987825a48788a8a39,2025-10-12 20:10:15.142,foothill,Car,7.2736273,0.0,0.0,0.0,0.0,0.0,0.0,inf,0.0,90.0,0,0,0.7822745587075878,True,35.294003,-120.6681,0.0,0.0,0.0,0.0
690fd7d987825a48788a8a39,2025-10-12 20:10:15.142,foothill,Car,7.2736273,0.0,0.0,0.0,0.0,0.4241749942302704,0.0,inf,0.0,0.0,0,0,0.7822745587075878,True,35.294003,-120.66809,0.0,0.0,0.0,0.0
690fd7d987825a48788a8a39,2025-10-12 20:10:15.142,foothill,Car,7.2736273,0.0,0.0,0.0,0.0,0.4241749942302704,0.0,inf,0.0,0.0,0,0,0.7822745587075878,True,35.294006,-120.66809,0.0,0.0,0.0,0.0
690fd7d987825a48788a8a39,2025-10-12 20:10:15.142,foothill,Car,7.2736273,0.0,0.0,114.67627,114.67627,0.6924216151237488,10.31029987335205,inf,0.0,114.67626953125,0,0,0.7822745587075878,True,35.294003,-120.66808,0.0,0.0,0.0,0.0
690fd7d987825a48788a8a39,2025-10-12 20:10:15.142,foothill,Car,7.2736273,0.0,0.0,0.0,-114.67627,0.0,0.0,inf,0.0,0.0,0,0,0.7822745587075878,True,35.294003,-120.668076,0.0,0.0,0.0,0.0
690fd7d987825a48788a8a39,2025-10-12 20:10:15.142,foothill,Car,7.2736273,0.0,0.0,0.0,0.0,0.0,0.0,inf,0.0,0.0,0,0,0.7822745587075878,True,35.294003,-120.668076,0.0,0.0,0.0,0.0
690fd7d987825a48788a8a39,2025-10-12 20:10:15.142,foothill,Car,7.2736273,0.0,0.0,90.0,90.0,0.0,0.0,inf,0.0,0.0,0,0,0.7822745587075878,True,35.294003,-120.66807,0.0,0.0,0.0,0.0
690fd7d987825a48788a8a39,2025-10-12 20:10:15.142,foothill,Car,7.2736273,0.0,0.0,0.0,-90.0,0.0,0.0,inf,0.0,90.0,0,0,0.7822745587075878,True,35.294003,-120.66807,0.0,0.0,0.0,0.0
690fd7d987825a48788a8a39,2025-10-12 20:10:15.142,foothill,Car,7.2736273,0.0,0.0,0.0,0.0,0.0,0.0,inf,0.0,0.0,0,0,0.7822745587075878,True,35.294003,-120.66806,0.0,0.0,0.0,0.0
690fd7d987825a48788a8a39,2025-10-12 20:10:15.142,foothill,Car,7.2736273,0.0,0.0,0.0,0.0,0.0,0.0,inf,0.0,0.0,0,0,0.7822745587075878,True,35.294003,-120.66806,0.0,0.0,0.0,0.0
690fd7d987825a48788a8a39,2025-10-12 20:10:15.142,foothill,Car,7.2736273,0.0,0.0,90.0,90.0,0.4241749942302704,-7.273627281188965,0.058316845446825,0.0,90.0,0,0,0.7822745587075878,True,35.294003,-120.66805,0.0,0.0,0.0,0.0
690fd7d987825a48788a8a39,2025-10-12 20:10:15.142,foothill,Car,7.2736273,0.0,0.0,0.0,-90.0,0.4241749942302704,-7.273627281188965,0.058316845446825,0.0,90.0,0,0,0.7822745587075878,True,35.294006,-120.66805,0.0,0.0,0.0,0.0
690fd7d987825a48788a8a39,2025-10-12 20:10:15.142,foothill,Car,7.2736273,0.0,0.0,180.0,-180.0,0.6924216151237488,-7.273627281188965,0.0951961949467659,0.0,90.0,0,0,0.7822745587075878,True,35.294003,-120.668045,0.0,0.0,0.0,0.0
690fd7d987825a48788a8a39,2025-10-12 20:10:15.142,foothill,Car,7.2736273,0.0,0.0,65.3237,-114.6763,0.4241749942302704,6.609406471252441,inf,0.0,114.67630004882812,0,0,0.7822745587075878,True,35.294006,-120.66804,0.0,0.0,0.0,0.0
690fd7d987825a48788a8a39,2025-10-12 20:10:15.142,foothill,Car,7.2736273,0.0,0.0,180.0,114.6763,0.4241749942302704,6.609406471252441,inf,0.0,114.67630004882812,0,0,0.7822745587075878,True,35.294003,-120.66804,0.0,0.0,0.0,0.0
690fd7d987825a48788a8a39,2025-10-12 20:10:15.142,foothill,Car,7.2736273,0.0,0.0,65.3237,-114.6763,0.0,0.0,inf,0.0,0.0,0,0,0.7822745587075878,True,35.294006,-120.66803,0.0,0.0,0.0,0.0
690fd7d987825a48788a8a39,2025-10-12 20:10:15.142,foothill,Car,7.2736273,0.0,0.0,0.0,-65.3237,0.0,0.0,inf,0.0,65.32369995117188,0,0,0.7822745587075878,True,35.294006,-120.66803,0.0,0.0,0.0,0.0
690fd7d987825a48788a8a39,2025-10-12 20:10:15.142,foothill,Car,7.2736273,0.0,0.0,0.0,0.0,0.0,0.0,inf,0.0,0.0,0,0,0.7822745587075878,True,35.294006,-120.66802,0.0,0.0,0.0,0.0
690fd7d987825a48788a8a39,2025-10-12 20:10:15.142,foothill,Car,7.2736273,0.0,0.0,0.0,0.0,0.0,0.0,inf,0.0,0.0,0,0,0.7822745587075878,True,35.294006,-120.66802,0.0,0.0,0.0,0.0
690fd7d987825a48788a8a39,2025-10-12 20:10:15.142,foothill,Car,7.2736273,0.0,0.0,90.0,90.0,0.692421555519104,7.273627281188965,inf,0.0,90.0,0,0,0.7822745587075878,True,35.294006,-120.668015,0.0,0.0,0.0,0.0
690fd7d987825a48788a8a39,2025-10-12 20:10:15.142,foothill,Car,7.2736273,0.0,0.0,0.0,-90.0,0.0,0.0,inf,0.0,0.0,0,0,0.7822745587075878,True,35.294006,-120.66801,0.0,0.0,0.0,0.0
690fd7d987825a48788a8a39,2025-10-12 20:10:15.142,foothill,Car,7.2736273,0.0,0.0,0.0,0.0,0.0,0.0,inf,0.0,0.0,0,0,0.7822745587075878,True,35.294006,-120.66801,0.0,0.0,0.0,0.0
690fd7d987825a48788a8a39,2025-10-12 20:10:15.142,foothill,Car,7.2736273,0.0,0.0,114.67627,114.67627,0.6924216151237488,10.31029987335205,inf,0.0,114.67626953125,0,0,0.7822745587075878,True,35.294003,-120.668,0.0,0.0,0.0,0.0
690fd7d987825a48788a8a39,2025-10-12 20:10:15.142,foothill,Car,7.2736273,0.0,0.0,0.0,-114.67627,0.0,0.0,inf,0.0,0.0,0,0,0.7822745587075878,True,35.294003,-120.66799,0.0,0.0,0.0,0.0
690fd7d987825a48788a8a39,2025-10-12 20:10:15.142,foothill,Car,7.2736273,0.0,0.0,0.0,0.0,0.0,0.0,inf,0.0,0.0,0,0,0.7822745587075878,True,35.294003,-120.66799,0.0,0.0,0.0,0.0
690fd7d987825a48788a8a39,2025-10-12 20:10:15.142,foothill,Car,7.2736273,0.0,0.0,90.0,90.0,0.6924216151237488,-7.273627281188965,0.0951961949467659,0.0,90.0,0,0,0.7822745587075878,True,35.294003,-120.667984,0.0,0.0,0.0,0.0
690fd7d987825a48788a8a39,2025-10-12 20:10:15.142,foothill,Car,7.2736273,0.0,0.0,0.0,-90.0,0.0,0.0,inf,0.0,0.0,0,0,0.7822745587075878,True,35.294003,-120.66798,0.0,0.0,0.0,0.0
690fd7d987825a48788a8a39,2025-10-12 20:10:15.142,foothill,Car,7.2736273,0.0,0.0,0.0,0.0,0.0,0.0,inf,0.0,0.0,0,0,0.7822745587075878,True,35.294003,-120.66798,0.0,0.0,0.0,0.0
690fd7d987825a48788a8a39,2025-10-12 20:10:15.142,foothill,Car,7.2736273,0.0,0.0,90.0,90.0,0.0,0.0,inf,0.0,0.0,0,0,0.7822745587075878,True,35.294003,-120.66797,0.0,0.0,0.0,0.0
690fd7d987825a48788a8a39,2025-10-12 20:10:15.142,foothill,Car,7.2736273,0.0,0.0,0.0,-90.0,0.0,0.0,inf,0.0,90.0,0,0,0.7822745587075878,True,35.294003,-120.66797,0.0,0.0,0.0,0.0
690fd7d987825a48788a8a39,2025-10-12 20:10:15.142,foothill,Car,7.2736273,0.0,0.0,90.0,90.0,0.6924216151237488,0.0,inf,0.0,0.0,0,0,0.7822745587075878,True,35.294003,-120.66796,0.0,0.0,0.0,0.0
690fd7d987825a48788a8a39,2025-10-12 20:10:15.142,foothill,Car,7.2736273,0.0,0.0,0.0,-90.0,0.6924216151237488,7.273627281188965,inf,0.0,90.0,0,0,0.7822745587075878,True,35.294003,-120.66795,0.0,0.0,0.0,0.0
690fd7d987825a48788a8a39,2025-10-12 20:10:15.142,foothill,Car,7.2736273,0.0,0.0,90.0,90.0,0.0,0.0,inf,0.0,0.0,0,0,0.7822745587075878,True,35.294003,-120.667946,0.0,0.0,0.0,0.0
690fd7d987825a48788a8a39,2025-10-12 20:10:15.142,foothill,Car,7.2736273,0.0,0.0,0.0,-90.0,0.0,0.0,inf,0.0,90.0,0,0,0.7822745587075878,True,35.294003,-120.667946,0.0,0.0,0.0,0.0
690fd7d987825a48788a8a39,2025-10-12 20:10:15.142,foothill,Car,7.2736273,0.0,0.0,0.0,0.0,0.6924216151237488,-7.273627281188965,0.0951961949467659,0.0,90.0,0,0,0.7822745587075878,True,35.294003,-120.66794,0.0,0.0,0.0,0.0
690fd7d987825a48788a8a39,2025-10-12 20:10:15.142,foothill,Car,7.2736273,0.0,0.0,90.0,90.0,0.0,0.0,inf,0.0,0.0,0,0,0.7822745587075878,True,35.294003,-120.66793,0.0,0.0,0.0,0.0
690fd7d987825a48788a8a39,2025-10-12 20:10:15.142,foothill,Car,7.2736273,0.0,0.0,0.0,-90.0,0.0,0.0,inf,0.0,90.0,0,0,0.7822745587075878,True,35.294003,-120.66793,0.0,0.0,0.0,0.0
690fd7d987825a48788a8a39,2025-10-12 20:10:15.142,foothill,Car,7.2736273,0.0,0.0,0.0,0.0,0.6924216151237488,7.273627281188965,inf,0.0,90.0,0,0,0.7822745587075878,True,35.294003,-120.66792,0.0,0.0,0.0,0.0
690fd7d987825a48788a8a39,2025-10-12 20:10:15.142,foothill,Car,7.2736273,0.0,0.0,90.0,90.0,0.0,0.0,inf,0.0,0.0,0,0,0.7822745587075878,True,35.294003,-120.667915,0.0,0.0,0.0,0.0
690fd7d987825a48788a8a39,2025-10-12 20:10:15.142,foothill,Car,7.2736273,0.0,0.0,0.0,-90.0,0.0,0.0,inf,0.0,90.0,0,0,0.7822745587075878,True,35.294003,-120.667915,0.0,0.0,0.0,0.0
690fd7d987825a48788a8a39,2025-10-12 20:10:15.142,foothill,Car,7.2736273,0.0,0.0,90.0,90.0,0.6924216151237488,0.0,inf,0.0,0.0,0,0,0.7822745587075878,True,35.294003,-120.66791,0.0,0.0,0.0,0.0
690fd7d987825a48788a8a39,2025-10-12 20:10:15.142,foothill,Car,7.2736273,0.0,0.0,0.0,-90.0,0.0,0.0,inf,0.0,0.0,0,0,0.7822745587075878,True,35.294003,-120.6679,0.0,0.0,0.0,0.0
690fd7d987825a48788a8a39,2025-10-12 20:10:15.142,foothill,Car,7.2736273,0.0,0.0,0.0,0.0,0.0,0.0,inf,0.0,0.0,0,0,0.7822745587075878,True,35.294003,-120.6679,0.0,0.0,0.0,0.0
690fd7d987825a48788a8a39,2025-10-12 20:10:15.142,foothill,Car,7.2736273,0.0,0.0,90.0,90.0,0.6924216151237488,7.273627281188965,inf,0.0,90.0,0,0,0.7822745587075878,True,35.294003,-120.66789,0.0,0.0,0.0,0.0
690fd7d987825a48788a8a39,2025-10-12 20:10:15.142,foothill,Car,7.2736273,0.0,0.0,0.0,-90.0,0.0,0.0,inf,0.0,0.0,0,0,0.7822745587075878,True,35.294003,-120.667885,0.0,0.0,0.0,0.0
690fd7d987825a48788a8a39,2025-10-12 20:10:15.142,foothill,Car,7.2736273,0.0,0.0,0.0,0.0,0.0,0.0,inf,0.0,0.0,0,0,0.7822745587075878,True,35.294003,-120.667885,0.0,0.0,0.0,0.0
690fd7d987825a48788a8a39,2025-10-12 20:10:15.142,foothill,Car,7.2736273,0.0,0.0,90.0,90.0,0.6924216151237488,-7.273627281188965,0.0951961949467659,0.0,90.0,0,0,0.7822745587075878,True,35.294003,-120.66788,0.0,0.0,0.0,0.0
690fd7d987825a48788a8a39,2025-10-12 20:10:15.142,foothill,Car,7.2736273,0.0,0.0,0.0,-90.0,0.6924216151237488,-7.273627281188965,0.0951961949467659,0.0,90.0,0,0,0.7822745587075878,True,35.294003,-120.66787,0.0,0.0,0.0,0.0
690fd7d987825a48788a8a39,2025-10-12 20:10:15.142,foothill,Car,7.2736273,0.0,0.0,90.0,90.0,0.0,0.0,inf,0.0,0.0,0,0,0.7822745587075878,True,35.294003,-120.66786,0.0,0.0,0.0,0.0
690fd7d987825a48788a8a39,2025-10-12 20:10:15.142,foothill,Car,7.2736273,0.0,0.0,0.0,-90.0,0.0,0.0,inf,0.0,90.0,0,0,0.7822745587075878,True,35.294003,-120.66786,0.0,0.0,0.0,0.0
690fd7d987825a48788a8a39,2025-10-12 20:10:15.142,foothill,Car,7.2736273,0.0,0.0,0.0,0.0,0.6924216151237488,7.273627281188965,inf,0.0,90.0,0,0,0.7822745587075878,True,35.294003,-120.667854,0.0,0.0,0.0,0.0
690fd7d987825a48788a8a39,2025-10-12 20:10:15.142,foothill,Car,7.2736273,0.0,0.0,90.0,90.0,0.0,0.0,inf,0.0,0.0,0,0,0.7822745587075878,True,35.294003,-120.66785,0.0,0.0,0.0,0.0
690fd7d987825a48788a8a39,2025-10-12 20:10:15.142,foothill,Car,7.2736273,0.0,0.0,0.0,-90.0,0.0,0.0,inf,0.0,90.0,0,0,0.7822745587075878,True,35.294003,-120.66785,0.0,0.0,0.0,0.0
690fd7d987825a48788a8a39,2025-10-12 20:10:15.142,foothill,Car,7.2736273,0.0,0.0,90.0,90.0,0.6924216151237488,0.0,inf,0.0,0.0,0,0,0.7822745587075878,True,35.294003,-120.66784,0.0,0.0,0.0,0.0
690fd7d987825a48788a8a39,2025-10-12 20:10:15.142,foothill,Car,7.2736273,0.0,0.0,0.0,-90.0,0.6924216151237488,7.273627281188965,inf,0.0,90.0,0,0,0.7822745587075878,True,35.294003,-120.66783,0.0,0.0,0.0,0.0
690fd7d987825a48788a8a39,2025-10-12 20:10:15.142,foothill,Car,7.2736273,0.0,0.0,90.0,90.0,0.4241749942302704,-7.273627281188965,0.058316845446825,0.0,90.0,0,0,0.7822745587075878,True,35.294003,-120.66782,0.0,0.0,0.0,0.0
690fd7d987825a48788a8a39,2025-10-12 20:10:15.142,foothill,Car,7.2736273,0.0,0.0,0.0,-90.0,0.4241749942302704,-7.273627281188965,0.058316845446825,0.0,90.0,0,0,0.7822745587075878,True,35.294006,-120.66782,0.0,0.0,0.0,0.0
690fd7d987825a48788a8a39,2025-10-12 20:10:15.142,foothill,Car,7.2736273,0.0,0.0,0.0,0.0,0.692421555519104,0.0,inf,0.0,0.0,0,0,0.7822745587075878,True,35.294006,-120.667816,0.0,0.0,0.0,0.0
690fd7d987825a48788a8a39,2025-10-12 20:10:15.142,foothill,Car,7.2736273,0.0,0.0,90.0,90.0,0.0,0.0,inf,0.0,0.0,0,0,0.7822745587075878,True,35.294006,-120.66781,0.0,0.0,0.0,0.0
690fd7d987825a48788a8a39,2025-10-12 20:10:15.142,foothill,Car,7.2736273,0.0,0.0,0.0,-90.0,0.0,0.0,inf,0.0,90.0,0,0,0.7822745587075878,True,35.294006,-120.66781,0.0,0.0,0.0,0.0
690fd7d987825a48788a8a39,2025-10-12 20:10:15.142,foothill,Car,7.2736273,0.0,0.0,0.0,0.0,0.692421555519104,-7.273627281188965,0.0951961800456047,0.0,90.0,0,0,0.7822745587075878,True,35.294006,-120.6678,0.0,0.0,0.0,0.0
690fd7d987825a48788a8a39,2025-10-12 20:10:15.142,foothill,Car,7.2736273,0.0,0.0,90.0,90.0,0.0,0.0,inf,0.0,0.0,0,0,0.7822745587075878,True,35.294006,-120.66779,0.0,0.0,0.0,0.0
690fd7d987825a48788a8a39,2025-10-12 20:10:15.142,foothill,Car,7.2736273,0.0,0.0,0.0,-90.0,0.0,0.0,inf,0.0,90.0,0,0,0.7822745587075878,True,35.294006,-120.66779,0.0,0.0,0.0,0.0
690fd7d987825a48788a8a39,2025-10-12 20:10:15.142,foothill,Car,7.2736273,0.0,0.0,0.0,0.0,0.692421555519104,7.273627281188965,inf,0.0,90.0,0,0,0.7822745587075878,True,35.294006,-120.667786,0.0,0.0,0.0,0.0
690fd7d987825a48788a8a39,2025-10-12 20:10:15.142,foothill,Car,7.2736273,0.0,0.0,90.0,90.0,0.692421555519104,0.0,inf,0.0,0.0,0,0,0.7822745587075878,True,35.294006,-120.66778,0.0,0.0,0.0,0.0
690fd7d987825a48788a8a39,2025-10-12 20:10:15.142,foothill,Car,7.2736273,0.0,0.0,90.0,0.0,0.692421555519104,0.0,inf,0.0,0.0,0,0,0.7822745587075878,True,35.294006,-120.66777,0.0,0.0,0.0,0.0
690fd7d987825a48788a8a39,2025-10-12 20:10:15.142,foothill,Car,7.2736273,0.0,0.0,0.0,-90.0,0.0,0.0,inf,0.0,0.0,0,0,0.7822745587075878,True,35.294006,-120.66776,0.0,0.0,0.0,0.0
690fd7d987825a48788a8a39,2025-10-12 20:10:15.142,foothill,Car,7.2736273,0.0,0.0,0.0,0.0,0.0,0.0,inf,0.0,0.0,0,0,0.7822745587075878,True,35.294006,-120.66776,0.0,0.0,0.0,0.0
690fd7d987825a48788a8a39,2025-10-12 20:10:15.142,foothill,Car,7.2736273,0.0,0.0,90.0,90.0,0.692421555519104,7.273627281188965,inf,0.0,90.0,0,0,0.7822745587075878,True,35.294006,-120.667755,0.0,0.0,0.0,0.0
690fd7d987825a48788a8a39,2025-10-12 20:10:15.142,foothill,Car,7.2736273,0.0,0.0,0.0,-90.0,0.692421555519104,7.273627281188965,inf,0.0,90.0,0,0,0.7822745587075878,True,35.294006,-120.66775,0.0,0.0,0.0,0.0
690fd7d987825a48788a8a39,2025-10-12 20:10:15.142,foothill,Car,7.2736273,0.0,0.0,81.29285,81.29285,0.0,0.0,inf,0.0,0.0,0,0,0.7822745587075878,True,35.29401,-120.66774,0.0,0.0,0.0,0.0
690fd7d987825a48788a8a39,2025-10-12 20:10:15.142,foothill,Car,7.2736273,0.0,0.0,0.0,-81.29285,0.0,0.0,inf,0.0,81.2928466796875,0,0,0.7822745587075878,True,35.29401,-120.66774,0.0,0.0,0.0,0.0
690fd7d987825a48788a8a39,2025-10-12 20:10:15.142,foothill,Car,7.2736273,0.0,0.0,0.0,0.0,0.692421555519104,-7.273627281188965,0.0951961800456047,0.0,90.0,0,0,0.7822745587075878,True,35.29401,-120.66773,0.0,0.0,0.0,0.0
690fd7d987825a48788a8a39,2025-10-12 20:10:15.142,foothill,Car,7.2736273,0.0,0.0,90.0,90.0,0.692421555519104,-7.273627281188965,0.0951961800456047,0.0,90.0,0,0,0.7822745587075878,True,35.29401,-120.667725,0.0,0.0,0.0,0.0
690fd7d987825a48788a8a39,2025-10-12 20:10:15.142,foothill,Car,7.2736273,0.0,0.0,0.0,-90.0,0.0,0.0,inf,0.0,0.0,0,0,0.7822745587075878,True,35.29401,-120.66772,0.0,0.0,0.0,0.0
690fd7d987825a48788a8a39,2025-10-12 20:10:15.142,foothill,Car,7.2736273,0.0,0.0,0.0,0.0,0.0,0.0,inf,0.0,0.0,0,0,0.7822745587075878,True,35.29401,-120.66772,0.0,0.0,0.0,0.0
690fd7d987825a48788a8a39,2025-10-12 20:10:15.142,foothill,Car,7.2736273,0.0,0.0,90.0,90.0,0.692421555519104,-7.273627281188965,0.0951961800456047,0.0,90.0,0,0,0.7822745587075878,True,35.29401,-120.66771,0.0,0.0,0.0,0.0
690fd7d987825a48788a8a39,2025-10-12 20:10:15.142,foothill,Car,7.2736273,0.0,0.0,90.0,0.0,0.692421555519104,7.273627281188965,inf,0.0,90.0,0,0,0.7822745587075878,True,35.29401,-120.6677,0.0,0.0,0.0,0.0
690fd7d987825a48788a8a39,2025-10-12 20:10:15.142,foothill,Car,7.2736273,0.0,0.0,0.0,-90.0,0.692421555519104,7.273627281188965,inf,0.0,90.0,0,0,0.7822745587075878,True,35.29401,-120.667694,0.0,0.0,0.0,0.0
690fd7d987825a48788a8a39,2025-10-12 20:10:15.142,foothill,Car,7.2736273,0.0,0.0,90.0,90.0,0.692421555519104,-7.273627281188965,0.0951961800456047,0.0,90.0,0,0,0.7822745587075878,True,35.29401,-120.66769,0.0,0.0,0.0,0.0
690fd7d987825a48788a8a39,2025-10-12 20:10:15.142,foothill,Car,7.2736273,0.0,0.0,0.0,-90.0,0.0,0.0,inf,0.0,0.0,0,0,0.7822745587075878,True,35.29401,-120.66768,0.0,0.0,0.0,0.0
690fd7d987825a48788a8a39,2025-10-12 20:10:15.142,foothill,Car,7.2736273,0.0,0.0,0.0,0.0,0.0,0.0,inf,0.0,0.0,0,0,0.7822745587075878,True,35.29401,-120.66768,0.0,0.0,0.0,0.0
690fd7d987825a48788a8a39,2025-10-12 20:10:15.142,foothill,Car,7.2736273,0.0,0.0,90.0,90.0,0.692421555519104,0.0,inf,0.0,0.0,0,0,0.7822745587075878,True,35.29401,-120.66766,0.0,0.0,0.0,0.0
690fd7d987825a48788a8a39,2025-10-12 20:10:15.142,foothill,Car,7.2736273,0.0,0.0,90.0,0.0,0.0,0.0,inf,0.0,0.0,0,0,0.7822745587075878,True,35.29401,-120.667656,0.0,0.0,0.0,0.0
690fd7d987825a48788a8a39,2025-10-12 20:10:15.142,foothill,Car,7.2736273,0.0,0.0,0.0,-90.0,0.0,0.0,inf,0.0,90.0,0,0,0.7822745587075878,True,35.29401,-120.667656,0.0,0.0,0.0,0.0
690fd7d987825a48788a8a39,2025-10-12 20:10:15.142,foothill,Car,7.2736273,0.0,0.0,90.0,90.0,0.692421555519104,0.0,inf,0.0,0.0,0,0,0.7822745587075878,True,35.29401,-120.66765,0.0,0.0,0.0,0.0
690fd7d987825a48788a8a39,2025-10-12 20:10:15.142,foothill,Car,7.2736273,0.0,0.0,0.0,-90.0,0.692421555519104,7.273627281188965,inf,0.0,90.0,0,0,0.7822745587075878,True,35.29401,-120.66764,0.0,0.0,0.0,0.0
690fd7d987825a48788a8a39,2025-10-12 20:10:15.142,foothill,Car,7.2736273,0.0,0.0,90.0,90.0,0.692421555519104,7.273627281188965,inf,0.0,90.0,0,0,0.7822745587075878,True,35.29401,-120.66763,0.0,0.0,0.0,0.0
690fd7d987825a48788a8a39,2025-10-12 20:10:15.142,foothill,Car,7.2736273,0.0,0.0,0.0,-90.0,0.692421555519104,7.273627281188965,inf,0.0,90.0,0,0,0.7822745587075878,True,35.29401,-120.667625,0.0,0.0,0.0,0.0
690fd7d987825a48788a8a39,2025-10-12 20:10:15.142,foothill,Car,7.2736273,0.0,0.0,90.0,90.0,0.692421555519104,-7.273627281188965,0.0951961800456047,0.0,90.0,0,0,0.7822745587075878,True,35.29401,-120.66762,0.0,0.0,0.0,0.0
690fd7d987825a48788a8a39,2025-10-12 20:10:15.142,foothill,Car,7.2736273,0.0,0.0,0.0,-90.0,0.692421555519104,-7.273627281188965,0.0951961800456047,0.0,90.0,0,0,0.7822745587075878,True,35.29401,-120.66761,0.0,0.0,0.0,0.0
690fd7d987825a48788a8a39,2025-10-12 20:10:15.142,foothill,Car,7.2736273,0.0,0.0,90.0,90.0,0.692421555519104,-7.273627281188965,0.0951961800456047,0.0,90.0,0,0,0.7822745587075878,True,35.29401,-120.6676,0.0,0.0,0.0,0.0
690fd7d987825a48788a8a39,2025-10-12 20:10:15.142,foothill,Car,7.2736273,0.0,0.0,0.0,-90.0,0.692421555519104,7.273627281188965,inf,0.0,90.0,0,0,0.7822745587075878,True,35.29401,-120.667595,0.0,0.0,0.0,0.0
690fd7d987825a48788a8a39,2025-10-12 20:10:15.142,foothill,Car,7.2736273,0.0,0.0,90.0,90.0,0.692421555519104,0.0,inf,0.0,0.0,0,0,0.7822745587075878,True,35.29401,-120.66759,0.0,0.0,0.0,0.0
690fd7d987825a48788a8a39,2025-10-12 20:10:15.142,foothill,Car,7.2736273,0.0,0.0,90.0,0.0,0.692421555519104,0.0,inf,0.0,0.0,0,0,0.7822745587075878,True,35.29401,-120.66758,0.0,0.0,0.0,0.0
690fd7d987825a48788a8a39,2025-10-12 20:10:15.142,foothill,Car,7.2736273,0.0,0.0,0.0,-90.0,0.692421555519104,7.273627281188965,inf,0.0,90.0,0,0,0.7822745587075878,True,35.29401,-120.66757,0.0,0.0,0.0,0.0
690fd7d987825a48788a8a39,2025-10-12 20:10:15.142,foothill,Car,7.2736273,0.0,0.0,90.0,90.0,0.692421555519104,7.273627281188965,inf,0.0,90.0,0,0,0.7822745587075878,True,35.29401,-120.667564,0.0,0.0,0.0,0.0
690fd7d987825a48788a8a39,2025-10-12 20:10:15.142,foothill,Car,7.2736273,0.0,0.0,0.0,-90.0,0.692421555519104,7.273627281188965,inf,0.0,90.0,0,0,0.7822745587075878,True,35.29401,-120.66756,0.0,0.0,0.0,0.0
690fd7d987825a48788a8a39,2025-10-12 20:10:15.142,foothill,Car,7.2736273,0.0,0.0,90.0,90.0,0.692421555519104,-7.273627281188965,0.0951961800456047,0.0,90.0,0,0,0.7822745587075878,True,35.29401,-120.66755,0.0,0.0,0.0,0.0
690fd7d987825a48788a8a39,2025-10-12 20:10:15.142,foothill,Car,7.2736273,0.0,0.0,0.0,-90.0,0.0,0.0,inf,0.0,0.0,0,0,0.7822745587075878,True,35.29401,-120.66754,0.0,0.0,0.0,0.0
690fd7d987825a48788a8a39,2025-10-12 20:10:15.142,foothill,Car,7.2736273,0.0,0.0,0.0,0.0,0.0,0.0,inf,0.0,0.0,0,0,0.7822745587075878,True,35.29401,-120.66754,0.0,0.0,0.0,0.0
690fd7d987825a48788a8a39,2025-10-12 20:10:15.142,foothill,Car,7.2736273,0.0,0.0,90.0,90.0,0.692421555519104,-7.273627281188965,0.0951961800456047,0.0,90.0,0,0,0.7822745587075878,True,35.29401,-120.667534,0.0,0.0,0.0,0.0
690fd7d987825a48788a8a39,2025-10-12 20:10:15.142,foothill,Car,7.2736273,0.0,0.0,0.0,-90.0,0.692421555519104,7.273627281188965,inf,0.0,90.0,0,0,0.7822745587075878,True,35.29401,-120.66753,0.0,0.0,0.0,0.0
690fd7d987825a48788a8a3a,2025-10-12 20:10:23.475,foothill,Car,0.0,0.0,0.0,0.0,0.0,,,,,,1,0,0.5,False,35.294064,-120.66767,0.1,0.0,0.0,0.0
690fd7d987825a48788a8a3b,2025-10-12 20:10:11.602,foothill,Car,0.0,0.0,0.0,0.0,0.0,0.6924208402633667,0.0,inf,0.0,0.0,1,0,0.8902805075041157,True,35.294094,-120.66765,0.1,0.0,0.0,0.0
690fd7d987825a48788a8a3b,2025-10-12 20:10:11.602,foothill,Car,0.0,0.0,0.0,270.0,-90.0,0.0,-0.0,inf,0.0,90.0,0,0,0.8902805075041157,True,35.294094,-120.667656,0.0,0.0,0.0,0.0
690fd7d987825a48788a8a3b,2025-10-12 20:10:11.602,foothill,Car,0.0,0.0,0.0,0.0,90.0,0.0,0.0,inf,0.0,0.0,0,0,0.8902805075041157,True,35.294094,-120.667656,0.0,0.0,0.0,0.0
690fd7d987825a48788a8a3b,2025-10-12 20:10:11.602,foothill,Car,0.0,0.0,0.0,0.0,0.0,0.0,0.0,inf,0.0,0.0,0,0,0.8902805075041157,True,35.294094,-120.667656,0.0,0.0,0.0,0.0
690fd7d987825a48788a8a3b,2025-10-12 20:10:11.602,foothill,Car,0.0,0.0,0.0,0.0,0.0,0.0,0.0,inf,0.0,0.0,0,0,0.8902805075041157,True,35.294094,-120.667656,0.0,0.0,0.0,0.0
690fd7d987825a48788a8a3b,2025-10-12 20:10:11.602,foothill,Car,0.0,0.0,0.0,0.0,0.0,0.0,0.0,inf,0.0,0.0,0,0,0.8902805075041157,True,35.294094,-120.667656,0.0,0.0,0.0,0.0
690fd7d987825a48788a8a3b,2025-10-12 20:10:11.602,foothill,Car,0.0,0.0,0.0,0.0,0.0,0.0,0.0,inf,0.0,0.0,0,0,0.8902805075041157,True,35.294094,-120.667656,0.0,0.0,0.0,0.0
690fd7d987825a48788a8a3b,2025-10-12 20:10:11.602,foothill,Car,0.0,0.0,0.0,0.0,0.0,0.0,0.0,inf,0.0,0.0,0,0,0.8902805075041157,True,35.294094,-120.667656,0.0,0.0,0.0,0.0
690fd7d987825a48788a8a3b,2025-10-12 20:10:11.602,foothill,Car,0.0,0.0,0.0,0.0,0.0,0.0,0.0,inf,0.0,0.0,0,0,0.8902805075041157,True,35.294094,-120.667656,0.0,0.0,0.0,0.0
690fd7d987825a48788a8a3b,2025-10-12 20:10:11.602,foothill,Car,0.0,0.0,0.0,0.0,0.0,0.0,0.0,inf,0.0,0.0,0,0,0.8902805075041157,True,35.294094,-120.667656,0.0,0.0,0.0,0.0
690fd7d987825a48788a8a3b,2025-10-12 20:10:11.602,foothill,Car,0.0,0.0,0.0,0.0,0.0,0.0,0.0,inf,0.0,0.0,0,0,0.8902805075041157,True,35.294094,-120.667656,0.0,0.0,0.0,0.0
690fd7d987825a48788a8a3b,2025-10-12 20:10:11.602,foothill,Car,0.0,0.0,0.0,0.0,0.0,0.0,0.0,inf,0.0,0.0,0,0,0.8902805075041157,True,35.294094,-120.667656,0.0,0.0,0.0,0.0
690fd7d987825a48788a8a3b,2025-10-12 20:10:11.602,foothill,Car,0.0,0.0,0.0,0.0,0.0,0.0,0.0,inf,0.0,0.0,0,0,0.8902805075041157,True,35.294094,-120.667656,0.0,0.0,0.0,0.0
690fd7d987825a48788a8a3b,2025-10-12 20:10:11.602,foothill,Car,0.0,0.0,0.0,0.0,0.0,0.0,0.0,inf,0.0,0.0,0,0,0.8902805075041157,True,35.294094,-120.667656,0.0,0.0,0.0,0.0
690fd7d987825a48788a8a3b,2025-10-12 20:10:11.602,foothill,Car,0.0,0.0,0.0,0.0,0.0,0.0,0.0,inf,0.0,0.0,0,0,0.8902805075041157,True,35.294094,-120.667656,0.0,0.0,0.0,0.0
690fd7d987825a48788a8a3b,2025-10-12 20:10:11.602,foothill,Car,0.0,0.0,0.0,0.0,0.0,0.0,0.0,inf,0.0,0.0,0,0,0.8902805075041157,True,35.294094,-120.667656,0.0,0.0,0.0,0.0
690fd7d987825a48788a8a3b,2025-10-12 20:10:11.602,foothill,Car,0.0,0.0,0.0,0.0,0.0,0.0,0.0,inf,0.0,0.0,0,0,0.8902805075041157,True,35.294094,-120.667656,0.0,0.0,0.0,0.0
690fd7d987825a48788a8a3b,2025-10-12 20:10:11.602,foothill,Car,0.0,0.0,0.0,0.0,0.0,0.0,0.0,inf,0.0,0.0,0,0,0.8902805075041157,True,35.294094,-120.667656,0.0,0.0,0.0,0.0
690fd7d987825a48788a8a3b,2025-10-12 20:10:11.602,foothill,Car,0.0,0.0,0.0,0.0,0.0,0.0,0.0,inf,0.0,0.0,0,0,0.8902805075041157,True,35.294094,-120.667656,0.0,0.0,0.0,0.0
690fd7d987825a48788a8a3b,2025-10-12 20:10:11.602,foothill,Car,0.0,0.0,0.0,0.0,0.0,0.0,0.0,inf,0.0,0.0,0,0,0.8902805075041157,True,35.294094,-120.667656,0.0,0.0,0.0,0.0
690fd7d987825a48788a8a3b,2025-10-12 20:10:11.602,foothill,Car,0.0,0.0,0.0,0.0,0.0,0.0,0.0,inf,0.0,0.0,0,0,0.8902805075041157,True,35.294094,-120.667656,0.0,0.0,0.0,0.0
690fd7d987825a48788a8a3b,2025-10-12 20:10:11.602,foothill,Car,0.0,0.0,0.0,0.0,0.0,0.0,0.0,inf,0.0,0.0,0,0,0.8902805075041157,True,35.294094,-120.667656,0.0,0.0,0.0,0.0
690fd7d987825a48788a8a3b,2025-10-12 20:10:11.602,foothill,Car,0.0,0.0,0.0,0.0,0.0,0.0,0.0,inf,0.0,0.0,0,0,0.8902805075041157,True,35.294094,-120.667656,0.0,0.0,0.0,0.0
690fd7d987825a48788a8a3b,2025-10-12 20:10:11.602,foothill,Car,0.0,0.0,0.0,0.0,0.0,0.0,0.0,inf,0.0,0.0,0,0,0.8902805075041157,True,35.294094,-120.667656,0.0,0.0,0.0,0.0
690fd7d987825a48788a8a3b,2025-10-12 20:10:11.602,foothill,Car,0.0,0.0,0.0,0.0,0.0,0.0,0.0,inf,0.0,0.0,0,0,0.8902805075041157,True,35.294094,-120.667656,0.0,0.0,0.0,0.0
690fd7d987825a48788a8a3b,2025-10-12 20:10:11.602,foothill,Car,0.0,0.0,0.0,0.0,0.0,0.0,0.0,inf,0.0,0.0,0,0,0.8902805075041157,True,35.294094,-120.667656,0.0,0.0,0.0,0.0
690fd7d987825a48788a8a3b,2025-10-12 20:10:11.602,foothill,Car,0.0,0.0,0.0,0.0,0.0,0.0,0.0,inf,0.0,0.0,0,0,0.8902805075041157,True,35.294094,-120.667656,0.0,0.0,0.0,0.0
690fd7d987825a48788a8a3b,2025-10-12 20:10:11.602,foothill,Car,0.0,0.0,0.0,0.0,0.0,0.0,0.0,inf,0.0,0.0,0,0,0.8902805075041157,True,35.294094,-120.667656,0.0,0.0,0.0,0.0
690fd7d987825a48788a8a3b,2025-10-12 20:10:11.602,foothill,Car,0.0,0.0,0.0,0.0,0.0,0.0,0.0,inf,0.0,0.0,0,0,0.8902805075041157,True,35.294094,-120.667656,0.0,0.0,0.0,0.0
690fd7d987825a48788a8a3b,2025-10-12 20:10:11.602,foothill,Car,0.0,0.0,0.0,0.0,0.0,0.0,0.0,inf,0.0,0.0,0,0,0.8902805075041157,True,35.294094,-120.667656,0.0,0.0,0.0,0.0
690fd7d987825a48788a8a3b,2025-10-12 20:10:11.602,foothill,Car,0.0,0.0,0.0,0.0,0.0,0.0,0.0,inf,0.0,0.0,0,0,0.8902805075041157,True,35.294094,-120.667656,0.0,0.0,0.0,0.0
690fd7d987825a48788a8a3b,2025-10-12 20:10:11.602,foothill,Car,0.0,0.0,0.0,0.0,0.0,0.0,0.0,inf,0.0,0.0,0,0,0.8902805075041157,True,35.294094,-120.667656,0.0,0.0,0.0,0.0
690fd7d987825a48788a8a3b,2025-10-12 20:10:11.602,foothill,Car,0.0,0.0,0.0,0.0,0.0,0.0,0.0,inf,0.0,0.0,0,0,0.8902805075041157,True,35.294094,-120.667656,0.0,0.0,0.0,0.0
690fd7d987825a48788a8a3b,2025-10-12 20:10:11.602,foothill,Car,0.0,0.0,0.0,0.0,0.0,0.0,0.0,inf,0.0,0.0,0,0,0.8902805075041157,True,35.294094,-120.667656,0.0,0.0,0.0,0.0
690fd7d987825a48788a8a3b,2025-10-12 20:10:11.602,foothill,Car,0.0,0.0,0.0,0.0,0.0,0.0,0.0,inf,0.0,0.0,0,0,0.8902805075041157,True,35.294094,-120.667656,0.0,0.0,0.0,0.0
690fd7d987825a48788a8a3b,2025-10-12 20:10:11.602,foothill,Car,0.0,0.0,0.0,0.0,0.0,0.0,0.0,inf,0.0,0.0,0,0,0.8902805075041157,True,35.294094,-120.667656,0.0,0.0,0.0,0.0
690fd7d987825a48788a8a3b,2025-10-12 20:10:11.602,foothill,Car,0.0,0.0,0.0,0.0,0.0,0.0,0.0,inf,0.0,0.0,0,0,0.8902805075041157,True,35.294094,-120.667656,0.0,0.0,0.0,0.0
690fd7d987825a48788a8a3b,2025-10-12 20:10:11.602,foothill,Car,0.0,0.0,0.0,0.0,0.0,0.0,0.0,inf,0.0,0.0,0,0,0.8902805075041157,True,35.294094,-120.667656,0.0,0.0,0.0,0.0
690fd7d987825a48788a8a3b,2025-10-12 20:10:11.602,foothill,Car,0.0,0.0,0.0,270.0,-90.0,0.0,0.0,inf,0.0,0.0,0,0,0.8902805075041157,True,35.294094,-120.66766,0.0,0.0,0.0,0.0
690fd7d987825a48788a8a3b,2025-10-12 20:10:11.602,foothill,Car,0.0,0.0,0.0,0.0,90.0,0.0,0.0,inf,0.0,90.0,0,0,0.8902805075041157,True,35.294094,-120.66766,0.0,0.0,0.0,0.0
690fd7d987825a48788a8a3b,2025-10-12 20:10:11.602,foothill,Car,0.0,0.0,0.0,0.0,0.0,0.0,0.0,inf,0.0,90.0,0,0,0.8902805075041157,True,35.294094,-120.66766,0.0,0.0,0.0,0.0
690fd7d987825a48788a8a3b,2025-10-12 20:10:11.602,foothill,Car,0.0,0.0,0.0,0.0,0.0,0.0,0.0,inf,0.0,90.0,0,0,0.8902805075041157,True,35.294094,-120.66766,0.0,0.0,0.0,0.0
690fd7d987825a48788a8a3b,2025-10-12 20:10:11.602,foothill,Car,0.0,0.0,0.0,0.0,0.0,0.0,0.0,inf,0.0,90.0,0,0,0.8902805075041157,True,35.294094,-120.66766,0.0,0.0,0.0,0.0
690fd7d987825a48788a8a3b,2025-10-12 20:10:11.602,foothill,Car,0.0,0.0,0.0,0.0,0.0,0.0,0.0,inf,0.0,90.0,0,0,0.8902805075041157,True,35.294094,-120.66766,0.0,0.0,0.0,0.0
690fd7d987825a48788a8a3b,2025-10-12 20:10:11.602,foothill,Car,0.0,0.0,0.0,0.0,0.0,0.0,0.0,inf,0.0,90.0,0,0,0.8902805075041157,True,35.294094,-120.66766,0.0,0.0,0.0,0.0
690fd7d987825a48788a8a3b,2025-10-12 20:10:11.602,foothill,Car,0.0,0.0,0.0,0.0,0.0,0.0,0.0,inf,0.0,90.0,0,0,0.8902805075041157,True,35.294094,-120.66766,0.0,0.0,0.0,0.0
690fd7d987825a48788a8a3b,2025-10-12 20:10:11.602,foothill,Car,0.0,0.0,0.0,0.0,0.0,0.0,0.0,inf,0.0,90.0,0,0,0.8902805075041157,True,35.294094,-120.66766,0.0,0.0,0.0,0.0
690fd7d987825a48788a8a3b,2025-10-12 20:10:11.602,foothill,Car,0.0,0.0,0.0,0.0,0.0,0.0,0.0,inf,0.0,90.0,0,0,0.8902805075041157,True,35.294094,-120.66766,0.0,0.0,0.0,0.0
690fd7d987825a48788a8a3b,2025-10-12 20:10:11.602,foothill,Car,0.0,0.0,0.0,0.0,0.0,0.0,0.0,inf,0.0,90.0,0,0,0.8902805075041157,True,35.294094,-120.66766,0.0,0.0,0.0,0.0
690fd7d987825a48788a8a3b,2025-10-12 20:10:11.602,foothill,Car,0.0,0.0,0.0,0.0,0.0,0.0,0.0,inf,0.0,90.0,0,0,0.8902805075041157,True,35.294094,-120.66766,0.0,0.0,0.0,0.0
690fd7d987825a48788a8a3b,2025-10-12 20:10:11.602,foothill,Car,0.0,0.0,0.0,0.0,0.0,0.0,0.0,inf,0.0,90.0,0,0,0.8902805075041157,True,35.294094,-120.66766,0.0,0.0,0.0,0.0
690fd7d987825a48788a8a3b,2025-10-12 20:10:11.602,foothill,Car,0.0,0.0,0.0,0.0,0.0,0.0,0.0,inf,0.0,90.0,0,0,0.8902805075041157,True,35.294094,-120.66766,0.0,0.0,0.0,0.0
690fd7d987825a48788a8a3b,2025-10-12 20:10:11.602,foothill,Car,0.0,0.0,0.0,0.0,0.0,0.0,0.0,inf,0.0,90.0,0,0,0.8902805075041157,True,35.294094,-120.66766,0.0,0.0,0.0,0.0
690fd7d987825a48788a8a3b,2025-10-12 20:10:11.602,foothill,Car,0.0,0.0,0.0,0.0,0.0,0.0,0.0,inf,0.0,90.0,0,0,0.8902805075041157,True,35.294094,-120.66766,0.0,0.0,0.0,0.0
690fd7d987825a48788a8a3b,2025-10-12 20:10:11.602,foothill,Car,0.0,0.0,0.0,0.0,0.0,0.0,0.0,inf,0.0,90.0,0,0,0.8902805075041157,True,35.294094,-120.66766,0.0,0.0,0.0,0.0
690fd7d987825a48788a8a3b,2025-10-12 20:10:11.602,foothill,Car,0.0,0.0,0.0,0.0,0.0,0.0,0.0,inf,0.0,90.0,0,0,0.8902805075041157,True,35.294094,-120.66766,0.0,0.0,0.0,0.0
690fd7d987825a48788a8a3b,2025-10-12 20:10:11.602,foothill,Car,0.0,0.0,0.0,0.0,0.0,0.0,0.0,inf,0.0,90.0,0,0,0.8902805075041157,True,35.294094,-120.66766,0.0,0.0,0.0,0.0
690fd7d987825a48788a8a3b,2025-10-12 20:10:11.602,foothill,Car,0.0,0.0,0.0,0.0,0.0,0.0,0.0,inf,0.0,90.0,0,0,0.8902805075041157,True,35.294094,-120.66766,0.0,0.0,0.0,0.0
690fd7d987825a48788a8a3b,2025-10-12 20:10:11.602,foothill,Car,0.0,0.0,0.0,0.0,0.0,0.0,0.0,inf,0.0,90.0,0,0,0.8902805075041157,True,35.294094,-120.66766,0.0,0.0,0.0,0.0
690fd7d987825a48788a8a3b,2025-10-12 20:10:11.602,foothill,Car,0.0,0.0,0.0,0.0,0.0,0.0,0.0,inf,0.0,90.0,0,0,0.8902805075041157,True,35.294094,-120.66766,0.0,0.0,0.0,0.0
690fd7d987825a48788a8a3b,2025-10-12 20:10:11.602,foothill,Car,0.0,0.0,0.0,0.0,0.0,0.0,0.0,inf,0.0,90.0,0,0,0.8902805075041157,True,35.294094,-120.66766,0.0,0.0,0.0,0.0
690fd7d987825a48788a8a3b,2025-10-12 20:10:11.602,foothill,Car,0.0,0.0,0.0,0.0,0.0,0.0,0.0,inf,0.0,90.0,0,0,0.8902805075041157,True,35.294094,-120.66766,0.0,0.0,0.0,0.0
690fd7d987825a48788a8a3b,2025-10-12 20:10:11.602,foothill,Car,0.0,0.0,0.0,0.0,0.0,0.0,0.0,inf,0.0,90.0,0,0,0.8902805075041157,True,35.294094,-120.66766,0.0,0.0,0.0,0.0
690fd7d987825a48788a8a3b,2025-10-12 20:10:11.602,foothill,Car,0.0,0.0,0.0,0.0,0.0,0.0,0.0,inf,0.0,90.0,0,0,0.8902805075041157,True,35.294094,-120.66766,0.0,0.0,0.0,0.0
690fd7d987825a48788a8a3b,2025-10-12 20:10:11.602,foothill,Car,0.0,0.0,0.0,0.0,0.0,0.0,0.0,inf,0.0,90.0,0,0,0.8902805075041157,True,35.294094,-120.66766,0.0,0.0,0.0,0.0
690fd7d987825a48788a8a3b,2025-10-12 20:10:11.602,foothill,Car,0.0,0.0,0.0,0.0,0.0,0.0,0.0,inf,0.0,90.0,0,0,0.8902805075041157,True,35.294094,-120.66766,0.0,0.0,0.0,0.0
690fd7d987825a48788a8a3b,2025-10-12 20:10:11.602,foothill,Car,0.0,0.0,0.0,0.0,0.0,0.0,0.0,inf,0.0,90.0,0,0,0.8902805075041157,True,35.294094,-120.66766,0.0,0.0,0.0,0.0
690fd7d987825a48788a8a3b,2025-10-12 20:10:11.602,foothill,Car,0.0,0.0,0.0,0.0,0.0,0.0,0.0,inf,0.0,90.0,0,0,0.8902805075041157,True,35.294094,-120.66766,0.0,0.0,0.0,0.0
690fd7d987825a48788a8a3b,2025-10-12 20:10:11.602,foothill,Car,0.0,0.0,0.0,0.0,0.0,0.0,0.0,inf,0.0,90.0,0,0,0.8902805075041157,True,35.294094,-120.66766,0.0,0.0,0.0,0.0
690fd7d987825a48788a8a3b,2025-10-12 20:10:11.602,foothill,Car,0.0,0.0,0.0,0.0,0.0,0.0,0.0,inf,0.0,90.0,0,0,0.8902805075041157,True,35.294094,-120.66766,0.0,0.0,0.0,0.0
690fd7d987825a48788a8a3b,2025-10-12 20:10:11.602,foothill,Car,0.0,0.0,0.0,0.0,0.0,0.0,0.0,inf,0.0,90.0,0,0,0.8902805075041157,True,35.294094,-120.66766,0.0,0.0,0.0,0.0
690fd7d987825a48788a8a3b,2025-10-12 20:10:11.602,foothill,Car,0.0,0.0,0.0,0.0,0.0,0.0,0.0,inf,0.0,90.0,0,0,0.8902805075041157,True,35.294094,-120.66766,0.0,0.0,0.0,0.0
690fd7d987825a48788a8a3b,2025-10-12 20:10:11.602,foothill,Car,0.0,0.0,0.0,0.0,0.0,0.0,0.0,inf,0.0,90.0,0,0,0.8902805075041157,True,35.294094,-120.66766,0.0,0.0,0.0,0.0
690fd7d987825a48788a8a3b,2025-10-12 20:10:11.602,foothill,Car,0.0,0.0,0.0,0.0,0.0,0.0,0.0,inf,0.0,90.0,0,0,0.8902805075041157,True,35.294094,-120.66766,0.0,0.0,0.0,0.0
690fd7d987825a48788a8a3b,2025-10-12 20:10:11.602,foothill,Car,0.0,0.0,0.0,0.0,0.0,0.0,0.0,inf,0.0,90.0,0,0,0.8902805075041157,True,35.294094,-120.66766,0.0,0.0,0.0,0.0
690fd7d987825a48788a8a3b,2025-10-12 20:10:11.602,foothill,Car,0.0,0.0,0.0,0.0,0.0,0.0,0.0,inf,0.0,90.0,0,0,0.8902805075041157,True,35.294094,-120.66766,0.0,0.0,0.0,0.0
690fd7d987825a48788a8a3b,2025-10-12 20:10:11.602,foothill,Car,0.0,0.0,0.0,0.0,0.0,0.0,0.0,inf,0.0,90.0,0,0,0.8902805075041157,True,35.294094,-120.66766,0.0,0.0,0.0,0.0
690fd7d987825a48788a8a3b,2025-10-12 20:10:11.602,foothill,Car,0.0,0.0,0.0,0.0,0.0,0.0,0.0,inf,0.0,90.0,0,0,0.8902805075041157,True,35.294094,-120.66766,0.0,0.0,0.0,0.0
690fd7d987825a48788a8a3b,2025-10-12 20:10:11.602,foothill,Car,0.0,0.0,0.0,0.0,0.0,0.0,0.0,inf,0.0,90.0,0,0,0.8902805075041157,True,35.294094,-120.66766,0.0,0.0,0.0,0.0
690fd7d987825a48788a8a3b,2025-10-12 20:10:11.602,foothill,Car,0.0,0.0,0.0,0.0,0.0,0.0,0.0,inf,0.0,90.0,0,0,0.8902805075041157,True,35.294094,-120.66766,0.0,0.0,0.0,0.0
690fd7d987825a48788a8a3b,2025-10-12 20:10:11.602,foothill,Car,0.0,0.0,0.0,0.0,0.0,0.0,0.0,inf,0.0,90.0,0,0,0.8902805075041157,True,35.294094,-120.66766,0.0,0.0,0.0,0.0
690fd7d987825a48788a8a3b,2025-10-12 20:10:11.602,foothill,Car,0.0,0.0,0.0,0.0,0.0,0.0,0.0,inf,0.0,90.0,0,0,0.8902805075041157,True,35.294094,-120.66766,0.0,0.0,0.0,0.0
690fd7d987825a48788a8a3b,2025-10-12 20:10:11.602,foothill,Car,0.0,0.0,0.0,0.0,0.0,0.0,0.0,inf,0.0,90.0,0,0,0.8902805075041157,True,35.294094,-120.66766,0.0,0.0,0.0,0.0
690fd7d987825a48788a8a3b,2025-10-12 20:10:11.602,foothill,Car,0.0,0.0,0.0,0.0,0.0,0.0,0.0,inf,0.0,90.0,0,0,0.8902805075041157,True,35.294094,-120.66766,0.0,0.0,0.0,0.0
690fd7d987825a48788a8a3b,2025-10-12 20:10:11.602,foothill,Car,0.0,0.0,0.0,0.0,0.0,0.0,0.0,inf,0.0,90.0,0,0,0.8902805075041157,True,35.294094,-120.66766,0.0,0.0,0.0,0.0
690fd7d987825a48788a8a3b,2025-10-12 20:10:11.602,foothill,Car,0.0,0.0,0.0,0.0,0.0,0.0,0.0,inf,0.0,90.0,0,0,0.8902805075041157,True,35.294094,-120.66766,0.0,0.0,0.0,0.0
690fd7d987825a48788a8a3b,2025-10-12 20:10:11.602,foothill,Car,0.0,0.0,0.0,0.0,0.0,0.0,0.0,inf,0.0,90.0,0,0,0.8902805075041157,True,35.294094,-120.66766,0.0,0.0,0.0,0.0
690fd7d987825a48788a8a3b,2025-10-12 20:10:11.602,foothill,Car,0.0,0.0,0.0,0.0,0.0,0.0,0.0,inf,0.0,90.0,0,0,0.8902805075041157,True,35.294094,-120.66766,0.0,0.0,0.0,0.0
690fd7d987825a48788a8a3b,2025-10-12 20:10:11.602,foothill,Car,0.0,0.0,0.0,0.0,0.0,0.0,0.0,inf,0.0,90.0,0,0,0.8902805075041157,True,35.294094,-120.66766,0.0,0.0,0.0,0.0
690fd7d987825a48788a8a3b,2025-10-12 20:10:11.602,foothill,Car,0.0,0.0,0.0,0.0,0.0,0.0,0.0,inf,0.0,90.0,0,0,0.8902805075041157,True,35.294094,-120.66766,0.0,0.0,0.0,0.0
690fd7d987825a48788a8a3b,2025-10-12 20:10:11.602,foothill,Car,0.0,0.0,0.0,0.0,0.0,0.0,0.0,inf,0.0,90.0,0,0,0.8902805075041157,True,35.294094,-120.66766,0.0,0.0,0.0,0.0
690fd7d987825a48788a8a3b,2025-10-12 20:10:11.602,foothill,Car,0.0,0.0,0.0,0.0,0.0,0.0,0.0,inf,0.0,90.0,0,0,0.8902805075041157,True,35.294094,-120.66766,0.0,0.0,0.0,0.0
690fd7d987825a48788a8a3b,2025-10-12 20:10:11.602,foothill,Car,0.0,0.0,0.0,0.0,0.0,0.0,0.0,inf,0.0,90.0,0,0,0.8902805075041157,True,35.294094,-120.66766,0.0,0.0,0.0,0.0
690fd7d987825a48788a8a3b,2025-10-12 20:10:11.602,foothill,Car,0.0,0.0,0.0,0.0,0.0,0.0,0.0,inf,0.0,90.0,0,0,0.8902805075041157,True,35.294094,-120.66766,0.0,0.0,0.0,0.0
690fd7d987825a48788a8a3b,2025-10-12 20:10:11.602,foothill,Car,0.0,0.0,0.0,0.0,0.0,0.0,0.0,inf,0.0,90.0,0,0,0.8902805075041157,True,35.294094,-120.66766,0.0,0.0,0.0,0.0
690fd7d987825a48788a8a3b,2025-10-12 20:10:11.602,foothill,Car,0.0,0.0,0.0,0.0,0.0,0.0,0.0,inf,0.0,90.0,0,0,0.8902805075041157,True,35.294094,-120.66766,0.0,0.0,0.0,0.0
690fd7d987825a48788a8a3b,2025-10-12 20:10:11.602,foothill,Car,0.0,0.0,0.0,0.0,0.0,0.0,0.0,inf,0.0,90.0,0,0,0.8902805075041157,True,35.294094,-120.66766,0.0,0.0,0.0,0.0
690fd7d987825a48788a8a3b,2025-10-12 20:10:11.602,foothill,Car,0.0,0.0,0.0,0.0,0.0,0.0,0.0,inf,0.0,90.0,0,0,0.8902805075041157,True,35.294094,-120.66766,0.0,0.0,0.0,0.0
690fd7d987825a48788a8a3b,2025-10-12 20:10:11.602,foothill,Car,0.0,0.0,0.0,0.0,0.0,0.0,0.0,inf,0.0,90.0,0,0,0.8902805075041157,True,35.294094,-120.66766,0.0,0.0,0.0,0.0
690fd7d987825a48788a8a3b,2025-10-12 20:10:11.602,foothill,Car,0.0,0.0,0.0,0.0,0.0,0.0,0.0,inf,0.0,90.0,0,0,0.8902805075041157,True,35.294094,-120.66766,0.0,0.0,0.0,0.0
690fd7d987825a48788a8a3b,2025-10-12 20:10:11.602,foothill,Car,0.0,0.0,0.0,0.0,0.0,0.0,0.0,inf,0.0,90.0,0,0,0.8902805075041157,True,35.294094,-120.66766,0.0,0.0,0.0,0.0
690fd7d987825a48788a8a3b,2025-10-12 20:10:11.602,foothill,Car,0.0,0.0,0.0,0.0,0.0,0.0,0.0,inf,0.0,90.0,0,0,0.8902805075041157,True,35.294094,-120.66766,0.0,0.0,0.0,0.0
690fd7d987825a48788a8a3b,2025-10-12 20:10:11.602,foothill,Car,0.0,0.0,0.0,0.0,0.0,0.0,0.0,inf,0.0,90.0,0,0,0.8902805075041157,True,35.294094,-120.66766,0.0,0.0,0.0,0.0
690fd7d987825a48788a8a3b,2025-10-12 20:10:11.602,foothill,Car,0.0,0.0,0.0,0.0,0.0,0.0,0.0,inf,0.0,90.0,0,0,0.8902805075041157,True,35.294094,-120.66766,0.0,0.0,0.0,0.0
690fd7d987825a48788a8a3b,2025-10-12 20:10:11.602,foothill,Car,0.0,0.0,0.0,0.0,0.0,0.0,0.0,inf,0.0,90.0,0,0,0.8902805075041157,True,35.294094,-120.66766,0.0,0.0,0.0,0.0
690fd7d987825a48788a8a3b,2025-10-12 20:10:11.602,foothill,Car,0.0,0.0,0.0,0.0,0.0,0.0,0.0,inf,0.0,90.0,0,0,0.8902805075041157,True,35.294094,-120.66766,0.0,0.0,0.0,0.0
690fd7d987825a48788a8a3b,2025-10-12 20:10:11.602,foothill,Car,0.0,0.0,0.0,0.0,0.0,0.0,0.0,inf,0.0,90.0,0,0,0.8902805075041157,True,35.294094,-120.66766,0.0,0.0,0.0,0.0
690fd7d987825a48788a8a3b,2025-10-12 20:10:11.602,foothill,Car,0.0,0.0,0.0,0.0,0.0,0.0,0.0,inf,0.0,90.0,0,0,0.8902805075041157,True,35.294094,-120.66766,0.0,0.0,0.0,0.0
690fd7d987825a48788a8a3b,2025-10-12 20:10:11.602,foothill,Car,0.0,0.0,0.0,0.0,0.0,0.0,0.0,inf,0.0,90.0,0,0,0.8902805075041157,True,35.294094,-120.66766,0.0,0.0,0.0,0.0
690fd7d987825a48788a8a3b,2025-10-12 20:10:11.602,foothill,Car,0.0,0.0,0.0,0.0,0.0,0.0,0.0,inf,0.0,90.0,0,0,0.8902805075041157,True,35.294094,-120.66766,0.0,0.0,0.0,0.0
690fd7d987825a48788a8a3b,2025-10-12 20:10:11.602,foothill,Car,0.0,0.0,0.0,0.0,0.0,0.0,0.0,inf,0.0,90.0,0,0,0.8902805075041157,True,35.294094,-120.66766,0.0,0.0,0.0,0.0
690fd7d987825a48788a8a3b,2025-10-12 20:10:11.602,foothill,Car,0.0,0.0,0.0,0.0,0.0,0.0,0.0,inf,0.0,90.0,0,0,0.8902805075041157,True,35.294094,-120.66766,0.0,0.0,0.0,0.0
690fd7d987825a48788a8a3b,2025-10-12 20:10:11.602,foothill,Car,0.0,0.0,0.0,0.0,0.0,0.0,0.0,inf,0.0,90.0,0,0,0.8902805075041157,True,35.294094,-120.66766,0.0,0.0,0.0,0.0
690fd7d987825a48788a8a3b,2025-10-12 20:10:11.602,foothill,Car,0.0,0.0,0.0,0.0,0.0,0.0,0.0,inf,0.0,90.0,0,0,0.8902805075041157,True,35.294094,-120.66766,0.0,0.0,0.0,0.0
690fd7d987825a48788a8a3b,2025-10-12 20:10:11.602,foothill,Car,0.0,0.0,0.0,0.0,0.0,0.0,0.0,inf,0.0,90.0,0,0,0.8902805075041157,True,35.294094,-120.66766,0.0,0.0,0.0,0.0
690fd7d987825a48788a8a3b,2025-10-12 20:10:11.602,foothill,Car,0.0,0.0,0.0,0.0,0.0,0.0,0.0,inf,0.0,90.0,0,0,0.8902805075041157,True,35.294094,-120.66766,0.0,0.0,0.0,0.0
690fd7d987825a48788a8a3b,2025-10-12 20:10:11.602,foothill,Car,0.0,0.0,0.0,0.0,0.0,0.0,0.0,inf,0.0,90.0,0,0,0.8902805075041157,True,35.294094,-120.66766,0.0,0.0,0.0,0.0
690fd7d987825a48788a8a3b,2025-10-12 20:10:11.602,foothill,Car,0.0,0.0,0.0,0.0,0.0,0.0,0.0,inf,0.0,90.0,0,0,0.8902805075041157,True,35.294094,-120.66766,0.0,0.0,0.0,0.0
690fd7d987825a48788a8a3b,2025-10-12 20:10:11.602,foothill,Car,0.0,0.0,0.0,0.0,0.0,0.0,0.0,inf,0.0,90.0,0,0,0.8902805075041157,True,35.294094,-120.66766,0.0,0.0,0.0,0.0
690fd7d987825a48788a8a3b,2025-10-12 20:10:11.602,foothill,Car,0.0,0.0,0.0,0.0,0.0,0.0,0.0,inf,0.0,90.0,0,0,0.8902805075041157,True,35.294094,-120.66766,0.0,0.0,0.0,0.0
690fd7d987825a48788a8a3b,2025-10-12 20:10:11.602,foothill,Car,0.0,0.0,0.0,0.0,0.0,0.0,0.0,inf,0.0,90.0,0,0,0.8902805075041157,True,35.294094,-120.66766,0.0,0.0,0.0,0.0
690fd7d987825a48788a8a3b,2025-10-12 20:10:11.602,foothill,Car,0.0,0.0,0.0,0.0,0.0,0.0,0.0,inf,0.0,90.0,0,0,0.8902805075041157,True,35.294094,-120.66766,0.0,0.0,0.0,0.0
690fd7d987825a48788a8a3b,2025-10-12 20:10:11.602,foothill,Car,0.0,0.0,0.0,0.0,0.0,0.0,0.0,inf,0.0,90.0,0,0,0.8902805075041157,True,35.294094,-120.66766,0.0,0.0,0.0,0.0
690fd7d987825a48788a8a3b,2025-10-12 20:10:11.602,foothill,Car,0.0,0.0,0.0,0.0,0.0,0.0,0.0,inf,0.0,90.0,0,0,0.8902805075041157,True,35.294094,-120.66766,0.0,0.0,0.0,0.0
690fd7d987825a48788a8a3b,2025-10-12 20:10:11.602,foothill,Car,0.0,0.0,0.0,0.0,0.0,0.0,0.0,inf,0.0,90.0,0,0,0.8902805075041157,True,35.294094,-120.66766,0.0,0.0,0.0,0.0
690fd7d987825a48788a8a3b,2025-10-12 20:10:11.602,foothill,Car,0.0,0.0,0.0,0.0,0.0,0.0,0.0,inf,0.0,90.0,0,0,0.8902805075041157,True,35.294094,-120.66766,0.0,0.0,0.0,0.0
690fd7d987825a48788a8a3b,2025-10-12 20:10:11.602,foothill,Car,0.0,0.0,0.0,0.0,0.0,0.0,0.0,inf,0.0,90.0,0,0,0.8902805075041157,True,35.294094,-120.66766,0.0,0.0,0.0,0.0
690fd7d987825a48788a8a3b,2025-10-12 20:10:11.602,foothill,Car,0.0,0.0,0.0,0.0,0.0,0.0,0.0,inf,0.0,0.0,0,0,0.8902805075041157,True,35.294094,-120.66767,0.0,0.0,0.0,0.0
690fd7d987825a48788a8a3b,2025-10-12 20:10:11.602,foothill,Car,0.0,0.0,0.0,0.0,0.0,0.0,0.0,inf,0.0,0.0,0,0,0.8902805075041157,True,35.294094,-120.66767,0.0,0.0,0.0,0.0
690fd7d987825a48788a8a3b,2025-10-12 20:10:11.602,foothill,Car,0.0,0.0,0.0,0.0,0.0,0.0,0.0,inf,0.0,0.0,0,0,0.8902805075041157,True,35.294094,-120.66767,0.0,0.0,0.0,0.0
690fd7d987825a48788a8a3b,2025-10-12 20:10:11.602,foothill,Car,0.0,0.0,0.0,0.0,0.0,0.0,0.0,inf,0.0,0.0,0,0,0.8902805075041157,True,35.294094,-120.66767,0.0,0.0,0.0,0.0
690fd7d987825a48788a8a3b,2025-10-12 20:10:11.602,foothill,Car,0.0,0.0,0.0,0.0,0.0,0.0,0.0,inf,0.0,0.0,0,0,0.8902805075041157,True,35.294094,-120.66767,0.0,0.0,0.0,0.0
690fd7d987825a48788a8a3b,2025-10-12 20:10:11.602,foothill,Car,0.0,0.0,0.0,0.0,0.0,0.0,0.0,inf,0.0,0.0,0,0,0.8902805075041157,True,35.294094,-120.66767,0.0,0.0,0.0,0.0
690fd7d987825a48788a8a3b,2025-10-12 20:10:11.602,foothill,Car,0.0,0.0,0.0,0.0,0.0,0.0,0.0,inf,0.0,0.0,0,0,0.8902805075041157,True,35.294094,-120.66767,0.0,0.0,0.0,0.0
690fd7d987825a48788a8a3b,2025-10-12 20:10:11.602,foothill,Car,0.0,0.0,0.0,0.0,0.0,0.0,0.0,inf,0.0,0.0,0,0,0.8902805075041157,True,35.294094,-120.66767,0.0,0.0,0.0,0.0
690fd7d987825a48788a8a3b,2025-10-12 20:10:11.602,foothill,Car,0.0,0.0,0.0,0.0,0.0,0.0,0.0,inf,0.0,0.0,0,0,0.8902805075041157,True,35.294094,-120.66767,0.0,0.0,0.0,0.0
690fd7d987825a48788a8a3b,2025-10-12 20:10:11.602,foothill,Car,0.0,0.0,0.0,0.0,0.0,0.0,0.0,inf,0.0,0.0,0,0,0.8902805075041157,True,35.294094,-120.66767,0.0,0.0,0.0,0.0
690fd7d987825a48788a8a3b,2025-10-12 20:10:11.602,foothill,Car,0.0,0.0,0.0,0.0,0.0,0.0,0.0,inf,0.0,0.0,0,0,0.8902805075041157,True,35.294094,-120.66767,0.0,0.0,0.0,0.0
690fd7d987825a48788a8a3b,2025-10-12 20:10:11.602,foothill,Car,0.0,0.0,0.0,0.0,0.0,0.0,0.0,inf,0.0,0.0,0,0,0.8902805075041157,True,35.294094,-120.66767,0.0,0.0,0.0,0.0
690fd7d987825a48788a8a3b,2025-10-12 20:10:11.602,foothill,Car,0.0,0.0,0.0,0.0,0.0,0.0,0.0,inf,0.0,0.0,0,0,0.8902805075041157,True,35.294094,-120.66767,0.0,0.0,0.0,0.0
690fd7d987825a48788a8a3b,2025-10-12 20:10:11.602,foothill,Car,0.0,0.0,0.0,0.0,0.0,0.0,0.0,inf,0.0,0.0,0,0,0.8902805075041157,True,35.294094,-120.66767,0.0,0.0,0.0,0.0
690fd7d987825a48788a8a3b,2025-10-12 20:10:11.602,foothill,Car,0.0,0.0,0.0,0.0,0.0,0.0,0.0,inf,0.0,0.0,0,0,0.8902805075041157,True,35.294094,-120.66767,0.0,0.0,0.0,0.0
690fd7d987825a48788a8a3b,2025-10-12 20:10:11.602,foothill,Car,0.0,0.0,0.0,0.0,0.0,0.0,0.0,inf,0.0,0.0,0,0,0.8902805075041157,True,35.294094,-120.66767,0.0,0.0,0.0,0.0
690fd7d987825a48788a8a3b,2025-10-12 20:10:11.602,foothill,Car,0.0,0.0,0.0,0.0,0.0,0.0,0.0,inf,0.0,0.0,0,0,0.8902805075041157,True,35.294094,-120.66767,0.0,0.0,0.0,0.0
690fd7d987825a48788a8a3b,2025-10-12 20:10:11.602,foothill,Car,0.0,0.0,0.0,0.0,0.0,0.0,0.0,inf,0.0,0.0,0,0,0.8902805075041157,True,35.294094,-120.66767,0.0,0.0,0.0,0.0
690fd7d987825a48788a8a3b,2025-10-12 20:10:11.602,foothill,Car,0.0,0.0,0.0,0.0,0.0,0.0,0.0,inf,0.0,0.0,0,0,0.8902805075041157,True,35.294094,-120.66767,0.0,0.0,0.0,0.0
690fd7d987825a48788a8a3b,2025-10-12 20:10:11.602,foothill,Car,0.0,0.0,0.0,0.0,0.0,0.0,0.0,inf,0.0,0.0,0,0,0.8902805075041157,True,35.294094,-120.66767,0.0,0.0,0.0,0.0
690fd7d987825a48788a8a3b,2025-10-12 20:10:11.602,foothill,Car,0.0,0.0,0.0,0.0,0.0,0.0,0.0,inf,0.0,0.0,0,0,0.8902805075041157,True,35.294094,-120.66767,0.0,0.0,0.0,0.0
690fd7d987825a48788a8a3b,2025-10-12 20:10:11.602,foothill,Car,0.0,0.0,0.0,0.0,0.0,0.0,0.0,inf,0.0,0.0,0,0,0.8902805075041157,True,35.294094,-120.66767,0.0,0.0,0.0,0.0
690fd7d987825a48788a8a3b,2025-10-12 20:10:11.602,foothill,Car,0.0,0.0,0.0,0.0,0.0,0.0,0.0,inf,0.0,0.0,0,0,0.8902805075041157,True,35.294094,-120.66767,0.0,0.0,0.0,0.0
690fd7d987825a48788a8a3b,2025-10-12 20:10:11.602,foothill,Car,0.0,0.0,0.0,0.0,0.0,0.0,0.0,inf,0.0,0.0,0,0,0.8902805075041157,True,35.294094,-120.66767,0.0,0.0,0.0,0.0
690fd7d987825a48788a8a3b,2025-10-12 20:10:11.602,foothill,Car,0.0,0.0,0.0,0.0,0.0,0.0,0.0,inf,0.0,0.0,0,0,0.8902805075041157,True,35.294094,-120.66767,0.0,0.0,0.0,0.0
690fd7d987825a48788a8a3b,2025-10-12 20:10:11.602,foothill,Car,0.0,0.0,0.0,0.0,0.0,0.0,0.0,inf,0.0,0.0,0,0,0.8902805075041157,True,35.294094,-120.66767,0.0,0.0,0.0,0.0
690fd7d987825a48788a8a3b,2025-10-12 20:10:11.602,foothill,Car,0.0,0.0,0.0,0.0,0.0,0.0,0.0,inf,0.0,0.0,0,0,0.8902805075041157,True,35.294094,-120.66767,0.0,0.0,0.0,0.0
690fd7d987825a48788a8a3b,2025-10-12 20:10:11.602,foothill,Car,0.0,0.0,0.0,0.0,0.0,0.0,0.0,inf,0.0,0.0,0,0,0.8902805075041157,True,35.294094,-120.66767,0.0,0.0,0.0,0.0
690fd7d987825a48788a8a3b,2025-10-12 20:10:11.602,foothill,Car,0.0,0.0,0.0,0.0,0.0,0.0,0.0,inf,0.0,0.0,0,0,0.8902805075041157,True,35.294094,-120.66767,0.0,0.0,0.0,0.0
690fd7d987825a48788a8a3b,2025-10-12 20:10:11.602,foothill,Car,0.0,0.0,0.0,0.0,0.0,0.0,0.0,inf,0.0,0.0,0,0,0.8902805075041157,True,35.294094,-120.66767,0.0,0.0,0.0,0.0
690fd7d987825a48788a8a3b,2025-10-12 20:10:11.602,foothill,Car,0.0,0.0,0.0,0.0,0.0,0.0,0.0,inf,0.0,0.0,0,0,0.8902805075041157,True,35.294094,-120.66767,0.0,0.0,0.0,0.0
690fd7d987825a48788a8a3b,2025-10-12 20:10:11.602,foothill,Car,0.0,0.0,0.0,0.0,0.0,0.0,0.0,inf,0.0,0.0,0,0,0.8902805075041157,True,35.294094,-120.66767,0.0,0.0,0.0,0.0
690fd7d987825a48788a8a3b,2025-10-12 20:10:11.602,foothill,Car,0.0,0.0,0.0,0.0,0.0,0.0,0.0,inf,0.0,0.0,0,0,0.8902805075041157,True,35.294094,-120.66767,0.0,0.0,0.0,0.0
690fd7d987825a48788a8a3b,2025-10-12 20:10:11.602,foothill,Car,0.0,0.0,0.0,0.0,0.0,0.0,0.0,inf,0.0,0.0,0,0,0.8902805075041157,True,35.294094,-120.66767,0.0,0.0,0.0,0.0
690fd7d987825a48788a8a3b,2025-10-12 20:10:11.602,foothill,Car,0.0,0.0,0.0,0.0,0.0,0.0,0.0,inf,0.0,0.0,0,0,0.8902805075041157,True,35.294094,-120.66767,0.0,0.0,0.0,0.0
690fd7d987825a48788a8a3b,2025-10-12 20:10:11.602,foothill,Car,0.0,0.0,0.0,0.0,0.0,0.0,0.0,inf,0.0,0.0,0,0,0.8902805075041157,True,35.294094,-120.66767,0.0,0.0,0.0,0.0
690fd7d987825a48788a8a3b,2025-10-12 20:10:11.602,foothill,Car,0.0,0.0,0.0,0.0,0.0,0.0,0.0,inf,0.0,0.0,0,0,0.8902805075041157,True,35.294094,-120.66767,0.0,0.0,0.0,0.0
690fd7d987825a48788a8a3b,2025-10-12 20:10:11.602,foothill,Car,0.0,0.0,0.0,0.0,0.0,0.0,0.0,inf,0.0,0.0,0,0,0.8902805075041157,True,35.294094,-120.66767,0.0,0.0,0.0,0.0
690fd7d987825a48788a8a3b,2025-10-12 20:10:11.602,foothill,Car,0.0,0.0,0.0,0.0,0.0,0.0,0.0,inf,0.0,0.0,0,0,0.8902805075041157,True,35.294094,-120.66767,0.0,0.0,0.0,0.0
690fd7d987825a48788a8a3b,2025-10-12 20:10:11.602,foothill,Car,0.0,0.0,0.0,0.0,0.0,0.0,0.0,inf,0.0,0.0,0,0,0.8902805075041157,True,35.294094,-120.66767,0.0,0.0,0.0,0.0
690fd7d987825a48788a8a3b,2025-10-12 20:10:11.602,foothill,Car,0.0,0.0,0.0,0.0,0.0,0.0,0.0,inf,0.0,0.0,0,0,0.8902805075041157,True,35.294094,-120.66767,0.0,0.0,0.0,0.0
690fd7d987825a48788a8a3c,2025-10-12 20:10:17.740,foothill,Car,8.142691,0.0,0.0,0.0,0.0,0.6924216151237488,-8.142690658569336,0.0850359722971916,0.0,90.0,1,0,0.7911563973326843,True,35.294003,-120.66811,0.1,0.0,0.0,0.0
690fd7d987825a48788a8a3c,2025-10-12 20:10:17.740,foothill,Car,8.142691,0.0,0.0,90.0,90.0,0.4241749942302704,8.142690658569336,inf,0.0,90.0,0,0,0.7911563973326843,True,35.294003,-120.668106,0.0,0.0,0.0,0.0
690fd7d987825a48788a8a3c,2025-10-12 20:10:17.740,foothill,Car,8.142691,0.0,0.0,180.0,90.0,0.4241749942302704,8.142690658569336,inf,0.0,90.0,0,0,0.7911563973326843,True,35.294,-120.668106,0.0,0.0,0.0,0.0
690fd7d987825a48788a8a3c,2025-10-12 20:10:17.740,foothill,Car,8.142691,0.0,0.0,81.29285,-98.70715,0.0,0.0,inf,0.0,0.0,0,0,0.7911563973326843,True,35.294003,-120.6681,0.0,0.0,0.0,0.0
690fd7d987825a48788a8a3c,2025-10-12 20:10:17.740,foothill,Car,8.142691,0.0,0.0,0.0,-81.29285,0.0,0.0,inf,0.0,81.2928466796875,0,0,0.7911563973326843,True,35.294003,-120.6681,0.0,0.0,0.0,0.0
690fd7d987825a48788a8a3c,2025-10-12 20:10:17.740,foothill,Car,8.142691,0.0,0.0,0.0,0.0,0.0,0.0,inf,0.0,81.2928466796875,0,0,0.7911563973326843,True,35.294003,-120.6681,0.0,0.0,0.0,0.0
690fd7d987825a48788a8a3c,2025-10-12 20:10:17.740,foothill,Car,8.142691,0.0,0.0,0.0,0.0,0.8120172619819641,1.6878023147583008,inf,0.0,81.2928466796875,0,0,0.7911563973326843,True,35.294006,-120.66809,0.0,0.0,0.0,0.0
690fd7d987825a48788a8a3c,2025-10-12 20:10:17.740,foothill,Car,8.142691,0.0,0.0,114.67627,114.67627,0.0,0.0,inf,0.0,0.0,0,0,0.7911563973326843,True,35.294003,-120.66808,0.0,0.0,0.0,0.0
690fd7d987825a48788a8a3c,2025-10-12 20:10:17.740,foothill,Car,8.142691,0.0,0.0,0.0,-114.67627,0.0,0.0,inf,0.0,114.67626953125,0,0,0.7911563973326843,True,35.294003,-120.66808,0.0,0.0,0.0,0.0
690fd7d987825a48788a8a3c,2025-10-12 20:10:17.740,foothill,Car,8.142691,0.0,0.0,0.0,0.0,0.0,0.0,inf,0.0,0.0,0,0,0.7911563973326843,True,35.294003,-120.668076,0.0,0.0,0.0,0.0
690fd7d987825a48788a8a3c,2025-10-12 20:10:17.740,foothill,Car,8.142691,0.0,0.0,0.0,0.0,0.0,0.0,inf,0.0,0.0,0,0,0.7911563973326843,True,35.294003,-120.668076,0.0,0.0,0.0,0.0
690fd7d987825a48788a8a3c,2025-10-12 20:10:17.740,foothill,Car,8.142691,0.0,0.0,90.0,90.0,0.6924216151237488,-8.142690658569336,0.0850359722971916,0.0,90.0,0,0,0.7911563973326843,True,35.294003,-120.66807,0.0,0.0,0.0,0.0
690fd7d987825a48788a8a3c,2025-10-12 20:10:17.740,foothill,Car,8.142691,0.0,0.0,0.0,-90.0,0.0,0.0,inf,0.0,0.0,0,0,0.7911563973326843,True,35.294003,-120.66806,0.0,0.0,0.0,0.0
690fd7d987825a48788a8a3c,2025-10-12 20:10:17.740,foothill,Car,8.142691,0.0,0.0,0.0,0.0,0.0,0.0,inf,0.0,0.0,0,0,0.7911563973326843,True,35.294003,-120.66806,0.0,0.0,0.0,0.0
690fd7d987825a48788a8a3c,2025-10-12 20:10:17.740,foothill,Car,8.142691,0.0,0.0,90.0,90.0,0.0,0.0,inf,0.0,0.0,0,0,0.7911563973326843,True,35.294003,-120.66805,0.0,0.0,0.0,0.0
690fd7d987825a48788a8a3c,2025-10-12 20:10:17.740,foothill,Car,8.142691,0.0,0.0,0.0,-90.0,0.0,0.0,inf,0.0,90.0,0,0,0.7911563973326843,True,35.294003,-120.66805,0.0,0.0,0.0,0.0
690fd7d987825a48788a8a3c,2025-10-12 20:10:17.740,foothill,Car,8.142691,0.0,0.0,0.0,0.0,0.6924216151237488,8.142690658569336,inf,0.0,90.0,0,0,0.7911563973326843,True,35.294003,-120.668045,0.0,0.0,0.0,0.0
690fd7d987825a48788a8a3c,2025-10-12 20:10:17.740,foothill,Car,8.142691,0.0,0.0,90.0,90.0,0.0,0.0,inf,0.0,0.0,0,0,0.7911563973326843,True,35.294003,-120.66804,0.0,0.0,0.0,0.0
690fd7d987825a48788a8a3c,2025-10-12 20:10:17.740,foothill,Car,8.142691,0.0,0.0,0.0,-90.0,0.0,0.0,inf,0.0,90.0,0,0,0.7911563973326843,True,35.294003,-120.66804,0.0,0.0,0.0,0.0
690fd7d987825a48788a8a3c,2025-10-12 20:10:17.740,foothill,Car,8.142691,0.0,0.0,90.0,90.0,0.6924216151237488,0.0,inf,0.0,0.0,0,0,0.7911563973326843,True,35.294003,-120.66803,0.0,0.0,0.0,0.0
690fd7d987825a48788a8a3c,2025-10-12 20:10:17.740,foothill,Car,8.142691,0.0,0.0,0.0,-90.0,0.0,0.0,inf,0.0,0.0,0,0,0.7911563973326843,True,35.294003,-120.66802,0.0,0.0,0.0,0.0
690fd7d987825a48788a8a3c,2025-10-12 20:10:17.740,foothill,Car,8.142691,0.0,0.0,0.0,0.0,0.0,0.0,inf,0.0,0.0,0,0,0.7911563973326843,True,35.294003,-120.66802,0.0,0.0,0.0,0.0
690fd7d987825a48788a8a3c,2025-10-12 20:10:17.740,foothill,Car,8.142691,0.0,0.0,90.0,90.0,0.6924216151237488,8.142690658569336,inf,0.0,90.0,0,0,0.7911563973326843,True,35.294003,-120.668015,0.0,0.0,0.0,0.0
690fd7d987825a48788a8a3c,2025-10-12 20:10:17.740,foothill,Car,8.142691,0.0,0.0,0.0,-90.0,0.0,0.0,inf,0.0,0.0,0,0,0.7911563973326843,True,35.294003,-120.66801,0.0,0.0,0.0,0.0
690fd7d987825a48788a8a3c,2025-10-12 20:10:17.740,foothill,Car,8.142691,0.0,0.0,0.0,0.0,0.0,0.0,inf,0.0,0.0,0,0,0.7911563973326843,True,35.294003,-120.66801,0.0,0.0,0.0,0.0
690fd7d987825a48788a8a3c,2025-10-12 20:10:17.740,foothill,Car,8.142691,0.0,0.0,90.0,90.0,0.6924216151237488,-8.142690658569336,0.0850359722971916,0.0,90.0,0,0,0.7911563973326843,True,35.294003,-120.668,0.0,0.0,0.0,0.0
690fd7d987825a48788a8a3c,2025-10-12 20:10:17.740,foothill,Car,8.142691,0.0,0.0,0.0,-90.0,0.0,0.0,inf,0.0,0.0,0,0,0.7911563973326843,True,35.294003,-120.66799,0.0,0.0,0.0,0.0
690fd7d987825a48788a8a3c,2025-10-12 20:10:17.740,foothill,Car,8.142691,0.0,0.0,0.0,0.0,0.0,0.0,inf,0.0,0.0,0,0,0.7911563973326843,True,35.294003,-120.66799,0.0,0.0,0.0,0.0
690fd7d987825a48788a8a3c,2025-10-12 20:10:17.740,foothill,Car,8.142691,0.0,0.0,90.0,90.0,0.6924216151237488,-8.142690658569336,0.0850359722971916,0.0,90.0,0,0,0.7911563973326843,True,35.294003,-120.667984,0.0,0.0,0.0,0.0
690fd7d987825a48788a8a3c,2025-10-12 20:10:17.740,foothill,Car,8.142691,0.0,0.0,0.0,-90.0,0.0,0.0,inf,0.0,0.0,0,0,0.7911563973326843,True,35.294003,-120.66798,0.0,0.0,0.0,0.0
690fd7d987825a48788a8a3c,2025-10-12 20:10:17.740,foothill,Car,8.142691,0.0,0.0,0.0,0.0,0.0,0.0,inf,0.0,0.0,0,0,0.7911563973326843,True,35.294003,-120.66798,0.0,0.0,0.0,0.0
690fd7d987825a48788a8a3c,2025-10-12 20:10:17.740,foothill,Car,8.142691,0.0,0.0,98.70715,98.70715,0.6924216151237488,1.2326749563217163,inf,0.0,8.7071533203125,0,0,0.7911563973326843,True,35.294,-120.66797,0.0,0.0,0.0,0.0
690fd7d987825a48788a8a3c,2025-10-12 20:10:17.740,foothill,Car,8.142691,0.0,0.0,90.0,-8.707153,0.6924216151237488,1.2326749563217163,inf,0.0,8.7071533203125,0,0,0.7911563973326843,True,35.294,-120.66796,0.0,0.0,0.0,0.0
690fd7d987825a48788a8a3c,2025-10-12 20:10:17.740,foothill,Car,8.142691,0.0,0.0,0.0,-90.0,0.0,0.0,inf,0.0,0.0,0,0,0.7911563973326843,True,35.294,-120.66795,0.0,0.0,0.0,0.0
690fd7d987825a48788a8a3c,2025-10-12 20:10:17.740,foothill,Car,8.142691,0.0,0.0,0.0,0.0,0.0,0.0,inf,0.0,0.0,0,0,0.7911563973326843,True,35.294,-120.66795,0.0,0.0,0.0,0.0
690fd7d987825a48788a8a3c,2025-10-12 20:10:17.740,foothill,Car,8.142691,0.0,0.0,90.0,90.0,0.6924216151237488,-8.142690658569336,0.0850359722971916,0.0,90.0,0,0,0.7911563973326843,True,35.294,-120.667946,0.0,0.0,0.0,0.0
690fd7d987825a48788a8a3c,2025-10-12 20:10:17.740,foothill,Car,8.142691,0.0,0.0,0.0,-90.0,0.6924216151237488,8.142690658569336,inf,0.0,90.0,0,0,0.7911563973326843,True,35.294,-120.66794,0.0,0.0,0.0,0.0
690fd7d987825a48788a8a3c,2025-10-12 20:10:17.740,foothill,Car,8.142691,0.0,0.0,81.29285,81.29285,0.0,0.0,inf,0.0,0.0,0,0,0.7911563973326843,True,35.294003,-120.66793,0.0,0.0,0.0,0.0
690fd7d987825a48788a8a3c,2025-10-12 20:10:17.740,foothill,Car,8.142691,0.0,0.0,0.0,-81.29285,0.0,0.0,inf,0.0,81.2928466796875,0,0,0.7911563973326843,True,35.294003,-120.66793,0.0,0.0,0.0,0.0
690fd7d987825a48788a8a3c,2025-10-12 20:10:17.740,foothill,Car,8.142691,0.0,0.0,0.0,0.0,0.6924216151237488,6.91001558303833,inf,0.0,81.2928466796875,0,0,0.7911563973326843,True,35.294003,-120.66792,0.0,0.0,0.0,0.0
690fd7d987825a48788a8a3c,2025-10-12 20:10:17.740,foothill,Car,8.142691,0.0,0.0,98.70715,98.70715,0.6924216151237488,1.2326749563217163,inf,0.0,8.7071533203125,0,0,0.7911563973326843,True,35.294,-120.667915,0.0,0.0,0.0,0.0
690fd7d987825a48788a8a3c,2025-10-12 20:10:17.740,foothill,Car,8.142691,0.0,0.0,90.0,-8.707153,0.6924216151237488,1.2326749563217163,inf,0.0,8.7071533203125,0,0,0.7911563973326843,True,35.294,-120.66791,0.0,0.0,0.0,0.0
690fd7d987825a48788a8a3c,2025-10-12 20:10:17.740,foothill,Car,8.142691,0.0,0.0,0.0,-90.0,0.0,0.0,inf,0.0,0.0,0,0,0.7911563973326843,True,35.294,-120.6679,0.0,0.0,0.0,0.0
690fd7d987825a48788a8a3c,2025-10-12 20:10:17.740,foothill,Car,8.142691,0.0,0.0,0.0,0.0,0.0,0.0,inf,0.0,0.0,0,0,0.7911563973326843,True,35.294,-120.6679,0.0,0.0,0.0,0.0
690fd7d987825a48788a8a3c,2025-10-12 20:10:17.740,foothill,Car,8.142691,0.0,0.0,90.0,90.0,0.6924216151237488,8.142690658569336,inf,0.0,90.0,0,0,0.7911563973326843,True,35.294,-120.66789,0.0,0.0,0.0,0.0
690fd7d987825a48788a8a3c,2025-10-12 20:10:17.740,foothill,Car,8.142691,0.0,0.0,0.0,-90.0,0.6924216151237488,8.142690658569336,inf,0.0,90.0,0,0,0.7911563973326843,True,35.294,-120.667885,0.0,0.0,0.0,0.0
690fd7d987825a48788a8a3c,2025-10-12 20:10:17.740,foothill,Car,8.142691,0.0,0.0,81.29285,81.29285,0.0,0.0,inf,0.0,0.0,0,0,0.7911563973326843,True,35.294003,-120.66788,0.0,0.0,0.0,0.0
690fd7d987825a48788a8a3c,2025-10-12 20:10:17.740,foothill,Car,8.142691,0.0,0.0,0.0,-81.29285,0.0,0.0,inf,0.0,81.2928466796875,0,0,0.7911563973326843,True,35.294003,-120.66788,0.0,0.0,0.0,0.0
690fd7d987825a48788a8a3c,2025-10-12 20:10:17.740,foothill,Car,8.142691,0.0,0.0,0.0,0.0,0.6924216151237488,-8.142690658569336,0.0850359722971916,0.0,90.0,0,0,0.7911563973326843,True,35.294003,-120.66787,0.0,0.0,0.0,0.0
690fd7d987825a48788a8a3c,2025-10-12 20:10:17.740,foothill,Car,8.142691,0.0,0.0,90.0,90.0,0.0,0.0,inf,0.0,0.0,0,0,0.7911563973326843,True,35.294003,-120.66786,0.0,0.0,0.0,0.0
690fd7d987825a48788a8a3c,2025-10-12 20:10:17.740,foothill,Car,8.142691,0.0,0.0,0.0,-90.0,0.0,0.0,inf,0.0,90.0,0,0,0.7911563973326843,True,35.294003,-120.66786,0.0,0.0,0.0,0.0
690fd7d987825a48788a8a3c,2025-10-12 20:10:17.740,foothill,Car,8.142691,0.0,0.0,0.0,0.0,0.6924216151237488,8.142690658569336,inf,0.0,90.0,0,0,0.7911563973326843,True,35.294003,-120.667854,0.0,0.0,0.0,0.0
690fd7d987825a48788a8a3c,2025-10-12 20:10:17.740,foothill,Car,8.142691,0.0,0.0,90.0,90.0,0.6924216151237488,0.0,inf,0.0,0.0,0,0,0.7911563973326843,True,35.294003,-120.66785,0.0,0.0,0.0,0.0
690fd7d987825a48788a8a3c,2025-10-12 20:10:17.740,foothill,Car,8.142691,0.0,0.0,90.0,0.0,0.0,0.0,inf,0.0,0.0,0,0,0.7911563973326843,True,35.294003,-120.66784,0.0,0.0,0.0,0.0
690fd7d987825a48788a8a3c,2025-10-12 20:10:17.740,foothill,Car,8.142691,0.0,0.0,0.0,-90.0,0.0,0.0,inf,0.0,90.0,0,0,0.7911563973326843,True,35.294003,-120.66784,0.0,0.0,0.0,0.0
690fd7d987825a48788a8a3c,2025-10-12 20:10:17.740,foothill,Car,8.142691,0.0,0.0,0.0,0.0,0.6924216151237488,0.0,inf,0.0,0.0,0,0,0.7911563973326843,True,35.294003,-120.66783,0.0,0.0,0.0,0.0
690fd7d987825a48788a8a3c,2025-10-12 20:10:17.740,foothill,Car,8.142691,0.0,0.0,90.0,90.0,0.0,0.0,inf,0.0,0.0,0,0,0.7911563973326843,True,35.294003,-120.66782,0.0,0.0,0.0,0.0
690fd7d987825a48788a8a3c,2025-10-12 20:10:17.740,foothill,Car,8.142691,0.0,0.0,0.0,-90.0,0.0,0.0,inf,0.0,90.0,0,0,0.7911563973326843,True,35.294003,-120.66782,0.0,0.0,0.0,0.0
690fd7d987825a48788a8a3c,2025-10-12 20:10:17.740,foothill,Car,8.142691,0.0,0.0,0.0,0.0,0.6924216151237488,8.142690658569336,inf,0.0,90.0,0,0,0.7911563973326843,True,35.294003,-120.667816,0.0,0.0,0.0,0.0
690fd7d987825a48788a8a3c,2025-10-12 20:10:17.740,foothill,Car,8.142691,0.0,0.0,65.3237,65.3237,0.0,0.0,inf,0.0,0.0,0,0,0.7911563973326843,True,35.294006,-120.66781,0.0,0.0,0.0,0.0
690fd7d987825a48788a8a3c,2025-10-12 20:10:17.740,foothill,Car,8.142691,0.0,0.0,0.0,-65.3237,0.0,0.0,inf,0.0,65.32369995117188,0,0,0.7911563973326843,True,35.294006,-120.66781,0.0,0.0,0.0,0.0
690fd7d987825a48788a8a3c,2025-10-12 20:10:17.740,foothill,Car,8.142691,0.0,0.0,0.0,0.0,0.692421555519104,-8.142690658569336,0.085035964846611,0.0,90.0,0,0,0.7911563973326843,True,35.294006,-120.6678,0.0,0.0,0.0,0.0
690fd7d987825a48788a8a3c,2025-10-12 20:10:17.740,foothill,Car,8.142691,0.0,0.0,90.0,90.0,0.0,0.0,inf,0.0,0.0,0,0,0.7911563973326843,True,35.294006,-120.66779,0.0,0.0,0.0,0.0
690fd7d987825a48788a8a3c,2025-10-12 20:10:17.740,foothill,Car,8.142691,0.0,0.0,0.0,-90.0,0.0,0.0,inf,0.0,90.0,0,0,0.7911563973326843,True,35.294006,-120.66779,0.0,0.0,0.0,0.0
690fd7d987825a48788a8a3c,2025-10-12 20:10:17.740,foothill,Car,8.142691,0.0,0.0,0.0,0.0,0.692421555519104,8.142690658569336,inf,0.0,90.0,0,0,0.7911563973326843,True,35.294006,-120.667786,0.0,0.0,0.0,0.0
690fd7d987825a48788a8a3c,2025-10-12 20:10:17.740,foothill,Car,8.142691,0.0,0.0,90.0,90.0,0.692421555519104,0.0,inf,0.0,0.0,0,0,0.7911563973326843,True,35.294006,-120.66778,0.0,0.0,0.0,0.0
690fd7d987825a48788a8a3c,2025-10-12 20:10:17.740,foothill,Car,8.142691,0.0,0.0,90.0,0.0,0.692421555519104,0.0,inf,0.0,0.0,0,0,0.7911563973326843,True,35.294006,-120.66777,0.0,0.0,0.0,0.0
690fd7d987825a48788a8a3c,2025-10-12 20:10:17.740,foothill,Car,8.142691,0.0,0.0,0.0,-90.0,0.0,0.0,inf,0.0,0.0,0,0,0.7911563973326843,True,35.294006,-120.66776,0.0,0.0,0.0,0.0
690fd7d987825a48788a8a3c,2025-10-12 20:10:17.740,foothill,Car,8.142691,0.0,0.0,0.0,0.0,0.0,0.0,inf,0.0,0.0,0,0,0.7911563973326843,True,35.294006,-120.66776,0.0,0.0,0.0,0.0
690fd7d987825a48788a8a3c,2025-10-12 20:10:17.740,foothill,Car,8.142691,0.0,0.0,90.0,90.0,0.692421555519104,-8.142690658569336,0.085035964846611,0.0,90.0,0,0,0.7911563973326843,True,35.294006,-120.667755,0.0,0.0,0.0,0.0
690fd7d987825a48788a8a3c,2025-10-12 20:10:17.740,foothill,Car,8.142691,0.0,0.0,0.0,-90.0,0.692421555519104,-8.142690658569336,0.085035964846611,0.0,90.0,0,0,0.7911563973326843,True,35.29401,-120.66775,0.0,0.0,0.0,0.0
690fd7d987825a48788a8a3c,2025-10-12 20:10:17.740,foothill,Car,8.142691,0.0,0.0,90.0,90.0,0.0,0.0,inf,0.0,0.0,0,0,0.7911563973326843,True,35.29401,-120.66774,0.0,0.0,0.0,0.0
690fd7d987825a48788a8a3c,2025-10-12 20:10:17.740,foothill,Car,8.142691,0.0,0.0,0.0,-90.0,0.0,0.0,inf,0.0,90.0,0,0,0.7911563973326843,True,35.29401,-120.66774,0.0,0.0,0.0,0.0
690fd7d987825a48788a8a3c,2025-10-12 20:10:17.740,foothill,Car,8.142691,0.0,0.0,0.0,0.0,0.692421555519104,-8.142690658569336,0.085035964846611,0.0,90.0,0,0,0.7911563973326843,True,35.29401,-120.66773,0.0,0.0,0.0,0.0
690fd7d987825a48788a8a3c,2025-10-12 20:10:17.740,foothill,Car,8.142691,0.0,0.0,90.0,90.0,0.692421555519104,-8.142690658569336,0.085035964846611,0.0,90.0,0,0,0.7911563973326843,True,35.29401,-120.667725,0.0,0.0,0.0,0.0
690fd7d987825a48788a8a3c,2025-10-12 20:10:17.740,foothill,Car,8.142691,0.0,0.0,0.0,-90.0,0.692421555519104,8.142690658569336,inf,0.0,90.0,0,0,0.7911563973326843,True,35.29401,-120.66772,0.0,0.0,0.0,0.0
690fd7d987825a48788a8a3c,2025-10-12 20:10:17.740,foothill,Car,8.142691,0.0,0.0,90.0,90.0,0.0,0.0,inf,0.0,0.0,0,0,0.7911563973326843,True,35.29401,-120.66771,0.0,0.0,0.0,0.0
690fd7d987825a48788a8a3c,2025-10-12 20:10:17.740,foothill,Car,8.142691,0.0,0.0,0.0,-90.0,0.0,0.0,inf,0.0,90.0,0,0,0.7911563973326843,True,35.29401,-120.66771,0.0,0.0,0.0,0.0
690fd7d987825a48788a8a3c,2025-10-12 20:10:17.740,foothill,Car,8.142691,0.0,0.0,90.0,90.0,0.692421555519104,8.142690658569336,inf,0.0,90.0,0,0,0.7911563973326843,True,35.29401,-120.6677,0.0,0.0,0.0,0.0
690fd7d987825a48788a8a3c,2025-10-12 20:10:17.740,foothill,Car,8.142691,0.0,0.0,0.0,-90.0,0.692421555519104,8.142690658569336,inf,0.0,90.0,0,0,0.7911563973326843,True,35.29401,-120.667694,0.0,0.0,0.0,0.0
690fd7d987825a48788a8a3c,2025-10-12 20:10:17.740,foothill,Car,8.142691,0.0,0.0,90.0,90.0,0.0,0.0,inf,0.0,0.0,0,0,0.7911563973326843,True,35.29401,-120.66769,0.0,0.0,0.0,0.0
690fd7d987825a48788a8a3c,2025-10-12 20:10:17.740,foothill,Car,8.142691,0.0,0.0,0.0,-90.0,0.0,0.0,inf,0.0,90.0,0,0,0.7911563973326843,True,35.29401,-120.66769,0.0,0.0,0.0,0.0
690fd7d987825a48788a8a3c,2025-10-12 20:10:17.740,foothill,Car,8.142691,0.0,0.0,0.0,0.0,0.692421555519104,-8.142690658569336,0.085035964846611,0.0,90.0,0,0,0.7911563973326843,True,35.29401,-120.66768,0.0,0.0,0.0,0.0
690fd7d987825a48788a8a3c,2025-10-12 20:10:17.740,foothill,Car,8.142691,0.0,0.0,90.0,90.0,0.692421555519104,-8.142690658569336,0.085035964846611,0.0,90.0,0,0,0.7911563973326843,True,35.29401,-120.66767,0.0,0.0,0.0,0.0
690fd7d987825a48788a8a3c,2025-10-12 20:10:17.740,foothill,Car,8.142691,0.0,0.0,0.0,-90.0,0.692421555519104,8.142690658569336,inf,0.0,90.0,0,0,0.7911563973326843,True,35.29401,-120.66766,0.0,0.0,0.0,0.0
690fd7d987825a48788a8a3c,2025-10-12 20:10:17.740,foothill,Car,8.142691,0.0,0.0,81.29285,81.29285,0.6924214959144592,-1.2326749563217163,0.5617226958274841,0.0,8.7071533203125,0,0,0.7911563973326843,True,35.294014,-120.667656,0.0,0.0,0.0,0.0
690fd7d987825a48788a8a3c,2025-10-12 20:10:17.740,foothill,Car,8.142691,0.0,0.0,90.0,8.707153,0.0,0.0,inf,0.0,0.0,0,0,0.7911563973326843,True,35.294014,-120.66765,0.0,0.0,0.0,0.0
690fd7d987825a48788a8a3c,2025-10-12 20:10:17.740,foothill,Car,8.142691,0.0,0.0,0.0,-90.0,0.0,0.0,inf,0.0,90.0,0,0,0.7911563973326843,True,35.294014,-120.66765,0.0,0.0,0.0,0.0
690fd7d987825a48788a8a3c,2025-10-12 20:10:17.740,foothill,Car,8.142691,0.0,0.0,0.0,0.0,0.6924214959144592,8.142690658569336,inf,0.0,90.0,0,0,0.7911563973326843,True,35.294014,-120.66764,0.0,0.0,0.0,0.0
690fd7d987825a48788a8a3c,2025-10-12 20:10:17.740,foothill,Car,8.142691,0.0,0.0,90.0,90.0,0.6924214959144592,8.142690658569336,inf,0.0,90.0,0,0,0.7911563973326843,True,35.294014,-120.66763,0.0,0.0,0.0,0.0
690fd7d987825a48788a8a3c,2025-10-12 20:10:17.740,foothill,Car,8.142691,0.0,0.0,0.0,-90.0,0.6924214959144592,8.142690658569336,inf,0.0,90.0,0,0,0.7911563973326843,True,35.294014,-120.667625,0.0,0.0,0.0,0.0
690fd7d987825a48788a8a3c,2025-10-12 20:10:17.740,foothill,Car,8.142691,0.0,0.0,98.70715,98.70715,0.692421555519104,9.375365257263184,inf,0.0,98.7071533203125,0,0,0.7911563973326843,True,35.29401,-120.66762,0.0,0.0,0.0,0.0
690fd7d987825a48788a8a3c,2025-10-12 20:10:17.740,foothill,Car,8.142691,0.0,0.0,0.0,-98.70715,0.692421555519104,-8.142690658569336,0.085035964846611,0.0,90.0,0,0,0.7911563973326843,True,35.29401,-120.66761,0.0,0.0,0.0,0.0
690fd7d987825a48788a8a3c,2025-10-12 20:10:17.740,foothill,Car,8.142691,0.0,0.0,90.0,90.0,0.692421555519104,-8.142690658569336,0.085035964846611,0.0,90.0,0,0,0.7911563973326843,True,35.29401,-120.6676,0.0,0.0,0.0,0.0
690fd7d987825a48788a8a3c,2025-10-12 20:10:17.740,foothill,Car,8.142691,0.0,0.0,0.0,-90.0,0.692421555519104,8.142690658569336,inf,0.0,90.0,0,0,0.7911563973326843,True,35.29401,-120.667595,0.0,0.0,0.0,0.0
690fd7d987825a48788a8a3c,2025-10-12 20:10:17.740,foothill,Car,8.142691,0.0,0.0,90.0,90.0,0.692421555519104,0.0,inf,0.0,0.0,0,0,0.7911563973326843,True,35.29401,-120.66759,0.0,0.0,0.0,0.0
690fd7d987825a48788a8a3c,2025-10-12 20:10:17.740,foothill,Car,8.142691,0.0,0.0,90.0,0.0,0.692421555519104,0.0,inf,0.0,0.0,0,0,0.7911563973326843,True,35.29401,-120.66758,0.0,0.0,0.0,0.0
690fd7d987825a48788a8a3c,2025-10-12 20:10:17.740,foothill,Car,8.142691,0.0,0.0,0.0,-90.0,0.692421555519104,8.142690658569336,inf,0.0,90.0,0,0,0.7911563973326843,True,35.29401,-120.66757,0.0,0.0,0.0,0.0
690fd7d987825a48788a8a3c,2025-10-12 20:10:17.740,foothill,Car,8.142691,0.0,0.0,90.0,90.0,0.692421555519104,8.142690658569336,inf,0.0,90.0,0,0,0.7911563973326843,True,35.29401,-120.667564,0.0,0.0,0.0,0.0
690fd7d987825a48788a8a3c,2025-10-12 20:10:17.740,foothill,Car,8.142691,0.0,0.0,0.0,-90.0,0.692421555519104,8.142690658569336,inf,0.0,90.0,0,0,0.7911563973326843,True,35.29401,-120.66756,0.0,0.0,0.0,0.0
690fd7d987825a48788a8a3c,2025-10-12 20:10:17.740,foothill,Car,8.142691,0.0,0.0,90.0,90.0,0.692421555519104,-8.142690658569336,0.085035964846611,0.0,90.0,0,0,0.7911563973326843,True,35.29401,-120.66755,0.0,0.0,0.0,0.0
690fd7d987825a48788a8a3c,2025-10-12 20:10:17.740,foothill,Car,8.142691,0.0,0.0,0.0,-90.0,0.0,0.0,inf,0.0,0.0,0,0,0.7911563973326843,True,35.29401,-120.66754,0.0,0.0,0.0,0.0
690fd7d987825a48788a8a3c,2025-10-12 20:10:17.740,foothill,Car,8.142691,0.0,0.0,0.0,0.0,0.0,0.0,inf,0.0,0.0,0,0,0.7911563973326843,True,35.29401,-120.66754,0.0,0.0,0.0,0.0
690fd7d987825a48788a8a3c,2025-10-12 20:10:17.740,foothill,Car,8.142691,0.0,0.0,90.0,90.0,0.692421555519104,-8.142690658569336,0.085035964846611,0.0,90.0,0,0,0.7911563973326843,True,35.29401,-120.667534,0.0,0.0,0.0,0.0
690fd7d987825a48788a8a3c,2025-10-12 20:10:17.740,foothill,Car,8.142691,0.0,0.0,0.0,-90.0,0.692421555519104,8.142690658569336,inf,0.0,90.0,0,0,0.7911563973326843,True,35.29401,-120.66753,0.0,0.0,0.0,0.0
690fd7d987825a48788a8a3c,2025-10-12 20:10:17.740,foothill,Car,8.142691,0.0,0.0,90.0,90.0,0.692421555519104,0.0,inf,0.0,0.0,0,0,0.7911563973326843,True,35.29401,-120.66752,0.0,0.0,0.0,0.0
690fd7d987825a48788a8a3c,2025-10-12 20:10:17.740,foothill,Car,8.142691,0.0,0.0,90.0,0.0,0.692421555519104,0.0,inf,0.0,0.0,0,0,0.7911563973326843,True,35.29401,-120.66751,0.0,0.0,0.0,0.0
690fd7d987825a48788a8a3c,2025-10-12 20:10:17.740,foothill,Car,8.142691,0.0,0.0,0.0,-90.0,0.692421555519104,8.142690658569336,inf,0.0,90.0,0,0,0.7911563973326843,True,35.29401,-120.6675,0.0,0.0,0.0,0.0
690fd7d987825a48788a8a3d,2025-10-12 20:10:25.144,foothill,Car,0.0,0.0,0.0,0.0,0.0,,,,,,1,0,0.5,False,35.294064,-120.6676,0.1,0.0,0.0,0.0
690fd7d987825a48788a8a3e,2025-10-12 20:10:19.534,foothill,Car,9.234044,0.0,0.0,0.0,0.0,0.4241749942302704,0.0,inf,0.0,0.0,1,0,0.8304657417291713,True,35.294003,-120.6681,0.1,0.0,0.0,0.0
690fd7d987825a48788a8a3e,2025-10-12 20:10:19.534,foothill,Car,9.234044,0.0,0.0,0.0,0.0,0.4241749942302704,0.0,inf,0.0,0.0,0,0,0.8304657417291713,True,35.294006,-120.6681,0.0,0.0,0.0,0.0
690fd7d987825a48788a8a3e,2025-10-12 20:10:19.534,foothill,Car,9.234044,0.0,0.0,0.0,0.0,0.0,0.0,inf,0.0,0.0,0,0,0.8304657417291713,True,35.294006,-120.66809,0.0,0.0,0.0,0.0
690fd7d987825a48788a8a3e,2025-10-12 20:10:19.534,foothill,Car,9.234044,0.0,0.0,0.0,0.0,0.0,0.0,inf,0.0,0.0,0,0,0.8304657417291713,True,35.294006,-120.66809,0.0,0.0,0.0,0.0
690fd7d987825a48788a8a3e,2025-10-12 20:10:19.534,foothill,Car,9.234044,0.0,0.0,114.67627,114.67627,0.6924216151237488,13.08917236328125,inf,0.0,114.67626953125,0,0,0.8304657417291713,True,35.294003,-120.66808,0.0,0.0,0.0,0.0
690fd7d987825a48788a8a3e,2025-10-12 20:10:19.534,foothill,Car,9.234044,0.0,0.0,0.0,-114.67627,0.6924216151237488,13.08917236328125,inf,0.0,114.67626953125,0,0,0.8304657417291713,True,35.294003,-120.668076,0.0,0.0,0.0,0.0
690fd7d987825a48788a8a3e,2025-10-12 20:10:19.534,foothill,Car,9.234044,0.0,0.0,90.0,90.0,0.0,0.0,inf,0.0,0.0,0,0,0.8304657417291713,True,35.294003,-120.66807,0.0,0.0,0.0,0.0
690fd7d987825a48788a8a3e,2025-10-12 20:10:19.534,foothill,Car,9.234044,0.0,0.0,0.0,-90.0,0.0,0.0,inf,0.0,90.0,0,0,0.8304657417291713,True,35.294003,-120.66807,0.0,0.0,0.0,0.0
690fd7d987825a48788a8a3e,2025-10-12 20:10:19.534,foothill,Car,9.234044,0.0,0.0,0.0,0.0,0.6924216151237488,-9.234044075012209,0.0749857351183891,0.0,90.0,0,0,0.8304657417291713,True,35.294003,-120.66806,0.0,0.0,0.0,0.0
690fd7d987825a48788a8a3e,2025-10-12 20:10:19.534,foothill,Car,9.234044,0.0,0.0,90.0,90.0,0.6924216151237488,-9.234044075012209,0.0749857351183891,0.0,90.0,0,0,0.8304657417291713,True,35.294003,-120.66805,0.0,0.0,0.0,0.0
690fd7d987825a48788a8a3e,2025-10-12 20:10:19.534,foothill,Car,9.234044,0.0,0.0,0.0,-90.0,0.6924216151237488,9.234044075012209,inf,0.0,90.0,0,0,0.8304657417291713,True,35.294003,-120.668045,0.0,0.0,0.0,0.0
690fd7d987825a48788a8a3e,2025-10-12 20:10:19.534,foothill,Car,9.234044,0.0,0.0,90.0,90.0,0.6924216151237488,0.0,inf,0.0,0.0,0,0,0.8304657417291713,True,35.294003,-120.66804,0.0,0.0,0.0,0.0
690fd7d987825a48788a8a3e,2025-10-12 20:10:19.534,foothill,Car,9.234044,0.0,0.0,90.0,0.0,0.6924216151237488,0.0,inf,0.0,0.0,0,0,0.8304657417291713,True,35.294003,-120.66803,0.0,0.0,0.0,0.0
690fd7d987825a48788a8a3e,2025-10-12 20:10:19.534,foothill,Car,9.234044,0.0,0.0,0.0,-90.0,0.0,0.0,inf,0.0,0.0,0,0,0.8304657417291713,True,35.294003,-120.66802,0.0,0.0,0.0,0.0
690fd7d987825a48788a8a3e,2025-10-12 20:10:19.534,foothill,Car,9.234044,0.0,0.0,0.0,0.0,0.0,0.0,inf,0.0,0.0,0,0,0.8304657417291713,True,35.294003,-120.66802,0.0,0.0,0.0,0.0
690fd7d987825a48788a8a3e,2025-10-12 20:10:19.534,foothill,Car,9.234044,0.0,0.0,90.0,90.0,0.6924216151237488,9.234044075012209,inf,0.0,90.0,0,0,0.8304657417291713,True,35.294003,-120.668015,0.0,0.0,0.0,0.0
690fd7d987825a48788a8a3e,2025-10-12 20:10:19.534,foothill,Car,9.234044,0.0,0.0,0.0,-90.0,0.6924216151237488,9.234044075012209,inf,0.0,90.0,0,0,0.8304657417291713,True,35.294003,-120.66801,0.0,0.0,0.0,0.0
690fd7d987825a48788a8a3e,2025-10-12 20:10:19.534,foothill,Car,9.234044,0.0,0.0,90.0,90.0,0.6924216151237488,-9.234044075012209,0.0749857351183891,0.0,90.0,0,0,0.8304657417291713,True,35.294003,-120.668,0.0,0.0,0.0,0.0
690fd7d987825a48788a8a3e,2025-10-12 20:10:19.534,foothill,Car,9.234044,0.0,0.0,0.0,-90.0,0.0,0.0,inf,0.0,0.0,0,0,0.8304657417291713,True,35.294003,-120.66799,0.0,0.0,0.0,0.0
690fd7d987825a48788a8a3e,2025-10-12 20:10:19.534,foothill,Car,9.234044,0.0,0.0,0.0,0.0,0.0,0.0,inf,0.0,0.0,0,0,0.8304657417291713,True,35.294003,-120.66799,0.0,0.0,0.0,0.0
690fd7d987825a48788a8a3e,2025-10-12 20:10:19.534,foothill,Car,9.234044,0.0,0.0,90.0,90.0,0.6924216151237488,-9.234044075012209,0.0749857351183891,0.0,90.0,0,0,0.8304657417291713,True,35.294003,-120.667984,0.0,0.0,0.0,0.0
690fd7d987825a48788a8a3e,2025-10-12 20:10:19.534,foothill,Car,9.234044,0.0,0.0,0.0,-90.0,0.6924216151237488,9.234044075012209,inf,0.0,90.0,0,0,0.8304657417291713,True,35.294003,-120.66798,0.0,0.0,0.0,0.0
690fd7d987825a48788a8a3e,2025-10-12 20:10:19.534,foothill,Car,9.234044,0.0,0.0,90.0,90.0,0.6924216151237488,-9.234044075012209,0.0749857351183891,0.0,90.0,0,0,0.8304657417291713,True,35.294003,-120.66797,0.0,0.0,0.0,0.0
690fd7d987825a48788a8a3e,2025-10-12 20:10:19.534,foothill,Car,9.234044,0.0,0.0,98.70715,8.707153,0.6924216151237488,10.631933212280272,inf,0.0,98.7071533203125,0,0,0.8304657417291713,True,35.294,-120.66796,0.0,0.0,0.0,0.0
690fd7d987825a48788a8a3e,2025-10-12 20:10:19.534,foothill,Car,9.234044,0.0,0.0,0.0,-98.70715,0.6924216151237488,10.631933212280272,inf,0.0,98.7071533203125,0,0,0.8304657417291713,True,35.294,-120.66795,0.0,0.0,0.0,0.0
690fd7d987825a48788a8a3e,2025-10-12 20:10:19.534,foothill,Car,9.234044,0.0,0.0,90.0,90.0,0.4241749942302704,-9.234044075012209,0.045935995876789,0.0,90.0,0,0,0.8304657417291713,True,35.294,-120.667946,0.0,0.0,0.0,0.0
690fd7d987825a48788a8a3e,2025-10-12 20:10:19.534,foothill,Car,9.234044,0.0,0.0,0.0,-90.0,0.4241749942302704,-9.234044075012209,0.045935995876789,0.0,90.0,0,0,0.8304657417291713,True,35.294003,-120.667946,0.0,0.0,0.0,0.0
690fd7d987825a48788a8a3e,2025-10-12 20:10:19.534,foothill,Car,9.234044,0.0,0.0,0.0,0.0,0.6924216151237488,-9.234044075012209,0.0749857351183891,0.0,90.0,0,0,0.8304657417291713,True,35.294003,-120.66794,0.0,0.0,0.0,0.0
690fd7d987825a48788a8a3e,2025-10-12 20:10:19.534,foothill,Car,9.234044,0.0,0.0,90.0,90.0,0.6924216151237488,-9.234044075012209,0.0749857351183891,0.0,90.0,0,0,0.8304657417291713,True,35.294003,-120.66793,0.0,0.0,0.0,0.0
690fd7d987825a48788a8a3e,2025-10-12 20:10:19.534,foothill,Car,9.234044,0.0,0.0,0.0,-90.0,0.6924216151237488,9.234044075012209,inf,0.0,90.0,0,0,0.8304657417291713,True,35.294003,-120.66792,0.0,0.0,0.0,0.0
690fd7d987825a48788a8a3e,2025-10-12 20:10:19.534,foothill,Car,9.234044,0.0,0.0,90.0,90.0,0.6924216151237488,0.0,inf,0.0,0.0,0,0,0.8304657417291713,True,35.294003,-120.667915,0.0,0.0,0.0,0.0
690fd7d987825a48788a8a3e,2025-10-12 20:10:19.534,foothill,Car,9.234044,0.0,0.0,90.0,0.0,0.0,0.0,inf,0.0,0.0,0,0,0.8304657417291713,True,35.294003,-120.66791,0.0,0.0,0.0,0.0
690fd7d987825a48788a8a3e,2025-10-12 20:10:19.534,foothill,Car,9.234044,0.0,0.0,0.0,-90.0,0.0,0.0,inf,0.0,90.0,0,0,0.8304657417291713,True,35.294003,-120.66791,0.0,0.0,0.0,0.0
690fd7d987825a48788a8a3e,2025-10-12 20:10:19.534,foothill,Car,9.234044,0.0,0.0,0.0,0.0,0.6924216151237488,9.234044075012209,inf,0.0,90.0,0,0,0.8304657417291713,True,35.294003,-120.6679,0.0,0.0,0.0,0.0
690fd7d987825a48788a8a3e,2025-10-12 20:10:19.534,foothill,Car,9.234044,0.0,0.0,90.0,90.0,0.0,0.0,inf,0.0,0.0,0,0,0.8304657417291713,True,35.294003,-120.66789,0.0,0.0,0.0,0.0
690fd7d987825a48788a8a3e,2025-10-12 20:10:19.534,foothill,Car,9.234044,0.0,0.0,0.0,-90.0,0.0,0.0,inf,0.0,90.0,0,0,0.8304657417291713,True,35.294003,-120.66789,0.0,0.0,0.0,0.0
690fd7d987825a48788a8a3e,2025-10-12 20:10:19.534,foothill,Car,9.234044,0.0,0.0,0.0,0.0,0.6924216151237488,9.234044075012209,inf,0.0,90.0,0,0,0.8304657417291713,True,35.294003,-120.667885,0.0,0.0,0.0,0.0
690fd7d987825a48788a8a3e,2025-10-12 20:10:19.534,foothill,Car,9.234044,0.0,0.0,90.0,90.0,0.6924216151237488,-9.234044075012209,0.0749857351183891,0.0,90.0,0,0,0.8304657417291713,True,35.294003,-120.66788,0.0,0.0,0.0,0.0
690fd7d987825a48788a8a3e,2025-10-12 20:10:19.534,foothill,Car,9.234044,0.0,0.0,0.0,-90.0,0.0,0.0,inf,0.0,0.0,0,0,0.8304657417291713,True,35.294003,-120.66787,0.0,0.0,0.0,0.0
690fd7d987825a48788a8a3e,2025-10-12 20:10:19.534,foothill,Car,9.234044,0.0,0.0,0.0,0.0,0.0,0.0,inf,0.0,0.0,0,0,0.8304657417291713,True,35.294003,-120.66787,0.0,0.0,0.0,0.0
690fd7d987825a48788a8a3e,2025-10-12 20:10:19.534,foothill,Car,9.234044,0.0,0.0,90.0,90.0,0.6924216151237488,-9.234044075012209,0.0749857351183891,0.0,90.0,0,0,0.8304657417291713,True,35.294003,-120.66786,0.0,0.0,0.0,0.0
690fd7d987825a48788a8a3e,2025-10-12 20:10:19.534,foothill,Car,9.234044,0.0,0.0,0.0,-90.0,0.0,0.0,inf,0.0,0.0,0,0,0.8304657417291713,True,35.294003,-120.667854,0.0,0.0,0.0,0.0
690fd7d987825a48788a8a3e,2025-10-12 20:10:19.534,foothill,Car,9.234044,0.0,0.0,0.0,0.0,0.0,0.0,inf,0.0,0.0,0,0,0.8304657417291713,True,35.294003,-120.667854,0.0,0.0,0.0,0.0
690fd7d987825a48788a8a3e,2025-10-12 20:10:19.534,foothill,Car,9.234044,0.0,0.0,90.0,90.0,0.6924216151237488,0.0,inf,0.0,0.0,0,0,0.8304657417291713,True,35.294003,-120.66785,0.0,0.0,0.0,0.0
690fd7d987825a48788a8a3e,2025-10-12 20:10:19.534,foothill,Car,9.234044,0.0,0.0,90.0,0.0,0.0,0.0,inf,0.0,0.0,0,0,0.8304657417291713,True,35.294003,-120.66784,0.0,0.0,0.0,0.0
690fd7d987825a48788a8a3e,2025-10-12 20:10:19.534,foothill,Car,9.234044,0.0,0.0,0.0,-90.0,0.0,0.0,inf,0.0,90.0,0,0,0.8304657417291713,True,35.294003,-120.66784,0.0,0.0,0.0,0.0
690fd7d987825a48788a8a3e,2025-10-12 20:10:19.534,foothill,Car,9.234044,0.0,0.0,0.0,0.0,0.0,0.0,inf,0.0,0.0,0,0,0.8304657417291713,True,35.294003,-120.66783,0.0,0.0,0.0,0.0
690fd7d987825a48788a8a3e,2025-10-12 20:10:19.534,foothill,Car,9.234044,0.0,0.0,0.0,0.0,0.0,0.0,inf,0.0,0.0,0,0,0.8304657417291713,True,35.294003,-120.66783,0.0,0.0,0.0,0.0
690fd7d987825a48788a8a3e,2025-10-12 20:10:19.534,foothill,Car,9.234044,0.0,0.0,90.0,90.0,0.6924216151237488,9.234044075012209,inf,0.0,90.0,0,0,0.8304657417291713,True,35.294003,-120.66782,0.0,0.0,0.0,0.0
690fd7d987825a48788a8a3e,2025-10-12 20:10:19.534,foothill,Car,9.234044,0.0,0.0,0.0,-90.0,0.0,0.0,inf,0.0,0.0,0,0,0.8304657417291713,True,35.294003,-120.667816,0.0,0.0,0.0,0.0
690fd7d987825a48788a8a3e,2025-10-12 20:10:19.534,foothill,Car,9.234044,0.0,0.0,0.0,0.0,0.0,0.0,inf,0.0,0.0,0,0,0.8304657417291713,True,35.294003,-120.667816,0.0,0.0,0.0,0.0
690fd7d987825a48788a8a3e,2025-10-12 20:10:19.534,foothill,Car,9.234044,0.0,0.0,65.3237,65.3237,0.0,0.0,inf,0.0,0.0,0,0,0.8304657417291713,True,35.294006,-120.66781,0.0,0.0,0.0,0.0
690fd7d987825a48788a8a3e,2025-10-12 20:10:19.534,foothill,Car,9.234044,0.0,0.0,0.0,-65.3237,0.0,0.0,inf,0.0,65.32369995117188,0,0,0.8304657417291713,True,35.294006,-120.66781,0.0,0.0,0.0,0.0
690fd7d987825a48788a8a3e,2025-10-12 20:10:19.534,foothill,Car,9.234044,0.0,0.0,0.0,0.0,0.692421555519104,-9.234044075012209,0.0749857351183891,0.0,90.0,0,0,0.8304657417291713,True,35.294006,-120.6678,0.0,0.0,0.0,0.0
690fd7d987825a48788a8a3e,2025-10-12 20:10:19.534,foothill,Car,9.234044,0.0,0.0,90.0,90.0,0.0,0.0,inf,0.0,0.0,0,0,0.8304657417291713,True,35.294006,-120.66779,0.0,0.0,0.0,0.0
690fd7d987825a48788a8a3e,2025-10-12 20:10:19.534,foothill,Car,9.234044,0.0,0.0,0.0,-90.0,0.0,0.0,inf,0.0,90.0,0,0,0.8304657417291713,True,35.294006,-120.66779,0.0,0.0,0.0,0.0
690fd7d987825a48788a8a3e,2025-10-12 20:10:19.534,foothill,Car,9.234044,0.0,0.0,0.0,0.0,0.692421555519104,9.234044075012209,inf,0.0,90.0,0,0,0.8304657417291713,True,35.294006,-120.667786,0.0,0.0,0.0,0.0
690fd7d987825a48788a8a3e,2025-10-12 20:10:19.534,foothill,Car,9.234044,0.0,0.0,90.0,90.0,0.0,0.0,inf,0.0,0.0,0,0,0.8304657417291713,True,35.294006,-120.66778,0.0,0.0,0.0,0.0
690fd7d987825a48788a8a3e,2025-10-12 20:10:19.534,foothill,Car,9.234044,0.0,0.0,0.0,-90.0,0.0,0.0,inf,0.0,90.0,0,0,0.8304657417291713,True,35.294006,-120.66778,0.0,0.0,0.0,0.0
690fd7d987825a48788a8a3e,2025-10-12 20:10:19.534,foothill,Car,9.234044,0.0,0.0,90.0,90.0,0.692421555519104,0.0,inf,0.0,0.0,0,0,0.8304657417291713,True,35.294006,-120.66777,0.0,0.0,0.0,0.0
690fd7d987825a48788a8a3e,2025-10-12 20:10:19.534,foothill,Car,9.234044,0.0,0.0,0.0,-90.0,0.0,0.0,inf,0.0,0.0,0,0,0.8304657417291713,True,35.294006,-120.66776,0.0,0.0,0.0,0.0
690fd7d987825a48788a8a3e,2025-10-12 20:10:19.534,foothill,Car,9.234044,0.0,0.0,0.0,0.0,0.0,0.0,inf,0.0,0.0,0,0,0.8304657417291713,True,35.294006,-120.66776,0.0,0.0,0.0,0.0
690fd7d987825a48788a8a3e,2025-10-12 20:10:19.534,foothill,Car,9.234044,0.0,0.0,90.0,90.0,0.692421555519104,9.234044075012209,inf,0.0,90.0,0,0,0.8304657417291713,True,35.294006,-120.667755,0.0,0.0,0.0,0.0
690fd7d987825a48788a8a3e,2025-10-12 20:10:19.534,foothill,Car,9.234044,0.0,0.0,0.0,-90.0,0.692421555519104,9.234044075012209,inf,0.0,90.0,0,0,0.8304657417291713,True,35.294006,-120.66775,0.0,0.0,0.0,0.0
690fd7d987825a48788a8a3e,2025-10-12 20:10:19.534,foothill,Car,9.234044,0.0,0.0,81.29285,81.29285,0.0,0.0,inf,0.0,0.0,0,0,0.8304657417291713,True,35.29401,-120.66774,0.0,0.0,0.0,0.0
690fd7d987825a48788a8a3e,2025-10-12 20:10:19.534,foothill,Car,9.234044,0.0,0.0,0.0,-81.29285,0.0,0.0,inf,0.0,81.2928466796875,0,0,0.8304657417291713,True,35.29401,-120.66774,0.0,0.0,0.0,0.0
690fd7d987825a48788a8a3e,2025-10-12 20:10:19.534,foothill,Car,9.234044,0.0,0.0,0.0,0.0,0.692421555519104,-9.234044075012209,0.0749857351183891,0.0,90.0,0,0,0.8304657417291713,True,35.29401,-120.66773,0.0,0.0,0.0,0.0
690fd7d987825a48788a8a3e,2025-10-12 20:10:19.534,foothill,Car,9.234044,0.0,0.0,90.0,90.0,0.0,0.0,inf,0.0,0.0,0,0,0.8304657417291713,True,35.29401,-120.667725,0.0,0.0,0.0,0.0
690fd7d987825a48788a8a3e,2025-10-12 20:10:19.534,foothill,Car,9.234044,0.0,0.0,0.0,-90.0,0.0,0.0,inf,0.0,90.0,0,0,0.8304657417291713,True,35.29401,-120.667725,0.0,0.0,0.0,0.0
690fd7d987825a48788a8a3e,2025-10-12 20:10:19.534,foothill,Car,9.234044,0.0,0.0,0.0,0.0,0.692421555519104,9.234044075012209,inf,0.0,90.0,0,0,0.8304657417291713,True,35.29401,-120.66772,0.0,0.0,0.0,0.0
690fd7d987825a48788a8a3e,2025-10-12 20:10:19.534,foothill,Car,9.234044,0.0,0.0,90.0,90.0,0.692421555519104,-9.234044075012209,0.0749857351183891,0.0,90.0,0,0,0.8304657417291713,True,35.29401,-120.66771,0.0,0.0,0.0,0.0
690fd7d987825a48788a8a3e,2025-10-12 20:10:19.534,foothill,Car,9.234044,0.0,0.0,90.0,0.0,0.692421555519104,9.234044075012209,inf,0.0,90.0,0,0,0.8304657417291713,True,35.29401,-120.6677,0.0,0.0,0.0,0.0
690fd7d987825a48788a8a3e,2025-10-12 20:10:19.534,foothill,Car,9.234044,0.0,0.0,0.0,-90.0,0.0,0.0,inf,0.0,0.0,0,0,0.8304657417291713,True,35.29401,-120.667694,0.0,0.0,0.0,0.0
690fd7d987825a48788a8a3e,2025-10-12 20:10:19.534,foothill,Car,9.234044,0.0,0.0,0.0,0.0,0.0,0.0,inf,0.0,0.0,0,0,0.8304657417291713,True,35.29401,-120.667694,0.0,0.0,0.0,0.0
690fd7d987825a48788a8a3e,2025-10-12 20:10:19.534,foothill,Car,9.234044,0.0,0.0,90.0,90.0,0.692421555519104,-9.234044075012209,0.0749857351183891,0.0,90.0,0,0,0.8304657417291713,True,35.29401,-120.66769,0.0,0.0,0.0,0.0
690fd7d987825a48788a8a3e,2025-10-12 20:10:19.534,foothill,Car,9.234044,0.0,0.0,0.0,-90.0,0.692421555519104,-9.234044075012209,0.0749857351183891,0.0,90.0,0,0,0.8304657417291713,True,35.29401,-120.66768,0.0,0.0,0.0,0.0
690fd7d987825a48788a8a3e,2025-10-12 20:10:19.534,foothill,Car,9.234044,0.0,0.0,90.0,90.0,0.692421555519104,-9.234044075012209,0.0749857351183891,0.0,90.0,0,0,0.8304657417291713,True,35.29401,-120.66767,0.0,0.0,0.0,0.0
690fd7d987825a48788a8a3e,2025-10-12 20:10:19.534,foothill,Car,9.234044,0.0,0.0,0.0,-90.0,0.692421555519104,9.234044075012209,inf,0.0,90.0,0,0,0.8304657417291713,True,35.29401,-120.66766,0.0,0.0,0.0,0.0
690fd7d987825a48788a8a3e,2025-10-12 20:10:19.534,foothill,Car,9.234044,0.0,0.0,90.0,90.0,0.692421555519104,-9.234044075012209,0.0749857351183891,0.0,90.0,0,0,0.8304657417291713,True,35.29401,-120.667656,0.0,0.0,0.0,0.0
690fd7d987825a48788a8a3e,2025-10-12 20:10:19.534,foothill,Car,9.234044,0.0,0.0,81.29285,-8.707153,0.6924214959144592,7.836155414581299,inf,0.0,81.2928466796875,0,0,0.8304657417291713,True,35.294014,-120.66765,0.0,0.0,0.0,0.0
690fd7d987825a48788a8a3e,2025-10-12 20:10:19.534,foothill,Car,9.234044,0.0,0.0,0.0,-81.29285,0.6924214959144592,7.836155414581299,inf,0.0,81.2928466796875,0,0,0.8304657417291713,True,35.294014,-120.66764,0.0,0.0,0.0,0.0
690fd7d987825a48788a8a3e,2025-10-12 20:10:19.534,foothill,Car,9.234044,0.0,0.0,90.0,90.0,0.6924214959144592,9.234044075012209,inf,0.0,90.0,0,0,0.8304657417291713,True,35.294014,-120.66763,0.0,0.0,0.0,0.0
690fd7d987825a48788a8a3e,2025-10-12 20:10:19.534,foothill,Car,9.234044,0.0,0.0,0.0,-90.0,0.6924214959144592,9.234044075012209,inf,0.0,90.0,0,0,0.8304657417291713,True,35.294014,-120.667625,0.0,0.0,0.0,0.0
690fd7d987825a48788a8a3e,2025-10-12 20:10:19.534,foothill,Car,9.234044,0.0,0.0,90.0,90.0,0.6924214959144592,-9.234044075012209,0.0749857276678085,0.0,90.0,0,0,0.8304657417291713,True,35.294014,-120.66762,0.0,0.0,0.0,0.0
690fd7d987825a48788a8a3e,2025-10-12 20:10:19.534,foothill,Car,9.234044,0.0,0.0,0.0,-90.0,0.6924214959144592,-9.234044075012209,0.0749857276678085,0.0,90.0,0,0,0.8304657417291713,True,35.294014,-120.66761,0.0,0.0,0.0,0.0
690fd7d987825a48788a8a3e,2025-10-12 20:10:19.534,foothill,Car,9.234044,0.0,0.0,90.0,90.0,0.6924214959144592,-9.234044075012209,0.0749857276678085,0.0,90.0,0,0,0.8304657417291713,True,35.294014,-120.6676,0.0,0.0,0.0,0.0
690fd7d987825a48788a8a3e,2025-10-12 20:10:19.534,foothill,Car,9.234044,0.0,0.0,0.0,-90.0,0.6924214959144592,9.234044075012209,inf,0.0,90.0,0,0,0.8304657417291713,True,35.294014,-120.667595,0.0,0.0,0.0,0.0
690fd7d987825a48788a8a3e,2025-10-12 20:10:19.534,foothill,Car,9.234044,0.0,0.0,94.378845,94.378845,0.692421555519104,9.939071655273438,inf,0.0,94.37884521484376,0,0,0.8304657417291713,True,35.29401,-120.66758,0.0,0.0,0.0,0.0
690fd7d987825a48788a8a3e,2025-10-12 20:10:19.534,foothill,Car,9.234044,0.0,0.0,0.0,-94.378845,0.692421555519104,9.939071655273438,inf,0.0,94.37884521484376,0,0,0.8304657417291713,True,35.29401,-120.66757,0.0,0.0,0.0,0.0
690fd7d987825a48788a8a3e,2025-10-12 20:10:19.534,foothill,Car,9.234044,0.0,0.0,90.0,90.0,0.4241749942302704,-9.234044075012209,0.045935995876789,0.0,90.0,0,0,0.8304657417291713,True,35.29401,-120.667564,0.0,0.0,0.0,0.0
690fd7d987825a48788a8a3e,2025-10-12 20:10:19.534,foothill,Car,9.234044,0.0,0.0,0.0,-90.0,0.4241749942302704,-9.234044075012209,0.045935995876789,0.0,90.0,0,0,0.8304657417291713,True,35.294014,-120.667564,0.0,0.0,0.0,0.0
690fd7d987825a48788a8a3e,2025-10-12 20:10:19.534,foothill,Car,9.234044,0.0,0.0,0.0,0.0,0.6924214959144592,0.0,inf,0.0,0.0,0,0,0.8304657417291713,True,35.294014,-120.66756,0.0,0.0,0.0,0.0
690fd7d987825a48788a8a3e,2025-10-12 20:10:19.534,foothill,Car,9.234044,0.0,0.0,90.0,90.0,0.6924214959144592,-9.234044075012209,0.0749857276678085,0.0,90.0,0,0,0.8304657417291713,True,35.294014,-120.66755,0.0,0.0,0.0,0.0
690fd7d987825a48788a8a3e,2025-10-12 20:10:19.534,foothill,Car,9.234044,0.0,0.0,0.0,-90.0,0.6924214959144592,-9.234044075012209,0.0749857276678085,0.0,90.0,0,0,0.8304657417291713,True,35.294014,-120.66754,0.0,0.0,0.0,0.0
690fd7d987825a48788a8a3e,2025-10-12 20:10:19.534,foothill,Car,9.234044,0.0,0.0,90.0,90.0,0.6924214959144592,-9.234044075012209,0.0749857276678085,0.0,90.0,0,0,0.8304657417291713,True,35.294014,-120.667534,0.0,0.0,0.0,0.0
690fd7d987825a48788a8a3e,2025-10-12 20:10:19.534,foothill,Car,9.234044,0.0,0.0,0.0,-90.0,0.6924214959144592,9.234044075012209,inf,0.0,90.0,0,0,0.8304657417291713,True,35.294014,-120.66753,0.0,0.0,0.0,0.0
690fd7d987825a48788a8a3e,2025-10-12 20:10:19.534,foothill,Car,9.234044,0.0,0.0,90.0,90.0,1.3848429918289185,-9.234044075012209,0.149971455335617,0.0,90.0,0,0,0.8304657417291713,True,35.294014,-120.66751,0.0,0.0,0.0,0.0
690fd7d987825a48788a8a3f,2025-10-12 20:10:11.602,foothill,Car,0.0,0.0,0.0,0.0,0.0,0.0,0.0,inf,0.0,0.0,1,0,0.8323679209349487,True,35.294098,-120.667534,0.1,0.0,0.0,0.0
690fd7d987825a48788a8a3f,2025-10-12 20:10:11.602,foothill,Car,0.0,0.0,0.0,0.0,0.0,0.0,0.0,inf,0.0,0.0,0,0,0.8323679209349487,True,35.294098,-120.667534,0.0,0.0,0.0,0.0
690fd7d987825a48788a8a3f,2025-10-12 20:10:11.602,foothill,Car,0.0,0.0,0.0,0.0,0.0,0.0,0.0,inf,0.0,0.0,0,0,0.8323679209349487,True,35.294098,-120.667534,0.0,0.0,0.0,0.0
690fd7d987825a48788a8a3f,2025-10-12 20:10:11.602,foothill,Car,0.0,0.0,0.0,0.0,0.0,0.0,0.0,inf,0.0,0.0,0,0,0.8323679209349487,True,35.294098,-120.667534,0.0,0.0,0.0,0.0
690fd7d987825a48788a8a3f,2025-10-12 20:10:11.602,foothill,Car,0.0,0.0,0.0,0.0,0.0,0.0,0.0,inf,0.0,0.0,0,0,0.8323679209349487,True,35.294098,-120.667534,0.0,0.0,0.0,0.0
690fd7d987825a48788a8a3f,2025-10-12 20:10:11.602,foothill,Car,0.0,0.0,0.0,0.0,0.0,0.0,0.0,inf,0.0,0.0,0,0,0.8323679209349487,True,35.294098,-120.667534,0.0,0.0,0.0,0.0
690fd7d987825a48788a8a3f,2025-10-12 20:10:11.602,foothill,Car,0.0,0.0,0.0,0.0,0.0,0.0,0.0,inf,0.0,0.0,0,0,0.8323679209349487,True,35.294098,-120.667534,0.0,0.0,0.0,0.0
690fd7d987825a48788a8a3f,2025-10-12 20:10:11.602,foothill,Car,0.0,0.0,0.0,0.0,0.0,0.0,0.0,inf,0.0,0.0,0,0,0.8323679209349487,True,35.294098,-120.667534,0.0,0.0,0.0,0.0
690fd7d987825a48788a8a3f,2025-10-12 20:10:11.602,foothill,Car,0.0,0.0,0.0,0.0,0.0,0.0,0.0,inf,0.0,0.0,0,0,0.8323679209349487,True,35.294098,-120.667534,0.0,0.0,0.0,0.0
690fd7d987825a48788a8a3f,2025-10-12 20:10:11.602,foothill,Car,0.0,0.0,0.0,0.0,0.0,0.0,0.0,inf,0.0,0.0,0,0,0.8323679209349487,True,35.294098,-120.667534,0.0,0.0,0.0,0.0
690fd7d987825a48788a8a3f,2025-10-12 20:10:11.602,foothill,Car,0.0,0.0,0.0,0.0,0.0,0.0,0.0,inf,0.0,0.0,0,0,0.8323679209349487,True,35.294098,-120.667534,0.0,0.0,0.0,0.0
690fd7d987825a48788a8a3f,2025-10-12 20:10:11.602,foothill,Car,0.0,0.0,0.0,0.0,0.0,0.0,0.0,inf,0.0,0.0,0,0,0.8323679209349487,True,35.294098,-120.667534,0.0,0.0,0.0,0.0
690fd7d987825a48788a8a3f,2025-10-12 20:10:11.602,foothill,Car,0.0,0.0,0.0,0.0,0.0,0.0,0.0,inf,0.0,0.0,0,0,0.8323679209349487,True,35.294098,-120.667534,0.0,0.0,0.0,0.0
690fd7d987825a48788a8a3f,2025-10-12 20:10:11.602,foothill,Car,0.0,0.0,0.0,0.0,0.0,0.0,0.0,inf,0.0,0.0,0,0,0.8323679209349487,True,35.294098,-120.667534,0.0,0.0,0.0,0.0
690fd7d987825a48788a8a3f,2025-10-12 20:10:11.602,foothill,Car,0.0,0.0,0.0,0.0,0.0,0.0,0.0,inf,0.0,0.0,0,0,0.8323679209349487,True,35.294098,-120.667534,0.0,0.0,0.0,0.0
690fd7d987825a48788a8a3f,2025-10-12 20:10:11.602,foothill,Car,0.0,0.0,0.0,0.0,0.0,0.0,0.0,inf,0.0,0.0,0,0,0.8323679209349487,True,35.294098,-120.667534,0.0,0.0,0.0,0.0
690fd7d987825a48788a8a3f,2025-10-12 20:10:11.602,foothill,Car,0.0,0.0,0.0,0.0,0.0,0.0,0.0,inf,0.0,0.0,0,0,0.8323679209349487,True,35.294098,-120.667534,0.0,0.0,0.0,0.0
690fd7d987825a48788a8a3f,2025-10-12 20:10:11.602,foothill,Car,0.0,0.0,0.0,0.0,0.0,0.0,0.0,inf,0.0,0.0,0,0,0.8323679209349487,True,35.294098,-120.667534,0.0,0.0,0.0,0.0
690fd7d987825a48788a8a3f,2025-10-12 20:10:11.602,foothill,Car,0.0,0.0,0.0,0.0,0.0,0.0,0.0,inf,0.0,0.0,0,0,0.8323679209349487,True,35.294098,-120.667534,0.0,0.0,0.0,0.0
690fd7d987825a48788a8a3f,2025-10-12 20:10:11.602,foothill,Car,0.0,0.0,0.0,0.0,0.0,0.0,0.0,inf,0.0,0.0,0,0,0.8323679209349487,True,35.294098,-120.667534,0.0,0.0,0.0,0.0
690fd7d987825a48788a8a3f,2025-10-12 20:10:11.602,foothill,Car,0.0,0.0,0.0,0.0,0.0,0.0,0.0,inf,0.0,0.0,0,0,0.8323679209349487,True,35.294098,-120.667534,0.0,0.0,0.0,0.0
690fd7d987825a48788a8a3f,2025-10-12 20:10:11.602,foothill,Car,0.0,0.0,0.0,0.0,0.0,0.0,0.0,inf,0.0,0.0,0,0,0.8323679209349487,True,35.294098,-120.667534,0.0,0.0,0.0,0.0
690fd7d987825a48788a8a3f,2025-10-12 20:10:11.602,foothill,Car,0.0,0.0,0.0,0.0,0.0,0.0,0.0,inf,0.0,0.0,0,0,0.8323679209349487,True,35.294098,-120.667534,0.0,0.0,0.0,0.0
690fd7d987825a48788a8a3f,2025-10-12 20:10:11.602,foothill,Car,0.0,0.0,0.0,0.0,0.0,0.0,0.0,inf,0.0,0.0,0,0,0.8323679209349487,True,35.294098,-120.667534,0.0,0.0,0.0,0.0
690fd7d987825a48788a8a3f,2025-10-12 20:10:11.602,foothill,Car,0.0,0.0,0.0,0.0,0.0,0.0,0.0,inf,0.0,0.0,0,0,0.8323679209349487,True,35.294098,-120.667534,0.0,0.0,0.0,0.0
690fd7d987825a48788a8a3f,2025-10-12 20:10:11.602,foothill,Car,0.0,0.0,0.0,0.0,0.0,0.0,0.0,inf,0.0,0.0,0,0,0.8323679209349487,True,35.294098,-120.667534,0.0,0.0,0.0,0.0
690fd7d987825a48788a8a3f,2025-10-12 20:10:11.602,foothill,Car,0.0,0.0,0.0,0.0,0.0,0.0,0.0,inf,0.0,0.0,0,0,0.8323679209349487,True,35.294098,-120.667534,0.0,0.0,0.0,0.0
690fd7d987825a48788a8a3f,2025-10-12 20:10:11.602,foothill,Car,0.0,0.0,0.0,0.0,0.0,0.0,0.0,inf,0.0,0.0,0,0,0.8323679209349487,True,35.294098,-120.667534,0.0,0.0,0.0,0.0
690fd7d987825a48788a8a3f,2025-10-12 20:10:11.602,foothill,Car,0.0,0.0,0.0,0.0,0.0,0.0,0.0,inf,0.0,0.0,0,0,0.8323679209349487,True,35.294098,-120.667534,0.0,0.0,0.0,0.0
690fd7d987825a48788a8a3f,2025-10-12 20:10:11.602,foothill,Car,0.0,0.0,0.0,0.0,0.0,0.0,0.0,inf,0.0,0.0,0,0,0.8323679209349487,True,35.294098,-120.667534,0.0,0.0,0.0,0.0
690fd7d987825a48788a8a3f,2025-10-12 20:10:11.602,foothill,Car,0.0,0.0,0.0,0.0,0.0,0.0,0.0,inf,0.0,0.0,0,0,0.8323679209349487,True,35.294098,-120.667534,0.0,0.0,0.0,0.0
690fd7d987825a48788a8a3f,2025-10-12 20:10:11.602,foothill,Car,0.0,0.0,0.0,0.0,0.0,0.0,0.0,inf,0.0,0.0,0,0,0.8323679209349487,True,35.294098,-120.667534,0.0,0.0,0.0,0.0
690fd7d987825a48788a8a3f,2025-10-12 20:10:11.602,foothill,Car,0.0,0.0,0.0,0.0,0.0,0.0,0.0,inf,0.0,0.0,0,0,0.8323679209349487,True,35.294098,-120.667534,0.0,0.0,0.0,0.0
690fd7d987825a48788a8a3f,2025-10-12 20:10:11.602,foothill,Car,0.0,0.0,0.0,0.0,0.0,0.0,0.0,inf,0.0,0.0,0,0,0.8323679209349487,True,35.294098,-120.667534,0.0,0.0,0.0,0.0
690fd7d987825a48788a8a3f,2025-10-12 20:10:11.602,foothill,Car,0.0,0.0,0.0,0.0,0.0,0.0,0.0,inf,0.0,0.0,0,0,0.8323679209349487,True,35.294098,-120.667534,0.0,0.0,0.0,0.0
690fd7d987825a48788a8a3f,2025-10-12 20:10:11.602,foothill,Car,0.0,0.0,0.0,0.0,0.0,0.0,0.0,inf,0.0,0.0,0,0,0.8323679209349487,True,35.294098,-120.667534,0.0,0.0,0.0,0.0
690fd7d987825a48788a8a3f,2025-10-12 20:10:11.602,foothill,Car,0.0,0.0,0.0,0.0,0.0,0.0,0.0,inf,0.0,0.0,0,0,0.8323679209349487,True,35.294098,-120.667534,0.0,0.0,0.0,0.0
690fd7d987825a48788a8a3f,2025-10-12 20:10:11.602,foothill,Car,0.0,0.0,0.0,0.0,0.0,0.0,0.0,inf,0.0,0.0,0,0,0.8323679209349487,True,35.294098,-120.667534,0.0,0.0,0.0,0.0
690fd7d987825a48788a8a3f,2025-10-12 20:10:11.602,foothill,Car,0.0,0.0,0.0,0.0,0.0,0.0,0.0,inf,0.0,0.0,0,0,0.8323679209349487,True,35.294098,-120.667534,0.0,0.0,0.0,0.0
690fd7d987825a48788a8a3f,2025-10-12 20:10:11.602,foothill,Car,0.0,0.0,0.0,0.0,0.0,0.0,0.0,inf,0.0,0.0,0,0,0.8323679209349487,True,35.294098,-120.667534,0.0,0.0,0.0,0.0
690fd7d987825a48788a8a3f,2025-10-12 20:10:11.602,foothill,Car,0.0,0.0,0.0,0.0,0.0,0.0,0.0,inf,0.0,0.0,0,0,0.8323679209349487,True,35.294098,-120.667534,0.0,0.0,0.0,0.0
690fd7d987825a48788a8a3f,2025-10-12 20:10:11.602,foothill,Car,0.0,0.0,0.0,0.0,0.0,0.0,0.0,inf,0.0,0.0,0,0,0.8323679209349487,True,35.2941,-120.667534,0.0,0.0,0.0,0.0
690fd7d987825a48788a8a3f,2025-10-12 20:10:11.602,foothill,Car,0.0,0.0,0.0,0.0,0.0,0.0,0.0,inf,0.0,0.0,0,0,0.8323679209349487,True,35.2941,-120.667534,0.0,0.0,0.0,0.0
690fd7d987825a48788a8a3f,2025-10-12 20:10:11.602,foothill,Car,0.0,0.0,0.0,0.0,0.0,0.0,0.0,inf,0.0,0.0,0,0,0.8323679209349487,True,35.2941,-120.667534,0.0,0.0,0.0,0.0
690fd7d987825a48788a8a3f,2025-10-12 20:10:11.602,foothill,Car,0.0,0.0,0.0,0.0,0.0,0.0,0.0,inf,0.0,0.0,0,0,0.8323679209349487,True,35.2941,-120.667534,0.0,0.0,0.0,0.0
690fd7d987825a48788a8a3f,2025-10-12 20:10:11.602,foothill,Car,0.0,0.0,0.0,0.0,0.0,0.0,0.0,inf,0.0,0.0,0,0,0.8323679209349487,True,35.2941,-120.667534,0.0,0.0,0.0,0.0
690fd7d987825a48788a8a3f,2025-10-12 20:10:11.602,foothill,Car,0.0,0.0,0.0,0.0,0.0,0.0,0.0,inf,0.0,0.0,0,0,0.8323679209349487,True,35.2941,-120.667534,0.0,0.0,0.0,0.0
690fd7d987825a48788a8a3f,2025-10-12 20:10:11.602,foothill,Car,0.0,0.0,0.0,0.0,0.0,0.0,0.0,inf,0.0,0.0,0,0,0.8323679209349487,True,35.2941,-120.667534,0.0,0.0,0.0,0.0
690fd7d987825a48788a8a3f,2025-10-12 20:10:11.602,foothill,Car,0.0,0.0,0.0,0.0,0.0,0.0,0.0,inf,0.0,0.0,0,0,0.8323679209349487,True,35.2941,-120.667534,0.0,0.0,0.0,0.0
690fd7d987825a48788a8a3f,2025-10-12 20:10:11.602,foothill,Car,0.0,0.0,0.0,0.0,0.0,0.0,0.0,inf,0.0,0.0,0,0,0.8323679209349487,True,35.2941,-120.667534,0.0,0.0,0.0,0.0
690fd7d987825a48788a8a3f,2025-10-12 20:10:11.602,foothill,Car,0.0,0.0,0.0,0.0,0.0,0.0,0.0,inf,0.0,0.0,0,0,0.8323679209349487,True,35.2941,-120.667534,0.0,0.0,0.0,0.0
690fd7d987825a48788a8a3f,2025-10-12 20:10:11.602,foothill,Car,0.0,0.0,0.0,0.0,0.0,0.0,0.0,inf,0.0,0.0,0,0,0.8323679209349487,True,35.2941,-120.667534,0.0,0.0,0.0,0.0
690fd7d987825a48788a8a3f,2025-10-12 20:10:11.602,foothill,Car,0.0,0.0,0.0,0.0,0.0,0.0,0.0,inf,0.0,0.0,0,0,0.8323679209349487,True,35.2941,-120.667534,0.0,0.0,0.0,0.0
690fd7d987825a48788a8a3f,2025-10-12 20:10:11.602,foothill,Car,0.0,0.0,0.0,0.0,0.0,0.0,0.0,inf,0.0,0.0,0,0,0.8323679209349487,True,35.2941,-120.667534,0.0,0.0,0.0,0.0
690fd7d987825a48788a8a3f,2025-10-12 20:10:11.602,foothill,Car,0.0,0.0,0.0,0.0,0.0,0.0,0.0,inf,0.0,0.0,0,0,0.8323679209349487,True,35.2941,-120.667534,0.0,0.0,0.0,0.0
690fd7d987825a48788a8a3f,2025-10-12 20:10:11.602,foothill,Car,0.0,0.0,0.0,0.0,0.0,0.0,0.0,inf,0.0,0.0,0,0,0.8323679209349487,True,35.2941,-120.667534,0.0,0.0,0.0,0.0
690fd7d987825a48788a8a3f,2025-10-12 20:10:11.602,foothill,Car,0.0,0.0,0.0,0.0,0.0,0.0,0.0,inf,0.0,0.0,0,0,0.8323679209349487,True,35.2941,-120.667534,0.0,0.0,0.0,0.0
690fd7d987825a48788a8a3f,2025-10-12 20:10:11.602,foothill,Car,0.0,0.0,0.0,0.0,0.0,0.0,0.0,inf,0.0,0.0,0,0,0.8323679209349487,True,35.2941,-120.667534,0.0,0.0,0.0,0.0
690fd7d987825a48788a8a3f,2025-10-12 20:10:11.602,foothill,Car,0.0,0.0,0.0,0.0,0.0,0.0,0.0,inf,0.0,0.0,0,0,0.8323679209349487,True,35.2941,-120.667534,0.0,0.0,0.0,0.0
690fd7d987825a48788a8a3f,2025-10-12 20:10:11.602,foothill,Car,0.0,0.0,0.0,0.0,0.0,0.0,0.0,inf,0.0,0.0,0,0,0.8323679209349487,True,35.2941,-120.667534,0.0,0.0,0.0,0.0
690fd7d987825a48788a8a3f,2025-10-12 20:10:11.602,foothill,Car,0.0,0.0,0.0,0.0,0.0,0.0,0.0,inf,0.0,0.0,0,0,0.8323679209349487,True,35.2941,-120.667534,0.0,0.0,0.0,0.0
690fd7d987825a48788a8a3f,2025-10-12 20:10:11.602,foothill,Car,0.0,0.0,0.0,0.0,0.0,0.0,0.0,inf,0.0,0.0,0,0,0.8323679209349487,True,35.2941,-120.667534,0.0,0.0,0.0,0.0
690fd7d987825a48788a8a3f,2025-10-12 20:10:11.602,foothill,Car,0.0,0.0,0.0,0.0,0.0,0.0,0.0,inf,0.0,0.0,0,0,0.8323679209349487,True,35.2941,-120.667534,0.0,0.0,0.0,0.0
690fd7d987825a48788a8a3f,2025-10-12 20:10:11.602,foothill,Car,0.0,0.0,0.0,0.0,0.0,0.0,0.0,inf,0.0,0.0,0,0,0.8323679209349487,True,35.2941,-120.667534,0.0,0.0,0.0,0.0
690fd7d987825a48788a8a3f,2025-10-12 20:10:11.602,foothill,Car,0.0,0.0,0.0,0.0,0.0,0.0,0.0,inf,0.0,0.0,0,0,0.8323679209349487,True,35.2941,-120.667534,0.0,0.0,0.0,0.0
690fd7d987825a48788a8a3f,2025-10-12 20:10:11.602,foothill,Car,0.0,0.0,0.0,0.0,0.0,0.0,0.0,inf,0.0,0.0,0,0,0.8323679209349487,True,35.2941,-120.667534,0.0,0.0,0.0,0.0
690fd7d987825a48788a8a3f,2025-10-12 20:10:11.602,foothill,Car,0.0,0.0,0.0,0.0,0.0,0.0,0.0,inf,0.0,0.0,0,0,0.8323679209349487,True,35.2941,-120.667534,0.0,0.0,0.0,0.0
690fd7d987825a48788a8a3f,2025-10-12 20:10:11.602,foothill,Car,0.0,0.0,0.0,0.0,0.0,0.0,0.0,inf,0.0,0.0,0,0,0.8323679209349487,True,35.2941,-120.667534,0.0,0.0,0.0,0.0
690fd7d987825a48788a8a3f,2025-10-12 20:10:11.602,foothill,Car,0.0,0.0,0.0,0.0,0.0,0.0,0.0,inf,0.0,0.0,0,0,0.8323679209349487,True,35.2941,-120.667534,0.0,0.0,0.0,0.0
690fd7d987825a48788a8a3f,2025-10-12 20:10:11.602,foothill,Car,0.0,0.0,0.0,0.0,0.0,0.0,0.0,inf,0.0,0.0,0,0,0.8323679209349487,True,35.2941,-120.667534,0.0,0.0,0.0,0.0
690fd7d987825a48788a8a3f,2025-10-12 20:10:11.602,foothill,Car,0.0,0.0,0.0,0.0,0.0,0.0,0.0,inf,0.0,0.0,0,0,0.8323679209349487,True,35.2941,-120.667534,0.0,0.0,0.0,0.0
690fd7d987825a48788a8a3f,2025-10-12 20:10:11.602,foothill,Car,0.0,0.0,0.0,0.0,0.0,0.0,0.0,inf,0.0,0.0,0,0,0.8323679209349487,True,35.2941,-120.667534,0.0,0.0,0.0,0.0
690fd7d987825a48788a8a3f,2025-10-12 20:10:11.602,foothill,Car,0.0,0.0,0.0,0.0,0.0,0.0,0.0,inf,0.0,0.0,0,0,0.8323679209349487,True,35.2941,-120.667534,0.0,0.0,0.0,0.0
690fd7d987825a48788a8a3f,2025-10-12 20:10:11.602,foothill,Car,0.0,0.0,0.0,0.0,0.0,0.0,0.0,inf,0.0,0.0,0,0,0.8323679209349487,True,35.2941,-120.667534,0.0,0.0,0.0,0.0
690fd7d987825a48788a8a3f,2025-10-12 20:10:11.602,foothill,Car,0.0,0.0,0.0,0.0,0.0,0.0,0.0,inf,0.0,0.0,0,0,0.8323679209349487,True,35.2941,-120.667534,0.0,0.0,0.0,0.0
690fd7d987825a48788a8a3f,2025-10-12 20:10:11.602,foothill,Car,0.0,0.0,0.0,0.0,0.0,0.0,0.0,inf,0.0,0.0,0,0,0.8323679209349487,True,35.2941,-120.667534,0.0,0.0,0.0,0.0
690fd7d987825a48788a8a3f,2025-10-12 20:10:11.602,foothill,Car,0.0,0.0,0.0,0.0,0.0,0.0,0.0,inf,0.0,0.0,0,0,0.8323679209349487,True,35.2941,-120.667534,0.0,0.0,0.0,0.0
690fd7d987825a48788a8a3f,2025-10-12 20:10:11.602,foothill,Car,0.0,0.0,0.0,0.0,0.0,0.0,0.0,inf,0.0,0.0,0,0,0.8323679209349487,True,35.2941,-120.667534,0.0,0.0,0.0,0.0
690fd7d987825a48788a8a3f,2025-10-12 20:10:11.602,foothill,Car,0.0,0.0,0.0,0.0,0.0,0.0,0.0,inf,0.0,0.0,0,0,0.8323679209349487,True,35.2941,-120.667534,0.0,0.0,0.0,0.0
690fd7d987825a48788a8a3f,2025-10-12 20:10:11.602,foothill,Car,0.0,0.0,0.0,0.0,0.0,0.0,0.0,inf,0.0,0.0,0,0,0.8323679209349487,True,35.2941,-120.667534,0.0,0.0,0.0,0.0
690fd7d987825a48788a8a3f,2025-10-12 20:10:11.602,foothill,Car,0.0,0.0,0.0,0.0,0.0,0.0,0.0,inf,0.0,0.0,0,0,0.8323679209349487,True,35.2941,-120.667534,0.0,0.0,0.0,0.0
690fd7d987825a48788a8a3f,2025-10-12 20:10:11.602,foothill,Car,0.0,0.0,0.0,0.0,0.0,0.0,0.0,inf,0.0,0.0,0,0,0.8323679209349487,True,35.2941,-120.667534,0.0,0.0,0.0,0.0
690fd7d987825a48788a8a3f,2025-10-12 20:10:11.602,foothill,Car,0.0,0.0,0.0,0.0,0.0,0.0,0.0,inf,0.0,0.0,0,0,0.8323679209349487,True,35.2941,-120.667534,0.0,0.0,0.0,0.0
690fd7d987825a48788a8a3f,2025-10-12 20:10:11.602,foothill,Car,0.0,0.0,0.0,0.0,0.0,0.0,0.0,inf,0.0,0.0,0,0,0.8323679209349487,True,35.2941,-120.667534,0.0,0.0,0.0,0.0
690fd7d987825a48788a8a3f,2025-10-12 20:10:11.602,foothill,Car,0.0,0.0,0.0,0.0,0.0,0.0,0.0,inf,0.0,0.0,0,0,0.8323679209349487,True,35.2941,-120.667534,0.0,0.0,0.0,0.0
690fd7d987825a48788a8a3f,2025-10-12 20:10:11.602,foothill,Car,0.0,0.0,0.0,0.0,0.0,0.0,0.0,inf,0.0,0.0,0,0,0.8323679209349487,True,35.2941,-120.667534,0.0,0.0,0.0,0.0
690fd7d987825a48788a8a3f,2025-10-12 20:10:11.602,foothill,Car,0.0,0.0,0.0,0.0,0.0,0.0,0.0,inf,0.0,0.0,0,0,0.8323679209349487,True,35.2941,-120.667534,0.0,0.0,0.0,0.0
690fd7d987825a48788a8a3f,2025-10-12 20:10:11.602,foothill,Car,0.0,0.0,0.0,0.0,0.0,0.0,0.0,inf,0.0,0.0,0,0,0.8323679209349487,True,35.2941,-120.667534,0.0,0.0,0.0,0.0
690fd7d987825a48788a8a3f,2025-10-12 20:10:11.602,foothill,Car,0.0,0.0,0.0,0.0,0.0,0.0,0.0,inf,0.0,0.0,0,0,0.8323679209349487,True,35.2941,-120.667534,0.0,0.0,0.0,0.0
690fd7d987825a48788a8a3f,2025-10-12 20:10:11.602,foothill,Car,0.0,0.0,0.0,0.0,0.0,0.0,0.0,inf,0.0,0.0,0,0,0.8323679209349487,True,35.2941,-120.667534,0.0,0.0,0.0,0.0
690fd7d987825a48788a8a3f,2025-10-12 20:10:11.602,foothill,Car,0.0,0.0,0.0,0.0,0.0,0.0,0.0,inf,0.0,0.0,0,0,0.8323679209349487,True,35.2941,-120.667534,0.0,0.0,0.0,0.0
690fd7d987825a48788a8a3f,2025-10-12 20:10:11.602,foothill,Car,0.0,0.0,0.0,0.0,0.0,0.0,0.0,inf,0.0,0.0,0,0,0.8323679209349487,True,35.2941,-120.667534,0.0,0.0,0.0,0.0
690fd7d987825a48788a8a3f,2025-10-12 20:10:11.602,foothill,Car,0.0,0.0,0.0,0.0,0.0,0.0,0.0,inf,0.0,0.0,0,0,0.8323679209349487,True,35.2941,-120.667534,0.0,0.0,0.0,0.0
690fd7d987825a48788a8a3f,2025-10-12 20:10:11.602,foothill,Car,0.0,0.0,0.0,0.0,0.0,0.0,0.0,inf,0.0,0.0,0,0,0.8323679209349487,True,35.2941,-120.667534,0.0,0.0,0.0,0.0
690fd7d987825a48788a8a3f,2025-10-12 20:10:11.602,foothill,Car,0.0,0.0,0.0,0.0,0.0,0.0,0.0,inf,0.0,0.0,0,0,0.8323679209349487,True,35.2941,-120.667534,0.0,0.0,0.0,0.0
690fd7d987825a48788a8a3f,2025-10-12 20:10:11.602,foothill,Car,0.0,0.0,0.0,0.0,0.0,0.0,0.0,inf,0.0,0.0,0,0,0.8323679209349487,True,35.2941,-120.667534,0.0,0.0,0.0,0.0
690fd7d987825a48788a8a3f,2025-10-12 20:10:11.602,foothill,Car,0.0,0.0,0.0,0.0,0.0,0.0,0.0,inf,0.0,0.0,0,0,0.8323679209349487,True,35.2941,-120.667534,0.0,0.0,0.0,0.0
690fd7d987825a48788a8a3f,2025-10-12 20:10:11.602,foothill,Car,0.0,0.0,0.0,0.0,0.0,0.0,0.0,inf,0.0,0.0,0,0,0.8323679209349487,True,35.2941,-120.667534,0.0,0.0,0.0,0.0
690fd7d987825a48788a8a3f,2025-10-12 20:10:11.602,foothill,Car,0.0,0.0,0.0,0.0,0.0,0.0,0.0,inf,0.0,0.0,0,0,0.8323679209349487,True,35.2941,-120.667534,0.0,0.0,0.0,0.0
690fd7d987825a48788a8a3f,2025-10-12 20:10:11.602,foothill,Car,0.0,0.0,0.0,0.0,0.0,0.0,0.0,inf,0.0,0.0,0,0,0.8323679209349487,True,35.2941,-120.667534,0.0,0.0,0.0,0.0
690fd7d987825a48788a8a3f,2025-10-12 20:10:11.602,foothill,Car,0.0,0.0,0.0,0.0,0.0,0.0,0.0,inf,0.0,0.0,0,0,0.8323679209349487,True,35.2941,-120.667534,0.0,0.0,0.0,0.0
690fd7d987825a48788a8a3f,2025-10-12 20:10:11.602,foothill,Car,0.0,0.0,0.0,0.0,0.0,0.0,0.0,inf,0.0,0.0,0,0,0.8323679209349487,True,35.2941,-120.667534,0.0,0.0,0.0,0.0
690fd7d987825a48788a8a3f,2025-10-12 20:10:11.602,foothill,Car,0.0,0.0,0.0,270.0,-90.0,0.0,0.0,inf,0.0,0.0,0,0,0.8323679209349487,True,35.2941,-120.66754,0.0,0.0,0.0,0.0
690fd7d987825a48788a8a3f,2025-10-12 20:10:11.602,foothill,Car,0.0,0.0,0.0,0.0,90.0,0.0,0.0,inf,0.0,90.0,0,0,0.8323679209349487,True,35.2941,-120.66754,0.0,0.0,0.0,0.0
690fd7d987825a48788a8a3f,2025-10-12 20:10:11.602,foothill,Car,0.0,0.0,0.0,0.0,0.0,0.0,0.0,inf,0.0,90.0,0,0,0.8323679209349487,True,35.2941,-120.66754,0.0,0.0,0.0,0.0
690fd7d987825a48788a8a3f,2025-10-12 20:10:11.602,foothill,Car,0.0,0.0,0.0,0.0,0.0,0.0,0.0,inf,0.0,90.0,0,0,0.8323679209349487,True,35.2941,-120.66754,0.0,0.0,0.0,0.0
690fd7d987825a48788a8a3f,2025-10-12 20:10:11.602,foothill,Car,0.0,0.0,0.0,90.0,90.0,0.0,0.0,inf,0.0,90.0,0,0,0.8323679209349487,True,35.2941,-120.667534,0.0,0.0,0.0,0.0
690fd7d987825a48788a8a3f,2025-10-12 20:10:11.602,foothill,Car,0.0,0.0,0.0,270.0,-180.0,0.0,0.0,inf,0.0,0.0,0,0,0.8323679209349487,True,35.2941,-120.66754,0.0,0.0,0.0,0.0
690fd7d987825a48788a8a3f,2025-10-12 20:10:11.602,foothill,Car,0.0,0.0,0.0,0.0,90.0,0.0,0.0,inf,0.0,90.0,0,0,0.8323679209349487,True,35.2941,-120.66754,0.0,0.0,0.0,0.0
690fd7d987825a48788a8a3f,2025-10-12 20:10:11.602,foothill,Car,0.0,0.0,0.0,0.0,0.0,0.0,0.0,inf,0.0,90.0,0,0,0.8323679209349487,True,35.2941,-120.66754,0.0,0.0,0.0,0.0
690fd7d987825a48788a8a3f,2025-10-12 20:10:11.602,foothill,Car,0.0,0.0,0.0,0.0,0.0,0.0,0.0,inf,0.0,90.0,0,0,0.8323679209349487,True,35.2941,-120.66754,0.0,0.0,0.0,0.0
690fd7d987825a48788a8a3f,2025-10-12 20:10:11.602,foothill,Car,0.0,0.0,0.0,0.0,0.0,0.0,0.0,inf,0.0,90.0,0,0,0.8323679209349487,True,35.2941,-120.66754,0.0,0.0,0.0,0.0
690fd7d987825a48788a8a3f,2025-10-12 20:10:11.602,foothill,Car,0.0,0.0,0.0,0.0,0.0,0.0,0.0,inf,0.0,90.0,0,0,0.8323679209349487,True,35.2941,-120.66754,0.0,0.0,0.0,0.0
690fd7d987825a48788a8a3f,2025-10-12 20:10:11.602,foothill,Car,0.0,0.0,0.0,0.0,0.0,0.0,0.0,inf,0.0,90.0,0,0,0.8323679209349487,True,35.2941,-120.66754,0.0,0.0,0.0,0.0
690fd7d987825a48788a8a3f,2025-10-12 20:10:11.602,foothill,Car,0.0,0.0,0.0,0.0,0.0,0.0,0.0,inf,0.0,90.0,0,0,0.8323679209349487,True,35.2941,-120.66754,0.0,0.0,0.0,0.0
690fd7d987825a48788a8a3f,2025-10-12 20:10:11.602,foothill,Car,0.0,0.0,0.0,0.0,0.0,0.0,0.0,inf,0.0,90.0,0,0,0.8323679209349487,True,35.2941,-120.66754,0.0,0.0,0.0,0.0
690fd7d987825a48788a8a3f,2025-10-12 20:10:11.602,foothill,Car,0.0,0.0,0.0,0.0,0.0,0.0,0.0,inf,0.0,90.0,0,0,0.8323679209349487,True,35.2941,-120.66754,0.0,0.0,0.0,0.0
690fd7d987825a48788a8a3f,2025-10-12 20:10:11.602,foothill,Car,0.0,0.0,0.0,0.0,0.0,0.0,0.0,inf,0.0,90.0,0,0,0.8323679209349487,True,35.2941,-120.66754,0.0,0.0,0.0,0.0
690fd7d987825a48788a8a3f,2025-10-12 20:10:11.602,foothill,Car,0.0,0.0,0.0,0.0,0.0,0.0,0.0,inf,0.0,90.0,0,0,0.8323679209349487,True,35.2941,-120.66754,0.0,0.0,0.0,0.0
690fd7d987825a48788a8a3f,2025-10-12 20:10:11.602,foothill,Car,0.0,0.0,0.0,0.0,0.0,0.0,0.0,inf,0.0,90.0,0,0,0.8323679209349487,True,35.2941,-120.66754,0.0,0.0,0.0,0.0
690fd7d987825a48788a8a3f,2025-10-12 20:10:11.602,foothill,Car,0.0,0.0,0.0,0.0,0.0,0.0,0.0,inf,0.0,90.0,0,0,0.8323679209349487,True,35.2941,-120.66754,0.0,0.0,0.0,0.0
690fd7d987825a48788a8a3f,2025-10-12 20:10:11.602,foothill,Car,0.0,0.0,0.0,0.0,0.0,0.0,0.0,inf,0.0,90.0,0,0,0.8323679209349487,True,35.2941,-120.66754,0.0,0.0,0.0,0.0
690fd7d987825a48788a8a3f,2025-10-12 20:10:11.602,foothill,Car,0.0,0.0,0.0,0.0,0.0,0.0,0.0,inf,0.0,90.0,0,0,0.8323679209349487,True,35.2941,-120.66754,0.0,0.0,0.0,0.0
690fd7d987825a48788a8a3f,2025-10-12 20:10:11.602,foothill,Car,0.0,0.0,0.0,0.0,0.0,0.0,0.0,inf,0.0,90.0,0,0,0.8323679209349487,True,35.2941,-120.66754,0.0,0.0,0.0,0.0
690fd7d987825a48788a8a3f,2025-10-12 20:10:11.602,foothill,Car,0.0,0.0,0.0,0.0,0.0,0.0,0.0,inf,0.0,90.0,0,0,0.8323679209349487,True,35.2941,-120.66754,0.0,0.0,0.0,0.0
690fd7d987825a48788a8a3f,2025-10-12 20:10:11.602,foothill,Car,0.0,0.0,0.0,0.0,0.0,0.0,0.0,inf,0.0,90.0,0,0,0.8323679209349487,True,35.2941,-120.66754,0.0,0.0,0.0,0.0
690fd7d987825a48788a8a3f,2025-10-12 20:10:11.602,foothill,Car,0.0,0.0,0.0,0.0,0.0,0.0,0.0,inf,0.0,90.0,0,0,0.8323679209349487,True,35.2941,-120.66754,0.0,0.0,0.0,0.0
690fd7d987825a48788a8a3f,2025-10-12 20:10:11.602,foothill,Car,0.0,0.0,0.0,0.0,0.0,0.0,0.0,inf,0.0,90.0,0,0,0.8323679209349487,True,35.2941,-120.66754,0.0,0.0,0.0,0.0
690fd7d987825a48788a8a3f,2025-10-12 20:10:11.602,foothill,Car,0.0,0.0,0.0,0.0,0.0,0.0,0.0,inf,0.0,90.0,0,0,0.8323679209349487,True,35.2941,-120.66754,0.0,0.0,0.0,0.0
690fd7d987825a48788a8a3f,2025-10-12 20:10:11.602,foothill,Car,0.0,0.0,0.0,0.0,0.0,0.0,0.0,inf,0.0,90.0,0,0,0.8323679209349487,True,35.2941,-120.66754,0.0,0.0,0.0,0.0
690fd7d987825a48788a8a3f,2025-10-12 20:10:11.602,foothill,Car,0.0,0.0,0.0,0.0,0.0,0.0,0.0,inf,0.0,90.0,0,0,0.8323679209349487,True,35.2941,-120.66754,0.0,0.0,0.0,0.0
690fd7d987825a48788a8a3f,2025-10-12 20:10:11.602,foothill,Car,0.0,0.0,0.0,0.0,0.0,0.0,0.0,inf,0.0,90.0,0,0,0.8323679209349487,True,35.2941,-120.66754,0.0,0.0,0.0,0.0
690fd7d987825a48788a8a3f,2025-10-12 20:10:11.602,foothill,Car,0.0,0.0,0.0,0.0,0.0,0.0,0.0,inf,0.0,90.0,0,0,0.8323679209349487,True,35.2941,-120.66754,0.0,0.0,0.0,0.0
690fd7d987825a48788a8a3f,2025-10-12 20:10:11.602,foothill,Car,0.0,0.0,0.0,0.0,0.0,0.0,0.0,inf,0.0,90.0,0,0,0.8323679209349487,True,35.2941,-120.66754,0.0,0.0,0.0,0.0
690fd7d987825a48788a8a3f,2025-10-12 20:10:11.602,foothill,Car,0.0,0.0,0.0,0.0,0.0,0.0,0.0,inf,0.0,90.0,0,0,0.8323679209349487,True,35.2941,-120.66754,0.0,0.0,0.0,0.0
690fd7d987825a48788a8a3f,2025-10-12 20:10:11.602,foothill,Car,0.0,0.0,0.0,0.0,0.0,0.0,0.0,inf,0.0,90.0,0,0,0.8323679209349487,True,35.2941,-120.66754,0.0,0.0,0.0,0.0
690fd7d987825a48788a8a3f,2025-10-12 20:10:11.602,foothill,Car,0.0,0.0,0.0,0.0,0.0,0.0,0.0,inf,0.0,90.0,0,0,0.8323679209349487,True,35.2941,-120.66754,0.0,0.0,0.0,0.0
690fd7d987825a48788a8a3f,2025-10-12 20:10:11.602,foothill,Car,0.0,0.0,0.0,0.0,0.0,0.0,0.0,inf,0.0,90.0,0,0,0.8323679209349487,True,35.2941,-120.66754,0.0,0.0,0.0,0.0
690fd7d987825a48788a8a3f,2025-10-12 20:10:11.602,foothill,Car,0.0,0.0,0.0,0.0,0.0,0.0,0.0,inf,0.0,90.0,0,0,0.8323679209349487,True,35.2941,-120.66754,0.0,0.0,0.0,0.0
690fd7d987825a48788a8a3f,2025-10-12 20:10:11.602,foothill,Car,0.0,0.0,0.0,0.0,0.0,0.0,0.0,inf,0.0,90.0,0,0,0.8323679209349487,True,35.2941,-120.66754,0.0,0.0,0.0,0.0
690fd7d987825a48788a8a3f,2025-10-12 20:10:11.602,foothill,Car,0.0,0.0,0.0,0.0,0.0,0.0,0.0,inf,0.0,90.0,0,0,0.8323679209349487,True,35.2941,-120.66754,0.0,0.0,0.0,0.0
690fd7d987825a48788a8a3f,2025-10-12 20:10:11.602,foothill,Car,0.0,0.0,0.0,0.0,0.0,0.0,0.0,inf,0.0,90.0,0,0,0.8323679209349487,True,35.2941,-120.66754,0.0,0.0,0.0,0.0
690fd7d987825a48788a8a3f,2025-10-12 20:10:11.602,foothill,Car,0.0,0.0,0.0,0.0,0.0,0.0,0.0,inf,0.0,90.0,0,0,0.8323679209349487,True,35.2941,-120.66754,0.0,0.0,0.0,0.0
690fd7d987825a48788a8a3f,2025-10-12 20:10:11.602,foothill,Car,0.0,0.0,0.0,0.0,0.0,0.0,0.0,inf,0.0,90.0,0,0,0.8323679209349487,True,35.2941,-120.66754,0.0,0.0,0.0,0.0
690fd7d987825a48788a8a3f,2025-10-12 20:10:11.602,foothill,Car,0.0,0.0,0.0,0.0,0.0,0.0,0.0,inf,0.0,90.0,0,0,0.8323679209349487,True,35.2941,-120.66754,0.0,0.0,0.0,0.0
690fd7d987825a48788a8a3f,2025-10-12 20:10:11.602,foothill,Car,0.0,0.0,0.0,0.0,0.0,0.0,0.0,inf,0.0,90.0,0,0,0.8323679209349487,True,35.2941,-120.66754,0.0,0.0,0.0,0.0
690fd7d987825a48788a8a3f,2025-10-12 20:10:11.602,foothill,Car,0.0,0.0,0.0,0.0,0.0,0.0,0.0,inf,0.0,90.0,0,0,0.8323679209349487,True,35.2941,-120.66754,0.0,0.0,0.0,0.0
690fd7d987825a48788a8a3f,2025-10-12 20:10:11.602,foothill,Car,0.0,0.0,0.0,0.0,0.0,0.0,0.0,inf,0.0,90.0,0,0,0.8323679209349487,True,35.2941,-120.66754,0.0,0.0,0.0,0.0
690fd7d987825a48788a8a3f,2025-10-12 20:10:11.602,foothill,Car,0.0,0.0,0.0,0.0,0.0,0.0,0.0,inf,0.0,90.0,0,0,0.8323679209349487,True,35.2941,-120.66754,0.0,0.0,0.0,0.0
690fd7d987825a48788a8a3f,2025-10-12 20:10:11.602,foothill,Car,0.0,0.0,0.0,0.0,0.0,0.0,0.0,inf,0.0,90.0,0,0,0.8323679209349487,True,35.2941,-120.66754,0.0,0.0,0.0,0.0
690fd7d987825a48788a8a3f,2025-10-12 20:10:11.602,foothill,Car,0.0,0.0,0.0,0.0,0.0,0.0,0.0,inf,0.0,90.0,0,0,0.8323679209349487,True,35.2941,-120.66754,0.0,0.0,0.0,0.0
690fd7d987825a48788a8a3f,2025-10-12 20:10:11.602,foothill,Car,0.0,0.0,0.0,0.0,0.0,0.0,0.0,inf,0.0,90.0,0,0,0.8323679209349487,True,35.2941,-120.66754,0.0,0.0,0.0,0.0
690fd7d987825a48788a8a3f,2025-10-12 20:10:11.602,foothill,Car,0.0,0.0,0.0,0.0,0.0,0.0,0.0,inf,0.0,90.0,0,0,0.8323679209349487,True,35.2941,-120.66754,0.0,0.0,0.0,0.0
690fd7d987825a48788a8a3f,2025-10-12 20:10:11.602,foothill,Car,0.0,0.0,0.0,0.0,0.0,0.0,0.0,inf,0.0,90.0,0,0,0.8323679209349487,True,35.2941,-120.66754,0.0,0.0,0.0,0.0
690fd7d987825a48788a8a3f,2025-10-12 20:10:11.602,foothill,Car,0.0,0.0,0.0,0.0,0.0,0.0,0.0,inf,0.0,90.0,0,0,0.8323679209349487,True,35.2941,-120.66754,0.0,0.0,0.0,0.0
690fd7d987825a48788a8a3f,2025-10-12 20:10:11.602,foothill,Car,0.0,0.0,0.0,0.0,0.0,0.0,0.0,inf,0.0,90.0,0,0,0.8323679209349487,True,35.2941,-120.66754,0.0,0.0,0.0,0.0
690fd7d987825a48788a8a3f,2025-10-12 20:10:11.602,foothill,Car,0.0,0.0,0.0,0.0,0.0,0.0,0.0,inf,0.0,90.0,0,0,0.8323679209349487,True,35.2941,-120.66754,0.0,0.0,0.0,0.0
690fd7d987825a48788a8a3f,2025-10-12 20:10:11.602,foothill,Car,0.0,0.0,0.0,0.0,0.0,0.0,0.0,inf,0.0,90.0,0,0,0.8323679209349487,True,35.2941,-120.66754,0.0,0.0,0.0,0.0
690fd7d987825a48788a8a3f,2025-10-12 20:10:11.602,foothill,Car,0.0,0.0,0.0,0.0,0.0,0.0,0.0,inf,0.0,90.0,0,0,0.8323679209349487,True,35.2941,-120.66754,0.0,0.0,0.0,0.0
690fd7d987825a48788a8a3f,2025-10-12 20:10:11.602,foothill,Car,0.0,0.0,0.0,0.0,0.0,0.0,0.0,inf,0.0,90.0,0,0,0.8323679209349487,True,35.2941,-120.66754,0.0,0.0,0.0,0.0
690fd7d987825a48788a8a3f,2025-10-12 20:10:11.602,foothill,Car,0.0,0.0,0.0,0.0,0.0,0.0,0.0,inf,0.0,90.0,0,0,0.8323679209349487,True,35.2941,-120.66754,0.0,0.0,0.0,0.0
690fd7d987825a48788a8a3f,2025-10-12 20:10:11.602,foothill,Car,0.0,0.0,0.0,0.0,0.0,0.0,0.0,inf,0.0,90.0,0,0,0.8323679209349487,True,35.2941,-120.66754,0.0,0.0,0.0,0.0
690fd7d987825a48788a8a3f,2025-10-12 20:10:11.602,foothill,Car,0.0,0.0,0.0,0.0,0.0,0.0,0.0,inf,0.0,90.0,0,0,0.8323679209349487,True,35.2941,-120.66754,0.0,0.0,0.0,0.0
690fd7d987825a48788a8a3f,2025-10-12 20:10:11.602,foothill,Car,0.0,0.0,0.0,0.0,0.0,0.0,0.0,inf,0.0,90.0,0,0,0.8323679209349487,True,35.2941,-120.66754,0.0,0.0,0.0,0.0
690fd7d987825a48788a8a3f,2025-10-12 20:10:11.602,foothill,Car,0.0,0.0,0.0,0.0,0.0,0.0,0.0,inf,0.0,90.0,0,0,0.8323679209349487,True,35.2941,-120.66754,0.0,0.0,0.0,0.0
690fd7d987825a48788a8a3f,2025-10-12 20:10:11.602,foothill,Car,0.0,0.0,0.0,0.0,0.0,0.0,0.0,inf,0.0,90.0,0,0,0.8323679209349487,True,35.2941,-120.66754,0.0,0.0,0.0,0.0
690fd7d987825a48788a8a3f,2025-10-12 20:10:11.602,foothill,Car,0.0,0.0,0.0,0.0,0.0,0.0,0.0,inf,0.0,90.0,0,0,0.8323679209349487,True,35.2941,-120.66754,0.0,0.0,0.0,0.0
690fd7d987825a48788a8a3f,2025-10-12 20:10:11.602,foothill,Car,0.0,0.0,0.0,0.0,0.0,0.0,0.0,inf,0.0,90.0,0,0,0.8323679209349487,True,35.2941,-120.66754,0.0,0.0,0.0,0.0
690fd7d987825a48788a8a3f,2025-10-12 20:10:11.602,foothill,Car,0.0,0.0,0.0,0.0,0.0,0.0,0.0,inf,0.0,90.0,0,0,0.8323679209349487,True,35.2941,-120.66754,0.0,0.0,0.0,0.0
690fd7d987825a48788a8a3f,2025-10-12 20:10:11.602,foothill,Car,0.0,0.0,0.0,0.0,0.0,0.0,0.0,inf,0.0,90.0,0,0,0.8323679209349487,True,35.2941,-120.66754,0.0,0.0,0.0,0.0
690fd7d987825a48788a8a3f,2025-10-12 20:10:11.602,foothill,Car,0.0,0.0,0.0,0.0,0.0,0.0,0.0,inf,0.0,90.0,0,0,0.8323679209349487,True,35.2941,-120.66754,0.0,0.0,0.0,0.0
690fd7d987825a48788a8a3f,2025-10-12 20:10:11.602,foothill,Car,0.0,0.0,0.0,0.0,0.0,0.0,0.0,inf,0.0,90.0,0,0,0.8323679209349487,True,35.2941,-120.66754,0.0,0.0,0.0,0.0
690fd7d987825a48788a8a3f,2025-10-12 20:10:11.602,foothill,Car,0.0,0.0,0.0,0.0,0.0,0.0,0.0,inf,0.0,90.0,0,0,0.8323679209349487,True,35.2941,-120.66754,0.0,0.0,0.0,0.0
690fd7d987825a48788a8a3f,2025-10-12 20:10:11.602,foothill,Car,0.0,0.0,0.0,0.0,0.0,0.0,0.0,inf,0.0,90.0,0,0,0.8323679209349487,True,35.2941,-120.66754,0.0,0.0,0.0,0.0
690fd7d987825a48788a8a3f,2025-10-12 20:10:11.602,foothill,Car,0.0,0.0,0.0,0.0,0.0,0.0,0.0,inf,0.0,90.0,0,0,0.8323679209349487,True,35.2941,-120.66754,0.0,0.0,0.0,0.0
690fd7d987825a48788a8a3f,2025-10-12 20:10:11.602,foothill,Car,0.0,0.0,0.0,0.0,0.0,0.0,0.0,inf,0.0,90.0,0,0,0.8323679209349487,True,35.2941,-120.66754,0.0,0.0,0.0,0.0
690fd7d987825a48788a8a3f,2025-10-12 20:10:11.602,foothill,Car,0.0,0.0,0.0,0.0,0.0,0.0,0.0,inf,0.0,90.0,0,0,0.8323679209349487,True,35.2941,-120.66754,0.0,0.0,0.0,0.0
690fd7d987825a48788a8a3f,2025-10-12 20:10:11.602,foothill,Car,0.0,0.0,0.0,0.0,0.0,0.0,0.0,inf,0.0,90.0,0,0,0.8323679209349487,True,35.2941,-120.66754,0.0,0.0,0.0,0.0
690fd7d987825a48788a8a3f,2025-10-12 20:10:11.602,foothill,Car,0.0,0.0,0.0,0.0,0.0,0.0,0.0,inf,0.0,90.0,0,0,0.8323679209349487,True,35.2941,-120.66754,0.0,0.0,0.0,0.0
690fd7d987825a48788a8a3f,2025-10-12 20:10:11.602,foothill,Car,0.0,0.0,0.0,0.0,0.0,0.0,0.0,inf,0.0,90.0,0,0,0.8323679209349487,True,35.2941,-120.66754,0.0,0.0,0.0,0.0
690fd7d987825a48788a8a3f,2025-10-12 20:10:11.602,foothill,Car,0.0,0.0,0.0,0.0,0.0,0.0,0.0,inf,0.0,90.0,0,0,0.8323679209349487,True,35.2941,-120.66754,0.0,0.0,0.0,0.0
690fd7d987825a48788a8a3f,2025-10-12 20:10:11.602,foothill,Car,0.0,0.0,0.0,0.0,0.0,0.0,0.0,inf,0.0,90.0,0,0,0.8323679209349487,True,35.2941,-120.66754,0.0,0.0,0.0,0.0
690fd7d987825a48788a8a3f,2025-10-12 20:10:11.602,foothill,Car,0.0,0.0,0.0,0.0,0.0,0.0,0.0,inf,0.0,90.0,0,0,0.8323679209349487,True,35.2941,-120.66754,0.0,0.0,0.0,0.0
690fd7d987825a48788a8a3f,2025-10-12 20:10:11.602,foothill,Car,0.0,0.0,0.0,0.0,0.0,0.0,0.0,inf,0.0,90.0,0,0,0.8323679209349487,True,35.2941,-120.66754,0.0,0.0,0.0,0.0
690fd7d987825a48788a8a3f,2025-10-12 20:10:11.602,foothill,Car,0.0,0.0,0.0,0.0,0.0,0.0,0.0,inf,0.0,90.0,0,0,0.8323679209349487,True,35.2941,-120.66754,0.0,0.0,0.0,0.0
690fd7d987825a48788a8a3f,2025-10-12 20:10:11.602,foothill,Car,0.0,0.0,0.0,0.0,0.0,0.0,0.0,inf,0.0,90.0,0,0,0.8323679209349487,True,35.2941,-120.66754,0.0,0.0,0.0,0.0
690fd7d987825a48788a8a3f,2025-10-12 20:10:11.602,foothill,Car,0.0,0.0,0.0,0.0,0.0,0.0,0.0,inf,0.0,90.0,0,0,0.8323679209349487,True,35.2941,-120.66754,0.0,0.0,0.0,0.0
690fd7d987825a48788a8a3f,2025-10-12 20:10:11.602,foothill,Car,0.0,0.0,0.0,0.0,0.0,0.0,0.0,inf,0.0,90.0,0,0,0.8323679209349487,True,35.2941,-120.66754,0.0,0.0,0.0,0.0
690fd7d987825a48788a8a3f,2025-10-12 20:10:11.602,foothill,Car,0.0,0.0,0.0,0.0,0.0,0.0,0.0,inf,0.0,90.0,0,0,0.8323679209349487,True,35.2941,-120.66754,0.0,0.0,0.0,0.0
690fd7d987825a48788a8a3f,2025-10-12 20:10:11.602,foothill,Car,0.0,0.0,0.0,0.0,0.0,0.0,0.0,inf,0.0,90.0,0,0,0.8323679209349487,True,35.2941,-120.66754,0.0,0.0,0.0,0.0
690fd7d987825a48788a8a3f,2025-10-12 20:10:11.602,foothill,Car,0.0,0.0,0.0,0.0,0.0,0.0,0.0,inf,0.0,90.0,0,0,0.8323679209349487,True,35.2941,-120.66754,0.0,0.0,0.0,0.0
690fd7d987825a48788a8a3f,2025-10-12 20:10:11.602,foothill,Car,0.0,0.0,0.0,0.0,0.0,0.0,0.0,inf,0.0,90.0,0,0,0.8323679209349487,True,35.2941,-120.66754,0.0,0.0,0.0,0.0
690fd7d987825a48788a8a3f,2025-10-12 20:10:11.602,foothill,Car,0.0,0.0,0.0,0.0,0.0,0.0,0.0,inf,0.0,90.0,0,0,0.8323679209349487,True,35.2941,-120.66754,0.0,0.0,0.0,0.0
690fd7d987825a48788a8a3f,2025-10-12 20:10:11.602,foothill,Car,0.0,0.0,0.0,0.0,0.0,0.0,0.0,inf,0.0,90.0,0,0,0.8323679209349487,True,35.2941,-120.66754,0.0,0.0,0.0,0.0
690fd7d987825a48788a8a3f,2025-10-12 20:10:11.602,foothill,Car,0.0,0.0,0.0,0.0,0.0,0.0,0.0,inf,0.0,90.0,0,0,0.8323679209349487,True,35.2941,-120.66754,0.0,0.0,0.0,0.0
690fd7d987825a48788a8a3f,2025-10-12 20:10:11.602,foothill,Car,0.0,0.0,0.0,0.0,0.0,0.0,0.0,inf,0.0,90.0,0,0,0.8323679209349487,True,35.2941,-120.66754,0.0,0.0,0.0,0.0
690fd7d987825a48788a8a3f,2025-10-12 20:10:11.602,foothill,Car,0.0,0.0,0.0,0.0,0.0,0.0,0.0,inf,0.0,90.0,0,0,0.8323679209349487,True,35.2941,-120.66754,0.0,0.0,0.0,0.0
690fd7d987825a48788a8a3f,2025-10-12 20:10:11.602,foothill,Car,0.0,0.0,0.0,0.0,0.0,0.0,0.0,inf,0.0,90.0,0,0,0.8323679209349487,True,35.2941,-120.66754,0.0,0.0,0.0,0.0
690fd7d987825a48788a8a3f,2025-10-12 20:10:11.602,foothill,Car,0.0,0.0,0.0,0.0,0.0,0.0,0.0,inf,0.0,90.0,0,0,0.8323679209349487,True,35.2941,-120.66754,0.0,0.0,0.0,0.0
690fd7d987825a48788a8a3f,2025-10-12 20:10:11.602,foothill,Car,0.0,0.0,0.0,0.0,0.0,0.0,0.0,inf,0.0,90.0,0,0,0.8323679209349487,True,35.2941,-120.66754,0.0,0.0,0.0,0.0
690fd7d987825a48788a8a3f,2025-10-12 20:10:11.602,foothill,Car,0.0,0.0,0.0,0.0,0.0,0.0,0.0,inf,0.0,90.0,0,0,0.8323679209349487,True,35.2941,-120.66754,0.0,0.0,0.0,0.0
690fd7d987825a48788a8a3f,2025-10-12 20:10:11.602,foothill,Car,0.0,0.0,0.0,0.0,0.0,0.0,0.0,inf,0.0,90.0,0,0,0.8323679209349487,True,35.2941,-120.66754,0.0,0.0,0.0,0.0
690fd7d987825a48788a8a3f,2025-10-12 20:10:11.602,foothill,Car,0.0,0.0,0.0,0.0,0.0,0.0,0.0,inf,0.0,90.0,0,0,0.8323679209349487,True,35.2941,-120.66754,0.0,0.0,0.0,0.0
690fd7d987825a48788a8a3f,2025-10-12 20:10:11.602,foothill,Car,0.0,0.0,0.0,0.0,0.0,0.0,0.0,inf,0.0,90.0,0,0,0.8323679209349487,True,35.2941,-120.66754,0.0,0.0,0.0,0.0
690fd7d987825a48788a8a3f,2025-10-12 20:10:11.602,foothill,Car,0.0,0.0,0.0,0.0,0.0,0.0,0.0,inf,0.0,90.0,0,0,0.8323679209349487,True,35.2941,-120.66754,0.0,0.0,0.0,0.0
690fd7d987825a48788a8a3f,2025-10-12 20:10:11.602,foothill,Car,0.0,0.0,0.0,0.0,0.0,0.0,0.0,inf,0.0,90.0,0,0,0.8323679209349487,True,35.2941,-120.66754,0.0,0.0,0.0,0.0
690fd7d987825a48788a8a3f,2025-10-12 20:10:11.602,foothill,Car,0.0,0.0,0.0,0.0,0.0,0.0,0.0,inf,0.0,90.0,0,0,0.8323679209349487,True,35.2941,-120.66754,0.0,0.0,0.0,0.0
690fd7d987825a48788a8a3f,2025-10-12 20:10:11.602,foothill,Car,0.0,0.0,0.0,0.0,0.0,0.0,0.0,inf,0.0,90.0,0,0,0.8323679209349487,True,35.2941,-120.66754,0.0,0.0,0.0,0.0
690fd7d987825a48788a8a3f,2025-10-12 20:10:11.602,foothill,Car,0.0,0.0,0.0,0.0,0.0,0.0,0.0,inf,0.0,90.0,0,0,0.8323679209349487,True,35.2941,-120.66754,0.0,0.0,0.0,0.0
690fd7d987825a48788a8a3f,2025-10-12 20:10:11.602,foothill,Car,0.0,0.0,0.0,0.0,0.0,0.0,0.0,inf,0.0,90.0,0,0,0.8323679209349487,True,35.2941,-120.66754,0.0,0.0,0.0,0.0
690fd7d987825a48788a8a3f,2025-10-12 20:10:11.602,foothill,Car,0.0,0.0,0.0,0.0,0.0,0.0,0.0,inf,0.0,90.0,0,0,0.8323679209349487,True,35.2941,-120.66754,0.0,0.0,0.0,0.0
690fd7d987825a48788a8a3f,2025-10-12 20:10:11.602,foothill,Car,0.0,0.0,0.0,0.0,0.0,0.0,0.0,inf,0.0,90.0,0,0,0.8323679209349487,True,35.2941,-120.66754,0.0,0.0,0.0,0.0
690fd7d987825a48788a8a3f,2025-10-12 20:10:11.602,foothill,Car,0.0,0.0,0.0,0.0,0.0,0.0,0.0,inf,0.0,90.0,0,0,0.8323679209349487,True,35.2941,-120.66754,0.0,0.0,0.0,0.0
690fd7d987825a48788a8a3f,2025-10-12 20:10:11.602,foothill,Car,0.0,0.0,0.0,0.0,0.0,0.0,0.0,inf,0.0,90.0,0,0,0.8323679209349487,True,35.2941,-120.66754,0.0,0.0,0.0,0.0
690fd7d987825a48788a8a3f,2025-10-12 20:10:11.602,foothill,Car,0.0,0.0,0.0,0.0,0.0,0.0,0.0,inf,0.0,90.0,0,0,0.8323679209349487,True,35.2941,-120.66754,0.0,0.0,0.0,0.0
690fd7d987825a48788a8a3f,2025-10-12 20:10:11.602,foothill,Car,0.0,0.0,0.0,0.0,0.0,0.0,0.0,inf,0.0,90.0,0,0,0.8323679209349487,True,35.2941,-120.66754,0.0,0.0,0.0,0.0
690fd7d987825a48788a8a3f,2025-10-12 20:10:11.602,foothill,Car,0.0,0.0,0.0,0.0,0.0,0.0,0.0,inf,0.0,90.0,0,0,0.8323679209349487,True,35.2941,-120.66754,0.0,0.0,0.0,0.0
690fd7d987825a48788a8a3f,2025-10-12 20:10:11.602,foothill,Car,0.0,0.0,0.0,0.0,0.0,0.0,0.0,inf,0.0,90.0,0,0,0.8323679209349487,True,35.2941,-120.66754,0.0,0.0,0.0,0.0
690fd7d987825a48788a8a3f,2025-10-12 20:10:11.602,foothill,Car,0.0,0.0,0.0,0.0,0.0,0.0,0.0,inf,0.0,90.0,0,0,0.8323679209349487,True,35.2941,-120.66754,0.0,0.0,0.0,0.0
690fd7d987825a48788a8a3f,2025-10-12 20:10:11.602,foothill,Car,0.0,0.0,0.0,0.0,0.0,0.0,0.0,inf,0.0,90.0,0,0,0.8323679209349487,True,35.2941,-120.66754,0.0,0.0,0.0,0.0
690fd7da87825a48788a8a40,2025-10-12 20:10:12.339,foothill,Car,0.0,0.0,0.0,0.0,0.0,0.0,0.0,inf,0.0,0.0,1,0,0.9912989678062614,True,35.2941,-120.6676,0.1,0.0,0.0,0.0
690fd7da87825a48788a8a40,2025-10-12 20:10:12.339,foothill,Car,0.0,0.0,0.0,0.0,0.0,0.0,0.0,inf,0.0,0.0,0,0,0.9912989678062614,True,35.2941,-120.6676,0.0,0.0,0.0,0.0
690fd7da87825a48788a8a40,2025-10-12 20:10:12.339,foothill,Car,0.0,0.0,0.0,0.0,0.0,0.0,0.0,inf,0.0,0.0,0,0,0.9912989678062614,True,35.2941,-120.6676,0.0,0.0,0.0,0.0
690fd7da87825a48788a8a40,2025-10-12 20:10:12.339,foothill,Car,0.0,0.0,0.0,0.0,0.0,0.0,0.0,inf,0.0,0.0,0,0,0.9912989678062614,True,35.2941,-120.6676,0.0,0.0,0.0,0.0
690fd7da87825a48788a8a40,2025-10-12 20:10:12.339,foothill,Car,0.0,0.0,0.0,0.0,0.0,0.0,0.0,inf,0.0,0.0,0,0,0.9912989678062614,True,35.2941,-120.6676,0.0,0.0,0.0,0.0
690fd7da87825a48788a8a40,2025-10-12 20:10:12.339,foothill,Car,0.0,0.0,0.0,0.0,0.0,0.0,0.0,inf,0.0,0.0,0,0,0.9912989678062614,True,35.2941,-120.6676,0.0,0.0,0.0,0.0
690fd7da87825a48788a8a40,2025-10-12 20:10:12.339,foothill,Car,0.0,0.0,0.0,0.0,0.0,0.0,0.0,inf,0.0,0.0,0,0,0.9912989678062614,True,35.2941,-120.6676,0.0,0.0,0.0,0.0
690fd7da87825a48788a8a40,2025-10-12 20:10:12.339,foothill,Car,0.0,0.0,0.0,0.0,0.0,0.0,0.0,inf,0.0,0.0,0,0,0.9912989678062614,True,35.2941,-120.6676,0.0,0.0,0.0,0.0
690fd7da87825a48788a8a40,2025-10-12 20:10:12.339,foothill,Car,0.0,0.0,0.0,0.0,0.0,0.0,0.0,inf,0.0,0.0,0,0,0.9912989678062614,True,35.2941,-120.6676,0.0,0.0,0.0,0.0
690fd7da87825a48788a8a40,2025-10-12 20:10:12.339,foothill,Car,0.0,0.0,0.0,0.0,0.0,0.0,0.0,inf,0.0,0.0,0,0,0.9912989678062614,True,35.2941,-120.6676,0.0,0.0,0.0,0.0
690fd7da87825a48788a8a40,2025-10-12 20:10:12.339,foothill,Car,0.0,0.0,0.0,0.0,0.0,0.0,0.0,inf,0.0,0.0,0,0,0.9912989678062614,True,35.2941,-120.6676,0.0,0.0,0.0,0.0
690fd7da87825a48788a8a40,2025-10-12 20:10:12.339,foothill,Car,0.0,0.0,0.0,0.0,0.0,0.0,0.0,inf,0.0,0.0,0,0,0.9912989678062614,True,35.2941,-120.6676,0.0,0.0,0.0,0.0
690fd7da87825a48788a8a40,2025-10-12 20:10:12.339,foothill,Car,0.0,0.0,0.0,0.0,0.0,0.0,0.0,inf,0.0,0.0,0,0,0.9912989678062614,True,35.2941,-120.6676,0.0,0.0,0.0,0.0
690fd7da87825a48788a8a40,2025-10-12 20:10:12.339,foothill,Car,0.0,0.0,0.0,0.0,0.0,0.0,0.0,inf,0.0,0.0,0,0,0.9912989678062614,True,35.2941,-120.6676,0.0,0.0,0.0,0.0
690fd7da87825a48788a8a40,2025-10-12 20:10:12.339,foothill,Car,0.0,0.0,0.0,0.0,0.0,0.0,0.0,inf,0.0,0.0,0,0,0.9912989678062614,True,35.2941,-120.6676,0.0,0.0,0.0,0.0
690fd7da87825a48788a8a40,2025-10-12 20:10:12.339,foothill,Car,0.0,0.0,0.0,0.0,0.0,0.0,0.0,inf,0.0,0.0,0,0,0.9912989678062614,True,35.2941,-120.6676,0.0,0.0,0.0,0.0
690fd7da87825a48788a8a40,2025-10-12 20:10:12.339,foothill,Car,0.0,0.0,0.0,0.0,0.0,0.0,0.0,inf,0.0,0.0,0,0,0.9912989678062614,True,35.2941,-120.6676,0.0,0.0,0.0,0.0
690fd7da87825a48788a8a40,2025-10-12 20:10:12.339,foothill,Car,0.0,0.0,0.0,0.0,0.0,0.0,0.0,inf,0.0,0.0,0,0,0.9912989678062614,True,35.2941,-120.6676,0.0,0.0,0.0,0.0
690fd7da87825a48788a8a40,2025-10-12 20:10:12.339,foothill,Car,0.0,0.0,0.0,0.0,0.0,0.0,0.0,inf,0.0,0.0,0,0,0.9912989678062614,True,35.2941,-120.6676,0.0,0.0,0.0,0.0
690fd7da87825a48788a8a40,2025-10-12 20:10:12.339,foothill,Car,0.0,0.0,0.0,0.0,0.0,0.0,0.0,inf,0.0,0.0,0,0,0.9912989678062614,True,35.2941,-120.6676,0.0,0.0,0.0,0.0
690fd7da87825a48788a8a40,2025-10-12 20:10:12.339,foothill,Car,0.0,0.0,0.0,0.0,0.0,0.0,0.0,inf,0.0,0.0,0,0,0.9912989678062614,True,35.2941,-120.6676,0.0,0.0,0.0,0.0
690fd7da87825a48788a8a40,2025-10-12 20:10:12.339,foothill,Car,0.0,0.0,0.0,0.0,0.0,0.0,0.0,inf,0.0,0.0,0,0,0.9912989678062614,True,35.2941,-120.6676,0.0,0.0,0.0,0.0
690fd7da87825a48788a8a40,2025-10-12 20:10:12.339,foothill,Car,0.0,0.0,0.0,0.0,0.0,0.0,0.0,inf,0.0,0.0,0,0,0.9912989678062614,True,35.2941,-120.6676,0.0,0.0,0.0,0.0
690fd7da87825a48788a8a40,2025-10-12 20:10:12.339,foothill,Car,0.0,0.0,0.0,0.0,0.0,0.0,0.0,inf,0.0,0.0,0,0,0.9912989678062614,True,35.2941,-120.6676,0.0,0.0,0.0,0.0
690fd7da87825a48788a8a40,2025-10-12 20:10:12.339,foothill,Car,0.0,0.0,0.0,0.0,0.0,0.0,0.0,inf,0.0,0.0,0,0,0.9912989678062614,True,35.2941,-120.6676,0.0,0.0,0.0,0.0
690fd7da87825a48788a8a40,2025-10-12 20:10:12.339,foothill,Car,0.0,0.0,0.0,0.0,0.0,0.0,0.0,inf,0.0,0.0,0,0,0.9912989678062614,True,35.2941,-120.6676,0.0,0.0,0.0,0.0
690fd7da87825a48788a8a40,2025-10-12 20:10:12.339,foothill,Car,0.0,0.0,0.0,0.0,0.0,0.0,0.0,inf,0.0,0.0,0,0,0.9912989678062614,True,35.2941,-120.6676,0.0,0.0,0.0,0.0
690fd7da87825a48788a8a40,2025-10-12 20:10:12.339,foothill,Car,0.0,0.0,0.0,0.0,0.0,0.0,0.0,inf,0.0,0.0,0,0,0.9912989678062614,True,35.2941,-120.6676,0.0,0.0,0.0,0.0
690fd7da87825a48788a8a40,2025-10-12 20:10:12.339,foothill,Car,0.0,0.0,0.0,0.0,0.0,0.0,0.0,inf,0.0,0.0,0,0,0.9912989678062614,True,35.2941,-120.6676,0.0,0.0,0.0,0.0
690fd7da87825a48788a8a40,2025-10-12 20:10:12.339,foothill,Car,0.0,0.0,0.0,0.0,0.0,0.0,0.0,inf,0.0,0.0,0,0,0.9912989678062614,True,35.2941,-120.6676,0.0,0.0,0.0,0.0
690fd7da87825a48788a8a40,2025-10-12 20:10:12.339,foothill,Car,0.0,0.0,0.0,0.0,0.0,0.0,0.0,inf,0.0,0.0,0,0,0.9912989678062614,True,35.2941,-120.6676,0.0,0.0,0.0,0.0
690fd7da87825a48788a8a40,2025-10-12 20:10:12.339,foothill,Car,0.0,0.0,0.0,0.0,0.0,0.0,0.0,inf,0.0,0.0,0,0,0.9912989678062614,True,35.2941,-120.6676,0.0,0.0,0.0,0.0
690fd7da87825a48788a8a40,2025-10-12 20:10:12.339,foothill,Car,0.0,0.0,0.0,0.0,0.0,0.0,0.0,inf,0.0,0.0,0,0,0.9912989678062614,True,35.2941,-120.6676,0.0,0.0,0.0,0.0
690fd7da87825a48788a8a40,2025-10-12 20:10:12.339,foothill,Car,0.0,0.0,0.0,0.0,0.0,0.0,0.0,inf,0.0,0.0,0,0,0.9912989678062614,True,35.2941,-120.6676,0.0,0.0,0.0,0.0
690fd7da87825a48788a8a40,2025-10-12 20:10:12.339,foothill,Car,0.0,0.0,0.0,0.0,0.0,0.0,0.0,inf,0.0,0.0,0,0,0.9912989678062614,True,35.2941,-120.6676,0.0,0.0,0.0,0.0
690fd7da87825a48788a8a40,2025-10-12 20:10:12.339,foothill,Car,0.0,0.0,0.0,0.0,0.0,0.0,0.0,inf,0.0,0.0,0,0,0.9912989678062614,True,35.2941,-120.6676,0.0,0.0,0.0,0.0
690fd7da87825a48788a8a40,2025-10-12 20:10:12.339,foothill,Car,0.0,0.0,0.0,0.0,0.0,0.0,0.0,inf,0.0,0.0,0,0,0.9912989678062614,True,35.2941,-120.6676,0.0,0.0,0.0,0.0
690fd7da87825a48788a8a40,2025-10-12 20:10:12.339,foothill,Car,0.0,0.0,0.0,0.0,0.0,0.0,0.0,inf,0.0,0.0,0,0,0.9912989678062614,True,35.2941,-120.6676,0.0,0.0,0.0,0.0
690fd7da87825a48788a8a40,2025-10-12 20:10:12.339,foothill,Car,0.0,0.0,0.0,0.0,0.0,0.0,0.0,inf,0.0,0.0,0,0,0.9912989678062614,True,35.2941,-120.6676,0.0,0.0,0.0,0.0
690fd7da87825a48788a8a40,2025-10-12 20:10:12.339,foothill,Car,0.0,0.0,0.0,0.0,0.0,0.0,0.0,inf,0.0,0.0,0,0,0.9912989678062614,True,35.2941,-120.6676,0.0,0.0,0.0,0.0
690fd7da87825a48788a8a40,2025-10-12 20:10:12.339,foothill,Car,0.0,0.0,0.0,0.0,0.0,0.0,0.0,inf,0.0,0.0,0,0,0.9912989678062614,True,35.2941,-120.6676,0.0,0.0,0.0,0.0
690fd7da87825a48788a8a40,2025-10-12 20:10:12.339,foothill,Car,0.0,0.0,0.0,0.0,0.0,0.0,0.0,inf,0.0,0.0,0,0,0.9912989678062614,True,35.2941,-120.6676,0.0,0.0,0.0,0.0
690fd7da87825a48788a8a40,2025-10-12 20:10:12.339,foothill,Car,0.0,0.0,0.0,0.0,0.0,0.0,0.0,inf,0.0,0.0,0,0,0.9912989678062614,True,35.2941,-120.6676,0.0,0.0,0.0,0.0
690fd7da87825a48788a8a40,2025-10-12 20:10:12.339,foothill,Car,0.0,0.0,0.0,0.0,0.0,0.0,0.0,inf,0.0,0.0,0,0,0.9912989678062614,True,35.2941,-120.6676,0.0,0.0,0.0,0.0
690fd7da87825a48788a8a40,2025-10-12 20:10:12.339,foothill,Car,0.0,0.0,0.0,0.0,0.0,0.0,0.0,inf,0.0,0.0,0,0,0.9912989678062614,True,35.2941,-120.6676,0.0,0.0,0.0,0.0
690fd7da87825a48788a8a40,2025-10-12 20:10:12.339,foothill,Car,0.0,0.0,0.0,0.0,0.0,0.0,0.0,inf,0.0,0.0,0,0,0.9912989678062614,True,35.2941,-120.6676,0.0,0.0,0.0,0.0
690fd7da87825a48788a8a40,2025-10-12 20:10:12.339,foothill,Car,0.0,0.0,0.0,0.0,0.0,0.0,0.0,inf,0.0,0.0,0,0,0.9912989678062614,True,35.2941,-120.6676,0.0,0.0,0.0,0.0
690fd7da87825a48788a8a40,2025-10-12 20:10:12.339,foothill,Car,0.0,0.0,0.0,0.0,0.0,0.0,0.0,inf,0.0,0.0,0,0,0.9912989678062614,True,35.2941,-120.6676,0.0,0.0,0.0,0.0
690fd7da87825a48788a8a40,2025-10-12 20:10:12.339,foothill,Car,0.0,0.0,0.0,0.0,0.0,0.0,0.0,inf,0.0,0.0,0,0,0.9912989678062614,True,35.2941,-120.6676,0.0,0.0,0.0,0.0
690fd7da87825a48788a8a40,2025-10-12 20:10:12.339,foothill,Car,0.0,0.0,0.0,0.0,0.0,0.0,0.0,inf,0.0,0.0,0,0,0.9912989678062614,True,35.2941,-120.6676,0.0,0.0,0.0,0.0
690fd7da87825a48788a8a40,2025-10-12 20:10:12.339,foothill,Car,0.0,0.0,0.0,0.0,0.0,0.0,0.0,inf,0.0,0.0,0,0,0.9912989678062614,True,35.2941,-120.6676,0.0,0.0,0.0,0.0
690fd7da87825a48788a8a40,2025-10-12 20:10:12.339,foothill,Car,0.0,0.0,0.0,0.0,0.0,0.0,0.0,inf,0.0,0.0,0,0,0.9912989678062614,True,35.2941,-120.6676,0.0,0.0,0.0,0.0
690fd7da87825a48788a8a40,2025-10-12 20:10:12.339,foothill,Car,0.0,0.0,0.0,0.0,0.0,0.0,0.0,inf,0.0,0.0,0,0,0.9912989678062614,True,35.2941,-120.6676,0.0,0.0,0.0,0.0
690fd7da87825a48788a8a40,2025-10-12 20:10:12.339,foothill,Car,0.0,0.0,0.0,0.0,0.0,0.0,0.0,inf,0.0,0.0,0,0,0.9912989678062614,True,35.2941,-120.6676,0.0,0.0,0.0,0.0
690fd7da87825a48788a8a40,2025-10-12 20:10:12.339,foothill,Car,0.0,0.0,0.0,0.0,0.0,0.0,0.0,inf,0.0,0.0,0,0,0.9912989678062614,True,35.2941,-120.6676,0.0,0.0,0.0,0.0
690fd7da87825a48788a8a40,2025-10-12 20:10:12.339,foothill,Car,0.0,0.0,0.0,0.0,0.0,0.0,0.0,inf,0.0,0.0,0,0,0.9912989678062614,True,35.2941,-120.6676,0.0,0.0,0.0,0.0
690fd7da87825a48788a8a40,2025-10-12 20:10:12.339,foothill,Car,0.0,0.0,0.0,0.0,0.0,0.0,0.0,inf,0.0,0.0,0,0,0.9912989678062614,True,35.2941,-120.6676,0.0,0.0,0.0,0.0
690fd7da87825a48788a8a40,2025-10-12 20:10:12.339,foothill,Car,0.0,0.0,0.0,0.0,0.0,0.0,0.0,inf,0.0,0.0,0,0,0.9912989678062614,True,35.2941,-120.6676,0.0,0.0,0.0,0.0
690fd7da87825a48788a8a40,2025-10-12 20:10:12.339,foothill,Car,0.0,0.0,0.0,0.0,0.0,0.0,0.0,inf,0.0,0.0,0,0,0.9912989678062614,True,35.2941,-120.6676,0.0,0.0,0.0,0.0
690fd7da87825a48788a8a40,2025-10-12 20:10:12.339,foothill,Car,0.0,0.0,0.0,0.0,0.0,0.0,0.0,inf,0.0,0.0,0,0,0.9912989678062614,True,35.2941,-120.6676,0.0,0.0,0.0,0.0
690fd7da87825a48788a8a40,2025-10-12 20:10:12.339,foothill,Car,0.0,0.0,0.0,0.0,0.0,0.0,0.0,inf,0.0,0.0,0,0,0.9912989678062614,True,35.2941,-120.6676,0.0,0.0,0.0,0.0
690fd7da87825a48788a8a40,2025-10-12 20:10:12.339,foothill,Car,0.0,0.0,0.0,0.0,0.0,0.0,0.0,inf,0.0,0.0,0,0,0.9912989678062614,True,35.2941,-120.6676,0.0,0.0,0.0,0.0
690fd7da87825a48788a8a40,2025-10-12 20:10:12.339,foothill,Car,0.0,0.0,0.0,0.0,0.0,0.0,0.0,inf,0.0,0.0,0,0,0.9912989678062614,True,35.2941,-120.6676,0.0,0.0,0.0,0.0
690fd7da87825a48788a8a40,2025-10-12 20:10:12.339,foothill,Car,0.0,0.0,0.0,0.0,0.0,0.0,0.0,inf,0.0,0.0,0,0,0.9912989678062614,True,35.2941,-120.6676,0.0,0.0,0.0,0.0
690fd7da87825a48788a8a40,2025-10-12 20:10:12.339,foothill,Car,0.0,0.0,0.0,0.0,0.0,0.0,0.0,inf,0.0,0.0,0,0,0.9912989678062614,True,35.2941,-120.6676,0.0,0.0,0.0,0.0
690fd7da87825a48788a8a40,2025-10-12 20:10:12.339,foothill,Car,0.0,0.0,0.0,0.0,0.0,0.0,0.0,inf,0.0,0.0,0,0,0.9912989678062614,True,35.2941,-120.6676,0.0,0.0,0.0,0.0
690fd7da87825a48788a8a40,2025-10-12 20:10:12.339,foothill,Car,0.0,0.0,0.0,0.0,0.0,0.0,0.0,inf,0.0,0.0,0,0,0.9912989678062614,True,35.2941,-120.6676,0.0,0.0,0.0,0.0
690fd7da87825a48788a8a40,2025-10-12 20:10:12.339,foothill,Car,0.0,0.0,0.0,0.0,0.0,0.0,0.0,inf,0.0,0.0,0,0,0.9912989678062614,True,35.2941,-120.6676,0.0,0.0,0.0,0.0
690fd7da87825a48788a8a40,2025-10-12 20:10:12.339,foothill,Car,0.0,0.0,0.0,0.0,0.0,0.0,0.0,inf,0.0,0.0,0,0,0.9912989678062614,True,35.2941,-120.6676,0.0,0.0,0.0,0.0
690fd7da87825a48788a8a40,2025-10-12 20:10:12.339,foothill,Car,0.0,0.0,0.0,0.0,0.0,0.0,0.0,inf,0.0,0.0,0,0,0.9912989678062614,True,35.2941,-120.6676,0.0,0.0,0.0,0.0
690fd7da87825a48788a8a40,2025-10-12 20:10:12.339,foothill,Car,0.0,0.0,0.0,0.0,0.0,0.0,0.0,inf,0.0,0.0,0,0,0.9912989678062614,True,35.2941,-120.6676,0.0,0.0,0.0,0.0
690fd7da87825a48788a8a40,2025-10-12 20:10:12.339,foothill,Car,0.0,0.0,0.0,0.0,0.0,0.0,0.0,inf,0.0,0.0,0,0,0.9912989678062614,True,35.2941,-120.6676,0.0,0.0,0.0,0.0
690fd7da87825a48788a8a40,2025-10-12 20:10:12.339,foothill,Car,0.0,0.0,0.0,0.0,0.0,0.0,0.0,inf,0.0,0.0,0,0,0.9912989678062614,True,35.2941,-120.6676,0.0,0.0,0.0,0.0
690fd7da87825a48788a8a40,2025-10-12 20:10:12.339,foothill,Car,0.0,0.0,0.0,0.0,0.0,0.0,0.0,inf,0.0,0.0,0,0,0.9912989678062614,True,35.2941,-120.6676,0.0,0.0,0.0,0.0
690fd7da87825a48788a8a40,2025-10-12 20:10:12.339,foothill,Car,0.0,0.0,0.0,0.0,0.0,0.0,0.0,inf,0.0,0.0,0,0,0.9912989678062614,True,35.2941,-120.6676,0.0,0.0,0.0,0.0
690fd7da87825a48788a8a40,2025-10-12 20:10:12.339,foothill,Car,0.0,0.0,0.0,0.0,0.0,0.0,0.0,inf,0.0,0.0,0,0,0.9912989678062614,True,35.2941,-120.6676,0.0,0.0,0.0,0.0
690fd7da87825a48788a8a40,2025-10-12 20:10:12.339,foothill,Car,0.0,0.0,0.0,0.0,0.0,0.0,0.0,inf,0.0,0.0,0,0,0.9912989678062614,True,35.2941,-120.6676,0.0,0.0,0.0,0.0
690fd7da87825a48788a8a40,2025-10-12 20:10:12.339,foothill,Car,0.0,0.0,0.0,0.0,0.0,0.0,0.0,inf,0.0,0.0,0,0,0.9912989678062614,True,35.2941,-120.6676,0.0,0.0,0.0,0.0
690fd7da87825a48788a8a40,2025-10-12 20:10:12.339,foothill,Car,0.0,0.0,0.0,0.0,0.0,0.0,0.0,inf,0.0,0.0,0,0,0.9912989678062614,True,35.2941,-120.6676,0.0,0.0,0.0,0.0
690fd7da87825a48788a8a40,2025-10-12 20:10:12.339,foothill,Car,0.0,0.0,0.0,0.0,0.0,0.0,0.0,inf,0.0,0.0,0,0,0.9912989678062614,True,35.2941,-120.6676,0.0,0.0,0.0,0.0
690fd7da87825a48788a8a40,2025-10-12 20:10:12.339,foothill,Car,0.0,0.0,0.0,0.0,0.0,0.0,0.0,inf,0.0,0.0,0,0,0.9912989678062614,True,35.2941,-120.6676,0.0,0.0,0.0,0.0
690fd7da87825a48788a8a40,2025-10-12 20:10:12.339,foothill,Car,0.0,0.0,0.0,0.0,0.0,0.0,0.0,inf,0.0,0.0,0,0,0.9912989678062614,True,35.2941,-120.6676,0.0,0.0,0.0,0.0
690fd7da87825a48788a8a40,2025-10-12 20:10:12.339,foothill,Car,0.0,0.0,0.0,0.0,0.0,0.0,0.0,inf,0.0,0.0,0,0,0.9912989678062614,True,35.2941,-120.6676,0.0,0.0,0.0,0.0
690fd7da87825a48788a8a40,2025-10-12 20:10:12.339,foothill,Car,0.0,0.0,0.0,0.0,0.0,0.0,0.0,inf,0.0,0.0,0,0,0.9912989678062614,True,35.2941,-120.6676,0.0,0.0,0.0,0.0
690fd7da87825a48788a8a40,2025-10-12 20:10:12.339,foothill,Car,0.0,0.0,0.0,0.0,0.0,0.0,0.0,inf,0.0,0.0,0,0,0.9912989678062614,True,35.2941,-120.6676,0.0,0.0,0.0,0.0
690fd7da87825a48788a8a40,2025-10-12 20:10:12.339,foothill,Car,0.0,0.0,0.0,0.0,0.0,0.0,0.0,inf,0.0,0.0,0,0,0.9912989678062614,True,35.2941,-120.6676,0.0,0.0,0.0,0.0
690fd7da87825a48788a8a40,2025-10-12 20:10:12.339,foothill,Car,0.0,0.0,0.0,0.0,0.0,0.0,0.0,inf,0.0,0.0,0,0,0.9912989678062614,True,35.2941,-120.6676,0.0,0.0,0.0,0.0
690fd7da87825a48788a8a40,2025-10-12 20:10:12.339,foothill,Car,0.0,0.0,0.0,0.0,0.0,0.0,0.0,inf,0.0,0.0,0,0,0.9912989678062614,True,35.2941,-120.6676,0.0,0.0,0.0,0.0
690fd7da87825a48788a8a40,2025-10-12 20:10:12.339,foothill,Car,0.0,0.0,0.0,0.0,0.0,0.0,0.0,inf,0.0,0.0,0,0,0.9912989678062614,True,35.2941,-120.6676,0.0,0.0,0.0,0.0
690fd7da87825a48788a8a40,2025-10-12 20:10:12.339,foothill,Car,0.0,0.0,0.0,0.0,0.0,0.0,0.0,inf,0.0,0.0,0,0,0.9912989678062614,True,35.2941,-120.6676,0.0,0.0,0.0,0.0
690fd7da87825a48788a8a40,2025-10-12 20:10:12.339,foothill,Car,0.0,0.0,0.0,0.0,0.0,0.0,0.0,inf,0.0,0.0,0,0,0.9912989678062614,True,35.2941,-120.6676,0.0,0.0,0.0,0.0
690fd7da87825a48788a8a40,2025-10-12 20:10:12.339,foothill,Car,0.0,0.0,0.0,0.0,0.0,0.0,0.0,inf,0.0,0.0,0,0,0.9912989678062614,True,35.2941,-120.6676,0.0,0.0,0.0,0.0
690fd7da87825a48788a8a40,2025-10-12 20:10:12.339,foothill,Car,0.0,0.0,0.0,0.0,0.0,0.0,0.0,inf,0.0,0.0,0,0,0.9912989678062614,True,35.2941,-120.6676,0.0,0.0,0.0,0.0
690fd7da87825a48788a8a40,2025-10-12 20:10:12.339,foothill,Car,0.0,0.0,0.0,0.0,0.0,0.0,0.0,inf,0.0,0.0,0,0,0.9912989678062614,True,35.2941,-120.6676,0.0,0.0,0.0,0.0
690fd7da87825a48788a8a40,2025-10-12 20:10:12.339,foothill,Car,0.0,0.0,0.0,0.0,0.0,0.0,0.0,inf,0.0,0.0,0,0,0.9912989678062614,True,35.2941,-120.6676,0.0,0.0,0.0,0.0
690fd7da87825a48788a8a40,2025-10-12 20:10:12.339,foothill,Car,0.0,0.0,0.0,0.0,0.0,0.0,0.0,inf,0.0,0.0,0,0,0.9912989678062614,True,35.2941,-120.6676,0.0,0.0,0.0,0.0
690fd7da87825a48788a8a40,2025-10-12 20:10:12.339,foothill,Car,0.0,0.0,0.0,0.0,0.0,0.0,0.0,inf,0.0,0.0,0,0,0.9912989678062614,True,35.2941,-120.6676,0.0,0.0,0.0,0.0
690fd7da87825a48788a8a40,2025-10-12 20:10:12.339,foothill,Car,0.0,0.0,0.0,0.0,0.0,0.0,0.0,inf,0.0,0.0,0,0,0.9912989678062614,True,35.2941,-120.6676,0.0,0.0,0.0,0.0
690fd7da87825a48788a8a40,2025-10-12 20:10:12.339,foothill,Car,0.0,0.0,0.0,0.0,0.0,0.0,0.0,inf,0.0,0.0,0,0,0.9912989678062614,True,35.2941,-120.6676,0.0,0.0,0.0,0.0
690fd7da87825a48788a8a40,2025-10-12 20:10:12.339,foothill,Car,0.0,0.0,0.0,0.0,0.0,0.0,0.0,inf,0.0,0.0,0,0,0.9912989678062614,True,35.2941,-120.6676,0.0,0.0,0.0,0.0
690fd7da87825a48788a8a40,2025-10-12 20:10:12.339,foothill,Car,0.0,0.0,0.0,0.0,0.0,0.0,0.0,inf,0.0,0.0,0,0,0.9912989678062614,True,35.2941,-120.6676,0.0,0.0,0.0,0.0
690fd7da87825a48788a8a40,2025-10-12 20:10:12.339,foothill,Car,0.0,0.0,0.0,0.0,0.0,0.0,0.0,inf,0.0,0.0,0,0,0.9912989678062614,True,35.2941,-120.6676,0.0,0.0,0.0,0.0
690fd7da87825a48788a8a40,2025-10-12 20:10:12.339,foothill,Car,0.0,0.0,0.0,0.0,0.0,0.0,0.0,inf,0.0,0.0,0,0,0.9912989678062614,True,35.2941,-120.6676,0.0,0.0,0.0,0.0
690fd7da87825a48788a8a40,2025-10-12 20:10:12.339,foothill,Car,0.0,0.0,0.0,0.0,0.0,0.0,0.0,inf,0.0,0.0,0,0,0.9912989678062614,True,35.2941,-120.6676,0.0,0.0,0.0,0.0
690fd7da87825a48788a8a40,2025-10-12 20:10:12.339,foothill,Car,0.0,0.0,0.0,0.0,0.0,0.0,0.0,inf,0.0,0.0,0,0,0.9912989678062614,True,35.2941,-120.6676,0.0,0.0,0.0,0.0
690fd7da87825a48788a8a40,2025-10-12 20:10:12.339,foothill,Car,0.0,0.0,0.0,0.0,0.0,0.0,0.0,inf,0.0,0.0,0,0,0.9912989678062614,True,35.2941,-120.6676,0.0,0.0,0.0,0.0
690fd7da87825a48788a8a40,2025-10-12 20:10:12.339,foothill,Car,0.0,0.0,0.0,0.0,0.0,0.0,0.0,inf,0.0,0.0,0,0,0.9912989678062614,True,35.2941,-120.6676,0.0,0.0,0.0,0.0
690fd7da87825a48788a8a40,2025-10-12 20:10:12.339,foothill,Car,0.0,0.0,0.0,0.0,0.0,0.0,0.0,inf,0.0,0.0,0,0,0.9912989678062614,True,35.2941,-120.6676,0.0,0.0,0.0,0.0
690fd7da87825a48788a8a40,2025-10-12 20:10:12.339,foothill,Car,0.0,0.0,0.0,0.0,0.0,0.0,0.0,inf,0.0,0.0,0,0,0.9912989678062614,True,35.2941,-120.6676,0.0,0.0,0.0,0.0
690fd7da87825a48788a8a40,2025-10-12 20:10:12.339,foothill,Car,0.0,0.0,0.0,0.0,0.0,0.0,0.0,inf,0.0,0.0,0,0,0.9912989678062614,True,35.2941,-120.6676,0.0,0.0,0.0,0.0
690fd7da87825a48788a8a40,2025-10-12 20:10:12.339,foothill,Car,0.0,0.0,0.0,0.0,0.0,0.0,0.0,inf,0.0,0.0,0,0,0.9912989678062614,True,35.2941,-120.6676,0.0,0.0,0.0,0.0
690fd7da87825a48788a8a40,2025-10-12 20:10:12.339,foothill,Car,0.0,0.0,0.0,0.0,0.0,0.0,0.0,inf,0.0,0.0,0,0,0.9912989678062614,True,35.2941,-120.6676,0.0,0.0,0.0,0.0
690fd7da87825a48788a8a40,2025-10-12 20:10:12.339,foothill,Car,0.0,0.0,0.0,0.0,0.0,0.0,0.0,inf,0.0,0.0,0,0,0.9912989678062614,True,35.2941,-120.6676,0.0,0.0,0.0,0.0
690fd7da87825a48788a8a40,2025-10-12 20:10:12.339,foothill,Car,0.0,0.0,0.0,0.0,0.0,0.0,0.0,inf,0.0,0.0,0,0,0.9912989678062614,True,35.2941,-120.6676,0.0,0.0,0.0,0.0
690fd7da87825a48788a8a40,2025-10-12 20:10:12.339,foothill,Car,0.0,0.0,0.0,0.0,0.0,0.0,0.0,inf,0.0,0.0,0,0,0.9912989678062614,True,35.2941,-120.6676,0.0,0.0,0.0,0.0
690fd7da87825a48788a8a40,2025-10-12 20:10:12.339,foothill,Car,0.0,0.0,0.0,0.0,0.0,0.0,0.0,inf,0.0,0.0,0,0,0.9912989678062614,True,35.2941,-120.6676,0.0,0.0,0.0,0.0
690fd7da87825a48788a8a40,2025-10-12 20:10:12.339,foothill,Car,0.0,0.0,0.0,0.0,0.0,0.0,0.0,inf,0.0,0.0,0,0,0.9912989678062614,True,35.2941,-120.6676,0.0,0.0,0.0,0.0
690fd7da87825a48788a8a40,2025-10-12 20:10:12.339,foothill,Car,0.0,0.0,0.0,0.0,0.0,0.0,0.0,inf,0.0,0.0,0,0,0.9912989678062614,True,35.2941,-120.6676,0.0,0.0,0.0,0.0
690fd7da87825a48788a8a40,2025-10-12 20:10:12.339,foothill,Car,0.0,0.0,0.0,0.0,0.0,0.0,0.0,inf,0.0,0.0,0,0,0.9912989678062614,True,35.2941,-120.6676,0.0,0.0,0.0,0.0
690fd7da87825a48788a8a40,2025-10-12 20:10:12.339,foothill,Car,0.0,0.0,0.0,0.0,0.0,0.0,0.0,inf,0.0,0.0,0,0,0.9912989678062614,True,35.2941,-120.6676,0.0,0.0,0.0,0.0
690fd7da87825a48788a8a40,2025-10-12 20:10:12.339,foothill,Car,0.0,0.0,0.0,0.0,0.0,0.0,0.0,inf,0.0,0.0,0,0,0.9912989678062614,True,35.2941,-120.6676,0.0,0.0,0.0,0.0
690fd7da87825a48788a8a40,2025-10-12 20:10:12.339,foothill,Car,0.0,0.0,0.0,0.0,0.0,0.0,0.0,inf,0.0,0.0,0,0,0.9912989678062614,True,35.2941,-120.6676,0.0,0.0,0.0,0.0
690fd7da87825a48788a8a40,2025-10-12 20:10:12.339,foothill,Car,0.0,0.0,0.0,0.0,0.0,0.0,0.0,inf,0.0,0.0,0,0,0.9912989678062614,True,35.2941,-120.6676,0.0,0.0,0.0,0.0
690fd7da87825a48788a8a40,2025-10-12 20:10:12.339,foothill,Car,0.0,0.0,0.0,0.0,0.0,0.0,0.0,inf,0.0,0.0,0,0,0.9912989678062614,True,35.2941,-120.6676,0.0,0.0,0.0,0.0
690fd7da87825a48788a8a40,2025-10-12 20:10:12.339,foothill,Car,0.0,0.0,0.0,0.0,0.0,0.0,0.0,inf,0.0,0.0,0,0,0.9912989678062614,True,35.2941,-120.6676,0.0,0.0,0.0,0.0
690fd7da87825a48788a8a40,2025-10-12 20:10:12.339,foothill,Car,0.0,0.0,0.0,0.0,0.0,0.0,0.0,inf,0.0,0.0,0,0,0.9912989678062614,True,35.2941,-120.6676,0.0,0.0,0.0,0.0
690fd7da87825a48788a8a40,2025-10-12 20:10:12.339,foothill,Car,0.0,0.0,0.0,0.0,0.0,0.0,0.0,inf,0.0,0.0,0,0,0.9912989678062614,True,35.2941,-120.6676,0.0,0.0,0.0,0.0
690fd7da87825a48788a8a40,2025-10-12 20:10:12.339,foothill,Car,0.0,0.0,0.0,0.0,0.0,0.0,0.0,inf,0.0,0.0,0,0,0.9912989678062614,True,35.2941,-120.6676,0.0,0.0,0.0,0.0
690fd7da87825a48788a8a40,2025-10-12 20:10:12.339,foothill,Car,0.0,0.0,0.0,0.0,0.0,0.0,0.0,inf,0.0,0.0,0,0,0.9912989678062614,True,35.2941,-120.6676,0.0,0.0,0.0,0.0
690fd7da87825a48788a8a40,2025-10-12 20:10:12.339,foothill,Car,0.0,0.0,0.0,0.0,0.0,0.0,0.0,inf,0.0,0.0,0,0,0.9912989678062614,True,35.2941,-120.6676,0.0,0.0,0.0,0.0
690fd7da87825a48788a8a40,2025-10-12 20:10:12.339,foothill,Car,0.0,0.0,0.0,0.0,0.0,0.0,0.0,inf,0.0,0.0,0,0,0.9912989678062614,True,35.2941,-120.6676,0.0,0.0,0.0,0.0
690fd7da87825a48788a8a40,2025-10-12 20:10:12.339,foothill,Car,0.0,0.0,0.0,0.0,0.0,0.0,0.0,inf,0.0,0.0,0,0,0.9912989678062614,True,35.2941,-120.6676,0.0,0.0,0.0,0.0
690fd7da87825a48788a8a40,2025-10-12 20:10:12.339,foothill,Car,0.0,0.0,0.0,0.0,0.0,0.0,0.0,inf,0.0,0.0,0,0,0.9912989678062614,True,35.2941,-120.6676,0.0,0.0,0.0,0.0
690fd7da87825a48788a8a40,2025-10-12 20:10:12.339,foothill,Car,0.0,0.0,0.0,0.0,0.0,0.0,0.0,inf,0.0,0.0,0,0,0.9912989678062614,True,35.2941,-120.6676,0.0,0.0,0.0,0.0
690fd7da87825a48788a8a40,2025-10-12 20:10:12.339,foothill,Car,0.0,0.0,0.0,0.0,0.0,0.0,0.0,inf,0.0,0.0,0,0,0.9912989678062614,True,35.2941,-120.6676,0.0,0.0,0.0,0.0
690fd7da87825a48788a8a40,2025-10-12 20:10:12.339,foothill,Car,0.0,0.0,0.0,0.0,0.0,0.0,0.0,inf,0.0,0.0,0,0,0.9912989678062614,True,35.2941,-120.6676,0.0,0.0,0.0,0.0
690fd7da87825a48788a8a40,2025-10-12 20:10:12.339,foothill,Car,0.0,0.0,0.0,0.0,0.0,0.0,0.0,inf,0.0,0.0,0,0,0.9912989678062614,True,35.2941,-120.6676,0.0,0.0,0.0,0.0
690fd7da87825a48788a8a40,2025-10-12 20:10:12.339,foothill,Car,0.0,0.0,0.0,0.0,0.0,0.0,0.0,inf,0.0,0.0,0,0,0.9912989678062614,True,35.2941,-120.6676,0.0,0.0,0.0,0.0
690fd7da87825a48788a8a40,2025-10-12 20:10:12.339,foothill,Car,0.0,0.0,0.0,0.0,0.0,0.0,0.0,inf,0.0,0.0,0,0,0.9912989678062614,True,35.2941,-120.6676,0.0,0.0,0.0,0.0
690fd7da87825a48788a8a40,2025-10-12 20:10:12.339,foothill,Car,0.0,0.0,0.0,0.0,0.0,0.0,0.0,inf,0.0,0.0,0,0,0.9912989678062614,True,35.2941,-120.6676,0.0,0.0,0.0,0.0
690fd7da87825a48788a8a40,2025-10-12 20:10:12.339,foothill,Car,0.0,0.0,0.0,0.0,0.0,0.0,0.0,inf,0.0,0.0,0,0,0.9912989678062614,True,35.2941,-120.6676,0.0,0.0,0.0,0.0
690fd7da87825a48788a8a40,2025-10-12 20:10:12.339,foothill,Car,0.0,0.0,0.0,0.0,0.0,0.0,0.0,inf,0.0,0.0,0,0,0.9912989678062614,True,35.2941,-120.6676,0.0,0.0,0.0,0.0
690fd7da87825a48788a8a40,2025-10-12 20:10:12.339,foothill,Car,0.0,0.0,0.0,0.0,0.0,0.0,0.0,inf,0.0,0.0,0,0,0.9912989678062614,True,35.2941,-120.6676,0.0,0.0,0.0,0.0
690fd7da87825a48788a8a40,2025-10-12 20:10:12.339,foothill,Car,0.0,0.0,0.0,0.0,0.0,0.0,0.0,inf,0.0,0.0,0,0,0.9912989678062614,True,35.2941,-120.6676,0.0,0.0,0.0,0.0
690fd7da87825a48788a8a40,2025-10-12 20:10:12.339,foothill,Car,0.0,0.0,0.0,0.0,0.0,0.0,0.0,inf,0.0,0.0,0,0,0.9912989678062614,True,35.2941,-120.6676,0.0,0.0,0.0,0.0
690fd7da87825a48788a8a40,2025-10-12 20:10:12.339,foothill,Car,0.0,0.0,0.0,0.0,0.0,0.0,0.0,inf,0.0,0.0,0,0,0.9912989678062614,True,35.2941,-120.6676,0.0,0.0,0.0,0.0
690fd7da87825a48788a8a40,2025-10-12 20:10:12.339,foothill,Car,0.0,0.0,0.0,0.0,0.0,0.0,0.0,inf,0.0,0.0,0,0,0.9912989678062614,True,35.2941,-120.6676,0.0,0.0,0.0,0.0
690fd7da87825a48788a8a40,2025-10-12 20:10:12.339,foothill,Car,0.0,0.0,0.0,0.0,0.0,0.0,0.0,inf,0.0,0.0,0,0,0.9912989678062614,True,35.2941,-120.6676,0.0,0.0,0.0,0.0
690fd7da87825a48788a8a40,2025-10-12 20:10:12.339,foothill,Car,0.0,0.0,0.0,0.0,0.0,0.0,0.0,inf,0.0,0.0,0,0,0.9912989678062614,True,35.2941,-120.6676,0.0,0.0,0.0,0.0
690fd7da87825a48788a8a40,2025-10-12 20:10:12.339,foothill,Car,0.0,0.0,0.0,0.0,0.0,0.0,0.0,inf,0.0,0.0,0,0,0.9912989678062614,True,35.2941,-120.6676,0.0,0.0,0.0,0.0
690fd7da87825a48788a8a40,2025-10-12 20:10:12.339,foothill,Car,0.0,0.0,0.0,0.0,0.0,0.0,0.0,inf,0.0,0.0,0,0,0.9912989678062614,True,35.2941,-120.6676,0.0,0.0,0.0,0.0
690fd7da87825a48788a8a40,2025-10-12 20:10:12.339,foothill,Car,0.0,0.0,0.0,0.0,0.0,0.0,0.0,inf,0.0,0.0,0,0,0.9912989678062614,True,35.2941,-120.6676,0.0,0.0,0.0,0.0
690fd7da87825a48788a8a40,2025-10-12 20:10:12.339,foothill,Car,0.0,0.0,0.0,0.0,0.0,0.0,0.0,inf,0.0,0.0,0,0,0.9912989678062614,True,35.2941,-120.6676,0.0,0.0,0.0,0.0
690fd7da87825a48788a8a40,2025-10-12 20:10:12.339,foothill,Car,0.0,0.0,0.0,0.0,0.0,0.0,0.0,inf,0.0,0.0,0,0,0.9912989678062614,True,35.2941,-120.6676,0.0,0.0,0.0,0.0
690fd7da87825a48788a8a40,2025-10-12 20:10:12.339,foothill,Car,0.0,0.0,0.0,0.0,0.0,0.0,0.0,inf,0.0,0.0,0,0,0.9912989678062614,True,35.2941,-120.6676,0.0,0.0,0.0,0.0
690fd7da87825a48788a8a40,2025-10-12 20:10:12.339,foothill,Car,0.0,0.0,0.0,0.0,0.0,0.0,0.0,inf,0.0,0.0,0,0,0.9912989678062614,True,35.2941,-120.6676,0.0,0.0,0.0,0.0
690fd7da87825a48788a8a40,2025-10-12 20:10:12.339,foothill,Car,0.0,0.0,0.0,0.0,0.0,0.0,0.0,inf,0.0,0.0,0,0,0.9912989678062614,True,35.2941,-120.6676,0.0,0.0,0.0,0.0
690fd7da87825a48788a8a40,2025-10-12 20:10:12.339,foothill,Car,0.0,0.0,0.0,0.0,0.0,0.0,0.0,inf,0.0,0.0,0,0,0.9912989678062614,True,35.2941,-120.6676,0.0,0.0,0.0,0.0
690fd7da87825a48788a8a40,2025-10-12 20:10:12.339,foothill,Car,0.0,0.0,0.0,0.0,0.0,0.0,0.0,inf,0.0,0.0,0,0,0.9912989678062614,True,35.2941,-120.6676,0.0,0.0,0.0,0.0
690fd7da87825a48788a8a40,2025-10-12 20:10:12.339,foothill,Car,0.0,0.0,0.0,0.0,0.0,0.0,0.0,inf,0.0,0.0,0,0,0.9912989678062614,True,35.2941,-120.6676,0.0,0.0,0.0,0.0
690fd7da87825a48788a8a40,2025-10-12 20:10:12.339,foothill,Car,0.0,0.0,0.0,0.0,0.0,0.0,0.0,inf,0.0,0.0,0,0,0.9912989678062614,True,35.2941,-120.6676,0.0,0.0,0.0,0.0
690fd7da87825a48788a8a40,2025-10-12 20:10:12.339,foothill,Car,0.0,0.0,0.0,0.0,0.0,0.0,0.0,inf,0.0,0.0,0,0,0.9912989678062614,True,35.2941,-120.6676,0.0,0.0,0.0,0.0
690fd7da87825a48788a8a40,2025-10-12 20:10:12.339,foothill,Car,0.0,0.0,0.0,0.0,0.0,0.0,0.0,inf,0.0,0.0,0,0,0.9912989678062614,True,35.2941,-120.6676,0.0,0.0,0.0,0.0
690fd7da87825a48788a8a40,2025-10-12 20:10:12.339,foothill,Car,0.0,0.0,0.0,0.0,0.0,0.0,0.0,inf,0.0,0.0,0,0,0.9912989678062614,True,35.2941,-120.6676,0.0,0.0,0.0,0.0
690fd7da87825a48788a8a40,2025-10-12 20:10:12.339,foothill,Car,0.0,0.0,0.0,0.0,0.0,0.0,0.0,inf,0.0,0.0,0,0,0.9912989678062614,True,35.2941,-120.6676,0.0,0.0,0.0,0.0
690fd7da87825a48788a8a40,2025-10-12 20:10:12.339,foothill,Car,0.0,0.0,0.0,0.0,0.0,0.0,0.0,inf,0.0,0.0,0,0,0.9912989678062614,True,35.2941,-120.6676,0.0,0.0,0.0,0.0
690fd7da87825a48788a8a40,2025-10-12 20:10:12.339,foothill,Car,0.0,0.0,0.0,0.0,0.0,0.0,0.0,inf,0.0,0.0,0,0,0.9912989678062614,True,35.2941,-120.6676,0.0,0.0,0.0,0.0
690fd7da87825a48788a8a40,2025-10-12 20:10:12.339,foothill,Car,0.0,0.0,0.0,0.0,0.0,0.0,0.0,inf,0.0,0.0,0,0,0.9912989678062614,True,35.2941,-120.6676,0.0,0.0,0.0,0.0
690fd7da87825a48788a8a40,2025-10-12 20:10:12.339,foothill,Car,0.0,0.0,0.0,0.0,0.0,0.0,0.0,inf,0.0,0.0,0,0,0.9912989678062614,True,35.2941,-120.6676,0.0,0.0,0.0,0.0
690fd7da87825a48788a8a40,2025-10-12 20:10:12.339,foothill,Car,0.0,0.0,0.0,0.0,0.0,0.0,0.0,inf,0.0,0.0,0,0,0.9912989678062614,True,35.2941,-120.6676,0.0,0.0,0.0,0.0
690fd7da87825a48788a8a40,2025-10-12 20:10:12.339,foothill,Car,0.0,0.0,0.0,0.0,0.0,0.0,0.0,inf,0.0,0.0,0,0,0.9912989678062614,True,35.2941,-120.6676,0.0,0.0,0.0,0.0
690fd7da87825a48788a8a40,2025-10-12 20:10:12.339,foothill,Car,0.0,0.0,0.0,0.0,0.0,0.0,0.0,inf,0.0,0.0,0,0,0.9912989678062614,True,35.2941,-120.6676,0.0,0.0,0.0,0.0
690fd7da87825a48788a8a40,2025-10-12 20:10:12.339,foothill,Car,0.0,0.0,0.0,0.0,0.0,0.0,0.0,inf,0.0,0.0,0,0,0.9912989678062614,True,35.2941,-120.6676,0.0,0.0,0.0,0.0
690fd7da87825a48788a8a40,2025-10-12 20:10:12.339,foothill,Car,0.0,0.0,0.0,0.0,0.0,0.0,0.0,inf,0.0,0.0,0,0,0.9912989678062614,True,35.2941,-120.6676,0.0,0.0,0.0,0.0
690fd7da87825a48788a8a40,2025-10-12 20:10:12.339,foothill,Car,0.0,0.0,0.0,0.0,0.0,0.0,0.0,inf,0.0,0.0,0,0,0.9912989678062614,True,35.2941,-120.6676,0.0,0.0,0.0,0.0
690fd7da87825a48788a8a40,2025-10-12 20:10:12.339,foothill,Car,0.0,0.0,0.0,0.0,0.0,0.0,0.0,inf,0.0,0.0,0,0,0.9912989678062614,True,35.2941,-120.6676,0.0,0.0,0.0,0.0
690fd7da87825a48788a8a40,2025-10-12 20:10:12.339,foothill,Car,0.0,0.0,0.0,0.0,0.0,0.0,0.0,inf,0.0,0.0,0,0,0.9912989678062614,True,35.2941,-120.6676,0.0,0.0,0.0,0.0
690fd7da87825a48788a8a40,2025-10-12 20:10:12.339,foothill,Car,0.0,0.0,0.0,0.0,0.0,0.0,0.0,inf,0.0,0.0,0,0,0.9912989678062614,True,35.2941,-120.6676,0.0,0.0,0.0,0.0
690fd7da87825a48788a8a40,2025-10-12 20:10:12.339,foothill,Car,0.0,0.0,0.0,0.0,0.0,0.0,0.0,inf,0.0,0.0,0,0,0.9912989678062614,True,35.2941,-120.6676,0.0,0.0,0.0,0.0
690fd7da87825a48788a8a40,2025-10-12 20:10:12.339,foothill,Car,0.0,0.0,0.0,0.0,0.0,0.0,0.0,inf,0.0,0.0,0,0,0.9912989678062614,True,35.2941,-120.6676,0.0,0.0,0.0,0.0
690fd7da87825a48788a8a40,2025-10-12 20:10:12.339,foothill,Car,0.0,0.0,0.0,0.0,0.0,0.0,0.0,inf,0.0,0.0,0,0,0.9912989678062614,True,35.2941,-120.6676,0.0,0.0,0.0,0.0
690fd7da87825a48788a8a40,2025-10-12 20:10:12.339,foothill,Car,0.0,0.0,0.0,0.0,0.0,0.0,0.0,inf,0.0,0.0,0,0,0.9912989678062614,True,35.2941,-120.6676,0.0,0.0,0.0,0.0
690fd7da87825a48788a8a40,2025-10-12 20:10:12.339,foothill,Car,0.0,0.0,0.0,0.0,0.0,0.0,0.0,inf,0.0,0.0,0,0,0.9912989678062614,True,35.2941,-120.6676,0.0,0.0,0.0,0.0
690fd7da87825a48788a8a40,2025-10-12 20:10:12.339,foothill,Car,0.0,0.0,0.0,0.0,0.0,0.0,0.0,inf,0.0,0.0,0,0,0.9912989678062614,True,35.2941,-120.6676,0.0,0.0,0.0,0.0
690fd7da87825a48788a8a40,2025-10-12 20:10:12.339,foothill,Car,0.0,0.0,0.0,0.0,0.0,0.0,0.0,inf,0.0,0.0,0,0,0.9912989678062614,True,35.2941,-120.6676,0.0,0.0,0.0,0.0
690fd7da87825a48788a8a40,2025-10-12 20:10:12.339,foothill,Car,0.0,0.0,0.0,0.0,0.0,0.0,0.0,inf,0.0,0.0,0,0,0.9912989678062614,True,35.2941,-120.6676,0.0,0.0,0.0,0.0
690fd7da87825a48788a8a40,2025-10-12 20:10:12.339,foothill,Car,0.0,0.0,0.0,0.0,0.0,0.0,0.0,inf,0.0,0.0,0,0,0.9912989678062614,True,35.2941,-120.6676,0.0,0.0,0.0,0.0
690fd7da87825a48788a8a40,2025-10-12 20:10:12.339,foothill,Car,0.0,0.0,0.0,0.0,0.0,0.0,0.0,inf,0.0,0.0,0,0,0.9912989678062614,True,35.2941,-120.6676,0.0,0.0,0.0,0.0
690fd7da87825a48788a8a40,2025-10-12 20:10:12.339,foothill,Car,0.0,0.0,0.0,0.0,0.0,0.0,0.0,inf,0.0,0.0,0,0,0.9912989678062614,True,35.2941,-120.6676,0.0,0.0,0.0,0.0
690fd7da87825a48788a8a40,2025-10-12 20:10:12.339,foothill,Car,0.0,0.0,0.0,0.0,0.0,0.0,0.0,inf,0.0,0.0,0,0,0.9912989678062614,True,35.2941,-120.6676,0.0,0.0,0.0,0.0
690fd7da87825a48788a8a40,2025-10-12 20:10:12.339,foothill,Car,0.0,0.0,0.0,0.0,0.0,0.0,0.0,inf,0.0,0.0,0,0,0.9912989678062614,True,35.2941,-120.6676,0.0,0.0,0.0,0.0
690fd7da87825a48788a8a40,2025-10-12 20:10:12.339,foothill,Car,0.0,0.0,0.0,0.0,0.0,0.0,0.0,inf,0.0,0.0,0,0,0.9912989678062614,True,35.2941,-120.6676,0.0,0.0,0.0,0.0
690fd7da87825a48788a8a40,2025-10-12 20:10:12.339,foothill,Car,0.0,0.0,0.0,0.0,0.0,0.0,0.0,inf,0.0,0.0,0,0,0.9912989678062614,True,35.2941,-120.6676,0.0,0.0,0.0,0.0
690fd7da87825a48788a8a40,2025-10-12 20:10:12.339,foothill,Car,0.0,0.0,0.0,0.0,0.0,0.0,0.0,inf,0.0,0.0,0,0,0.9912989678062614,True,35.2941,-120.6676,0.0,0.0,0.0,0.0
690fd7da87825a48788a8a40,2025-10-12 20:10:12.339,foothill,Car,0.0,0.0,0.0,0.0,0.0,0.0,0.0,inf,0.0,0.0,0,0,0.9912989678062614,True,35.2941,-120.6676,0.0,0.0,0.0,0.0
690fd7da87825a48788a8a40,2025-10-12 20:10:12.339,foothill,Car,0.0,0.0,0.0,0.0,0.0,0.0,0.0,inf,0.0,0.0,0,0,0.9912989678062614,True,35.2941,-120.6676,0.0,0.0,0.0,0.0
690fd7da87825a48788a8a40,2025-10-12 20:10:12.339,foothill,Car,0.0,0.0,0.0,0.0,0.0,0.0,0.0,inf,0.0,0.0,0,0,0.9912989678062614,True,35.2941,-120.6676,0.0,0.0,0.0,0.0
690fd7da87825a48788a8a40,2025-10-12 20:10:12.339,foothill,Car,0.0,0.0,0.0,0.0,0.0,0.0,0.0,inf,0.0,0.0,0,0,0.9912989678062614,True,35.2941,-120.6676,0.0,0.0,0.0,0.0
690fd7da87825a48788a8a40,2025-10-12 20:10:12.339,foothill,Car,0.0,0.0,0.0,0.0,0.0,0.0,0.0,inf,0.0,0.0,0,0,0.9912989678062614,True,35.2941,-120.6676,0.0,0.0,0.0,0.0
690fd7da87825a48788a8a41,2025-10-12 20:10:11.602,foothill,Car,0.092542306,0.0,0.0,0.0,0.0,0.0,0.0,inf,0.0,0.0,1,0,0.8238568938967907,True,35.294064,-120.6676,0.1,0.0,0.0,0.0
690fd7da87825a48788a8a41,2025-10-12 20:10:11.602,foothill,Car,0.092542306,0.0,0.0,0.0,0.0,0.0,0.0,inf,0.0,0.0,0,0,0.8238568938967907,True,35.294064,-120.6676,0.0,0.0,0.0,0.0
690fd7da87825a48788a8a41,2025-10-12 20:10:11.602,foothill,Car,0.092542306,0.0,0.0,0.0,0.0,0.0,0.0,inf,0.0,0.0,0,0,0.8238568938967907,True,35.294064,-120.6676,0.0,0.0,0.0,0.0
690fd7da87825a48788a8a41,2025-10-12 20:10:11.602,foothill,Car,0.092542306,0.0,0.0,0.0,0.0,0.0,0.0,inf,0.0,0.0,0,0,0.8238568938967907,True,35.294064,-120.6676,0.0,0.0,0.0,0.0
690fd7da87825a48788a8a41,2025-10-12 20:10:11.602,foothill,Car,0.092542306,0.0,0.0,0.0,0.0,0.0,0.0,inf,0.0,0.0,0,0,0.8238568938967907,True,35.294064,-120.6676,0.0,0.0,0.0,0.0
690fd7da87825a48788a8a41,2025-10-12 20:10:11.602,foothill,Car,0.092542306,0.0,0.0,0.0,0.0,0.0,0.0,inf,0.0,0.0,0,0,0.8238568938967907,True,35.294064,-120.6676,0.0,0.0,0.0,0.0
690fd7da87825a48788a8a41,2025-10-12 20:10:11.602,foothill,Car,0.092542306,0.0,0.0,0.0,0.0,0.0,0.0,inf,0.0,0.0,0,0,0.8238568938967907,True,35.294064,-120.6676,0.0,0.0,0.0,0.0
690fd7da87825a48788a8a41,2025-10-12 20:10:11.602,foothill,Car,0.092542306,0.0,0.0,0.0,0.0,0.0,0.0,inf,0.0,0.0,0,0,0.8238568938967907,True,35.294064,-120.6676,0.0,0.0,0.0,0.0
690fd7da87825a48788a8a41,2025-10-12 20:10:11.602,foothill,Car,0.092542306,0.0,0.0,0.0,0.0,0.0,0.0,inf,0.0,0.0,0,0,0.8238568938967907,True,35.294064,-120.6676,0.0,0.0,0.0,0.0
690fd7da87825a48788a8a41,2025-10-12 20:10:11.602,foothill,Car,0.092542306,0.0,0.0,0.0,0.0,0.0,0.0,inf,0.0,0.0,0,0,0.8238568938967907,True,35.294064,-120.6676,0.0,0.0,0.0,0.0
690fd7da87825a48788a8a41,2025-10-12 20:10:11.602,foothill,Car,0.092542306,0.0,0.0,0.0,0.0,0.0,0.0,inf,0.0,0.0,0,0,0.8238568938967907,True,35.294067,-120.6676,0.0,0.0,0.0,0.0
690fd7da87825a48788a8a41,2025-10-12 20:10:11.602,foothill,Car,0.092542306,0.0,0.0,0.0,0.0,0.0,0.0,inf,0.0,0.0,0,0,0.8238568938967907,True,35.294067,-120.6676,0.0,0.0,0.0,0.0
690fd7da87825a48788a8a41,2025-10-12 20:10:11.602,foothill,Car,0.092542306,0.0,0.0,0.0,0.0,0.0,0.0,inf,0.0,0.0,0,0,0.8238568938967907,True,35.294067,-120.6676,0.0,0.0,0.0,0.0
690fd7da87825a48788a8a41,2025-10-12 20:10:11.602,foothill,Car,0.092542306,0.0,0.0,0.0,0.0,0.0,0.0,inf,0.0,0.0,0,0,0.8238568938967907,True,35.294067,-120.6676,0.0,0.0,0.0,0.0
690fd7da87825a48788a8a41,2025-10-12 20:10:11.602,foothill,Car,0.092542306,0.0,0.0,0.0,0.0,0.0,0.0,inf,0.0,0.0,0,0,0.8238568938967907,True,35.294067,-120.6676,0.0,0.0,0.0,0.0
690fd7da87825a48788a8a41,2025-10-12 20:10:11.602,foothill,Car,0.092542306,0.0,0.0,0.0,0.0,0.0,0.0,inf,0.0,0.0,0,0,0.8238568938967907,True,35.294067,-120.6676,0.0,0.0,0.0,0.0
690fd7da87825a48788a8a41,2025-10-12 20:10:11.602,foothill,Car,0.092542306,0.0,0.0,0.0,0.0,0.0,0.0,inf,0.0,0.0,0,0,0.8238568938967907,True,35.294067,-120.6676,0.0,0.0,0.0,0.0
690fd7da87825a48788a8a41,2025-10-12 20:10:11.602,foothill,Car,0.092542306,0.0,0.0,0.0,0.0,0.0,0.0,inf,0.0,0.0,0,0,0.8238568938967907,True,35.294067,-120.6676,0.0,0.0,0.0,0.0
690fd7da87825a48788a8a41,2025-10-12 20:10:11.602,foothill,Car,0.092542306,0.0,0.0,0.0,0.0,0.0,0.0,inf,0.0,0.0,0,0,0.8238568938967907,True,35.294067,-120.6676,0.0,0.0,0.0,0.0
690fd7da87825a48788a8a41,2025-10-12 20:10:11.602,foothill,Car,0.092542306,0.0,0.0,0.0,0.0,0.0,0.0,inf,0.0,0.0,0,0,0.8238568938967907,True,35.294067,-120.6676,0.0,0.0,0.0,0.0
690fd7da87825a48788a8a41,2025-10-12 20:10:11.602,foothill,Car,0.092542306,0.0,0.0,0.0,0.0,0.0,0.0,inf,0.0,0.0,0,0,0.8238568938967907,True,35.294067,-120.6676,0.0,0.0,0.0,0.0
690fd7da87825a48788a8a41,2025-10-12 20:10:11.602,foothill,Car,0.092542306,0.0,0.0,0.0,0.0,0.0,0.0,inf,0.0,0.0,0,0,0.8238568938967907,True,35.294067,-120.6676,0.0,0.0,0.0,0.0
690fd7da87825a48788a8a41,2025-10-12 20:10:11.602,foothill,Car,0.092542306,0.0,0.0,0.0,0.0,0.0,0.0,inf,0.0,0.0,0,0,0.8238568938967907,True,35.294067,-120.6676,0.0,0.0,0.0,0.0
690fd7da87825a48788a8a41,2025-10-12 20:10:11.602,foothill,Car,0.092542306,0.0,0.0,0.0,0.0,0.0,0.0,inf,0.0,0.0,0,0,0.8238568938967907,True,35.294067,-120.6676,0.0,0.0,0.0,0.0
690fd7da87825a48788a8a41,2025-10-12 20:10:11.602,foothill,Car,0.092542306,0.0,0.0,0.0,0.0,0.0,0.0,inf,0.0,0.0,0,0,0.8238568938967907,True,35.294067,-120.6676,0.0,0.0,0.0,0.0
690fd7da87825a48788a8a41,2025-10-12 20:10:11.602,foothill,Car,0.092542306,0.0,0.0,0.0,0.0,0.0,0.0,inf,0.0,0.0,0,0,0.8238568938967907,True,35.294067,-120.6676,0.0,0.0,0.0,0.0
690fd7da87825a48788a8a41,2025-10-12 20:10:11.602,foothill,Car,0.092542306,0.0,0.0,0.0,0.0,0.0,0.0,inf,0.0,0.0,0,0,0.8238568938967907,True,35.294067,-120.6676,0.0,0.0,0.0,0.0
690fd7da87825a48788a8a41,2025-10-12 20:10:11.602,foothill,Car,0.092542306,0.0,0.0,0.0,0.0,0.0,0.0,inf,0.0,0.0,0,0,0.8238568938967907,True,35.294067,-120.6676,0.0,0.0,0.0,0.0
690fd7da87825a48788a8a41,2025-10-12 20:10:11.602,foothill,Car,0.092542306,0.0,0.0,0.0,0.0,0.0,0.0,inf,0.0,0.0,0,0,0.8238568938967907,True,35.294067,-120.6676,0.0,0.0,0.0,0.0
690fd7da87825a48788a8a41,2025-10-12 20:10:11.602,foothill,Car,0.092542306,0.0,0.0,0.0,0.0,0.0,0.0,inf,0.0,0.0,0,0,0.8238568938967907,True,35.294067,-120.6676,0.0,0.0,0.0,0.0
690fd7da87825a48788a8a41,2025-10-12 20:10:11.602,foothill,Car,0.092542306,0.0,0.0,0.0,0.0,0.0,0.0,inf,0.0,0.0,0,0,0.8238568938967907,True,35.294067,-120.6676,0.0,0.0,0.0,0.0
690fd7da87825a48788a8a41,2025-10-12 20:10:11.602,foothill,Car,0.092542306,0.0,0.0,0.0,0.0,0.0,0.0,inf,0.0,0.0,0,0,0.8238568938967907,True,35.294067,-120.6676,0.0,0.0,0.0,0.0
690fd7da87825a48788a8a41,2025-10-12 20:10:11.602,foothill,Car,0.092542306,0.0,0.0,0.0,0.0,0.0,0.0,inf,0.0,0.0,0,0,0.8238568938967907,True,35.294067,-120.6676,0.0,0.0,0.0,0.0
690fd7da87825a48788a8a41,2025-10-12 20:10:11.602,foothill,Car,0.092542306,0.0,0.0,0.0,0.0,0.0,0.0,inf,0.0,0.0,0,0,0.8238568938967907,True,35.294067,-120.6676,0.0,0.0,0.0,0.0
690fd7da87825a48788a8a41,2025-10-12 20:10:11.602,foothill,Car,0.092542306,0.0,0.0,0.0,0.0,0.0,0.0,inf,0.0,0.0,0,0,0.8238568938967907,True,35.294067,-120.6676,0.0,0.0,0.0,0.0
690fd7da87825a48788a8a41,2025-10-12 20:10:11.602,foothill,Car,0.092542306,0.0,0.0,0.0,0.0,0.0,0.0,inf,0.0,0.0,0,0,0.8238568938967907,True,35.294067,-120.6676,0.0,0.0,0.0,0.0
690fd7da87825a48788a8a41,2025-10-12 20:10:11.602,foothill,Car,0.092542306,0.0,0.0,0.0,0.0,0.0,0.0,inf,0.0,0.0,0,0,0.8238568938967907,True,35.294067,-120.6676,0.0,0.0,0.0,0.0
690fd7da87825a48788a8a41,2025-10-12 20:10:11.602,foothill,Car,0.092542306,0.0,0.0,0.0,0.0,0.0,0.0,inf,0.0,0.0,0,0,0.8238568938967907,True,35.294067,-120.6676,0.0,0.0,0.0,0.0
690fd7da87825a48788a8a41,2025-10-12 20:10:11.602,foothill,Car,0.092542306,0.0,0.0,0.0,0.0,0.0,0.0,inf,0.0,0.0,0,0,0.8238568938967907,True,35.294067,-120.6676,0.0,0.0,0.0,0.0
690fd7da87825a48788a8a41,2025-10-12 20:10:11.602,foothill,Car,0.092542306,0.0,0.0,0.0,0.0,0.0,0.0,inf,0.0,0.0,0,0,0.8238568938967907,True,35.294067,-120.6676,0.0,0.0,0.0,0.0
690fd7da87825a48788a8a41,2025-10-12 20:10:11.602,foothill,Car,0.092542306,0.0,0.0,0.0,0.0,0.0,0.0,inf,0.0,0.0,0,0,0.8238568938967907,True,35.294067,-120.6676,0.0,0.0,0.0,0.0
690fd7da87825a48788a8a41,2025-10-12 20:10:11.602,foothill,Car,0.092542306,0.0,0.0,0.0,0.0,0.0,0.0,inf,0.0,0.0,0,0,0.8238568938967907,True,35.294067,-120.6676,0.0,0.0,0.0,0.0
690fd7da87825a48788a8a41,2025-10-12 20:10:11.602,foothill,Car,0.092542306,0.0,0.0,0.0,0.0,0.0,0.0,inf,0.0,0.0,0,0,0.8238568938967907,True,35.294067,-120.6676,0.0,0.0,0.0,0.0
690fd7da87825a48788a8a41,2025-10-12 20:10:11.602,foothill,Car,0.092542306,0.0,0.0,0.0,0.0,0.0,0.0,inf,0.0,0.0,0,0,0.8238568938967907,True,35.294067,-120.6676,0.0,0.0,0.0,0.0
690fd7da87825a48788a8a41,2025-10-12 20:10:11.602,foothill,Car,0.092542306,0.0,0.0,0.0,0.0,0.0,0.0,inf,0.0,0.0,0,0,0.8238568938967907,True,35.294067,-120.6676,0.0,0.0,0.0,0.0
690fd7da87825a48788a8a41,2025-10-12 20:10:11.602,foothill,Car,0.092542306,0.0,0.0,0.0,0.0,0.0,0.0,inf,0.0,0.0,0,0,0.8238568938967907,True,35.294067,-120.6676,0.0,0.0,0.0,0.0
690fd7da87825a48788a8a41,2025-10-12 20:10:11.602,foothill,Car,0.092542306,0.0,0.0,0.0,0.0,0.0,0.0,inf,0.0,0.0,0,0,0.8238568938967907,True,35.294067,-120.6676,0.0,0.0,0.0,0.0
690fd7da87825a48788a8a41,2025-10-12 20:10:11.602,foothill,Car,0.092542306,0.0,0.0,0.0,0.0,0.0,0.0,inf,0.0,0.0,0,0,0.8238568938967907,True,35.294067,-120.6676,0.0,0.0,0.0,0.0
690fd7da87825a48788a8a41,2025-10-12 20:10:11.602,foothill,Car,0.092542306,0.0,0.0,0.0,0.0,0.0,0.0,inf,0.0,0.0,0,0,0.8238568938967907,True,35.294067,-120.6676,0.0,0.0,0.0,0.0
690fd7da87825a48788a8a41,2025-10-12 20:10:11.602,foothill,Car,0.092542306,0.0,0.0,0.0,0.0,0.0,0.0,inf,0.0,0.0,0,0,0.8238568938967907,True,35.294067,-120.6676,0.0,0.0,0.0,0.0
690fd7da87825a48788a8a41,2025-10-12 20:10:11.602,foothill,Car,0.092542306,0.0,0.0,0.0,0.0,0.0,0.0,inf,0.0,0.0,0,0,0.8238568938967907,True,35.294067,-120.6676,0.0,0.0,0.0,0.0
690fd7da87825a48788a8a41,2025-10-12 20:10:11.602,foothill,Car,0.092542306,0.0,0.0,0.0,0.0,0.0,0.0,inf,0.0,0.0,0,0,0.8238568938967907,True,35.294067,-120.6676,0.0,0.0,0.0,0.0
690fd7da87825a48788a8a41,2025-10-12 20:10:11.602,foothill,Car,0.092542306,0.0,0.0,0.0,0.0,0.0,0.0,inf,0.0,0.0,0,0,0.8238568938967907,True,35.294067,-120.6676,0.0,0.0,0.0,0.0
690fd7da87825a48788a8a41,2025-10-12 20:10:11.602,foothill,Car,0.092542306,0.0,0.0,0.0,0.0,0.0,0.0,inf,0.0,0.0,0,0,0.8238568938967907,True,35.294067,-120.6676,0.0,0.0,0.0,0.0
690fd7da87825a48788a8a41,2025-10-12 20:10:11.602,foothill,Car,0.092542306,0.0,0.0,0.0,0.0,0.0,0.0,inf,0.0,0.0,0,0,0.8238568938967907,True,35.294067,-120.6676,0.0,0.0,0.0,0.0
690fd7da87825a48788a8a41,2025-10-12 20:10:11.602,foothill,Car,0.092542306,0.0,0.0,0.0,0.0,0.0,0.0,inf,0.0,0.0,0,0,0.8238568938967907,True,35.294067,-120.6676,0.0,0.0,0.0,0.0
690fd7da87825a48788a8a41,2025-10-12 20:10:11.602,foothill,Car,0.092542306,0.0,0.0,0.0,0.0,0.0,0.0,inf,0.0,0.0,0,0,0.8238568938967907,True,35.294067,-120.6676,0.0,0.0,0.0,0.0
690fd7da87825a48788a8a41,2025-10-12 20:10:11.602,foothill,Car,0.092542306,0.0,0.0,0.0,0.0,0.0,0.0,inf,0.0,0.0,0,0,0.8238568938967907,True,35.294067,-120.6676,0.0,0.0,0.0,0.0
690fd7da87825a48788a8a41,2025-10-12 20:10:11.602,foothill,Car,0.092542306,0.0,0.0,0.0,0.0,0.0,0.0,inf,0.0,0.0,0,0,0.8238568938967907,True,35.294067,-120.6676,0.0,0.0,0.0,0.0
690fd7da87825a48788a8a41,2025-10-12 20:10:11.602,foothill,Car,0.092542306,0.0,0.0,0.0,0.0,0.0,0.0,inf,0.0,0.0,0,0,0.8238568938967907,True,35.294067,-120.6676,0.0,0.0,0.0,0.0
690fd7da87825a48788a8a41,2025-10-12 20:10:11.602,foothill,Car,0.092542306,0.0,0.0,0.0,0.0,0.0,0.0,inf,0.0,0.0,0,0,0.8238568938967907,True,35.294067,-120.6676,0.0,0.0,0.0,0.0
690fd7da87825a48788a8a41,2025-10-12 20:10:11.602,foothill,Car,0.092542306,0.0,0.0,0.0,0.0,0.0,0.0,inf,0.0,0.0,0,0,0.8238568938967907,True,35.294067,-120.6676,0.0,0.0,0.0,0.0
690fd7da87825a48788a8a41,2025-10-12 20:10:11.602,foothill,Car,0.092542306,0.0,0.0,0.0,0.0,0.0,0.0,inf,0.0,0.0,0,0,0.8238568938967907,True,35.294067,-120.6676,0.0,0.0,0.0,0.0
690fd7da87825a48788a8a41,2025-10-12 20:10:11.602,foothill,Car,0.092542306,0.0,0.0,0.0,0.0,0.0,0.0,inf,0.0,0.0,0,0,0.8238568938967907,True,35.294067,-120.6676,0.0,0.0,0.0,0.0
690fd7da87825a48788a8a41,2025-10-12 20:10:11.602,foothill,Car,0.092542306,0.0,0.0,0.0,0.0,0.0,0.0,inf,0.0,0.0,0,0,0.8238568938967907,True,35.294067,-120.6676,0.0,0.0,0.0,0.0
690fd7da87825a48788a8a41,2025-10-12 20:10:11.602,foothill,Car,0.092542306,0.0,0.0,0.0,0.0,0.0,0.0,inf,0.0,0.0,0,0,0.8238568938967907,True,35.294067,-120.6676,0.0,0.0,0.0,0.0
690fd7da87825a48788a8a41,2025-10-12 20:10:11.602,foothill,Car,0.092542306,0.0,0.0,0.0,0.0,0.0,0.0,inf,0.0,0.0,0,0,0.8238568938967907,True,35.294067,-120.6676,0.0,0.0,0.0,0.0
690fd7da87825a48788a8a41,2025-10-12 20:10:11.602,foothill,Car,0.092542306,0.0,0.0,0.0,0.0,0.0,0.0,inf,0.0,0.0,0,0,0.8238568938967907,True,35.294067,-120.6676,0.0,0.0,0.0,0.0
690fd7da87825a48788a8a41,2025-10-12 20:10:11.602,foothill,Car,0.092542306,0.0,0.0,0.0,0.0,0.0,0.0,inf,0.0,0.0,0,0,0.8238568938967907,True,35.294067,-120.6676,0.0,0.0,0.0,0.0
690fd7da87825a48788a8a41,2025-10-12 20:10:11.602,foothill,Car,0.092542306,0.0,0.0,0.0,0.0,0.0,0.0,inf,0.0,0.0,0,0,0.8238568938967907,True,35.294067,-120.6676,0.0,0.0,0.0,0.0
690fd7da87825a48788a8a41,2025-10-12 20:10:11.602,foothill,Car,0.092542306,0.0,0.0,0.0,0.0,0.0,0.0,inf,0.0,0.0,0,0,0.8238568938967907,True,35.294067,-120.6676,0.0,0.0,0.0,0.0
690fd7da87825a48788a8a41,2025-10-12 20:10:11.602,foothill,Car,0.092542306,0.0,0.0,0.0,0.0,0.0,0.0,inf,0.0,0.0,0,0,0.8238568938967907,True,35.294067,-120.6676,0.0,0.0,0.0,0.0
690fd7da87825a48788a8a41,2025-10-12 20:10:11.602,foothill,Car,0.092542306,0.0,0.0,0.0,0.0,0.0,0.0,inf,0.0,0.0,0,0,0.8238568938967907,True,35.294067,-120.6676,0.0,0.0,0.0,0.0
690fd7da87825a48788a8a41,2025-10-12 20:10:11.602,foothill,Car,0.092542306,0.0,0.0,0.0,0.0,0.0,0.0,inf,0.0,0.0,0,0,0.8238568938967907,True,35.294067,-120.6676,0.0,0.0,0.0,0.0
690fd7da87825a48788a8a41,2025-10-12 20:10:11.602,foothill,Car,0.092542306,0.0,0.0,0.0,0.0,0.0,0.0,inf,0.0,0.0,0,0,0.8238568938967907,True,35.294067,-120.6676,0.0,0.0,0.0,0.0
690fd7da87825a48788a8a41,2025-10-12 20:10:11.602,foothill,Car,0.092542306,0.0,0.0,0.0,0.0,0.0,0.0,inf,0.0,0.0,0,0,0.8238568938967907,True,35.294067,-120.6676,0.0,0.0,0.0,0.0
690fd7da87825a48788a8a41,2025-10-12 20:10:11.602,foothill,Car,0.092542306,0.0,0.0,0.0,0.0,0.0,0.0,inf,0.0,0.0,0,0,0.8238568938967907,True,35.294067,-120.6676,0.0,0.0,0.0,0.0
690fd7da87825a48788a8a41,2025-10-12 20:10:11.602,foothill,Car,0.092542306,0.0,0.0,0.0,0.0,0.0,0.0,inf,0.0,0.0,0,0,0.8238568938967907,True,35.294067,-120.6676,0.0,0.0,0.0,0.0
690fd7da87825a48788a8a41,2025-10-12 20:10:11.602,foothill,Car,0.092542306,0.0,0.0,0.0,0.0,0.0,0.0,inf,0.0,0.0,0,0,0.8238568938967907,True,35.294067,-120.6676,0.0,0.0,0.0,0.0
690fd7da87825a48788a8a41,2025-10-12 20:10:11.602,foothill,Car,0.092542306,0.0,0.0,0.0,0.0,0.0,0.0,inf,0.0,0.0,0,0,0.8238568938967907,True,35.294067,-120.6676,0.0,0.0,0.0,0.0
690fd7da87825a48788a8a41,2025-10-12 20:10:11.602,foothill,Car,0.092542306,0.0,0.0,0.0,0.0,0.0,0.0,inf,0.0,0.0,0,0,0.8238568938967907,True,35.294067,-120.6676,0.0,0.0,0.0,0.0
690fd7da87825a48788a8a41,2025-10-12 20:10:11.602,foothill,Car,0.092542306,0.0,0.0,0.0,0.0,0.0,0.0,inf,0.0,0.0,0,0,0.8238568938967907,True,35.294067,-120.6676,0.0,0.0,0.0,0.0
690fd7da87825a48788a8a41,2025-10-12 20:10:11.602,foothill,Car,0.092542306,0.0,0.0,0.0,0.0,0.0,0.0,inf,0.0,0.0,0,0,0.8238568938967907,True,35.294067,-120.6676,0.0,0.0,0.0,0.0
690fd7da87825a48788a8a41,2025-10-12 20:10:11.602,foothill,Car,0.092542306,0.0,0.0,0.0,0.0,0.0,0.0,inf,0.0,0.0,0,0,0.8238568938967907,True,35.294067,-120.6676,0.0,0.0,0.0,0.0
690fd7da87825a48788a8a41,2025-10-12 20:10:11.602,foothill,Car,0.092542306,0.0,0.0,0.0,0.0,0.0,0.0,inf,0.0,0.0,0,0,0.8238568938967907,True,35.294067,-120.6676,0.0,0.0,0.0,0.0
690fd7da87825a48788a8a41,2025-10-12 20:10:11.602,foothill,Car,0.092542306,0.0,0.0,0.0,0.0,0.0,0.0,inf,0.0,0.0,0,0,0.8238568938967907,True,35.294067,-120.6676,0.0,0.0,0.0,0.0
690fd7da87825a48788a8a41,2025-10-12 20:10:11.602,foothill,Car,0.092542306,0.0,0.0,0.0,0.0,0.0,0.0,inf,0.0,0.0,0,0,0.8238568938967907,True,35.294067,-120.6676,0.0,0.0,0.0,0.0
690fd7da87825a48788a8a41,2025-10-12 20:10:11.602,foothill,Car,0.092542306,0.0,0.0,0.0,0.0,0.0,0.0,inf,0.0,0.0,0,0,0.8238568938967907,True,35.294067,-120.6676,0.0,0.0,0.0,0.0
690fd7da87825a48788a8a41,2025-10-12 20:10:11.602,foothill,Car,0.092542306,0.0,0.0,0.0,0.0,0.0,0.0,inf,0.0,0.0,0,0,0.8238568938967907,True,35.294067,-120.6676,0.0,0.0,0.0,0.0
690fd7da87825a48788a8a41,2025-10-12 20:10:11.602,foothill,Car,0.092542306,0.0,0.0,0.0,0.0,0.0,0.0,inf,0.0,0.0,0,0,0.8238568938967907,True,35.294067,-120.6676,0.0,0.0,0.0,0.0
690fd7da87825a48788a8a41,2025-10-12 20:10:11.602,foothill,Car,0.092542306,0.0,0.0,0.0,0.0,0.0,0.0,inf,0.0,0.0,0,0,0.8238568938967907,True,35.294067,-120.6676,0.0,0.0,0.0,0.0
690fd7da87825a48788a8a41,2025-10-12 20:10:11.602,foothill,Car,0.092542306,0.0,0.0,0.0,0.0,0.0,0.0,inf,0.0,0.0,0,0,0.8238568938967907,True,35.294067,-120.6676,0.0,0.0,0.0,0.0
690fd7da87825a48788a8a41,2025-10-12 20:10:11.602,foothill,Car,0.092542306,0.0,0.0,0.0,0.0,0.0,0.0,inf,0.0,0.0,0,0,0.8238568938967907,True,35.294067,-120.6676,0.0,0.0,0.0,0.0
690fd7da87825a48788a8a41,2025-10-12 20:10:11.602,foothill,Car,0.092542306,0.0,0.0,0.0,0.0,0.0,0.0,inf,0.0,0.0,0,0,0.8238568938967907,True,35.294067,-120.6676,0.0,0.0,0.0,0.0
690fd7da87825a48788a8a41,2025-10-12 20:10:11.602,foothill,Car,0.092542306,0.0,0.0,0.0,0.0,0.0,0.0,inf,0.0,0.0,0,0,0.8238568938967907,True,35.294067,-120.6676,0.0,0.0,0.0,0.0
690fd7da87825a48788a8a41,2025-10-12 20:10:11.602,foothill,Car,0.092542306,0.0,0.0,0.0,0.0,0.0,0.0,inf,0.0,0.0,0,0,0.8238568938967907,True,35.294067,-120.6676,0.0,0.0,0.0,0.0
690fd7da87825a48788a8a41,2025-10-12 20:10:11.602,foothill,Car,0.092542306,0.0,0.0,0.0,0.0,0.0,0.0,inf,0.0,0.0,0,0,0.8238568938967907,True,35.294067,-120.6676,0.0,0.0,0.0,0.0
690fd7da87825a48788a8a41,2025-10-12 20:10:11.602,foothill,Car,0.092542306,0.0,0.0,0.0,0.0,0.0,0.0,inf,0.0,0.0,0,0,0.8238568938967907,True,35.294067,-120.6676,0.0,0.0,0.0,0.0
690fd7da87825a48788a8a41,2025-10-12 20:10:11.602,foothill,Car,0.092542306,0.0,0.0,0.0,0.0,0.0,0.0,inf,0.0,0.0,0,0,0.8238568938967907,True,35.294067,-120.6676,0.0,0.0,0.0,0.0
690fd7da87825a48788a8a41,2025-10-12 20:10:11.602,foothill,Car,0.092542306,0.0,0.0,0.0,0.0,0.0,0.0,inf,0.0,0.0,0,0,0.8238568938967907,True,35.294067,-120.6676,0.0,0.0,0.0,0.0
690fd7da87825a48788a8a41,2025-10-12 20:10:11.602,foothill,Car,0.092542306,0.0,0.0,0.0,0.0,0.0,0.0,inf,0.0,0.0,0,0,0.8238568938967907,True,35.294067,-120.6676,0.0,0.0,0.0,0.0
690fd7da87825a48788a8a41,2025-10-12 20:10:11.602,foothill,Car,0.092542306,0.0,0.0,0.0,0.0,0.0,0.0,inf,0.0,0.0,0,0,0.8238568938967907,True,35.294067,-120.6676,0.0,0.0,0.0,0.0
690fd7da87825a48788a8a41,2025-10-12 20:10:11.602,foothill,Car,0.092542306,0.0,0.0,0.0,0.0,0.0,0.0,inf,0.0,0.0,0,0,0.8238568938967907,True,35.294067,-120.6676,0.0,0.0,0.0,0.0
690fd7da87825a48788a8a41,2025-10-12 20:10:11.602,foothill,Car,0.092542306,0.0,0.0,0.0,0.0,0.0,0.0,inf,0.0,0.0,0,0,0.8238568938967907,True,35.294067,-120.6676,0.0,0.0,0.0,0.0
690fd7da87825a48788a8a41,2025-10-12 20:10:11.602,foothill,Car,0.092542306,0.0,0.0,0.0,0.0,0.0,0.0,inf,0.0,0.0,0,0,0.8238568938967907,True,35.294067,-120.6676,0.0,0.0,0.0,0.0
690fd7da87825a48788a8a41,2025-10-12 20:10:11.602,foothill,Car,0.092542306,0.0,0.0,0.0,0.0,0.0,0.0,inf,0.0,0.0,0,0,0.8238568938967907,True,35.294067,-120.6676,0.0,0.0,0.0,0.0
690fd7da87825a48788a8a41,2025-10-12 20:10:11.602,foothill,Car,0.092542306,0.0,0.0,0.0,0.0,0.0,0.0,inf,0.0,0.0,0,0,0.8238568938967907,True,35.294067,-120.6676,0.0,0.0,0.0,0.0
690fd7da87825a48788a8a41,2025-10-12 20:10:11.602,foothill,Car,0.092542306,0.0,0.0,0.0,0.0,0.0,0.0,inf,0.0,0.0,0,0,0.8238568938967907,True,35.294067,-120.6676,0.0,0.0,0.0,0.0
690fd7da87825a48788a8a41,2025-10-12 20:10:11.602,foothill,Car,0.092542306,0.0,0.0,0.0,0.0,0.0,0.0,inf,0.0,0.0,0,0,0.8238568938967907,True,35.294067,-120.6676,0.0,0.0,0.0,0.0
690fd7da87825a48788a8a41,2025-10-12 20:10:11.602,foothill,Car,0.092542306,0.0,0.0,0.0,0.0,0.0,0.0,inf,0.0,0.0,0,0,0.8238568938967907,True,35.294067,-120.6676,0.0,0.0,0.0,0.0
690fd7da87825a48788a8a41,2025-10-12 20:10:11.602,foothill,Car,0.092542306,0.0,0.0,0.0,0.0,0.0,0.0,inf,0.0,0.0,0,0,0.8238568938967907,True,35.294067,-120.6676,0.0,0.0,0.0,0.0
690fd7da87825a48788a8a41,2025-10-12 20:10:11.602,foothill,Car,0.092542306,0.0,0.0,0.0,0.0,0.0,0.0,inf,0.0,0.0,0,0,0.8238568938967907,True,35.294067,-120.6676,0.0,0.0,0.0,0.0
690fd7da87825a48788a8a41,2025-10-12 20:10:11.602,foothill,Car,0.092542306,0.0,0.0,0.0,0.0,0.0,0.0,inf,0.0,0.0,0,0,0.8238568938967907,True,35.294067,-120.6676,0.0,0.0,0.0,0.0
690fd7da87825a48788a8a41,2025-10-12 20:10:11.602,foothill,Car,0.092542306,0.0,0.0,0.0,0.0,0.0,0.0,inf,0.0,0.0,0,0,0.8238568938967907,True,35.294067,-120.6676,0.0,0.0,0.0,0.0
690fd7da87825a48788a8a41,2025-10-12 20:10:11.602,foothill,Car,0.092542306,0.0,0.0,0.0,0.0,0.0,0.0,inf,0.0,0.0,0,0,0.8238568938967907,True,35.294067,-120.6676,0.0,0.0,0.0,0.0
690fd7da87825a48788a8a41,2025-10-12 20:10:11.602,foothill,Car,0.092542306,0.0,0.0,0.0,0.0,0.0,0.0,inf,0.0,0.0,0,0,0.8238568938967907,True,35.294067,-120.6676,0.0,0.0,0.0,0.0
690fd7da87825a48788a8a41,2025-10-12 20:10:11.602,foothill,Car,0.092542306,0.0,0.0,0.0,0.0,0.0,0.0,inf,0.0,0.0,0,0,0.8238568938967907,True,35.294067,-120.6676,0.0,0.0,0.0,0.0
690fd7da87825a48788a8a41,2025-10-12 20:10:11.602,foothill,Car,0.092542306,0.0,0.0,0.0,0.0,0.0,0.0,inf,0.0,0.0,0,0,0.8238568938967907,True,35.294067,-120.6676,0.0,0.0,0.0,0.0
690fd7da87825a48788a8a41,2025-10-12 20:10:11.602,foothill,Car,0.092542306,0.0,0.0,0.0,0.0,0.0,0.0,inf,0.0,0.0,0,0,0.8238568938967907,True,35.294067,-120.6676,0.0,0.0,0.0,0.0
690fd7da87825a48788a8a41,2025-10-12 20:10:11.602,foothill,Car,0.092542306,0.0,0.0,0.0,0.0,0.0,0.0,inf,0.0,0.0,0,0,0.8238568938967907,True,35.294067,-120.6676,0.0,0.0,0.0,0.0
690fd7da87825a48788a8a41,2025-10-12 20:10:11.602,foothill,Car,0.092542306,0.0,0.0,0.0,0.0,0.0,0.0,inf,0.0,0.0,0,0,0.8238568938967907,True,35.294067,-120.6676,0.0,0.0,0.0,0.0
690fd7da87825a48788a8a41,2025-10-12 20:10:11.602,foothill,Car,0.092542306,0.0,0.0,0.0,0.0,0.0,0.0,inf,0.0,0.0,0,0,0.8238568938967907,True,35.294067,-120.6676,0.0,0.0,0.0,0.0
690fd7da87825a48788a8a41,2025-10-12 20:10:11.602,foothill,Car,0.092542306,0.0,0.0,0.0,0.0,0.0,0.0,inf,0.0,0.0,0,0,0.8238568938967907,True,35.294067,-120.6676,0.0,0.0,0.0,0.0
690fd7da87825a48788a8a41,2025-10-12 20:10:11.602,foothill,Car,0.092542306,0.0,0.0,0.0,0.0,0.0,0.0,inf,0.0,0.0,0,0,0.8238568938967907,True,35.294067,-120.6676,0.0,0.0,0.0,0.0
690fd7da87825a48788a8a41,2025-10-12 20:10:11.602,foothill,Car,0.092542306,0.0,0.0,0.0,0.0,0.0,0.0,inf,0.0,0.0,0,0,0.8238568938967907,True,35.294067,-120.6676,0.0,0.0,0.0,0.0
690fd7da87825a48788a8a41,2025-10-12 20:10:11.602,foothill,Car,0.092542306,0.0,0.0,0.0,0.0,0.0,0.0,inf,0.0,0.0,0,0,0.8238568938967907,True,35.294067,-120.6676,0.0,0.0,0.0,0.0
690fd7da87825a48788a8a41,2025-10-12 20:10:11.602,foothill,Car,0.092542306,0.0,0.0,0.0,0.0,0.0,0.0,inf,0.0,0.0,0,0,0.8238568938967907,True,35.294067,-120.6676,0.0,0.0,0.0,0.0
690fd7da87825a48788a8a41,2025-10-12 20:10:11.602,foothill,Car,0.092542306,0.0,0.0,0.0,0.0,0.0,0.0,inf,0.0,0.0,0,0,0.8238568938967907,True,35.294067,-120.6676,0.0,0.0,0.0,0.0
690fd7da87825a48788a8a41,2025-10-12 20:10:11.602,foothill,Car,0.092542306,0.0,0.0,0.0,0.0,0.0,0.0,inf,0.0,0.0,0,0,0.8238568938967907,True,35.294067,-120.6676,0.0,0.0,0.0,0.0
690fd7da87825a48788a8a41,2025-10-12 20:10:11.602,foothill,Car,0.092542306,0.0,0.0,0.0,0.0,0.0,0.0,inf,0.0,0.0,0,0,0.8238568938967907,True,35.294067,-120.6676,0.0,0.0,0.0,0.0
690fd7da87825a48788a8a41,2025-10-12 20:10:11.602,foothill,Car,0.092542306,0.0,0.0,0.0,0.0,0.0,0.0,inf,0.0,0.0,0,0,0.8238568938967907,True,35.294067,-120.6676,0.0,0.0,0.0,0.0
690fd7da87825a48788a8a41,2025-10-12 20:10:11.602,foothill,Car,0.092542306,0.0,0.0,0.0,0.0,0.0,0.0,inf,0.0,0.0,0,0,0.8238568938967907,True,35.294067,-120.6676,0.0,0.0,0.0,0.0
690fd7da87825a48788a8a41,2025-10-12 20:10:11.602,foothill,Car,0.092542306,0.0,0.0,0.0,0.0,0.0,0.0,inf,0.0,0.0,0,0,0.8238568938967907,True,35.294067,-120.6676,0.0,0.0,0.0,0.0
690fd7da87825a48788a8a41,2025-10-12 20:10:11.602,foothill,Car,0.092542306,0.0,0.0,0.0,0.0,0.0,0.0,inf,0.0,0.0,0,0,0.8238568938967907,True,35.294067,-120.6676,0.0,0.0,0.0,0.0
690fd7da87825a48788a8a41,2025-10-12 20:10:11.602,foothill,Car,0.092542306,0.0,0.0,0.0,0.0,0.0,0.0,inf,0.0,0.0,0,0,0.8238568938967907,True,35.294067,-120.6676,0.0,0.0,0.0,0.0
690fd7da87825a48788a8a41,2025-10-12 20:10:11.602,foothill,Car,0.092542306,0.0,0.0,0.0,0.0,0.0,0.0,inf,0.0,0.0,0,0,0.8238568938967907,True,35.294067,-120.6676,0.0,0.0,0.0,0.0
690fd7da87825a48788a8a41,2025-10-12 20:10:11.602,foothill,Car,0.092542306,0.0,0.0,0.0,0.0,0.0,0.0,inf,0.0,0.0,0,0,0.8238568938967907,True,35.294067,-120.6676,0.0,0.0,0.0,0.0
690fd7da87825a48788a8a41,2025-10-12 20:10:11.602,foothill,Car,0.092542306,0.0,0.0,0.0,0.0,0.0,0.0,inf,0.0,0.0,0,0,0.8238568938967907,True,35.294067,-120.6676,0.0,0.0,0.0,0.0
690fd7da87825a48788a8a41,2025-10-12 20:10:11.602,foothill,Car,0.092542306,0.0,0.0,0.0,0.0,0.0,0.0,inf,0.0,0.0,0,0,0.8238568938967907,True,35.294067,-120.6676,0.0,0.0,0.0,0.0
690fd7da87825a48788a8a41,2025-10-12 20:10:11.602,foothill,Car,0.092542306,0.0,0.0,0.0,0.0,0.0,0.0,inf,0.0,0.0,0,0,0.8238568938967907,True,35.294067,-120.6676,0.0,0.0,0.0,0.0
690fd7da87825a48788a8a41,2025-10-12 20:10:11.602,foothill,Car,0.092542306,0.0,0.0,0.0,0.0,0.0,0.0,inf,0.0,0.0,0,0,0.8238568938967907,True,35.294067,-120.6676,0.0,0.0,0.0,0.0
690fd7da87825a48788a8a41,2025-10-12 20:10:11.602,foothill,Car,0.092542306,0.0,0.0,0.0,0.0,0.0,0.0,inf,0.0,0.0,0,0,0.8238568938967907,True,35.294067,-120.6676,0.0,0.0,0.0,0.0
690fd7da87825a48788a8a41,2025-10-12 20:10:11.602,foothill,Car,0.092542306,0.0,0.0,0.0,0.0,0.0,0.0,inf,0.0,0.0,0,0,0.8238568938967907,True,35.294067,-120.6676,0.0,0.0,0.0,0.0
690fd7da87825a48788a8a41,2025-10-12 20:10:11.602,foothill,Car,0.092542306,0.0,0.0,0.0,0.0,0.0,0.0,inf,0.0,0.0,0,0,0.8238568938967907,True,35.294067,-120.6676,0.0,0.0,0.0,0.0
690fd7da87825a48788a8a41,2025-10-12 20:10:11.602,foothill,Car,0.092542306,0.0,0.0,0.0,0.0,0.0,0.0,inf,0.0,0.0,0,0,0.8238568938967907,True,35.294067,-120.6676,0.0,0.0,0.0,0.0
690fd7da87825a48788a8a41,2025-10-12 20:10:11.602,foothill,Car,0.092542306,0.0,0.0,0.0,0.0,0.0,0.0,inf,0.0,0.0,0,0,0.8238568938967907,True,35.294067,-120.6676,0.0,0.0,0.0,0.0
690fd7da87825a48788a8a41,2025-10-12 20:10:11.602,foothill,Car,0.092542306,0.0,0.0,0.0,0.0,0.0,0.0,inf,0.0,0.0,0,0,0.8238568938967907,True,35.294067,-120.6676,0.0,0.0,0.0,0.0
690fd7da87825a48788a8a41,2025-10-12 20:10:11.602,foothill,Car,0.092542306,0.0,0.0,0.0,0.0,0.0,0.0,inf,0.0,0.0,0,0,0.8238568938967907,True,35.294067,-120.6676,0.0,0.0,0.0,0.0
690fd7da87825a48788a8a41,2025-10-12 20:10:11.602,foothill,Car,0.092542306,0.0,0.0,0.0,0.0,0.0,0.0,inf,0.0,0.0,0,0,0.8238568938967907,True,35.294067,-120.6676,0.0,0.0,0.0,0.0
690fd7da87825a48788a8a41,2025-10-12 20:10:11.602,foothill,Car,0.092542306,0.0,0.0,0.0,0.0,0.0,0.0,inf,0.0,0.0,0,0,0.8238568938967907,True,35.294067,-120.6676,0.0,0.0,0.0,0.0
690fd7da87825a48788a8a41,2025-10-12 20:10:11.602,foothill,Car,0.092542306,0.0,0.0,0.0,0.0,0.0,0.0,inf,0.0,0.0,0,0,0.8238568938967907,True,35.294067,-120.6676,0.0,0.0,0.0,0.0
690fd7da87825a48788a8a41,2025-10-12 20:10:11.602,foothill,Car,0.092542306,0.0,0.0,0.0,0.0,0.0,0.0,inf,0.0,0.0,0,0,0.8238568938967907,True,35.294067,-120.6676,0.0,0.0,0.0,0.0
690fd7da87825a48788a8a41,2025-10-12 20:10:11.602,foothill,Car,0.092542306,0.0,0.0,0.0,0.0,0.0,0.0,inf,0.0,0.0,0,0,0.8238568938967907,True,35.294067,-120.6676,0.0,0.0,0.0,0.0
690fd7da87825a48788a8a41,2025-10-12 20:10:11.602,foothill,Car,0.092542306,0.0,0.0,0.0,0.0,0.0,0.0,inf,0.0,0.0,0,0,0.8238568938967907,True,35.294067,-120.6676,0.0,0.0,0.0,0.0
690fd7da87825a48788a8a41,2025-10-12 20:10:11.602,foothill,Car,0.092542306,0.0,0.0,0.0,0.0,0.0,0.0,inf,0.0,0.0,0,0,0.8238568938967907,True,35.294067,-120.6676,0.0,0.0,0.0,0.0
690fd7da87825a48788a8a41,2025-10-12 20:10:11.602,foothill,Car,0.092542306,0.0,0.0,0.0,0.0,0.0,0.0,inf,0.0,0.0,0,0,0.8238568938967907,True,35.294067,-120.6676,0.0,0.0,0.0,0.0
690fd7da87825a48788a8a41,2025-10-12 20:10:11.602,foothill,Car,0.092542306,0.0,0.0,0.0,0.0,0.0,0.0,inf,0.0,0.0,0,0,0.8238568938967907,True,35.294067,-120.6676,0.0,0.0,0.0,0.0
690fd7da87825a48788a8a41,2025-10-12 20:10:11.602,foothill,Car,0.092542306,0.0,0.0,0.0,0.0,0.0,0.0,inf,0.0,0.0,0,0,0.8238568938967907,True,35.294067,-120.6676,0.0,0.0,0.0,0.0
690fd7da87825a48788a8a41,2025-10-12 20:10:11.602,foothill,Car,0.092542306,0.0,0.0,0.0,0.0,0.0,0.0,inf,0.0,0.0,0,0,0.8238568938967907,True,35.294067,-120.6676,0.0,0.0,0.0,0.0
690fd7da87825a48788a8a41,2025-10-12 20:10:11.602,foothill,Car,0.092542306,0.0,0.0,0.0,0.0,0.0,0.0,inf,0.0,0.0,0,0,0.8238568938967907,True,35.294067,-120.6676,0.0,0.0,0.0,0.0
690fd7da87825a48788a8a41,2025-10-12 20:10:11.602,foothill,Car,0.092542306,0.0,0.0,0.0,0.0,0.0,0.0,inf,0.0,0.0,0,0,0.8238568938967907,True,35.294067,-120.6676,0.0,0.0,0.0,0.0
690fd7da87825a48788a8a41,2025-10-12 20:10:11.602,foothill,Car,0.092542306,0.0,0.0,0.0,0.0,0.0,0.0,inf,0.0,0.0,0,0,0.8238568938967907,True,35.294067,-120.6676,0.0,0.0,0.0,0.0
690fd7da87825a48788a8a41,2025-10-12 20:10:11.602,foothill,Car,0.092542306,0.0,0.0,0.0,0.0,0.0,0.0,inf,0.0,0.0,0,0,0.8238568938967907,True,35.294067,-120.6676,0.0,0.0,0.0,0.0
690fd7da87825a48788a8a41,2025-10-12 20:10:11.602,foothill,Car,0.092542306,0.0,0.0,0.0,0.0,0.0,0.0,inf,0.0,0.0,0,0,0.8238568938967907,True,35.294067,-120.6676,0.0,0.0,0.0,0.0
690fd7da87825a48788a8a41,2025-10-12 20:10:11.602,foothill,Car,0.092542306,0.0,0.0,0.0,0.0,0.0,0.0,inf,0.0,0.0,0,0,0.8238568938967907,True,35.294067,-120.6676,0.0,0.0,0.0,0.0
690fd7da87825a48788a8a41,2025-10-12 20:10:11.602,foothill,Car,0.092542306,0.0,0.0,0.0,0.0,0.0,0.0,inf,0.0,0.0,0,0,0.8238568938967907,True,35.294067,-120.6676,0.0,0.0,0.0,0.0
690fd7da87825a48788a8a41,2025-10-12 20:10:11.602,foothill,Car,0.092542306,0.0,0.0,0.0,0.0,0.0,0.0,inf,0.0,0.0,0,0,0.8238568938967907,True,35.294067,-120.6676,0.0,0.0,0.0,0.0
690fd7da87825a48788a8a41,2025-10-12 20:10:11.602,foothill,Car,0.092542306,0.0,0.0,0.0,0.0,0.0,0.0,inf,0.0,0.0,0,0,0.8238568938967907,True,35.294067,-120.6676,0.0,0.0,0.0,0.0
690fd7da87825a48788a8a41,2025-10-12 20:10:11.602,foothill,Car,0.092542306,0.0,0.0,0.0,0.0,0.0,0.0,inf,0.0,0.0,0,0,0.8238568938967907,True,35.294067,-120.6676,0.0,0.0,0.0,0.0
690fd7da87825a48788a8a41,2025-10-12 20:10:11.602,foothill,Car,0.092542306,0.0,0.0,0.0,0.0,0.0,0.0,inf,0.0,0.0,0,0,0.8238568938967907,True,35.294067,-120.6676,0.0,0.0,0.0,0.0
690fd7da87825a48788a8a41,2025-10-12 20:10:11.602,foothill,Car,0.092542306,0.0,0.0,0.0,0.0,0.0,0.0,inf,0.0,0.0,0,0,0.8238568938967907,True,35.294067,-120.6676,0.0,0.0,0.0,0.0
690fd7da87825a48788a8a41,2025-10-12 20:10:11.602,foothill,Car,0.092542306,0.0,0.0,0.0,0.0,0.0,0.0,inf,0.0,0.0,0,0,0.8238568938967907,True,35.294067,-120.6676,0.0,0.0,0.0,0.0
690fd7da87825a48788a8a41,2025-10-12 20:10:11.602,foothill,Car,0.092542306,0.0,0.0,0.0,0.0,0.0,0.0,inf,0.0,0.0,0,0,0.8238568938967907,True,35.294067,-120.6676,0.0,0.0,0.0,0.0
690fd7da87825a48788a8a41,2025-10-12 20:10:11.602,foothill,Car,0.092542306,0.0,0.0,0.0,0.0,0.0,0.0,inf,0.0,0.0,0,0,0.8238568938967907,True,35.294067,-120.6676,0.0,0.0,0.0,0.0
690fd7da87825a48788a8a41,2025-10-12 20:10:11.602,foothill,Car,0.092542306,0.0,0.0,0.0,0.0,0.0,0.0,inf,0.0,0.0,0,0,0.8238568938967907,True,35.294067,-120.6676,0.0,0.0,0.0,0.0
690fd7da87825a48788a8a41,2025-10-12 20:10:11.602,foothill,Car,0.092542306,0.0,0.0,0.0,0.0,0.0,0.0,inf,0.0,0.0,0,0,0.8238568938967907,True,35.294067,-120.6676,0.0,0.0,0.0,0.0
690fd7da87825a48788a8a41,2025-10-12 20:10:11.602,foothill,Car,0.092542306,0.0,0.0,0.0,0.0,0.0,0.0,inf,0.0,0.0,0,0,0.8238568938967907,True,35.294067,-120.6676,0.0,0.0,0.0,0.0
690fd7da87825a48788a8a41,2025-10-12 20:10:11.602,foothill,Car,0.092542306,0.0,0.0,0.0,0.0,0.0,0.0,inf,0.0,0.0,0,0,0.8238568938967907,True,35.294067,-120.6676,0.0,0.0,0.0,0.0
690fd7da87825a48788a8a41,2025-10-12 20:10:11.602,foothill,Car,0.092542306,0.0,0.0,261.29285,-98.70715,0.0,0.0,inf,0.0,0.0,0,0,0.8238568938967907,True,35.294064,-120.667625,0.0,0.0,0.0,0.0
690fd7da87825a48788a8a41,2025-10-12 20:10:11.602,foothill,Car,0.092542306,0.0,0.0,0.0,98.70715,0.0,0.0,inf,0.0,98.7071533203125,0,0,0.8238568938967907,True,35.294064,-120.667625,0.0,0.0,0.0,0.0
690fd7da87825a48788a8a41,2025-10-12 20:10:11.602,foothill,Car,0.092542306,0.0,0.0,0.0,0.0,0.0,0.0,inf,0.0,98.7071533203125,0,0,0.8238568938967907,True,35.294064,-120.667625,0.0,0.0,0.0,0.0
690fd7da87825a48788a8a41,2025-10-12 20:10:11.602,foothill,Car,0.092542306,0.0,0.0,0.0,0.0,0.0,0.0,inf,0.0,98.7071533203125,0,0,0.8238568938967907,True,35.294064,-120.667625,0.0,0.0,0.0,0.0
690fd7da87825a48788a8a41,2025-10-12 20:10:11.602,foothill,Car,0.092542306,0.0,0.0,0.0,0.0,0.0,0.0,inf,0.0,0.0,0,0,0.8238568938967907,True,35.294064,-120.66763,0.0,0.0,0.0,0.0
690fd7da87825a48788a8a41,2025-10-12 20:10:11.602,foothill,Car,0.092542306,0.0,0.0,0.0,0.0,0.0,0.0,inf,0.0,0.0,0,0,0.8238568938967907,True,35.294064,-120.66763,0.0,0.0,0.0,0.0
690fd7da87825a48788a8a41,2025-10-12 20:10:11.602,foothill,Car,0.092542306,0.0,0.0,0.0,0.0,0.0,0.0,inf,0.0,0.0,0,0,0.8238568938967907,True,35.294064,-120.66763,0.0,0.0,0.0,0.0
690fd7da87825a48788a8a41,2025-10-12 20:10:11.602,foothill,Car,0.092542306,0.0,0.0,0.0,0.0,0.0,0.0,inf,0.0,0.0,0,0,0.8238568938967907,True,35.294064,-120.66763,0.0,0.0,0.0,0.0
690fd7da87825a48788a8a41,2025-10-12 20:10:11.602,foothill,Car,0.092542306,0.0,0.0,270.0,-90.0,0.6924210786819458,-0.0925423055887222,7.482211112976074,0.0,90.0,0,0,0.8238568938967907,True,35.294064,-120.66764,0.0,0.0,0.0,0.0
690fd7da87825a48788a8a41,2025-10-12 20:10:11.602,foothill,Car,0.092542306,0.0,0.0,0.0,90.0,0.0,0.0,inf,0.0,0.0,0,0,0.8238568938967907,True,35.294064,-120.66765,0.0,0.0,0.0,0.0
690fd7da87825a48788a8a41,2025-10-12 20:10:11.602,foothill,Car,0.092542306,0.0,0.0,0.0,0.0,0.0,0.0,inf,0.0,0.0,0,0,0.8238568938967907,True,35.294064,-120.66765,0.0,0.0,0.0,0.0
690fd7da87825a48788a8a41,2025-10-12 20:10:11.602,foothill,Car,0.092542306,0.0,0.0,270.0,-90.0,0.0,0.0,inf,0.0,0.0,0,0,0.8238568938967907,True,35.294064,-120.667656,0.0,0.0,0.0,0.0
690fd7da87825a48788a8a41,2025-10-12 20:10:11.602,foothill,Car,0.092542306,0.0,0.0,0.0,90.0,0.0,0.0,inf,0.0,90.0,0,0,0.8238568938967907,True,35.294064,-120.667656,0.0,0.0,0.0,0.0
690fd7da87825a48788a8a41,2025-10-12 20:10:11.602,foothill,Car,0.092542306,0.0,0.0,0.0,0.0,0.0,0.0,inf,0.0,90.0,0,0,0.8238568938967907,True,35.294064,-120.667656,0.0,0.0,0.0,0.0
690fd7da87825a48788a8a41,2025-10-12 20:10:11.602,foothill,Car,0.092542306,0.0,0.0,270.0,-90.0,0.0,-0.0,inf,0.0,90.0,0,0,0.8238568938967907,True,35.294064,-120.66766,0.0,0.0,0.0,0.0
690fd7da87825a48788a8a41,2025-10-12 20:10:11.602,foothill,Car,0.092542306,0.0,0.0,0.0,90.0,0.0,0.0,inf,0.0,0.0,0,0,0.8238568938967907,True,35.294064,-120.66766,0.0,0.0,0.0,0.0
690fd7da87825a48788a8a41,2025-10-12 20:10:11.602,foothill,Car,0.092542306,0.0,0.0,0.0,0.0,0.0,0.0,inf,0.0,0.0,0,0,0.8238568938967907,True,35.294064,-120.66767,0.0,0.0,0.0,0.0
690fd7da87825a48788a8a41,2025-10-12 20:10:11.602,foothill,Car,0.092542306,0.0,0.0,0.0,0.0,0.0,0.0,inf,0.0,0.0,0,0,0.8238568938967907,True,35.294064,-120.66767,0.0,0.0,0.0,0.0
690fd7da87825a48788a8a41,2025-10-12 20:10:11.602,foothill,Car,0.092542306,0.0,0.0,0.0,0.0,0.0,0.0,inf,0.0,0.0,0,0,0.8238568938967907,True,35.294064,-120.66767,0.0,0.0,0.0,0.0
690fd7da87825a48788a8a41,2025-10-12 20:10:11.602,foothill,Car,0.092542306,0.0,0.0,270.0,-90.0,0.6924210786819458,0.0925423055887222,inf,0.0,90.0,0,0,0.8238568938967907,True,35.294064,-120.66768,0.0,0.0,0.0,0.0
690fd7da87825a48788a8a42,2025-10-12 20:10:11.602,foothill,Car,0.420123,0.0,0.0,0.0,0.0,0.0,0.0,inf,0.3275806903839111,0.0,1,0,0.9831655204710812,True,35.294064,-120.66767,0.1,0.0,0.0,0.0
690fd7da87825a48788a8a42,2025-10-12 20:10:11.602,foothill,Car,0.420123,0.0,0.0,0.0,0.0,0.0,0.0,inf,0.3275806903839111,0.0,0,0,0.9831655204710812,True,35.294064,-120.66767,0.0,0.0,0.0,0.0
690fd7da87825a48788a8a42,2025-10-12 20:10:11.602,foothill,Car,0.420123,0.0,0.0,0.0,0.0,0.0,0.0,inf,0.3275806903839111,0.0,0,0,0.9831655204710812,True,35.294064,-120.66767,0.0,0.0,0.0,0.0
690fd7da87825a48788a8a42,2025-10-12 20:10:11.602,foothill,Car,0.420123,0.0,0.0,0.0,0.0,0.0,0.0,inf,0.3275806903839111,0.0,0,0,0.9831655204710812,True,35.294064,-120.66767,0.0,0.0,0.0,0.0
690fd7da87825a48788a8a42,2025-10-12 20:10:11.602,foothill,Car,0.420123,0.0,0.0,0.0,0.0,0.0,0.0,inf,0.3275806903839111,0.0,0,0,0.9831655204710812,True,35.294064,-120.66767,0.0,0.0,0.0,0.0
690fd7da87825a48788a8a42,2025-10-12 20:10:11.602,foothill,Car,0.420123,0.0,0.0,0.0,0.0,0.0,0.0,inf,0.3275806903839111,0.0,0,0,0.9831655204710812,True,35.294064,-120.66767,0.0,0.0,0.0,0.0
690fd7da87825a48788a8a42,2025-10-12 20:10:11.602,foothill,Car,0.420123,0.0,0.0,0.0,0.0,0.0,0.0,inf,0.3275806903839111,0.0,0,0,0.9831655204710812,True,35.294064,-120.66767,0.0,0.0,0.0,0.0
690fd7da87825a48788a8a42,2025-10-12 20:10:11.602,foothill,Car,0.420123,0.0,0.0,0.0,0.0,0.0,0.0,inf,0.3275806903839111,0.0,0,0,0.9831655204710812,True,35.294064,-120.66767,0.0,0.0,0.0,0.0
690fd7da87825a48788a8a42,2025-10-12 20:10:11.602,foothill,Car,0.420123,0.0,0.0,0.0,0.0,0.0,0.0,inf,0.3275806903839111,0.0,0,0,0.9831655204710812,True,35.294064,-120.66767,0.0,0.0,0.0,0.0
690fd7da87825a48788a8a42,2025-10-12 20:10:11.602,foothill,Car,0.420123,0.0,0.0,0.0,0.0,0.0,0.0,inf,0.3275806903839111,0.0,0,0,0.9831655204710812,True,35.294064,-120.66767,0.0,0.0,0.0,0.0
690fd7da87825a48788a8a42,2025-10-12 20:10:11.602,foothill,Car,0.420123,0.0,0.0,0.0,0.0,0.0,0.0,inf,0.3275806903839111,0.0,0,0,0.9831655204710812,True,35.294064,-120.66767,0.0,0.0,0.0,0.0
690fd7da87825a48788a8a42,2025-10-12 20:10:11.602,foothill,Car,0.420123,0.0,0.0,0.0,0.0,0.0,0.0,inf,0.3275806903839111,0.0,0,0,0.9831655204710812,True,35.294064,-120.66767,0.0,0.0,0.0,0.0
690fd7da87825a48788a8a42,2025-10-12 20:10:11.602,foothill,Car,0.420123,0.0,0.0,0.0,0.0,0.0,0.0,inf,0.3275806903839111,0.0,0,0,0.9831655204710812,True,35.294064,-120.66767,0.0,0.0,0.0,0.0
690fd7da87825a48788a8a42,2025-10-12 20:10:11.602,foothill,Car,0.420123,0.0,0.0,0.0,0.0,0.0,0.0,inf,0.3275806903839111,0.0,0,0,0.9831655204710812,True,35.294064,-120.66767,0.0,0.0,0.0,0.0
690fd7da87825a48788a8a42,2025-10-12 20:10:11.602,foothill,Car,0.420123,0.0,0.0,0.0,0.0,0.0,0.0,inf,0.3275806903839111,0.0,0,0,0.9831655204710812,True,35.294064,-120.66767,0.0,0.0,0.0,0.0
690fd7da87825a48788a8a42,2025-10-12 20:10:11.602,foothill,Car,0.420123,0.0,0.0,0.0,0.0,0.0,0.0,inf,0.3275806903839111,0.0,0,0,0.9831655204710812,True,35.294064,-120.66767,0.0,0.0,0.0,0.0
690fd7da87825a48788a8a42,2025-10-12 20:10:11.602,foothill,Car,0.420123,0.0,0.0,0.0,0.0,0.0,0.0,inf,0.3275806903839111,0.0,0,0,0.9831655204710812,True,35.294064,-120.66767,0.0,0.0,0.0,0.0
690fd7da87825a48788a8a42,2025-10-12 20:10:11.602,foothill,Car,0.420123,0.0,0.0,0.0,0.0,0.0,0.0,inf,0.3275806903839111,0.0,0,0,0.9831655204710812,True,35.294064,-120.66767,0.0,0.0,0.0,0.0
690fd7da87825a48788a8a42,2025-10-12 20:10:11.602,foothill,Car,0.420123,0.0,0.0,0.0,0.0,0.0,0.0,inf,0.3275806903839111,0.0,0,0,0.9831655204710812,True,35.294064,-120.66767,0.0,0.0,0.0,0.0
690fd7da87825a48788a8a42,2025-10-12 20:10:11.602,foothill,Car,0.420123,0.0,0.0,0.0,0.0,0.0,0.0,inf,0.3275806903839111,0.0,0,0,0.9831655204710812,True,35.294064,-120.66767,0.0,0.0,0.0,0.0
690fd7da87825a48788a8a42,2025-10-12 20:10:11.602,foothill,Car,0.420123,0.0,0.0,0.0,0.0,0.0,0.0,inf,0.3275806903839111,0.0,0,0,0.9831655204710812,True,35.294064,-120.66767,0.0,0.0,0.0,0.0
690fd7da87825a48788a8a42,2025-10-12 20:10:11.602,foothill,Car,0.420123,0.0,0.0,0.0,0.0,0.0,0.0,inf,0.3275806903839111,0.0,0,0,0.9831655204710812,True,35.294064,-120.66767,0.0,0.0,0.0,0.0
690fd7da87825a48788a8a42,2025-10-12 20:10:11.602,foothill,Car,0.420123,0.0,0.0,0.0,0.0,0.0,0.0,inf,0.3275806903839111,0.0,0,0,0.9831655204710812,True,35.294064,-120.66767,0.0,0.0,0.0,0.0
690fd7da87825a48788a8a42,2025-10-12 20:10:11.602,foothill,Car,0.420123,0.0,0.0,0.0,0.0,0.0,0.0,inf,0.3275806903839111,0.0,0,0,0.9831655204710812,True,35.294064,-120.66767,0.0,0.0,0.0,0.0
690fd7da87825a48788a8a42,2025-10-12 20:10:11.602,foothill,Car,0.420123,0.0,0.0,0.0,0.0,0.0,0.0,inf,0.3275806903839111,0.0,0,0,0.9831655204710812,True,35.294064,-120.66767,0.0,0.0,0.0,0.0
690fd7da87825a48788a8a42,2025-10-12 20:10:11.602,foothill,Car,0.420123,0.0,0.0,0.0,0.0,0.0,0.0,inf,0.3275806903839111,0.0,0,0,0.9831655204710812,True,35.294064,-120.66767,0.0,0.0,0.0,0.0
690fd7da87825a48788a8a42,2025-10-12 20:10:11.602,foothill,Car,0.420123,0.0,0.0,0.0,0.0,0.0,0.0,inf,0.3275806903839111,0.0,0,0,0.9831655204710812,True,35.294064,-120.66767,0.0,0.0,0.0,0.0
690fd7da87825a48788a8a42,2025-10-12 20:10:11.602,foothill,Car,0.420123,0.0,0.0,0.0,0.0,0.0,0.0,inf,0.3275806903839111,0.0,0,0,0.9831655204710812,True,35.294064,-120.66767,0.0,0.0,0.0,0.0
690fd7da87825a48788a8a42,2025-10-12 20:10:11.602,foothill,Car,0.420123,0.0,0.0,0.0,0.0,0.0,0.0,inf,0.3275806903839111,0.0,0,0,0.9831655204710812,True,35.294064,-120.66767,0.0,0.0,0.0,0.0
690fd7da87825a48788a8a42,2025-10-12 20:10:11.602,foothill,Car,0.420123,0.0,0.0,0.0,0.0,0.0,0.0,inf,0.3275806903839111,0.0,0,0,0.9831655204710812,True,35.294064,-120.66767,0.0,0.0,0.0,0.0
690fd7da87825a48788a8a42,2025-10-12 20:10:11.602,foothill,Car,0.420123,0.0,0.0,0.0,0.0,0.0,0.0,inf,0.3275806903839111,0.0,0,0,0.9831655204710812,True,35.294064,-120.66767,0.0,0.0,0.0,0.0
690fd7da87825a48788a8a42,2025-10-12 20:10:11.602,foothill,Car,0.420123,0.0,0.0,0.0,0.0,0.0,0.0,inf,0.3275806903839111,0.0,0,0,0.9831655204710812,True,35.294064,-120.66767,0.0,0.0,0.0,0.0
690fd7da87825a48788a8a42,2025-10-12 20:10:11.602,foothill,Car,0.420123,0.0,0.0,0.0,0.0,0.0,0.0,inf,0.3275806903839111,0.0,0,0,0.9831655204710812,True,35.294064,-120.66767,0.0,0.0,0.0,0.0
690fd7da87825a48788a8a42,2025-10-12 20:10:11.602,foothill,Car,0.420123,0.0,0.0,0.0,0.0,0.0,0.0,inf,0.3275806903839111,0.0,0,0,0.9831655204710812,True,35.294064,-120.66767,0.0,0.0,0.0,0.0
690fd7da87825a48788a8a42,2025-10-12 20:10:11.602,foothill,Car,0.420123,0.0,0.0,0.0,0.0,0.0,0.0,inf,0.3275806903839111,0.0,0,0,0.9831655204710812,True,35.294064,-120.66767,0.0,0.0,0.0,0.0
690fd7da87825a48788a8a42,2025-10-12 20:10:11.602,foothill,Car,0.420123,0.0,0.0,0.0,0.0,0.0,0.0,inf,0.3275806903839111,0.0,0,0,0.9831655204710812,True,35.294064,-120.66767,0.0,0.0,0.0,0.0
690fd7da87825a48788a8a42,2025-10-12 20:10:11.602,foothill,Car,0.420123,0.0,0.0,0.0,0.0,0.0,0.0,inf,0.3275806903839111,0.0,0,0,0.9831655204710812,True,35.294064,-120.66767,0.0,0.0,0.0,0.0
690fd7da87825a48788a8a42,2025-10-12 20:10:11.602,foothill,Car,0.420123,0.0,0.0,0.0,0.0,0.0,0.0,inf,0.3275806903839111,0.0,0,0,0.9831655204710812,True,35.294064,-120.66767,0.0,0.0,0.0,0.0
690fd7da87825a48788a8a42,2025-10-12 20:10:11.602,foothill,Car,0.420123,0.0,0.0,0.0,0.0,0.0,0.0,inf,0.3275806903839111,0.0,0,0,0.9831655204710812,True,35.294064,-120.66767,0.0,0.0,0.0,0.0
690fd7da87825a48788a8a42,2025-10-12 20:10:11.602,foothill,Car,0.420123,0.0,0.0,0.0,0.0,0.0,0.0,inf,0.3275806903839111,0.0,0,0,0.9831655204710812,True,35.294064,-120.66767,0.0,0.0,0.0,0.0
690fd7da87825a48788a8a42,2025-10-12 20:10:11.602,foothill,Car,0.420123,0.0,0.0,0.0,0.0,0.0,0.0,inf,0.3275806903839111,0.0,0,0,0.9831655204710812,True,35.294064,-120.66767,0.0,0.0,0.0,0.0
690fd7da87825a48788a8a42,2025-10-12 20:10:11.602,foothill,Car,0.420123,0.0,0.0,0.0,0.0,0.0,0.0,inf,0.3275806903839111,0.0,0,0,0.9831655204710812,True,35.294064,-120.66767,0.0,0.0,0.0,0.0
690fd7da87825a48788a8a42,2025-10-12 20:10:11.602,foothill,Car,0.420123,0.0,0.0,0.0,0.0,0.0,0.0,inf,0.3275806903839111,0.0,0,0,0.9831655204710812,True,35.294064,-120.66767,0.0,0.0,0.0,0.0
690fd7da87825a48788a8a42,2025-10-12 20:10:11.602,foothill,Car,0.420123,0.0,0.0,0.0,0.0,0.0,0.0,inf,0.3275806903839111,0.0,0,0,0.9831655204710812,True,35.294064,-120.66767,0.0,0.0,0.0,0.0
690fd7da87825a48788a8a42,2025-10-12 20:10:11.602,foothill,Car,0.420123,0.0,0.0,0.0,0.0,0.0,0.0,inf,0.3275806903839111,0.0,0,0,0.9831655204710812,True,35.294064,-120.66767,0.0,0.0,0.0,0.0
690fd7da87825a48788a8a42,2025-10-12 20:10:11.602,foothill,Car,0.420123,0.0,0.0,0.0,0.0,0.0,0.0,inf,0.3275806903839111,0.0,0,0,0.9831655204710812,True,35.294064,-120.66767,0.0,0.0,0.0,0.0
690fd7da87825a48788a8a42,2025-10-12 20:10:11.602,foothill,Car,0.420123,0.0,0.0,0.0,0.0,0.0,0.0,inf,0.3275806903839111,0.0,0,0,0.9831655204710812,True,35.294064,-120.66767,0.0,0.0,0.0,0.0
690fd7da87825a48788a8a42,2025-10-12 20:10:11.602,foothill,Car,0.420123,0.0,0.0,0.0,0.0,0.0,0.0,inf,0.3275806903839111,0.0,0,0,0.9831655204710812,True,35.294064,-120.66767,0.0,0.0,0.0,0.0
690fd7da87825a48788a8a42,2025-10-12 20:10:11.602,foothill,Car,0.420123,0.0,0.0,0.0,0.0,0.0,0.0,inf,0.3275806903839111,0.0,0,0,0.9831655204710812,True,35.294064,-120.66767,0.0,0.0,0.0,0.0
690fd7da87825a48788a8a42,2025-10-12 20:10:11.602,foothill,Car,0.420123,0.0,0.0,0.0,0.0,0.0,0.0,inf,0.3275806903839111,0.0,0,0,0.9831655204710812,True,35.294064,-120.66767,0.0,0.0,0.0,0.0
690fd7da87825a48788a8a42,2025-10-12 20:10:11.602,foothill,Car,0.420123,0.0,0.0,0.0,0.0,0.0,0.0,inf,0.3275806903839111,0.0,0,0,0.9831655204710812,True,35.294064,-120.66767,0.0,0.0,0.0,0.0
690fd7da87825a48788a8a42,2025-10-12 20:10:11.602,foothill,Car,0.420123,0.0,0.0,0.0,0.0,0.0,0.0,inf,0.3275806903839111,0.0,0,0,0.9831655204710812,True,35.294064,-120.66767,0.0,0.0,0.0,0.0
690fd7da87825a48788a8a42,2025-10-12 20:10:11.602,foothill,Car,0.420123,0.0,0.0,0.0,0.0,0.0,0.0,inf,0.3275806903839111,0.0,0,0,0.9831655204710812,True,35.294064,-120.66767,0.0,0.0,0.0,0.0
690fd7da87825a48788a8a42,2025-10-12 20:10:11.602,foothill,Car,0.420123,0.0,0.0,0.0,0.0,0.0,0.0,inf,0.3275806903839111,0.0,0,0,0.9831655204710812,True,35.294064,-120.66767,0.0,0.0,0.0,0.0
690fd7da87825a48788a8a42,2025-10-12 20:10:11.602,foothill,Car,0.420123,0.0,0.0,0.0,0.0,0.0,0.0,inf,0.3275806903839111,0.0,0,0,0.9831655204710812,True,35.294064,-120.66767,0.0,0.0,0.0,0.0
690fd7da87825a48788a8a42,2025-10-12 20:10:11.602,foothill,Car,0.420123,0.0,0.0,0.0,0.0,0.0,0.0,inf,0.3275806903839111,0.0,0,0,0.9831655204710812,True,35.294064,-120.66767,0.0,0.0,0.0,0.0
690fd7da87825a48788a8a42,2025-10-12 20:10:11.602,foothill,Car,0.420123,0.0,0.0,0.0,0.0,0.0,0.0,inf,0.3275806903839111,0.0,0,0,0.9831655204710812,True,35.294064,-120.66767,0.0,0.0,0.0,0.0
690fd7da87825a48788a8a42,2025-10-12 20:10:11.602,foothill,Car,0.420123,0.0,0.0,0.0,0.0,0.0,0.0,inf,0.3275806903839111,0.0,0,0,0.9831655204710812,True,35.294064,-120.66767,0.0,0.0,0.0,0.0
690fd7da87825a48788a8a42,2025-10-12 20:10:11.602,foothill,Car,0.420123,0.0,0.0,0.0,0.0,0.0,0.0,inf,0.3275806903839111,0.0,0,0,0.9831655204710812,True,35.294064,-120.66767,0.0,0.0,0.0,0.0
690fd7da87825a48788a8a42,2025-10-12 20:10:11.602,foothill,Car,0.420123,0.0,0.0,0.0,0.0,0.0,0.0,inf,0.3275806903839111,0.0,0,0,0.9831655204710812,True,35.294064,-120.66767,0.0,0.0,0.0,0.0
690fd7da87825a48788a8a42,2025-10-12 20:10:11.602,foothill,Car,0.420123,0.0,0.0,0.0,0.0,0.0,0.0,inf,0.3275806903839111,0.0,0,0,0.9831655204710812,True,35.294064,-120.66767,0.0,0.0,0.0,0.0
690fd7da87825a48788a8a42,2025-10-12 20:10:11.602,foothill,Car,0.420123,0.0,0.0,0.0,0.0,0.0,0.0,inf,0.3275806903839111,0.0,0,0,0.9831655204710812,True,35.294064,-120.66767,0.0,0.0,0.0,0.0
690fd7da87825a48788a8a42,2025-10-12 20:10:11.602,foothill,Car,0.420123,0.0,0.0,0.0,0.0,0.0,0.0,inf,0.3275806903839111,0.0,0,0,0.9831655204710812,True,35.294064,-120.66767,0.0,0.0,0.0,0.0
690fd7da87825a48788a8a42,2025-10-12 20:10:11.602,foothill,Car,0.420123,0.0,0.0,0.0,0.0,0.0,0.0,inf,0.3275806903839111,0.0,0,0,0.9831655204710812,True,35.294064,-120.66767,0.0,0.0,0.0,0.0
690fd7da87825a48788a8a42,2025-10-12 20:10:11.602,foothill,Car,0.420123,0.0,0.0,0.0,0.0,0.0,0.0,inf,0.3275806903839111,0.0,0,0,0.9831655204710812,True,35.294064,-120.66767,0.0,0.0,0.0,0.0
690fd7da87825a48788a8a42,2025-10-12 20:10:11.602,foothill,Car,0.420123,0.0,0.0,0.0,0.0,0.0,0.0,inf,0.3275806903839111,0.0,0,0,0.9831655204710812,True,35.294064,-120.66767,0.0,0.0,0.0,0.0
690fd7da87825a48788a8a42,2025-10-12 20:10:11.602,foothill,Car,0.420123,0.0,0.0,0.0,0.0,0.0,0.0,inf,0.3275806903839111,0.0,0,0,0.9831655204710812,True,35.294064,-120.66767,0.0,0.0,0.0,0.0
690fd7da87825a48788a8a42,2025-10-12 20:10:11.602,foothill,Car,0.420123,0.0,0.0,0.0,0.0,0.0,0.0,inf,0.3275806903839111,0.0,0,0,0.9831655204710812,True,35.294064,-120.66767,0.0,0.0,0.0,0.0
690fd7da87825a48788a8a42,2025-10-12 20:10:11.602,foothill,Car,0.420123,0.0,0.0,0.0,0.0,0.0,0.0,inf,0.3275806903839111,0.0,0,0,0.9831655204710812,True,35.294064,-120.66767,0.0,0.0,0.0,0.0
690fd7da87825a48788a8a42,2025-10-12 20:10:11.602,foothill,Car,0.420123,0.0,0.0,0.0,0.0,0.0,0.0,inf,0.3275806903839111,0.0,0,0,0.9831655204710812,True,35.294064,-120.66767,0.0,0.0,0.0,0.0
690fd7da87825a48788a8a42,2025-10-12 20:10:11.602,foothill,Car,0.420123,0.0,0.0,0.0,0.0,0.0,0.0,inf,0.3275806903839111,0.0,0,0,0.9831655204710812,True,35.294064,-120.66767,0.0,0.0,0.0,0.0
690fd7da87825a48788a8a42,2025-10-12 20:10:11.602,foothill,Car,0.420123,0.0,0.0,0.0,0.0,0.0,0.0,inf,0.3275806903839111,0.0,0,0,0.9831655204710812,True,35.294064,-120.66767,0.0,0.0,0.0,0.0
690fd7da87825a48788a8a42,2025-10-12 20:10:11.602,foothill,Car,0.420123,0.0,0.0,0.0,0.0,0.0,0.0,inf,0.3275806903839111,0.0,0,0,0.9831655204710812,True,35.294064,-120.66767,0.0,0.0,0.0,0.0
690fd7da87825a48788a8a42,2025-10-12 20:10:11.602,foothill,Car,0.420123,0.0,0.0,0.0,0.0,0.0,0.0,inf,0.3275806903839111,0.0,0,0,0.9831655204710812,True,35.294064,-120.66767,0.0,0.0,0.0,0.0
690fd7da87825a48788a8a42,2025-10-12 20:10:11.602,foothill,Car,0.420123,0.0,0.0,0.0,0.0,0.0,0.0,inf,0.3275806903839111,0.0,0,0,0.9831655204710812,True,35.294064,-120.66767,0.0,0.0,0.0,0.0
690fd7da87825a48788a8a42,2025-10-12 20:10:11.602,foothill,Car,0.420123,0.0,0.0,0.0,0.0,0.0,0.0,inf,0.3275806903839111,0.0,0,0,0.9831655204710812,True,35.294064,-120.66767,0.0,0.0,0.0,0.0
690fd7da87825a48788a8a42,2025-10-12 20:10:11.602,foothill,Car,0.420123,0.0,0.0,0.0,0.0,0.0,0.0,inf,0.3275806903839111,0.0,0,0,0.9831655204710812,True,35.294064,-120.66767,0.0,0.0,0.0,0.0
690fd7da87825a48788a8a42,2025-10-12 20:10:11.602,foothill,Car,0.420123,0.0,0.0,0.0,0.0,0.0,0.0,inf,0.3275806903839111,0.0,0,0,0.9831655204710812,True,35.294064,-120.66767,0.0,0.0,0.0,0.0
690fd7da87825a48788a8a42,2025-10-12 20:10:11.602,foothill,Car,0.420123,0.0,0.0,0.0,0.0,0.0,0.0,inf,0.3275806903839111,0.0,0,0,0.9831655204710812,True,35.294064,-120.66767,0.0,0.0,0.0,0.0
690fd7da87825a48788a8a42,2025-10-12 20:10:11.602,foothill,Car,0.420123,0.0,0.0,0.0,0.0,0.0,0.0,inf,0.3275806903839111,0.0,0,0,0.9831655204710812,True,35.294064,-120.66767,0.0,0.0,0.0,0.0
690fd7da87825a48788a8a42,2025-10-12 20:10:11.602,foothill,Car,0.420123,0.0,0.0,0.0,0.0,0.0,0.0,inf,0.3275806903839111,0.0,0,0,0.9831655204710812,True,35.294064,-120.66767,0.0,0.0,0.0,0.0
690fd7da87825a48788a8a42,2025-10-12 20:10:11.602,foothill,Car,0.420123,0.0,0.0,0.0,0.0,0.0,0.0,inf,0.3275806903839111,0.0,0,0,0.9831655204710812,True,35.294064,-120.66767,0.0,0.0,0.0,0.0
690fd7da87825a48788a8a42,2025-10-12 20:10:11.602,foothill,Car,0.420123,0.0,0.0,0.0,0.0,0.0,0.0,inf,0.3275806903839111,0.0,0,0,0.9831655204710812,True,35.294064,-120.66767,0.0,0.0,0.0,0.0
690fd7da87825a48788a8a42,2025-10-12 20:10:11.602,foothill,Car,0.420123,0.0,0.0,0.0,0.0,0.0,0.0,inf,0.3275806903839111,0.0,0,0,0.9831655204710812,True,35.294064,-120.66767,0.0,0.0,0.0,0.0
690fd7da87825a48788a8a42,2025-10-12 20:10:11.602,foothill,Car,0.420123,0.0,0.0,0.0,0.0,0.0,0.0,inf,0.3275806903839111,0.0,0,0,0.9831655204710812,True,35.294064,-120.66767,0.0,0.0,0.0,0.0
690fd7da87825a48788a8a42,2025-10-12 20:10:11.602,foothill,Car,0.420123,0.0,0.0,0.0,0.0,0.0,0.0,inf,0.3275806903839111,0.0,0,0,0.9831655204710812,True,35.294064,-120.66767,0.0,0.0,0.0,0.0
690fd7da87825a48788a8a42,2025-10-12 20:10:11.602,foothill,Car,0.420123,0.0,0.0,0.0,0.0,0.0,0.0,inf,0.3275806903839111,0.0,0,0,0.9831655204710812,True,35.294064,-120.66767,0.0,0.0,0.0,0.0
690fd7da87825a48788a8a42,2025-10-12 20:10:11.602,foothill,Car,0.420123,0.0,0.0,0.0,0.0,0.0,0.0,inf,0.3275806903839111,0.0,0,0,0.9831655204710812,True,35.294064,-120.66767,0.0,0.0,0.0,0.0
690fd7da87825a48788a8a42,2025-10-12 20:10:11.602,foothill,Car,0.420123,0.0,0.0,0.0,0.0,0.0,0.0,inf,0.3275806903839111,0.0,0,0,0.9831655204710812,True,35.294064,-120.66767,0.0,0.0,0.0,0.0
690fd7da87825a48788a8a42,2025-10-12 20:10:11.602,foothill,Car,0.420123,0.0,0.0,0.0,0.0,0.0,0.0,inf,0.3275806903839111,0.0,0,0,0.9831655204710812,True,35.294064,-120.66767,0.0,0.0,0.0,0.0
690fd7da87825a48788a8a42,2025-10-12 20:10:11.602,foothill,Car,0.420123,0.0,0.0,0.0,0.0,0.0,0.0,inf,0.3275806903839111,0.0,0,0,0.9831655204710812,True,35.294064,-120.66767,0.0,0.0,0.0,0.0
690fd7da87825a48788a8a42,2025-10-12 20:10:11.602,foothill,Car,0.420123,0.0,0.0,0.0,0.0,0.0,0.0,inf,0.3275806903839111,0.0,0,0,0.9831655204710812,True,35.294064,-120.66767,0.0,0.0,0.0,0.0
690fd7da87825a48788a8a42,2025-10-12 20:10:11.602,foothill,Car,0.420123,0.0,0.0,0.0,0.0,0.0,0.0,inf,0.3275806903839111,0.0,0,0,0.9831655204710812,True,35.294064,-120.66767,0.0,0.0,0.0,0.0
690fd7da87825a48788a8a42,2025-10-12 20:10:11.602,foothill,Car,0.420123,0.0,0.0,0.0,0.0,0.0,0.0,inf,0.3275806903839111,0.0,0,0,0.9831655204710812,True,35.294064,-120.66767,0.0,0.0,0.0,0.0
690fd7da87825a48788a8a42,2025-10-12 20:10:11.602,foothill,Car,0.420123,0.0,0.0,0.0,0.0,0.0,0.0,inf,0.3275806903839111,0.0,0,0,0.9831655204710812,True,35.294064,-120.66767,0.0,0.0,0.0,0.0
690fd7da87825a48788a8a42,2025-10-12 20:10:11.602,foothill,Car,0.420123,0.0,0.0,0.0,0.0,0.0,0.0,inf,0.3275806903839111,0.0,0,0,0.9831655204710812,True,35.294064,-120.66767,0.0,0.0,0.0,0.0
690fd7da87825a48788a8a42,2025-10-12 20:10:11.602,foothill,Car,0.420123,0.0,0.0,0.0,0.0,0.0,0.0,inf,0.3275806903839111,0.0,0,0,0.9831655204710812,True,35.294064,-120.66767,0.0,0.0,0.0,0.0
690fd7da87825a48788a8a42,2025-10-12 20:10:11.602,foothill,Car,0.420123,0.0,0.0,0.0,0.0,0.0,0.0,inf,0.3275806903839111,0.0,0,0,0.9831655204710812,True,35.294064,-120.66767,0.0,0.0,0.0,0.0
690fd7da87825a48788a8a42,2025-10-12 20:10:11.602,foothill,Car,0.420123,0.0,0.0,0.0,0.0,0.0,0.0,inf,0.3275806903839111,0.0,0,0,0.9831655204710812,True,35.294064,-120.66767,0.0,0.0,0.0,0.0
690fd7da87825a48788a8a42,2025-10-12 20:10:11.602,foothill,Car,0.420123,0.0,0.0,0.0,0.0,0.0,0.0,inf,0.3275806903839111,0.0,0,0,0.9831655204710812,True,35.294064,-120.66767,0.0,0.0,0.0,0.0
690fd7da87825a48788a8a42,2025-10-12 20:10:11.602,foothill,Car,0.420123,0.0,0.0,0.0,0.0,0.0,0.0,inf,0.3275806903839111,0.0,0,0,0.9831655204710812,True,35.294064,-120.66767,0.0,0.0,0.0,0.0
690fd7da87825a48788a8a42,2025-10-12 20:10:11.602,foothill,Car,0.420123,0.0,0.0,0.0,0.0,0.0,0.0,inf,0.3275806903839111,0.0,0,0,0.9831655204710812,True,35.294064,-120.66767,0.0,0.0,0.0,0.0
690fd7da87825a48788a8a42,2025-10-12 20:10:11.602,foothill,Car,0.420123,0.0,0.0,0.0,0.0,0.0,0.0,inf,0.3275806903839111,0.0,0,0,0.9831655204710812,True,35.294064,-120.66767,0.0,0.0,0.0,0.0
690fd7da87825a48788a8a42,2025-10-12 20:10:11.602,foothill,Car,0.420123,0.0,0.0,0.0,0.0,0.0,0.0,inf,0.3275806903839111,0.0,0,0,0.9831655204710812,True,35.294064,-120.66767,0.0,0.0,0.0,0.0
690fd7da87825a48788a8a42,2025-10-12 20:10:11.602,foothill,Car,0.420123,0.0,0.0,0.0,0.0,0.0,0.0,inf,0.3275806903839111,0.0,0,0,0.9831655204710812,True,35.294064,-120.66767,0.0,0.0,0.0,0.0
690fd7da87825a48788a8a42,2025-10-12 20:10:11.602,foothill,Car,0.420123,0.0,0.0,0.0,0.0,0.0,0.0,inf,0.3275806903839111,0.0,0,0,0.9831655204710812,True,35.294064,-120.66767,0.0,0.0,0.0,0.0
690fd7da87825a48788a8a42,2025-10-12 20:10:11.602,foothill,Car,0.420123,0.0,0.0,0.0,0.0,0.0,0.0,inf,0.3275806903839111,0.0,0,0,0.9831655204710812,True,35.294064,-120.66767,0.0,0.0,0.0,0.0
690fd7da87825a48788a8a42,2025-10-12 20:10:11.602,foothill,Car,0.420123,0.0,0.0,0.0,0.0,0.0,0.0,inf,0.3275806903839111,0.0,0,0,0.9831655204710812,True,35.294064,-120.66767,0.0,0.0,0.0,0.0
690fd7da87825a48788a8a42,2025-10-12 20:10:11.602,foothill,Car,0.420123,0.0,0.0,0.0,0.0,0.0,0.0,inf,0.3275806903839111,0.0,0,0,0.9831655204710812,True,35.294064,-120.66767,0.0,0.0,0.0,0.0
690fd7da87825a48788a8a42,2025-10-12 20:10:11.602,foothill,Car,0.420123,0.0,0.0,0.0,0.0,0.0,0.0,inf,0.3275806903839111,0.0,0,0,0.9831655204710812,True,35.294064,-120.66767,0.0,0.0,0.0,0.0
690fd7da87825a48788a8a42,2025-10-12 20:10:11.602,foothill,Car,0.420123,0.0,0.0,0.0,0.0,0.0,0.0,inf,0.3275806903839111,0.0,0,0,0.9831655204710812,True,35.294064,-120.66767,0.0,0.0,0.0,0.0
690fd7da87825a48788a8a42,2025-10-12 20:10:11.602,foothill,Car,0.420123,0.0,0.0,0.0,0.0,0.0,0.0,inf,0.3275806903839111,0.0,0,0,0.9831655204710812,True,35.294064,-120.66767,0.0,0.0,0.0,0.0
690fd7da87825a48788a8a42,2025-10-12 20:10:11.602,foothill,Car,0.420123,0.0,0.0,0.0,0.0,0.0,0.0,inf,0.3275806903839111,0.0,0,0,0.9831655204710812,True,35.294064,-120.66767,0.0,0.0,0.0,0.0
690fd7da87825a48788a8a42,2025-10-12 20:10:11.602,foothill,Car,0.420123,0.0,0.0,0.0,0.0,0.0,0.0,inf,0.3275806903839111,0.0,0,0,0.9831655204710812,True,35.294064,-120.66767,0.0,0.0,0.0,0.0
690fd7da87825a48788a8a42,2025-10-12 20:10:11.602,foothill,Car,0.420123,0.0,0.0,0.0,0.0,0.0,0.0,inf,0.3275806903839111,0.0,0,0,0.9831655204710812,True,35.294064,-120.66767,0.0,0.0,0.0,0.0
690fd7da87825a48788a8a42,2025-10-12 20:10:11.602,foothill,Car,0.420123,0.0,0.0,0.0,0.0,0.0,0.0,inf,0.3275806903839111,0.0,0,0,0.9831655204710812,True,35.294064,-120.66767,0.0,0.0,0.0,0.0
690fd7da87825a48788a8a42,2025-10-12 20:10:11.602,foothill,Car,0.420123,0.0,0.0,0.0,0.0,0.0,0.0,inf,0.3275806903839111,0.0,0,0,0.9831655204710812,True,35.294064,-120.66767,0.0,0.0,0.0,0.0
690fd7da87825a48788a8a42,2025-10-12 20:10:11.602,foothill,Car,0.420123,0.0,0.0,0.0,0.0,0.0,0.0,inf,0.3275806903839111,0.0,0,0,0.9831655204710812,True,35.294064,-120.66767,0.0,0.0,0.0,0.0
690fd7da87825a48788a8a42,2025-10-12 20:10:11.602,foothill,Car,0.420123,0.0,0.0,0.0,0.0,0.0,0.0,inf,0.3275806903839111,0.0,0,0,0.9831655204710812,True,35.294064,-120.66767,0.0,0.0,0.0,0.0
690fd7da87825a48788a8a42,2025-10-12 20:10:11.602,foothill,Car,0.420123,0.0,0.0,0.0,0.0,0.0,0.0,inf,0.3275806903839111,0.0,0,0,0.9831655204710812,True,35.294064,-120.66767,0.0,0.0,0.0,0.0
690fd7da87825a48788a8a42,2025-10-12 20:10:11.602,foothill,Car,0.420123,0.0,0.0,0.0,0.0,0.0,0.0,inf,0.3275806903839111,0.0,0,0,0.9831655204710812,True,35.294064,-120.66767,0.0,0.0,0.0,0.0
690fd7da87825a48788a8a42,2025-10-12 20:10:11.602,foothill,Car,0.420123,0.0,0.0,0.0,0.0,0.0,0.0,inf,0.3275806903839111,0.0,0,0,0.9831655204710812,True,35.294064,-120.66767,0.0,0.0,0.0,0.0
690fd7da87825a48788a8a42,2025-10-12 20:10:11.602,foothill,Car,0.420123,0.0,0.0,0.0,0.0,0.0,0.0,inf,0.3275806903839111,0.0,0,0,0.9831655204710812,True,35.294064,-120.66767,0.0,0.0,0.0,0.0
690fd7da87825a48788a8a42,2025-10-12 20:10:11.602,foothill,Car,0.420123,0.0,0.0,0.0,0.0,0.0,0.0,inf,0.3275806903839111,0.0,0,0,0.9831655204710812,True,35.294064,-120.66767,0.0,0.0,0.0,0.0
690fd7da87825a48788a8a42,2025-10-12 20:10:11.602,foothill,Car,0.420123,0.0,0.0,0.0,0.0,0.0,0.0,inf,0.3275806903839111,0.0,0,0,0.9831655204710812,True,35.294064,-120.66767,0.0,0.0,0.0,0.0
690fd7da87825a48788a8a42,2025-10-12 20:10:11.602,foothill,Car,0.420123,0.0,0.0,0.0,0.0,0.0,0.0,inf,0.3275806903839111,0.0,0,0,0.9831655204710812,True,35.294064,-120.66767,0.0,0.0,0.0,0.0
690fd7da87825a48788a8a42,2025-10-12 20:10:11.602,foothill,Car,0.420123,0.0,0.0,0.0,0.0,0.0,0.0,inf,0.3275806903839111,0.0,0,0,0.9831655204710812,True,35.294064,-120.66767,0.0,0.0,0.0,0.0
690fd7da87825a48788a8a42,2025-10-12 20:10:11.602,foothill,Car,0.420123,0.0,0.0,0.0,0.0,0.0,0.0,inf,0.3275806903839111,0.0,0,0,0.9831655204710812,True,35.294064,-120.66767,0.0,0.0,0.0,0.0
690fd7da87825a48788a8a42,2025-10-12 20:10:11.602,foothill,Car,0.420123,0.0,0.0,0.0,0.0,0.0,0.0,inf,0.3275806903839111,0.0,0,0,0.9831655204710812,True,35.294064,-120.66767,0.0,0.0,0.0,0.0
690fd7da87825a48788a8a42,2025-10-12 20:10:11.602,foothill,Car,0.420123,0.0,0.0,0.0,0.0,0.0,0.0,inf,0.3275806903839111,0.0,0,0,0.9831655204710812,True,35.294064,-120.66767,0.0,0.0,0.0,0.0
690fd7da87825a48788a8a42,2025-10-12 20:10:11.602,foothill,Car,0.420123,0.0,0.0,0.0,0.0,0.0,0.0,inf,0.3275806903839111,0.0,0,0,0.9831655204710812,True,35.294064,-120.66767,0.0,0.0,0.0,0.0
690fd7da87825a48788a8a42,2025-10-12 20:10:11.602,foothill,Car,0.420123,0.0,0.0,0.0,0.0,0.0,0.0,inf,0.3275806903839111,0.0,0,0,0.9831655204710812,True,35.294064,-120.66767,0.0,0.0,0.0,0.0
690fd7da87825a48788a8a42,2025-10-12 20:10:11.602,foothill,Car,0.420123,0.0,0.0,0.0,0.0,0.0,0.0,inf,0.3275806903839111,0.0,0,0,0.9831655204710812,True,35.294064,-120.66767,0.0,0.0,0.0,0.0
690fd7da87825a48788a8a42,2025-10-12 20:10:11.602,foothill,Car,0.420123,0.0,0.0,0.0,0.0,0.0,0.0,inf,0.3275806903839111,0.0,0,0,0.9831655204710812,True,35.294064,-120.66767,0.0,0.0,0.0,0.0
690fd7da87825a48788a8a42,2025-10-12 20:10:11.602,foothill,Car,0.420123,0.0,0.0,0.0,0.0,0.0,0.0,inf,0.3275806903839111,0.0,0,0,0.9831655204710812,True,35.294064,-120.66767,0.0,0.0,0.0,0.0
690fd7da87825a48788a8a42,2025-10-12 20:10:11.602,foothill,Car,0.420123,0.0,0.0,0.0,0.0,0.0,0.0,inf,0.3275806903839111,0.0,0,0,0.9831655204710812,True,35.294064,-120.66767,0.0,0.0,0.0,0.0
690fd7da87825a48788a8a42,2025-10-12 20:10:11.602,foothill,Car,0.420123,0.0,0.0,0.0,0.0,0.0,0.0,inf,0.3275806903839111,0.0,0,0,0.9831655204710812,True,35.294064,-120.66767,0.0,0.0,0.0,0.0
690fd7da87825a48788a8a42,2025-10-12 20:10:11.602,foothill,Car,0.420123,0.0,0.0,0.0,0.0,0.0,0.0,inf,0.3275806903839111,0.0,0,0,0.9831655204710812,True,35.294064,-120.66767,0.0,0.0,0.0,0.0
690fd7da87825a48788a8a42,2025-10-12 20:10:11.602,foothill,Car,0.420123,0.0,0.0,0.0,0.0,0.0,0.0,inf,0.3275806903839111,0.0,0,0,0.9831655204710812,True,35.294064,-120.66767,0.0,0.0,0.0,0.0
690fd7da87825a48788a8a42,2025-10-12 20:10:11.602,foothill,Car,0.420123,0.0,0.0,0.0,0.0,0.0,0.0,inf,0.3275806903839111,0.0,0,0,0.9831655204710812,True,35.294064,-120.66767,0.0,0.0,0.0,0.0
690fd7da87825a48788a8a42,2025-10-12 20:10:11.602,foothill,Car,0.420123,0.0,0.0,0.0,0.0,0.0,0.0,inf,0.3275806903839111,0.0,0,0,0.9831655204710812,True,35.294064,-120.66767,0.0,0.0,0.0,0.0
690fd7da87825a48788a8a42,2025-10-12 20:10:11.602,foothill,Car,0.420123,0.0,0.0,0.0,0.0,0.0,0.0,inf,0.3275806903839111,0.0,0,0,0.9831655204710812,True,35.294064,-120.66767,0.0,0.0,0.0,0.0
690fd7da87825a48788a8a42,2025-10-12 20:10:11.602,foothill,Car,0.420123,0.0,0.0,0.0,0.0,0.0,0.0,inf,0.3275806903839111,0.0,0,0,0.9831655204710812,True,35.294064,-120.66767,0.0,0.0,0.0,0.0
690fd7da87825a48788a8a42,2025-10-12 20:10:11.602,foothill,Car,0.420123,0.0,0.0,0.0,0.0,0.0,0.0,inf,0.3275806903839111,0.0,0,0,0.9831655204710812,True,35.294064,-120.66767,0.0,0.0,0.0,0.0
690fd7da87825a48788a8a42,2025-10-12 20:10:11.602,foothill,Car,0.420123,0.0,0.0,0.0,0.0,0.0,0.0,inf,0.3275806903839111,0.0,0,0,0.9831655204710812,True,35.294064,-120.66767,0.0,0.0,0.0,0.0
690fd7da87825a48788a8a42,2025-10-12 20:10:11.602,foothill,Car,0.420123,0.0,0.0,0.0,0.0,0.0,0.0,inf,0.3275806903839111,0.0,0,0,0.9831655204710812,True,35.294064,-120.66767,0.0,0.0,0.0,0.0
690fd7da87825a48788a8a42,2025-10-12 20:10:11.602,foothill,Car,0.420123,0.0,0.0,0.0,0.0,0.0,0.0,inf,0.3275806903839111,0.0,0,0,0.9831655204710812,True,35.294064,-120.66767,0.0,0.0,0.0,0.0
690fd7da87825a48788a8a42,2025-10-12 20:10:11.602,foothill,Car,0.420123,0.0,0.0,0.0,0.0,0.0,0.0,inf,0.3275806903839111,0.0,0,0,0.9831655204710812,True,35.294064,-120.66767,0.0,0.0,0.0,0.0
690fd7da87825a48788a8a42,2025-10-12 20:10:11.602,foothill,Car,0.420123,0.0,0.0,0.0,0.0,0.0,0.0,inf,0.3275806903839111,0.0,0,0,0.9831655204710812,True,35.294064,-120.66767,0.0,0.0,0.0,0.0
690fd7da87825a48788a8a42,2025-10-12 20:10:11.602,foothill,Car,0.420123,0.0,0.0,0.0,0.0,0.0,0.0,inf,0.3275806903839111,0.0,0,0,0.9831655204710812,True,35.294064,-120.66767,0.0,0.0,0.0,0.0
690fd7da87825a48788a8a42,2025-10-12 20:10:11.602,foothill,Car,0.420123,0.0,0.0,0.0,0.0,0.0,0.0,inf,0.3275806903839111,0.0,0,0,0.9831655204710812,True,35.294064,-120.66767,0.0,0.0,0.0,0.0
690fd7da87825a48788a8a42,2025-10-12 20:10:11.602,foothill,Car,0.420123,0.0,0.0,0.0,0.0,0.0,0.0,inf,0.3275806903839111,0.0,0,0,0.9831655204710812,True,35.294064,-120.66767,0.0,0.0,0.0,0.0
690fd7da87825a48788a8a42,2025-10-12 20:10:11.602,foothill,Car,0.420123,0.0,0.0,0.0,0.0,0.0,0.0,inf,0.3275806903839111,0.0,0,0,0.9831655204710812,True,35.294064,-120.66767,0.0,0.0,0.0,0.0
690fd7da87825a48788a8a42,2025-10-12 20:10:11.602,foothill,Car,0.420123,0.0,0.0,0.0,0.0,0.0,0.0,inf,0.3275806903839111,0.0,0,0,0.9831655204710812,True,35.294064,-120.66767,0.0,0.0,0.0,0.0
690fd7da87825a48788a8a42,2025-10-12 20:10:11.602,foothill,Car,0.420123,0.0,0.0,0.0,0.0,0.0,0.0,inf,0.3275806903839111,0.0,0,0,0.9831655204710812,True,35.294064,-120.66767,0.0,0.0,0.0,0.0
690fd7da87825a48788a8a42,2025-10-12 20:10:11.602,foothill,Car,0.420123,0.0,0.0,0.0,0.0,0.0,0.0,inf,0.3275806903839111,0.0,0,0,0.9831655204710812,True,35.294064,-120.66767,0.0,0.0,0.0,0.0
690fd7da87825a48788a8a42,2025-10-12 20:10:11.602,foothill,Car,0.420123,0.0,0.0,0.0,0.0,0.0,0.0,inf,0.3275806903839111,0.0,0,0,0.9831655204710812,True,35.294064,-120.66767,0.0,0.0,0.0,0.0
690fd7da87825a48788a8a42,2025-10-12 20:10:11.602,foothill,Car,0.420123,0.0,0.0,0.0,0.0,0.0,0.0,inf,0.3275806903839111,0.0,0,0,0.9831655204710812,True,35.294064,-120.66767,0.0,0.0,0.0,0.0
690fd7da87825a48788a8a42,2025-10-12 20:10:11.602,foothill,Car,0.420123,0.0,0.0,0.0,0.0,0.0,0.0,inf,0.3275806903839111,0.0,0,0,0.9831655204710812,True,35.294064,-120.66767,0.0,0.0,0.0,0.0
690fd7da87825a48788a8a42,2025-10-12 20:10:11.602,foothill,Car,0.420123,0.0,0.0,0.0,0.0,0.0,0.0,inf,0.3275806903839111,0.0,0,0,0.9831655204710812,True,35.294064,-120.66767,0.0,0.0,0.0,0.0
690fd7da87825a48788a8a42,2025-10-12 20:10:11.602,foothill,Car,0.420123,0.0,0.0,0.0,0.0,0.0,0.0,inf,0.3275806903839111,0.0,0,0,0.9831655204710812,True,35.294064,-120.66767,0.0,0.0,0.0,0.0
690fd7da87825a48788a8a42,2025-10-12 20:10:11.602,foothill,Car,0.420123,0.0,0.0,0.0,0.0,0.0,0.0,inf,0.3275806903839111,0.0,0,0,0.9831655204710812,True,35.294064,-120.66767,0.0,0.0,0.0,0.0
690fd7da87825a48788a8a42,2025-10-12 20:10:11.602,foothill,Car,0.420123,0.0,0.0,0.0,0.0,0.0,0.0,inf,0.3275806903839111,0.0,0,0,0.9831655204710812,True,35.294064,-120.66767,0.0,0.0,0.0,0.0
690fd7da87825a48788a8a42,2025-10-12 20:10:11.602,foothill,Car,0.420123,0.0,0.0,0.0,0.0,0.0,0.0,inf,0.3275806903839111,0.0,0,0,0.9831655204710812,True,35.294064,-120.66767,0.0,0.0,0.0,0.0
690fd7da87825a48788a8a42,2025-10-12 20:10:11.602,foothill,Car,0.420123,0.0,0.0,0.0,0.0,0.0,0.0,inf,0.3275806903839111,0.0,0,0,0.9831655204710812,True,35.294064,-120.66767,0.0,0.0,0.0,0.0
690fd7da87825a48788a8a42,2025-10-12 20:10:11.602,foothill,Car,0.420123,0.0,0.0,0.0,0.0,0.0,0.0,inf,0.3275806903839111,0.0,0,0,0.9831655204710812,True,35.294064,-120.66767,0.0,0.0,0.0,0.0
690fd7da87825a48788a8a42,2025-10-12 20:10:11.602,foothill,Car,0.420123,0.0,0.0,0.0,0.0,0.0,0.0,inf,0.3275806903839111,0.0,0,0,0.9831655204710812,True,35.294064,-120.66767,0.0,0.0,0.0,0.0
690fd7da87825a48788a8a42,2025-10-12 20:10:11.602,foothill,Car,0.420123,0.0,0.0,0.0,0.0,0.0,0.0,inf,0.3275806903839111,0.0,0,0,0.9831655204710812,True,35.294064,-120.66767,0.0,0.0,0.0,0.0
690fd7da87825a48788a8a42,2025-10-12 20:10:11.602,foothill,Car,0.420123,0.0,0.0,0.0,0.0,0.0,0.0,inf,0.3275806903839111,0.0,0,0,0.9831655204710812,True,35.294064,-120.66767,0.0,0.0,0.0,0.0
690fd7da87825a48788a8a42,2025-10-12 20:10:11.602,foothill,Car,0.420123,0.0,0.0,0.0,0.0,0.0,0.0,inf,0.3275806903839111,0.0,0,0,0.9831655204710812,True,35.294064,-120.66767,0.0,0.0,0.0,0.0
690fd7da87825a48788a8a42,2025-10-12 20:10:11.602,foothill,Car,0.420123,0.0,0.0,0.0,0.0,0.0,0.0,inf,0.3275806903839111,0.0,0,0,0.9831655204710812,True,35.294064,-120.66767,0.0,0.0,0.0,0.0
690fd7da87825a48788a8a42,2025-10-12 20:10:11.602,foothill,Car,0.420123,0.0,0.0,0.0,0.0,0.0,0.0,inf,0.3275806903839111,0.0,0,0,0.9831655204710812,True,35.294064,-120.66767,0.0,0.0,0.0,0.0
690fd7da87825a48788a8a42,2025-10-12 20:10:11.602,foothill,Car,0.420123,0.0,0.0,0.0,0.0,0.0,0.0,inf,0.3275806903839111,0.0,0,0,0.9831655204710812,True,35.294064,-120.66767,0.0,0.0,0.0,0.0
690fd7da87825a48788a8a42,2025-10-12 20:10:11.602,foothill,Car,0.420123,0.0,0.0,0.0,0.0,0.0,0.0,inf,0.3275806903839111,0.0,0,0,0.9831655204710812,True,35.294064,-120.66767,0.0,0.0,0.0,0.0
690fd7da87825a48788a8a42,2025-10-12 20:10:11.602,foothill,Car,0.420123,0.0,0.0,0.0,0.0,0.0,0.0,inf,0.3275806903839111,0.0,0,0,0.9831655204710812,True,35.294064,-120.66767,0.0,0.0,0.0,0.0
690fd7da87825a48788a8a42,2025-10-12 20:10:11.602,foothill,Car,0.420123,0.0,0.0,0.0,0.0,0.0,0.0,inf,0.3275806903839111,0.0,0,0,0.9831655204710812,True,35.294064,-120.66767,0.0,0.0,0.0,0.0
690fd7da87825a48788a8a42,2025-10-12 20:10:11.602,foothill,Car,0.420123,0.0,0.0,0.0,0.0,0.0,0.0,inf,0.3275806903839111,0.0,0,0,0.9831655204710812,True,35.294064,-120.66767,0.0,0.0,0.0,0.0
690fd7da87825a48788a8a42,2025-10-12 20:10:11.602,foothill,Car,0.420123,0.0,0.0,0.0,0.0,0.0,0.0,inf,0.3275806903839111,0.0,0,0,0.9831655204710812,True,35.294064,-120.66767,0.0,0.0,0.0,0.0
690fd7da87825a48788a8a42,2025-10-12 20:10:11.602,foothill,Car,0.420123,0.0,0.0,270.0,-90.0,0.0,0.0,inf,0.0,0.0,0,0,0.9831655204710812,True,35.294064,-120.667694,0.0,0.0,0.0,0.0
690fd7da87825a48788a8a42,2025-10-12 20:10:11.602,foothill,Car,0.420123,0.0,0.0,0.0,90.0,0.0,0.0,inf,0.0,90.0,0,0,0.9831655204710812,True,35.294064,-120.667694,0.0,0.0,0.0,0.0
690fd7da87825a48788a8a42,2025-10-12 20:10:11.602,foothill,Car,0.420123,0.0,0.0,0.0,0.0,0.0,0.0,inf,0.0,0.0,0,0,0.9831655204710812,True,35.294064,-120.6677,0.0,0.0,0.0,0.0
690fd7da87825a48788a8a42,2025-10-12 20:10:11.602,foothill,Car,0.420123,0.0,0.0,0.0,0.0,0.0,0.0,inf,0.0,0.0,0,0,0.9831655204710812,True,35.294064,-120.6677,0.0,0.0,0.0,0.0
690fd7da87825a48788a8a42,2025-10-12 20:10:11.602,foothill,Car,0.420123,0.0,0.0,287.02975,-72.970245,0.0,-0.0,inf,0.0,72.97024536132812,0,0,0.9831655204710812,True,35.294067,-120.66771,0.0,0.0,0.0,0.0
690fd7da87825a48788a8a42,2025-10-12 20:10:11.602,foothill,Car,0.420123,0.0,0.0,0.0,72.970245,0.0,0.0,inf,0.0,0.0,0,0,0.9831655204710812,True,35.294067,-120.66771,0.0,0.0,0.0,0.0
690fd7da87825a48788a8a42,2025-10-12 20:10:11.602,foothill,Car,0.420123,0.0,0.0,0.0,0.0,0.0,0.0,inf,0.0,0.0,0,0,0.9831655204710812,True,35.294067,-120.66771,0.0,0.0,0.0,0.0
690fd7da87825a48788a8a42,2025-10-12 20:10:11.602,foothill,Car,0.420123,0.0,0.0,0.0,0.0,0.0,0.0,inf,0.0,0.0,0,0,0.9831655204710812,True,35.294067,-120.66771,0.0,0.0,0.0,0.0
690fd7da87825a48788a8a42,2025-10-12 20:10:11.602,foothill,Car,0.420123,0.0,0.0,270.0,-90.0,0.0,0.0,inf,0.0,0.0,0,0,0.9831655204710812,True,35.294067,-120.66772,0.0,0.0,0.0,0.0
690fd7da87825a48788a8a42,2025-10-12 20:10:11.602,foothill,Car,0.420123,0.0,0.0,0.0,90.0,0.0,0.0,inf,0.0,90.0,0,0,0.9831655204710812,True,35.294067,-120.66772,0.0,0.0,0.0,0.0
690fd7da87825a48788a8a42,2025-10-12 20:10:11.602,foothill,Car,0.420123,0.0,0.0,0.0,0.0,0.0,0.0,inf,0.0,0.0,0,0,0.9831655204710812,True,35.294067,-120.667725,0.0,0.0,0.0,0.0
690fd7da87825a48788a8a42,2025-10-12 20:10:11.602,foothill,Car,0.420123,0.0,0.0,0.0,0.0,0.0,0.0,inf,0.0,0.0,0,0,0.9831655204710812,True,35.294067,-120.667725,0.0,0.0,0.0,0.0
690fd7da87825a48788a8a42,2025-10-12 20:10:11.602,foothill,Car,0.420123,0.0,0.0,0.0,0.0,0.0,0.0,inf,0.0,0.0,0,0,0.9831655204710812,True,35.294067,-120.667725,0.0,0.0,0.0,0.0
690fd7da87825a48788a8a42,2025-10-12 20:10:11.602,foothill,Car,0.420123,0.0,0.0,270.0,-90.0,0.0,0.0,inf,0.0,0.0,0,0,0.9831655204710812,True,35.294067,-120.66773,0.0,0.0,0.0,0.0
690fd7da87825a48788a8a42,2025-10-12 20:10:11.602,foothill,Car,0.420123,0.0,0.0,0.0,90.0,0.0,0.0,inf,0.0,90.0,0,0,0.9831655204710812,True,35.294067,-120.66773,0.0,0.0,0.0,0.0
690fd7da87825a48788a8a42,2025-10-12 20:10:11.602,foothill,Car,0.420123,0.0,0.0,0.0,0.0,0.0,0.0,inf,0.0,90.0,0,0,0.9831655204710812,True,35.294067,-120.66773,0.0,0.0,0.0,0.0
690fd7da87825a48788a8a42,2025-10-12 20:10:11.602,foothill,Car,0.420123,0.0,0.0,0.0,0.0,0.0,0.0,inf,0.0,0.0,0,0,0.9831655204710812,True,35.294067,-120.66774,0.0,0.0,0.0,0.0
690fd7da87825a48788a8a42,2025-10-12 20:10:11.602,foothill,Car,0.420123,0.0,0.0,0.0,0.0,0.0,0.0,inf,0.0,0.0,0,0,0.9831655204710812,True,35.294067,-120.66774,0.0,0.0,0.0,0.0
690fd7da87825a48788a8a42,2025-10-12 20:10:11.602,foothill,Car,0.420123,0.0,0.0,0.0,0.0,0.0,0.0,inf,0.0,0.0,0,0,0.9831655204710812,True,35.294067,-120.66774,0.0,0.0,0.0,0.0
690fd7da87825a48788a8a42,2025-10-12 20:10:11.602,foothill,Car,0.420123,0.0,0.0,270.0,-90.0,0.0,-0.0,inf,0.0,90.0,0,0,0.9831655204710812,True,35.294067,-120.66775,0.0,0.0,0.0,0.0
690fd7da87825a48788a8a42,2025-10-12 20:10:11.602,foothill,Car,0.420123,0.0,0.0,0.0,90.0,0.0,0.0,inf,0.0,0.0,0,0,0.9831655204710812,True,35.294067,-120.66775,0.0,0.0,0.0,0.0
690fd7da87825a48788a8a42,2025-10-12 20:10:11.602,foothill,Car,0.420123,0.0,0.0,0.0,0.0,0.6924210786819458,0.0,inf,0.0,0.0,0,0,0.9831655204710812,True,35.294067,-120.667755,0.0,0.0,0.0,0.0
690fd7da87825a48788a8a42,2025-10-12 20:10:11.602,foothill,Car,0.420123,0.0,0.0,270.0,-90.0,0.0,-0.0,inf,0.0,90.0,0,0,0.9831655204710812,True,35.294067,-120.66776,0.0,0.0,0.0,0.0
690fd7da87825a48788a8a42,2025-10-12 20:10:11.602,foothill,Car,0.420123,0.0,0.0,0.0,90.0,0.0,0.0,inf,0.0,0.0,0,0,0.9831655204710812,True,35.294067,-120.66776,0.0,0.0,0.0,0.0
690fd7da87825a48788a8a42,2025-10-12 20:10:11.602,foothill,Car,0.420123,0.0,0.0,0.0,0.0,0.0,0.0,inf,0.0,0.0,0,0,0.9831655204710812,True,35.294067,-120.66777,0.0,0.0,0.0,0.0
690fd7da87825a48788a8a42,2025-10-12 20:10:11.602,foothill,Car,0.420123,0.0,0.0,0.0,0.0,0.0,0.0,inf,0.0,0.0,0,0,0.9831655204710812,True,35.294067,-120.66777,0.0,0.0,0.0,0.0
690fd7da87825a48788a8a42,2025-10-12 20:10:11.602,foothill,Car,0.420123,0.0,0.0,0.0,0.0,0.0,0.0,inf,0.0,0.0,0,0,0.9831655204710812,True,35.294067,-120.66777,0.0,0.0,0.0,0.0
690fd7da87825a48788a8a42,2025-10-12 20:10:11.602,foothill,Car,0.420123,0.0,0.0,270.0,-90.0,0.4241749942302704,-0.4201230108737945,1.0096447467803955,0.0,90.0,0,0,0.9831655204710812,True,35.294067,-120.66778,0.0,0.0,0.0,0.0
690fd7da87825a48788a8a42,2025-10-12 20:10:11.602,foothill,Car,0.420123,0.0,0.0,180.0,-90.0,0.0,0.0,inf,0.0,180.0,0,0,0.9831655204710812,True,35.294064,-120.66778,0.0,0.0,0.0,0.0
690fd7da87825a48788a8a42,2025-10-12 20:10:11.602,foothill,Car,0.420123,0.0,0.0,0.0,-180.0,0.0,0.0,inf,0.0,0.0,0,0,0.9831655204710812,True,35.294064,-120.66778,0.0,0.0,0.0,0.0
690fd7da87825a48788a8a42,2025-10-12 20:10:11.602,foothill,Car,0.420123,0.0,0.0,270.0,-90.0,0.0,-0.0,inf,0.0,90.0,0,0,0.9831655204710812,True,35.294064,-120.667786,0.0,0.0,0.0,0.0
690fd7da87825a48788a8a42,2025-10-12 20:10:11.602,foothill,Car,0.420123,0.0,0.0,0.0,90.0,0.0,0.0,inf,0.0,0.0,0,0,0.9831655204710812,True,35.294064,-120.667786,0.0,0.0,0.0,0.0
690fd7da87825a48788a8a42,2025-10-12 20:10:11.602,foothill,Car,0.420123,0.0,0.0,0.0,0.0,0.0,0.0,inf,0.0,0.0,0,0,0.9831655204710812,True,35.294064,-120.66779,0.0,0.0,0.0,0.0
690fd7da87825a48788a8a42,2025-10-12 20:10:11.602,foothill,Car,0.420123,0.0,0.0,0.0,0.0,0.0,0.0,inf,0.0,0.0,0,0,0.9831655204710812,True,35.294064,-120.66779,0.0,0.0,0.0,0.0
690fd7da87825a48788a8a42,2025-10-12 20:10:11.602,foothill,Car,0.420123,0.0,0.0,270.0,-90.0,0.6924210786819458,0.4201230108737945,inf,0.0,90.0,0,0,0.9831655204710812,True,35.294064,-120.6678,0.0,0.0,0.0,0.0
690fd7da87825a48788a8a42,2025-10-12 20:10:11.602,foothill,Car,0.420123,0.0,0.0,0.0,90.0,0.0,0.0,inf,0.0,0.0,0,0,0.9831655204710812,True,35.294064,-120.66781,0.0,0.0,0.0,0.0
690fd7da87825a48788a8a42,2025-10-12 20:10:11.602,foothill,Car,0.420123,0.0,0.0,0.0,0.0,0.0,0.0,inf,0.0,0.0,0,0,0.9831655204710812,True,35.294064,-120.66781,0.0,0.0,0.0,0.0
690fd7da87825a48788a8a42,2025-10-12 20:10:11.602,foothill,Car,0.420123,0.0,0.0,270.0,-90.0,0.0,0.0,inf,0.0,0.0,0,0,0.9831655204710812,True,35.294064,-120.667816,0.0,0.0,0.0,0.0
690fd7da87825a48788a8a42,2025-10-12 20:10:11.602,foothill,Car,0.420123,0.0,0.0,0.0,90.0,0.0,0.0,inf,0.0,90.0,0,0,0.9831655204710812,True,35.294064,-120.667816,0.0,0.0,0.0,0.0
690fd7da87825a48788a8a42,2025-10-12 20:10:11.602,foothill,Car,0.420123,0.0,0.0,0.0,0.0,0.6924210786819458,-0.4201230108737945,1.6481388807296753,0.0,90.0,0,0,0.9831655204710812,True,35.294064,-120.66782,0.0,0.0,0.0,0.0
690fd7da87825a48788a8a42,2025-10-12 20:10:11.602,foothill,Car,0.420123,0.0,0.0,270.0,-90.0,0.0,0.0,inf,0.0,0.0,0,0,0.9831655204710812,True,35.294064,-120.66783,0.0,0.0,0.0,0.0
690fd7da87825a48788a8a42,2025-10-12 20:10:11.602,foothill,Car,0.420123,0.0,0.0,0.0,90.0,0.0,0.0,inf,0.0,90.0,0,0,0.9831655204710812,True,35.294064,-120.66783,0.0,0.0,0.0,0.0
690fd7da87825a48788a8a42,2025-10-12 20:10:11.602,foothill,Car,0.420123,0.0,0.0,0.0,0.0,0.0,0.0,inf,0.0,0.0,0,0,0.9831655204710812,True,35.294064,-120.66784,0.0,0.0,0.0,0.0
690fd7da87825a48788a8a42,2025-10-12 20:10:11.602,foothill,Car,0.420123,0.0,0.0,0.0,0.0,0.0,0.0,inf,0.0,0.0,0,0,0.9831655204710812,True,35.294064,-120.66784,0.0,0.0,0.0,0.0
690fd7da87825a48788a8a42,2025-10-12 20:10:11.602,foothill,Car,0.420123,0.0,0.0,270.0,-90.0,0.6924210786819458,0.4201230108737945,inf,0.0,90.0,0,0,0.9831655204710812,True,35.294064,-120.66785,0.0,0.0,0.0,0.0
690fd7da87825a48788a8a43,2025-10-12 20:10:21.470,foothill,Car,8.721141,0.0,0.0,0.0,0.0,0.8120173811912537,-0.902785301208496,0.8994579315185547,0.0,72.97027587890625,1,0,0.7753191367828066,True,35.29399,-120.66811,0.1,0.0,0.0,0.0
690fd7da87825a48788a8a43,2025-10-12 20:10:21.470,foothill,Car,8.721141,0.0,0.0,72.970276,72.970276,0.4241749942302704,-8.338744163513184,0.0508679710328578,0.0,72.97027587890625,0,0,0.7753191367828066,True,35.293995,-120.668106,0.0,0.0,0.0,0.0
690fd7da87825a48788a8a43,2025-10-12 20:10:21.470,foothill,Car,8.721141,0.0,0.0,0.0,-72.970276,0.4241749942302704,-8.338744163513184,0.0508679710328578,0.0,72.97027587890625,0,0,0.7753191367828066,True,35.294,-120.668106,0.0,0.0,0.0,0.0
690fd7da87825a48788a8a43,2025-10-12 20:10:21.470,foothill,Car,8.721141,0.0,0.0,90.0,90.0,0.0,0.0,inf,0.0,0.0,0,0,0.7753191367828066,True,35.294,-120.6681,0.0,0.0,0.0,0.0
690fd7da87825a48788a8a43,2025-10-12 20:10:21.470,foothill,Car,8.721141,0.0,0.0,0.0,-90.0,0.0,0.0,inf,0.0,90.0,0,0,0.7753191367828066,True,35.294,-120.6681,0.0,0.0,0.0,0.0
690fd7da87825a48788a8a43,2025-10-12 20:10:21.470,foothill,Car,8.721141,0.0,0.0,0.0,0.0,0.8120173215866089,2.8809938430786133,inf,0.0,90.0,0,0,0.7753191367828066,True,35.294003,-120.66809,0.0,0.0,0.0,0.0
690fd7da87825a48788a8a43,2025-10-12 20:10:21.470,foothill,Car,8.721141,0.0,0.0,98.70715,98.70715,0.6924216151237488,10.041383743286133,inf,0.0,98.7071533203125,0,0,0.7753191367828066,True,35.294,-120.66808,0.0,0.0,0.0,0.0
690fd7da87825a48788a8a43,2025-10-12 20:10:21.470,foothill,Car,8.721141,0.0,0.0,0.0,-98.70715,0.0,0.0,inf,0.0,0.0,0,0,0.7753191367828066,True,35.294,-120.668076,0.0,0.0,0.0,0.0
690fd7da87825a48788a8a43,2025-10-12 20:10:21.470,foothill,Car,8.721141,0.0,0.0,0.0,0.0,0.0,0.0,inf,0.0,0.0,0,0,0.7753191367828066,True,35.294,-120.668076,0.0,0.0,0.0,0.0
690fd7da87825a48788a8a43,2025-10-12 20:10:21.470,foothill,Car,8.721141,0.0,0.0,90.0,90.0,0.6924216151237488,-8.72114086151123,0.0793957635760307,0.0,90.0,0,0,0.7753191367828066,True,35.294,-120.66807,0.0,0.0,0.0,0.0
690fd7da87825a48788a8a43,2025-10-12 20:10:21.470,foothill,Car,8.721141,0.0,0.0,0.0,-90.0,0.6924216151237488,8.72114086151123,inf,0.0,90.0,0,0,0.7753191367828066,True,35.294,-120.66806,0.0,0.0,0.0,0.0
690fd7da87825a48788a8a43,2025-10-12 20:10:21.470,foothill,Car,8.721141,0.0,0.0,81.29285,81.29285,0.6924216151237488,7.40089750289917,inf,0.0,81.2928466796875,0,0,0.7753191367828066,True,35.294003,-120.66805,0.0,0.0,0.0,0.0
690fd7da87825a48788a8a43,2025-10-12 20:10:21.470,foothill,Car,8.721141,0.0,0.0,0.0,-81.29285,0.0,0.0,inf,0.0,0.0,0,0,0.7753191367828066,True,35.294003,-120.668045,0.0,0.0,0.0,0.0
690fd7da87825a48788a8a43,2025-10-12 20:10:21.470,foothill,Car,8.721141,0.0,0.0,0.0,0.0,0.0,0.0,inf,0.0,0.0,0,0,0.7753191367828066,True,35.294003,-120.668045,0.0,0.0,0.0,0.0
690fd7da87825a48788a8a43,2025-10-12 20:10:21.470,foothill,Car,8.721141,0.0,0.0,90.0,90.0,0.6924216151237488,0.0,inf,0.0,0.0,0,0,0.7753191367828066,True,35.294003,-120.66804,0.0,0.0,0.0,0.0
690fd7da87825a48788a8a43,2025-10-12 20:10:21.470,foothill,Car,8.721141,0.0,0.0,90.0,0.0,0.6924216151237488,0.0,inf,0.0,0.0,0,0,0.7753191367828066,True,35.294003,-120.66803,0.0,0.0,0.0,0.0
690fd7da87825a48788a8a43,2025-10-12 20:10:21.470,foothill,Car,8.721141,0.0,0.0,180.0,90.0,0.8120173215866089,-2.8809938430786133,0.2818531990051269,0.0,90.0,0,0,0.7753191367828066,True,35.294,-120.66802,0.0,0.0,0.0,0.0
690fd7da87825a48788a8a43,2025-10-12 20:10:21.470,foothill,Car,8.721141,0.0,0.0,81.29285,-98.70715,0.8120173215866089,-4.059292793273926,0.2000391036272049,0.0,98.7071533203125,0,0,0.7753191367828066,True,35.294003,-120.668015,0.0,0.0,0.0,0.0
690fd7da87825a48788a8a43,2025-10-12 20:10:21.470,foothill,Car,8.721141,0.0,0.0,180.0,98.70715,0.0,0.0,inf,0.0,0.0,0,0,0.7753191367828066,True,35.294,-120.66801,0.0,0.0,0.0,0.0
690fd7da87825a48788a8a43,2025-10-12 20:10:21.470,foothill,Car,8.721141,0.0,0.0,0.0,-180.0,0.0,0.0,inf,0.0,180.0,0,0,0.7753191367828066,True,35.294,-120.66801,0.0,0.0,0.0,0.0
690fd7da87825a48788a8a43,2025-10-12 20:10:21.470,foothill,Car,8.721141,0.0,0.0,90.0,90.0,0.6924216151237488,8.72114086151123,inf,0.0,90.0,0,0,0.7753191367828066,True,35.294,-120.668,0.0,0.0,0.0,0.0
690fd7da87825a48788a8a43,2025-10-12 20:10:21.470,foothill,Car,8.721141,0.0,0.0,0.0,-90.0,0.6924216151237488,-8.72114086151123,0.0793957635760307,0.0,90.0,0,0,0.7753191367828066,True,35.294,-120.66799,0.0,0.0,0.0,0.0
690fd7da87825a48788a8a43,2025-10-12 20:10:21.470,foothill,Car,8.721141,0.0,0.0,90.0,90.0,0.6924216151237488,-8.72114086151123,0.0793957635760307,0.0,90.0,0,0,0.7753191367828066,True,35.294,-120.667984,0.0,0.0,0.0,0.0
690fd7da87825a48788a8a43,2025-10-12 20:10:21.470,foothill,Car,8.721141,0.0,0.0,0.0,-90.0,0.6924216151237488,8.72114086151123,inf,0.0,90.0,0,0,0.7753191367828066,True,35.294,-120.66798,0.0,0.0,0.0,0.0
690fd7da87825a48788a8a43,2025-10-12 20:10:21.470,foothill,Car,8.721141,0.0,0.0,90.0,90.0,0.6924216151237488,0.0,inf,0.0,0.0,0,0,0.7753191367828066,True,35.294,-120.66797,0.0,0.0,0.0,0.0
690fd7da87825a48788a8a43,2025-10-12 20:10:21.470,foothill,Car,8.721141,0.0,0.0,90.0,0.0,0.0,0.0,inf,0.0,0.0,0,0,0.7753191367828066,True,35.294,-120.66796,0.0,0.0,0.0,0.0
690fd7da87825a48788a8a43,2025-10-12 20:10:21.470,foothill,Car,8.721141,0.0,0.0,0.0,-90.0,0.0,0.0,inf,0.0,90.0,0,0,0.7753191367828066,True,35.294,-120.66796,0.0,0.0,0.0,0.0
690fd7da87825a48788a8a43,2025-10-12 20:10:21.470,foothill,Car,8.721141,0.0,0.0,90.0,90.0,0.4241749942302704,8.72114086151123,inf,0.0,90.0,0,0,0.7753191367828066,True,35.294,-120.667946,0.0,0.0,0.0,0.0
690fd7da87825a48788a8a43,2025-10-12 20:10:21.470,foothill,Car,8.721141,0.0,0.0,180.0,90.0,0.4241749942302704,8.72114086151123,inf,0.0,90.0,0,0,0.7753191367828066,True,35.293995,-120.667946,0.0,0.0,0.0,0.0
690fd7da87825a48788a8a43,2025-10-12 20:10:21.470,foothill,Car,8.721141,0.0,0.0,0.0,-180.0,0.6924216747283936,-8.72114086151123,0.0793957710266113,0.0,90.0,0,0,0.7753191367828066,True,35.293995,-120.66794,0.0,0.0,0.0,0.0
690fd7da87825a48788a8a43,2025-10-12 20:10:21.470,foothill,Car,8.721141,0.0,0.0,90.0,90.0,0.6924216747283936,-8.72114086151123,0.0793957710266113,0.0,90.0,0,0,0.7753191367828066,True,35.293995,-120.66793,0.0,0.0,0.0,0.0
690fd7da87825a48788a8a43,2025-10-12 20:10:21.470,foothill,Car,8.721141,0.0,0.0,0.0,-90.0,0.6924216747283936,8.72114086151123,inf,0.0,90.0,0,0,0.7753191367828066,True,35.293995,-120.66792,0.0,0.0,0.0,0.0
690fd7da87825a48788a8a43,2025-10-12 20:10:21.470,foothill,Car,8.721141,0.0,0.0,90.0,90.0,0.6924216747283936,0.0,inf,0.0,0.0,0,0,0.7753191367828066,True,35.293995,-120.667915,0.0,0.0,0.0,0.0
690fd7da87825a48788a8a43,2025-10-12 20:10:21.470,foothill,Car,8.721141,0.0,0.0,90.0,0.0,0.6924216747283936,0.0,inf,0.0,0.0,0,0,0.7753191367828066,True,35.293995,-120.66791,0.0,0.0,0.0,0.0
690fd7da87825a48788a8a43,2025-10-12 20:10:21.470,foothill,Car,8.721141,0.0,0.0,0.0,-90.0,0.6924216747283936,8.72114086151123,inf,0.0,90.0,0,0,0.7753191367828066,True,35.293995,-120.6679,0.0,0.0,0.0,0.0
690fd7da87825a48788a8a43,2025-10-12 20:10:21.470,foothill,Car,8.721141,0.0,0.0,90.0,90.0,0.0,0.0,inf,0.0,0.0,0,0,0.7753191367828066,True,35.293995,-120.66789,0.0,0.0,0.0,0.0
690fd7da87825a48788a8a43,2025-10-12 20:10:21.470,foothill,Car,8.721141,0.0,0.0,0.0,-90.0,0.0,0.0,inf,0.0,90.0,0,0,0.7753191367828066,True,35.293995,-120.66789,0.0,0.0,0.0,0.0
690fd7da87825a48788a8a43,2025-10-12 20:10:21.470,foothill,Car,8.721141,0.0,0.0,0.0,0.0,0.6924216151237488,-8.72114086151123,0.0793957635760307,0.0,90.0,0,0,0.7753191367828066,True,35.294,-120.667885,0.0,0.0,0.0,0.0
690fd7da87825a48788a8a43,2025-10-12 20:10:21.470,foothill,Car,8.721141,0.0,0.0,90.0,90.0,0.6924216151237488,-8.72114086151123,0.0793957635760307,0.0,90.0,0,0,0.7753191367828066,True,35.294,-120.66788,0.0,0.0,0.0,0.0
690fd7da87825a48788a8a43,2025-10-12 20:10:21.470,foothill,Car,8.721141,0.0,0.0,180.0,90.0,0.6924216747283936,8.72114086151123,inf,0.0,90.0,0,0,0.7753191367828066,True,35.293995,-120.66787,0.0,0.0,0.0,0.0
690fd7da87825a48788a8a43,2025-10-12 20:10:21.470,foothill,Car,8.721141,0.0,0.0,90.0,-90.0,0.6924216747283936,8.72114086151123,inf,0.0,90.0,0,0,0.7753191367828066,True,35.293995,-120.66786,0.0,0.0,0.0,0.0
690fd7da87825a48788a8a43,2025-10-12 20:10:21.470,foothill,Car,8.721141,0.0,0.0,0.0,-90.0,0.6924216747283936,8.72114086151123,inf,0.0,90.0,0,0,0.7753191367828066,True,35.293995,-120.667854,0.0,0.0,0.0,0.0
690fd7da87825a48788a8a43,2025-10-12 20:10:21.470,foothill,Car,8.721141,0.0,0.0,90.0,90.0,0.6924216747283936,0.0,inf,0.0,0.0,0,0,0.7753191367828066,True,35.293995,-120.66785,0.0,0.0,0.0,0.0
690fd7da87825a48788a8a43,2025-10-12 20:10:21.470,foothill,Car,8.721141,0.0,0.0,90.0,0.0,0.4241749942302704,-8.72114086151123,0.0486375577747821,0.0,90.0,0,0,0.7753191367828066,True,35.293995,-120.66784,0.0,0.0,0.0,0.0
690fd7da87825a48788a8a43,2025-10-12 20:10:21.470,foothill,Car,8.721141,0.0,0.0,0.0,-90.0,0.4241749942302704,-8.72114086151123,0.0486375577747821,0.0,90.0,0,0,0.7753191367828066,True,35.294,-120.66784,0.0,0.0,0.0,0.0
690fd7da87825a48788a8a43,2025-10-12 20:10:21.470,foothill,Car,8.721141,0.0,0.0,0.0,0.0,0.6924216151237488,0.0,inf,0.0,0.0,0,0,0.7753191367828066,True,35.294,-120.66783,0.0,0.0,0.0,0.0
690fd7da87825a48788a8a43,2025-10-12 20:10:21.470,foothill,Car,8.721141,0.0,0.0,90.0,90.0,0.0,0.0,inf,0.0,0.0,0,0,0.7753191367828066,True,35.294,-120.66782,0.0,0.0,0.0,0.0
690fd7da87825a48788a8a43,2025-10-12 20:10:21.470,foothill,Car,8.721141,0.0,0.0,0.0,-90.0,0.0,0.0,inf,0.0,90.0,0,0,0.7753191367828066,True,35.294,-120.66782,0.0,0.0,0.0,0.0
690fd7da87825a48788a8a43,2025-10-12 20:10:21.470,foothill,Car,8.721141,0.0,0.0,0.0,0.0,0.6924216151237488,8.72114086151123,inf,0.0,90.0,0,0,0.7753191367828066,True,35.294,-120.667816,0.0,0.0,0.0,0.0
690fd7da87825a48788a8a43,2025-10-12 20:10:21.470,foothill,Car,8.721141,0.0,0.0,90.0,90.0,0.6924216151237488,-8.72114086151123,0.0793957635760307,0.0,90.0,0,0,0.7753191367828066,True,35.294,-120.66781,0.0,0.0,0.0,0.0
690fd7da87825a48788a8a43,2025-10-12 20:10:21.470,foothill,Car,8.721141,0.0,0.0,0.0,-90.0,0.0,0.0,inf,0.0,0.0,0,0,0.7753191367828066,True,35.294,-120.6678,0.0,0.0,0.0,0.0
690fd7da87825a48788a8a43,2025-10-12 20:10:21.470,foothill,Car,8.721141,0.0,0.0,0.0,0.0,0.0,0.0,inf,0.0,0.0,0,0,0.7753191367828066,True,35.294,-120.6678,0.0,0.0,0.0,0.0
690fd7da87825a48788a8a43,2025-10-12 20:10:21.470,foothill,Car,8.721141,0.0,0.0,90.0,90.0,0.6924216151237488,-8.72114086151123,0.0793957635760307,0.0,90.0,0,0,0.7753191367828066,True,35.294,-120.66779,0.0,0.0,0.0,0.0
690fd7da87825a48788a8a43,2025-10-12 20:10:21.470,foothill,Car,8.721141,0.0,0.0,0.0,-90.0,0.6924216151237488,-8.72114086151123,0.0793957635760307,0.0,90.0,0,0,0.7753191367828066,True,35.294003,-120.667786,0.0,0.0,0.0,0.0
690fd7da87825a48788a8a43,2025-10-12 20:10:21.470,foothill,Car,8.721141,0.0,0.0,90.0,90.0,0.6924216151237488,0.0,inf,0.0,0.0,0,0,0.7753191367828066,True,35.294003,-120.66778,0.0,0.0,0.0,0.0
690fd7da87825a48788a8a43,2025-10-12 20:10:21.470,foothill,Car,8.721141,0.0,0.0,90.0,0.0,0.0,0.0,inf,0.0,0.0,0,0,0.7753191367828066,True,35.294003,-120.66777,0.0,0.0,0.0,0.0
690fd7da87825a48788a8a43,2025-10-12 20:10:21.470,foothill,Car,8.721141,0.0,0.0,0.0,-90.0,0.0,0.0,inf,0.0,90.0,0,0,0.7753191367828066,True,35.294003,-120.66777,0.0,0.0,0.0,0.0
690fd7da87825a48788a8a43,2025-10-12 20:10:21.470,foothill,Car,8.721141,0.0,0.0,0.0,0.0,0.6924216151237488,8.72114086151123,inf,0.0,90.0,0,0,0.7753191367828066,True,35.294003,-120.66776,0.0,0.0,0.0,0.0
690fd7da87825a48788a8a43,2025-10-12 20:10:21.470,foothill,Car,8.721141,0.0,0.0,90.0,90.0,0.6924216151237488,8.72114086151123,inf,0.0,90.0,0,0,0.7753191367828066,True,35.294003,-120.667755,0.0,0.0,0.0,0.0
690fd7da87825a48788a8a43,2025-10-12 20:10:21.470,foothill,Car,8.721141,0.0,0.0,0.0,-90.0,0.6924216151237488,8.72114086151123,inf,0.0,90.0,0,0,0.7753191367828066,True,35.294003,-120.66775,0.0,0.0,0.0,0.0
690fd7da87825a48788a8a43,2025-10-12 20:10:21.470,foothill,Car,8.721141,0.0,0.0,90.0,90.0,0.0,0.0,inf,0.0,0.0,0,0,0.7753191367828066,True,35.294003,-120.66774,0.0,0.0,0.0,0.0
690fd7da87825a48788a8a43,2025-10-12 20:10:21.470,foothill,Car,8.721141,0.0,0.0,0.0,-90.0,0.0,0.0,inf,0.0,90.0,0,0,0.7753191367828066,True,35.294003,-120.66774,0.0,0.0,0.0,0.0
690fd7da87825a48788a8a43,2025-10-12 20:10:21.470,foothill,Car,8.721141,0.0,0.0,0.0,0.0,0.6924216151237488,-8.72114086151123,0.0793957635760307,0.0,90.0,0,0,0.7753191367828066,True,35.294003,-120.66773,0.0,0.0,0.0,0.0
690fd7da87825a48788a8a43,2025-10-12 20:10:21.470,foothill,Car,8.721141,0.0,0.0,90.0,90.0,0.6924216151237488,-8.72114086151123,0.0793957635760307,0.0,90.0,0,0,0.7753191367828066,True,35.294003,-120.667725,0.0,0.0,0.0,0.0
690fd7da87825a48788a8a43,2025-10-12 20:10:21.470,foothill,Car,8.721141,0.0,0.0,0.0,-90.0,0.0,0.0,inf,0.0,0.0,0,0,0.7753191367828066,True,35.294003,-120.66772,0.0,0.0,0.0,0.0
690fd7da87825a48788a8a43,2025-10-12 20:10:21.470,foothill,Car,8.721141,0.0,0.0,0.0,0.0,0.0,0.0,inf,0.0,0.0,0,0,0.7753191367828066,True,35.294003,-120.66772,0.0,0.0,0.0,0.0
690fd7da87825a48788a8a43,2025-10-12 20:10:21.470,foothill,Car,8.721141,0.0,0.0,90.0,90.0,0.6924216151237488,-8.72114086151123,0.0793957635760307,0.0,90.0,0,0,0.7753191367828066,True,35.294003,-120.66771,0.0,0.0,0.0,0.0
690fd7da87825a48788a8a43,2025-10-12 20:10:21.470,foothill,Car,8.721141,0.0,0.0,65.3237,-24.6763,0.692421555519104,5.080141067504883,inf,0.0,65.32369995117188,0,0,0.7753191367828066,True,35.294006,-120.6677,0.0,0.0,0.0,0.0
690fd7da87825a48788a8a43,2025-10-12 20:10:21.470,foothill,Car,8.721141,0.0,0.0,0.0,-65.3237,0.0,0.0,inf,0.0,0.0,0,0,0.7753191367828066,True,35.294006,-120.667694,0.0,0.0,0.0,0.0
690fd7da87825a48788a8a43,2025-10-12 20:10:21.470,foothill,Car,8.721141,0.0,0.0,0.0,0.0,0.0,0.0,inf,0.0,0.0,0,0,0.7753191367828066,True,35.294006,-120.667694,0.0,0.0,0.0,0.0
690fd7da87825a48788a8a43,2025-10-12 20:10:21.470,foothill,Car,8.721141,0.0,0.0,90.0,90.0,0.692421555519104,-8.72114086151123,0.0793957561254501,0.0,90.0,0,0,0.7753191367828066,True,35.294006,-120.66769,0.0,0.0,0.0,0.0
690fd7da87825a48788a8a43,2025-10-12 20:10:21.470,foothill,Car,8.721141,0.0,0.0,0.0,-90.0,0.692421555519104,-8.72114086151123,0.0793957561254501,0.0,90.0,0,0,0.7753191367828066,True,35.294006,-120.66768,0.0,0.0,0.0,0.0
690fd7da87825a48788a8a43,2025-10-12 20:10:21.470,foothill,Car,8.721141,0.0,0.0,90.0,90.0,0.692421555519104,-8.72114086151123,0.0793957561254501,0.0,90.0,0,0,0.7753191367828066,True,35.294006,-120.66767,0.0,0.0,0.0,0.0
690fd7da87825a48788a8a43,2025-10-12 20:10:21.470,foothill,Car,8.721141,0.0,0.0,0.0,-90.0,0.692421555519104,8.72114086151123,inf,0.0,90.0,0,0,0.7753191367828066,True,35.294006,-120.66766,0.0,0.0,0.0,0.0
690fd7da87825a48788a8a43,2025-10-12 20:10:21.470,foothill,Car,8.721141,0.0,0.0,90.0,90.0,0.692421555519104,-8.72114086151123,0.0793957561254501,0.0,90.0,0,0,0.7753191367828066,True,35.294006,-120.667656,0.0,0.0,0.0,0.0
690fd7da87825a48788a8a44,2025-10-12 20:10:21.936,foothill,Car,4.92876,0.0,0.0,0.0,0.0,0.4241749942302704,0.0,inf,0.0,0.0,1,0,0.7337502430969725,True,35.293964,-120.668076,0.1,0.0,0.0,0.0
690fd7da87825a48788a8a44,2025-10-12 20:10:21.936,foothill,Car,4.92876,0.0,0.0,0.0,0.0,0.0,0.0,inf,0.0,0.0,0,0,0.7337502430969725,True,35.29397,-120.668076,0.0,0.0,0.0,0.0
690fd7da87825a48788a8a44,2025-10-12 20:10:21.936,foothill,Car,4.92876,0.0,0.0,0.0,0.0,0.0,0.0,inf,0.0,0.0,0,0,0.7337502430969725,True,35.29397,-120.668076,0.0,0.0,0.0,0.0
690fd7da87825a48788a8a44,2025-10-12 20:10:21.936,foothill,Car,4.92876,0.0,0.0,0.0,0.0,0.0,0.0,inf,0.0,0.0,0,0,0.7337502430969725,True,35.29397,-120.668076,0.0,0.0,0.0,0.0
690fd7da87825a48788a8a44,2025-10-12 20:10:21.936,foothill,Car,4.92876,0.0,0.0,90.0,90.0,0.0,0.0,inf,0.0,0.0,0,0,0.7337502430969725,True,35.29397,-120.66807,0.0,0.0,0.0,0.0
690fd7da87825a48788a8a44,2025-10-12 20:10:21.936,foothill,Car,4.92876,0.0,0.0,0.0,-90.0,0.0,0.0,inf,0.0,90.0,0,0,0.7337502430969725,True,35.29397,-120.66807,0.0,0.0,0.0,0.0
690fd7da87825a48788a8a44,2025-10-12 20:10:21.936,foothill,Car,4.92876,0.0,0.0,0.0,0.0,0.0,0.0,inf,0.0,0.0,0,0,0.7337502430969725,True,35.29397,-120.66806,0.0,0.0,0.0,0.0
690fd7da87825a48788a8a44,2025-10-12 20:10:21.936,foothill,Car,4.92876,0.0,0.0,0.0,0.0,0.0,0.0,inf,0.0,0.0,0,0,0.7337502430969725,True,35.29397,-120.66806,0.0,0.0,0.0,0.0
690fd7da87825a48788a8a44,2025-10-12 20:10:21.936,foothill,Car,4.92876,0.0,0.0,114.67627,114.67627,0.0,0.0,inf,0.0,0.0,0,0,0.7337502430969725,True,35.293964,-120.66805,0.0,0.0,0.0,0.0
690fd7da87825a48788a8a44,2025-10-12 20:10:21.936,foothill,Car,4.92876,0.0,0.0,0.0,-114.67627,0.0,0.0,inf,0.0,114.67626953125,0,0,0.7337502430969725,True,35.293964,-120.66805,0.0,0.0,0.0,0.0
690fd7da87825a48788a8a44,2025-10-12 20:10:21.936,foothill,Car,4.92876,0.0,0.0,0.0,0.0,0.0,0.0,inf,0.0,114.67626953125,0,0,0.7337502430969725,True,35.293964,-120.66805,0.0,0.0,0.0,0.0
690fd7da87825a48788a8a44,2025-10-12 20:10:21.936,foothill,Car,4.92876,0.0,0.0,180.0,-180.0,0.0,0.0,inf,0.0,0.0,0,0,0.7337502430969725,True,35.29396,-120.668045,0.0,0.0,0.0,0.0
690fd7da87825a48788a8a44,2025-10-12 20:10:21.936,foothill,Car,4.92876,0.0,0.0,0.0,-180.0,0.0,0.0,inf,0.0,180.0,0,0,0.7337502430969725,True,35.29396,-120.668045,0.0,0.0,0.0,0.0
690fd7da87825a48788a8a44,2025-10-12 20:10:21.936,foothill,Car,4.92876,0.0,0.0,114.67627,114.67627,0.0,0.0,inf,0.0,0.0,0,0,0.7337502430969725,True,35.293957,-120.66804,0.0,0.0,0.0,0.0
690fd7da87825a48788a8a44,2025-10-12 20:10:21.936,foothill,Car,4.92876,0.0,0.0,0.0,-114.67627,0.0,0.0,inf,0.0,114.67626953125,0,0,0.7337502430969725,True,35.293957,-120.66804,0.0,0.0,0.0,0.0
690fd7da87825a48788a8a44,2025-10-12 20:10:21.936,foothill,Car,4.92876,0.0,0.0,90.0,90.0,0.4241749942302704,4.928760051727295,inf,0.0,90.0,0,0,0.7337502430969725,True,35.293957,-120.66803,0.0,0.0,0.0,0.0
690fd7da87825a48788a8a44,2025-10-12 20:10:21.936,foothill,Car,4.92876,0.0,0.0,180.0,90.0,0.0,0.0,inf,0.0,0.0,0,0,0.7337502430969725,True,35.293953,-120.66803,0.0,0.0,0.0,0.0
690fd7da87825a48788a8a44,2025-10-12 20:10:21.936,foothill,Car,4.92876,0.0,0.0,0.0,-180.0,0.0,0.0,inf,0.0,180.0,0,0,0.7337502430969725,True,35.293953,-120.66803,0.0,0.0,0.0,0.0
690fd7da87825a48788a8a44,2025-10-12 20:10:21.936,foothill,Car,4.92876,0.0,0.0,0.0,0.0,0.0,0.0,inf,0.0,180.0,0,0,0.7337502430969725,True,35.293953,-120.66803,0.0,0.0,0.0,0.0
690fd7da87825a48788a8a44,2025-10-12 20:10:21.936,foothill,Car,4.92876,0.0,0.0,180.0,-180.0,0.0,0.0,inf,0.0,0.0,0,0,0.7337502430969725,True,35.29395,-120.66802,0.0,0.0,0.0,0.0
690fd7da87825a48788a8a44,2025-10-12 20:10:21.936,foothill,Car,4.92876,0.0,0.0,0.0,-180.0,0.0,0.0,inf,0.0,180.0,0,0,0.7337502430969725,True,35.29395,-120.66802,0.0,0.0,0.0,0.0
690fd7da87825a48788a8a44,2025-10-12 20:10:21.936,foothill,Car,4.92876,0.0,0.0,180.0,-180.0,0.4241749942302704,0.0,inf,0.0,0.0,0,0,0.7337502430969725,True,35.293945,-120.66802,0.0,0.0,0.0,0.0
690fd7da87825a48788a8a44,2025-10-12 20:10:21.936,foothill,Car,4.92876,0.0,0.0,90.0,-90.0,0.4241749942302704,4.928760051727295,inf,0.0,90.0,0,0,0.7337502430969725,True,35.293945,-120.668015,0.0,0.0,0.0,0.0
690fd7da87825a48788a8a44,2025-10-12 20:10:21.936,foothill,Car,4.92876,0.0,0.0,180.0,90.0,0.0,0.0,inf,0.0,0.0,0,0,0.7337502430969725,True,35.29394,-120.668015,0.0,0.0,0.0,0.0
690fd7da87825a48788a8a44,2025-10-12 20:10:21.936,foothill,Car,4.92876,0.0,0.0,0.0,-180.0,0.0,0.0,inf,0.0,180.0,0,0,0.7337502430969725,True,35.29394,-120.668015,0.0,0.0,0.0,0.0
690fd7da87825a48788a8a44,2025-10-12 20:10:21.936,foothill,Car,4.92876,0.0,0.0,0.0,0.0,0.0,0.0,inf,0.0,180.0,0,0,0.7337502430969725,True,35.29394,-120.668015,0.0,0.0,0.0,0.0
690fd7da87825a48788a8a44,2025-10-12 20:10:21.936,foothill,Car,4.92876,0.0,0.0,180.0,-180.0,0.4241749942302704,0.0,inf,0.0,0.0,0,0,0.7337502430969725,True,35.293938,-120.66801,0.0,0.0,0.0,0.0
690fd7da87825a48788a8a44,2025-10-12 20:10:21.936,foothill,Car,4.92876,0.0,0.0,180.0,0.0,0.4241749942302704,0.0,inf,0.0,0.0,0,0,0.7337502430969725,True,35.293934,-120.66801,0.0,0.0,0.0,0.0
690fd7da87825a48788a8a44,2025-10-12 20:10:21.936,foothill,Car,4.92876,0.0,0.0,180.0,0.0,0.4241749942302704,0.0,inf,0.0,0.0,0,0,0.7337502430969725,True,35.29393,-120.66801,0.0,0.0,0.0,0.0
690fd7da87825a48788a8a44,2025-10-12 20:10:21.936,foothill,Car,4.92876,0.0,0.0,90.0,-90.0,0.4241749942302704,4.928760051727295,inf,0.0,90.0,0,0,0.7337502430969725,True,35.29393,-120.668,0.0,0.0,0.0,0.0
690fd7da87825a48788a8a44,2025-10-12 20:10:21.936,foothill,Car,4.92876,0.0,0.0,180.0,90.0,0.0,0.0,inf,0.0,0.0,0,0,0.7337502430969725,True,35.293926,-120.668,0.0,0.0,0.0,0.0
690fd7da87825a48788a8a44,2025-10-12 20:10:21.936,foothill,Car,4.92876,0.0,0.0,0.0,-180.0,0.0,0.0,inf,0.0,180.0,0,0,0.7337502430969725,True,35.293926,-120.668,0.0,0.0,0.0,0.0
690fd7da87825a48788a8a44,2025-10-12 20:10:21.936,foothill,Car,4.92876,0.0,0.0,180.0,-180.0,0.4241749942302704,0.0,inf,0.0,0.0,0,0,0.7337502430969725,True,35.293922,-120.668,0.0,0.0,0.0,0.0
690fd7da87825a48788a8a44,2025-10-12 20:10:21.936,foothill,Car,4.92876,0.0,0.0,180.0,0.0,0.4241749942302704,0.0,inf,0.0,0.0,0,0,0.7337502430969725,True,35.29392,-120.66799,0.0,0.0,0.0,0.0
690fd7da87825a48788a8a44,2025-10-12 20:10:21.936,foothill,Car,4.92876,0.0,0.0,180.0,0.0,0.0,0.0,inf,0.0,0.0,0,0,0.7337502430969725,True,35.293915,-120.66799,0.0,0.0,0.0,0.0
690fd7da87825a48788a8a44,2025-10-12 20:10:21.936,foothill,Car,4.92876,0.0,0.0,0.0,-180.0,0.0,0.0,inf,0.0,180.0,0,0,0.7337502430969725,True,35.293915,-120.66799,0.0,0.0,0.0,0.0
690fd7da87825a48788a8a44,2025-10-12 20:10:21.936,foothill,Car,4.92876,0.0,0.0,180.0,-180.0,0.4241749942302704,0.0,inf,0.0,0.0,0,0,0.7337502430969725,True,35.29391,-120.66799,0.0,0.0,0.0,0.0
690fd7da87825a48788a8a44,2025-10-12 20:10:21.936,foothill,Car,4.92876,0.0,0.0,107.029724,-72.970276,0.4241749942302704,4.712648391723633,inf,0.0,72.97027587890625,0,0,0.7337502430969725,True,35.293907,-120.667984,0.0,0.0,0.0,0.0
690fd7da87825a48788a8a44,2025-10-12 20:10:21.936,foothill,Car,4.92876,0.0,0.0,180.0,72.970276,0.4241749942302704,4.712648391723633,inf,0.0,72.97027587890625,0,0,0.7337502430969725,True,35.293903,-120.667984,0.0,0.0,0.0,0.0
690fd7da87825a48788a8a44,2025-10-12 20:10:21.936,foothill,Car,4.92876,0.0,0.0,180.0,0.0,0.0,0.0,inf,0.0,0.0,0,0,0.7337502430969725,True,35.2939,-120.667984,0.0,0.0,0.0,0.0
690fd7da87825a48788a8a44,2025-10-12 20:10:21.936,foothill,Car,4.92876,0.0,0.0,0.0,-180.0,0.0,0.0,inf,0.0,180.0,0,0,0.7337502430969725,True,35.2939,-120.667984,0.0,0.0,0.0,0.0
690fd7da87825a48788a8a44,2025-10-12 20:10:21.936,foothill,Car,4.92876,0.0,0.0,180.0,-180.0,0.0,0.0,inf,0.0,0.0,0,0,0.7337502430969725,True,35.29389,-120.66798,0.0,0.0,0.0,0.0
690fd7da87825a48788a8a44,2025-10-12 20:10:21.936,foothill,Car,4.92876,0.0,0.0,0.0,-180.0,0.0,0.0,inf,0.0,180.0,0,0,0.7337502430969725,True,35.29389,-120.66798,0.0,0.0,0.0,0.0
690fd7da87825a48788a8a44,2025-10-12 20:10:21.936,foothill,Car,4.92876,0.0,0.0,180.0,-180.0,0.4241749942302704,0.0,inf,0.0,0.0,0,0,0.7337502430969725,True,35.293888,-120.66798,0.0,0.0,0.0,0.0
690fd7da87825a48788a8a44,2025-10-12 20:10:21.936,foothill,Car,4.92876,0.0,0.0,180.0,0.0,0.4241749942302704,0.0,inf,0.0,0.0,0,0,0.7337502430969725,True,35.293884,-120.66798,0.0,0.0,0.0,0.0
690fd7da87825a48788a8a44,2025-10-12 20:10:21.936,foothill,Car,4.92876,0.0,0.0,180.0,0.0,0.0,0.0,inf,0.0,0.0,0,0,0.7337502430969725,True,35.29388,-120.66798,0.0,0.0,0.0,0.0
690fd7da87825a48788a8a44,2025-10-12 20:10:21.936,foothill,Car,4.92876,0.0,0.0,0.0,-180.0,0.0,0.0,inf,0.0,180.0,0,0,0.7337502430969725,True,35.29388,-120.66798,0.0,0.0,0.0,0.0
690fd7da87825a48788a8a44,2025-10-12 20:10:21.936,foothill,Car,4.92876,0.0,0.0,180.0,-180.0,0.4241749942302704,0.0,inf,0.0,0.0,0,0,0.7337502430969725,True,35.293877,-120.66798,0.0,0.0,0.0,0.0
690fd7da87825a48788a8a44,2025-10-12 20:10:21.936,foothill,Car,4.92876,0.0,0.0,107.02969,-72.97031,0.4241749942302704,4.712649345397949,inf,0.0,72.97030639648438,0,0,0.7337502430969725,True,35.293873,-120.66797,0.0,0.0,0.0,0.0
690fd7da87825a48788a8a44,2025-10-12 20:10:21.936,foothill,Car,4.92876,0.0,0.0,180.0,72.97031,0.4241749942302704,0.0,inf,0.0,0.0,0,0,0.7337502430969725,True,35.29387,-120.66797,0.0,0.0,0.0,0.0
690fd7da87825a48788a8a44,2025-10-12 20:10:21.936,foothill,Car,4.92876,0.0,0.0,180.0,0.0,0.4241749942302704,0.0,inf,0.0,0.0,0,0,0.7337502430969725,True,35.293865,-120.66797,0.0,0.0,0.0,0.0
690fd7da87825a48788a8a44,2025-10-12 20:10:21.936,foothill,Car,4.92876,0.0,0.0,180.0,0.0,0.4241749942302704,0.0,inf,0.0,0.0,0,0,0.7337502430969725,True,35.29386,-120.66797,0.0,0.0,0.0,0.0
690fd7da87825a48788a8a44,2025-10-12 20:10:21.936,foothill,Car,4.92876,0.0,0.0,180.0,0.0,0.0,0.0,inf,0.0,0.0,0,0,0.7337502430969725,True,35.293858,-120.66797,0.0,0.0,0.0,0.0
690fd7da87825a48788a8a44,2025-10-12 20:10:21.936,foothill,Car,4.92876,0.0,0.0,0.0,-180.0,0.0,0.0,inf,0.0,180.0,0,0,0.7337502430969725,True,35.293858,-120.66797,0.0,0.0,0.0,0.0
690fd7da87825a48788a8a44,2025-10-12 20:10:21.936,foothill,Car,4.92876,0.0,0.0,0.0,0.0,0.4241749942302704,6.035990134056442e-16,inf,0.0,180.0,0,0,0.7337502430969725,True,35.293854,-120.66797,0.0,0.0,0.0,0.0
690fd7da87825a48788a8a44,2025-10-12 20:10:21.936,foothill,Car,4.92876,0.0,0.0,180.0,-180.0,0.4241749942302704,-6.035990134056442e-16,702743018733568.0,0.0,180.0,0,0,0.7337502430969725,True,35.29385,-120.66797,0.0,0.0,0.0,0.0
690fd7da87825a48788a8a44,2025-10-12 20:10:21.936,foothill,Car,4.92876,0.0,0.0,180.0,0.0,0.4241749942302704,0.0,inf,0.0,0.0,0,0,0.7337502430969725,True,35.293846,-120.66797,0.0,0.0,0.0,0.0
690fd7da87825a48788a8a44,2025-10-12 20:10:21.936,foothill,Car,4.92876,0.0,0.0,180.0,0.0,0.0,0.0,inf,0.0,0.0,0,0,0.7337502430969725,True,35.293842,-120.66797,0.0,0.0,0.0,0.0
690fd7da87825a48788a8a44,2025-10-12 20:10:21.936,foothill,Car,4.92876,0.0,0.0,0.0,-180.0,0.0,0.0,inf,0.0,180.0,0,0,0.7337502430969725,True,35.293842,-120.66797,0.0,0.0,0.0,0.0
690fd7da87825a48788a8a44,2025-10-12 20:10:21.936,foothill,Car,4.92876,0.0,0.0,98.70712,98.70712,0.4241749942302704,4.8719563484191895,inf,0.0,81.29287719726562,0,0,0.7337502430969725,True,35.29384,-120.66796,0.0,0.0,0.0,0.0
690fd7da87825a48788a8a44,2025-10-12 20:10:21.936,foothill,Car,4.92876,0.0,0.0,180.0,81.29288,0.4241749942302704,0.0,inf,0.0,0.0,0,0,0.7337502430969725,True,35.293835,-120.66796,0.0,0.0,0.0,0.0
690fd7da87825a48788a8a44,2025-10-12 20:10:21.936,foothill,Car,4.92876,0.0,0.0,180.0,0.0,0.4241749942302704,0.0,inf,0.0,0.0,0,0,0.7337502430969725,True,35.29383,-120.66796,0.0,0.0,0.0,0.0
690fd7da87825a48788a8a44,2025-10-12 20:10:21.936,foothill,Car,4.92876,0.0,0.0,180.0,0.0,0.4241749942302704,0.0,inf,0.0,0.0,0,0,0.7337502430969725,True,35.293827,-120.66796,0.0,0.0,0.0,0.0
690fd7da87825a48788a8a44,2025-10-12 20:10:21.936,foothill,Car,4.92876,0.0,0.0,180.0,0.0,0.4241749942302704,0.0,inf,0.0,0.0,0,0,0.7337502430969725,True,35.293823,-120.66796,0.0,0.0,0.0,0.0
690fd7da87825a48788a8a44,2025-10-12 20:10:21.936,foothill,Car,4.92876,0.0,0.0,180.0,0.0,0.4241749942302704,0.0,inf,0.0,0.0,0,0,0.7337502430969725,True,35.29382,-120.66796,0.0,0.0,0.0,0.0
690fd7da87825a48788a8a44,2025-10-12 20:10:21.936,foothill,Car,4.92876,0.0,0.0,180.0,0.0,0.4241749942302704,0.0,inf,0.0,0.0,0,0,0.7337502430969725,True,35.293816,-120.66796,0.0,0.0,0.0,0.0
690fd7da87825a48788a8a44,2025-10-12 20:10:21.936,foothill,Car,4.92876,0.0,0.0,180.0,0.0,0.4241749942302704,0.0,inf,0.0,0.0,0,0,0.7337502430969725,True,35.29381,-120.66796,0.0,0.0,0.0,0.0
690fd7da87825a48788a8a44,2025-10-12 20:10:21.936,foothill,Car,4.92876,0.0,0.0,180.0,0.0,0.4241749942302704,0.0,inf,0.0,0.0,0,0,0.7337502430969725,True,35.293808,-120.66796,0.0,0.0,0.0,0.0
690fd7da87825a48788a8a45,2025-10-12 20:10:23.002,foothill,Car,3.265628,0.0,0.0,0.0,0.0,0.4241749942302704,0.0,inf,0.0,0.0,1,0,0.7660521651979375,True,35.29409,-120.66771,0.1,0.0,0.0,0.0
690fd7da87825a48788a8a45,2025-10-12 20:10:23.002,foothill,Car,3.265628,0.0,0.0,0.0,0.0,0.4241749942302704,0.0,inf,0.0,0.0,0,0,0.7660521651979375,True,35.294094,-120.66771,0.0,0.0,0.0,0.0
690fd7da87825a48788a8a45,2025-10-12 20:10:23.002,foothill,Car,3.265628,0.0,0.0,270.0,-90.0,0.0,0.0,inf,0.0,0.0,0,0,0.7660521651979375,True,35.294094,-120.66772,0.0,0.0,0.0,0.0
690fd7da87825a48788a8a45,2025-10-12 20:10:23.002,foothill,Car,3.265628,0.0,0.0,0.0,90.0,0.0,0.0,inf,0.0,90.0,0,0,0.7660521651979375,True,35.294094,-120.66772,0.0,0.0,0.0,0.0
690fd7da87825a48788a8a45,2025-10-12 20:10:23.002,foothill,Car,3.265628,0.0,0.0,0.0,0.0,0.0,0.0,inf,0.0,90.0,0,0,0.7660521651979375,True,35.294094,-120.66772,0.0,0.0,0.0,0.0
690fd7da87825a48788a8a45,2025-10-12 20:10:23.002,foothill,Car,3.265628,0.0,0.0,0.0,0.0,0.0,0.0,inf,0.0,90.0,0,0,0.7660521651979375,True,35.294094,-120.66772,0.0,0.0,0.0,0.0
690fd7da87825a48788a8a45,2025-10-12 20:10:23.002,foothill,Car,3.265628,0.0,0.0,0.0,0.0,0.0,0.0,inf,0.0,90.0,0,0,0.7660521651979375,True,35.294094,-120.66772,0.0,0.0,0.0,0.0
690fd7da87825a48788a8a45,2025-10-12 20:10:23.002,foothill,Car,3.265628,0.0,0.0,0.0,0.0,0.0,0.0,inf,0.0,90.0,0,0,0.7660521651979375,True,35.294094,-120.66772,0.0,0.0,0.0,0.0
690fd7da87825a48788a8a45,2025-10-12 20:10:23.002,foothill,Car,3.265628,0.0,0.0,0.0,0.0,0.0,0.0,inf,0.0,0.0,0,0,0.7660521651979375,True,35.294094,-120.667725,0.0,0.0,0.0,0.0
690fd7da87825a48788a8a45,2025-10-12 20:10:23.002,foothill,Car,3.265628,0.0,0.0,0.0,0.0,0.0,0.0,inf,0.0,0.0,0,0,0.7660521651979375,True,35.294094,-120.667725,0.0,0.0,0.0,0.0
690fd7da87825a48788a8a45,2025-10-12 20:10:23.002,foothill,Car,3.265628,0.0,0.0,270.0,-90.0,0.0,0.0,inf,0.0,0.0,0,0,0.7660521651979375,True,35.294094,-120.66773,0.0,0.0,0.0,0.0
690fd7da87825a48788a8a45,2025-10-12 20:10:23.002,foothill,Car,3.265628,0.0,0.0,0.0,90.0,0.0,0.0,inf,0.0,90.0,0,0,0.7660521651979375,True,35.294094,-120.66773,0.0,0.0,0.0,0.0
690fd7da87825a48788a8a45,2025-10-12 20:10:23.002,foothill,Car,3.265628,0.0,0.0,0.0,0.0,0.0,0.0,inf,0.0,0.0,0,0,0.7660521651979375,True,35.294094,-120.66774,0.0,0.0,0.0,0.0
690fd7da87825a48788a8a45,2025-10-12 20:10:23.002,foothill,Car,3.265628,0.0,0.0,0.0,0.0,0.0,0.0,inf,0.0,0.0,0,0,0.7660521651979375,True,35.294094,-120.66774,0.0,0.0,0.0,0.0
690fd7da87825a48788a8a45,2025-10-12 20:10:23.002,foothill,Car,3.265628,0.0,0.0,270.0,-90.0,0.0,0.0,inf,0.0,0.0,0,0,0.7660521651979375,True,35.294094,-120.66775,0.0,0.0,0.0,0.0
690fd7da87825a48788a8a45,2025-10-12 20:10:23.002,foothill,Car,3.265628,0.0,0.0,0.0,90.0,0.0,0.0,inf,0.0,90.0,0,0,0.7660521651979375,True,35.294094,-120.66775,0.0,0.0,0.0,0.0
690fd7da87825a48788a8a45,2025-10-12 20:10:23.002,foothill,Car,3.265628,0.0,0.0,0.0,0.0,0.0,0.0,inf,0.0,90.0,0,0,0.7660521651979375,True,35.294094,-120.66775,0.0,0.0,0.0,0.0
690fd7da87825a48788a8a45,2025-10-12 20:10:23.002,foothill,Car,3.265628,0.0,0.0,0.0,0.0,0.0,0.0,inf,0.0,0.0,0,0,0.7660521651979375,True,35.294094,-120.667755,0.0,0.0,0.0,0.0
690fd7da87825a48788a8a45,2025-10-12 20:10:23.002,foothill,Car,3.265628,0.0,0.0,0.0,0.0,0.0,0.0,inf,0.0,0.0,0,0,0.7660521651979375,True,35.294094,-120.667755,0.0,0.0,0.0,0.0
690fd7da87825a48788a8a45,2025-10-12 20:10:23.002,foothill,Car,3.265628,0.0,0.0,0.0,0.0,0.0,0.0,inf,0.0,0.0,0,0,0.7660521651979375,True,35.294094,-120.667755,0.0,0.0,0.0,0.0
690fd7da87825a48788a8a45,2025-10-12 20:10:23.002,foothill,Car,3.265628,0.0,0.0,0.0,0.0,0.0,0.0,inf,0.0,0.0,0,0,0.7660521651979375,True,35.294094,-120.667755,0.0,0.0,0.0,0.0
690fd7da87825a48788a8a45,2025-10-12 20:10:23.002,foothill,Car,3.265628,0.0,0.0,270.0,-90.0,0.4241749942302704,-3.2656280994415283,0.1298907846212387,0.0,90.0,0,0,0.7660521651979375,True,35.294094,-120.66776,0.0,0.0,0.0,0.0
690fd7da87825a48788a8a45,2025-10-12 20:10:23.002,foothill,Car,3.265628,0.0,0.0,180.0,-90.0,0.4241749942302704,-3.2656280994415283,0.1298907846212387,0.0,90.0,0,0,0.7660521651979375,True,35.29409,-120.66776,0.0,0.0,0.0,0.0
690fd7da87825a48788a8a45,2025-10-12 20:10:23.002,foothill,Car,3.265628,0.0,0.0,0.0,-180.0,0.0,0.0,inf,0.0,0.0,0,0,0.7660521651979375,True,35.294094,-120.66777,0.0,0.0,0.0,0.0
690fd7da87825a48788a8a45,2025-10-12 20:10:23.002,foothill,Car,3.265628,0.0,0.0,0.0,0.0,0.0,0.0,inf,0.0,0.0,0,0,0.7660521651979375,True,35.294094,-120.66777,0.0,0.0,0.0,0.0
690fd7da87825a48788a8a45,2025-10-12 20:10:23.002,foothill,Car,3.265628,0.0,0.0,270.0,-90.0,0.0,0.0,inf,0.0,0.0,0,0,0.7660521651979375,True,35.294094,-120.66778,0.0,0.0,0.0,0.0
690fd7da87825a48788a8a45,2025-10-12 20:10:23.002,foothill,Car,3.265628,0.0,0.0,0.0,90.0,0.0,0.0,inf,0.0,90.0,0,0,0.7660521651979375,True,35.294094,-120.66778,0.0,0.0,0.0,0.0
690fd7da87825a48788a8a45,2025-10-12 20:10:23.002,foothill,Car,3.265628,0.0,0.0,180.0,-180.0,0.4241749942302704,-3.2656280994415283,0.1298907846212387,0.0,90.0,0,0,0.7660521651979375,True,35.29409,-120.66778,0.0,0.0,0.0,0.0
690fd7da87825a48788a8a45,2025-10-12 20:10:23.002,foothill,Car,3.265628,0.0,0.0,270.0,90.0,0.0,0.0,inf,0.0,0.0,0,0,0.7660521651979375,True,35.29409,-120.667786,0.0,0.0,0.0,0.0
690fd7da87825a48788a8a45,2025-10-12 20:10:23.002,foothill,Car,3.265628,0.0,0.0,0.0,90.0,0.0,0.0,inf,0.0,90.0,0,0,0.7660521651979375,True,35.29409,-120.667786,0.0,0.0,0.0,0.0
690fd7da87825a48788a8a45,2025-10-12 20:10:23.002,foothill,Car,3.265628,0.0,0.0,0.0,0.0,0.0,0.0,inf,0.0,0.0,0,0,0.7660521651979375,True,35.29409,-120.66779,0.0,0.0,0.0,0.0
690fd7da87825a48788a8a45,2025-10-12 20:10:23.002,foothill,Car,3.265628,0.0,0.0,0.0,0.0,0.0,0.0,inf,0.0,0.0,0,0,0.7660521651979375,True,35.29409,-120.66779,0.0,0.0,0.0,0.0
690fd7da87825a48788a8a45,2025-10-12 20:10:23.002,foothill,Car,3.265628,0.0,0.0,270.0,-90.0,0.0,0.0,inf,0.0,0.0,0,0,0.7660521651979375,True,35.29409,-120.6678,0.0,0.0,0.0,0.0
690fd7da87825a48788a8a45,2025-10-12 20:10:23.002,foothill,Car,3.265628,0.0,0.0,0.0,90.0,0.0,0.0,inf,0.0,90.0,0,0,0.7660521651979375,True,35.29409,-120.6678,0.0,0.0,0.0,0.0
690fd7da87825a48788a8a45,2025-10-12 20:10:23.002,foothill,Car,3.265628,0.0,0.0,0.0,0.0,0.0,0.0,inf,0.0,0.0,0,0,0.7660521651979375,True,35.29409,-120.66781,0.0,0.0,0.0,0.0
690fd7da87825a48788a8a45,2025-10-12 20:10:23.002,foothill,Car,3.265628,0.0,0.0,0.0,0.0,0.0,0.0,inf,0.0,0.0,0,0,0.7660521651979375,True,35.29409,-120.66781,0.0,0.0,0.0,0.0
690fd7da87825a48788a8a45,2025-10-12 20:10:23.002,foothill,Car,3.265628,0.0,0.0,270.0,-90.0,0.0,0.0,inf,0.0,0.0,0,0,0.7660521651979375,True,35.29409,-120.667816,0.0,0.0,0.0,0.0
690fd7da87825a48788a8a45,2025-10-12 20:10:23.002,foothill,Car,3.265628,0.0,0.0,0.0,90.0,0.0,0.0,inf,0.0,90.0,0,0,0.7660521651979375,True,35.29409,-120.667816,0.0,0.0,0.0,0.0
690fd7da87825a48788a8a45,2025-10-12 20:10:23.002,foothill,Car,3.265628,0.0,0.0,0.0,0.0,0.0,0.0,inf,0.0,90.0,0,0,0.7660521651979375,True,35.29409,-120.667816,0.0,0.0,0.0,0.0
690fd7da87825a48788a8a45,2025-10-12 20:10:23.002,foothill,Car,3.265628,0.0,0.0,0.0,0.0,0.0,0.0,inf,0.0,0.0,0,0,0.7660521651979375,True,35.29409,-120.66782,0.0,0.0,0.0,0.0
690fd7da87825a48788a8a45,2025-10-12 20:10:23.002,foothill,Car,3.265628,0.0,0.0,0.0,0.0,0.0,0.0,inf,0.0,0.0,0,0,0.7660521651979375,True,35.29409,-120.66782,0.0,0.0,0.0,0.0
690fd7da87825a48788a8a45,2025-10-12 20:10:23.002,foothill,Car,3.265628,0.0,0.0,270.0,-90.0,0.0,0.0,inf,0.0,0.0,0,0,0.7660521651979375,True,35.29409,-120.66783,0.0,0.0,0.0,0.0
690fd7da87825a48788a8a45,2025-10-12 20:10:23.002,foothill,Car,3.265628,0.0,0.0,0.0,90.0,0.0,0.0,inf,0.0,90.0,0,0,0.7660521651979375,True,35.29409,-120.66783,0.0,0.0,0.0,0.0
690fd7da87825a48788a8a45,2025-10-12 20:10:23.002,foothill,Car,3.265628,0.0,0.0,0.0,0.0,0.0,0.0,inf,0.0,0.0,0,0,0.7660521651979375,True,35.29409,-120.66784,0.0,0.0,0.0,0.0
690fd7da87825a48788a8a45,2025-10-12 20:10:23.002,foothill,Car,3.265628,0.0,0.0,0.0,0.0,0.0,0.0,inf,0.0,0.0,0,0,0.7660521651979375,True,35.29409,-120.66784,0.0,0.0,0.0,0.0
690fd7da87825a48788a8a45,2025-10-12 20:10:23.002,foothill,Car,3.265628,0.0,0.0,270.0,-90.0,0.0,0.0,inf,0.0,0.0,0,0,0.7660521651979375,True,35.29409,-120.66785,0.0,0.0,0.0,0.0
690fd7da87825a48788a8a45,2025-10-12 20:10:23.002,foothill,Car,3.265628,0.0,0.0,0.0,90.0,0.0,0.0,inf,0.0,90.0,0,0,0.7660521651979375,True,35.29409,-120.66785,0.0,0.0,0.0,0.0
690fd7da87825a48788a8a45,2025-10-12 20:10:23.002,foothill,Car,3.265628,0.0,0.0,270.0,-90.0,0.0,0.0,inf,0.0,0.0,0,0,0.7660521651979375,True,35.29409,-120.667854,0.0,0.0,0.0,0.0
690fd7da87825a48788a8a45,2025-10-12 20:10:23.002,foothill,Car,3.265628,0.0,0.0,0.0,90.0,0.0,0.0,inf,0.0,90.0,0,0,0.7660521651979375,True,35.29409,-120.667854,0.0,0.0,0.0,0.0
690fd7da87825a48788a8a45,2025-10-12 20:10:23.002,foothill,Car,3.265628,0.0,0.0,0.0,0.0,0.6924208402633667,-3.2656280994415283,0.2120329737663269,0.0,90.0,0,0,0.7660521651979375,True,35.29409,-120.66786,0.0,0.0,0.0,0.0
690fd7da87825a48788a8a45,2025-10-12 20:10:23.002,foothill,Car,3.265628,0.0,0.0,270.0,-90.0,0.0,0.0,inf,0.0,0.0,0,0,0.7660521651979375,True,35.29409,-120.66787,0.0,0.0,0.0,0.0
690fd7da87825a48788a8a45,2025-10-12 20:10:23.002,foothill,Car,3.265628,0.0,0.0,0.0,90.0,0.0,0.0,inf,0.0,90.0,0,0,0.7660521651979375,True,35.29409,-120.66787,0.0,0.0,0.0,0.0
690fd7da87825a48788a8a46,2025-10-12 20:10:23.739,foothill,Car,7.938423,0.0,0.0,0.0,0.0,0.4241749942302704,0.0,inf,0.0,0.0,1,0,0.6693985370690491,True,35.293995,-120.668106,0.1,0.0,0.0,0.0
690fd7da87825a48788a8a46,2025-10-12 20:10:23.739,foothill,Car,7.938423,0.0,0.0,0.0,0.0,0.4241749942302704,0.0,inf,0.0,0.0,0,0,0.6693985370690491,True,35.294,-120.668106,0.0,0.0,0.0,0.0
690fd7da87825a48788a8a46,2025-10-12 20:10:23.739,foothill,Car,7.938423,0.0,0.0,0.0,0.0,0.0,0.0,inf,0.0,0.0,0,0,0.6693985370690491,True,35.294006,-120.668106,0.0,0.0,0.0,0.0
690fd7da87825a48788a8a46,2025-10-12 20:10:23.739,foothill,Car,7.938423,0.0,0.0,0.0,0.0,0.0,0.0,inf,0.0,0.0,0,0,0.6693985370690491,True,35.294006,-120.668106,0.0,0.0,0.0,0.0
690fd7da87825a48788a8a46,2025-10-12 20:10:23.739,foothill,Car,7.938423,0.0,0.0,81.29285,81.29285,0.0,0.0,inf,0.0,0.0,0,0,0.6693985370690491,True,35.29401,-120.6681,0.0,0.0,0.0,0.0
690fd7da87825a48788a8a46,2025-10-12 20:10:23.739,foothill,Car,7.938423,0.0,0.0,0.0,-81.29285,0.0,0.0,inf,0.0,81.2928466796875,0,0,0.6693985370690491,True,35.29401,-120.6681,0.0,0.0,0.0,0.0
690fd7da87825a48788a8a46,2025-10-12 20:10:23.739,foothill,Car,7.938423,0.0,0.0,0.0,0.0,0.692421555519104,6.736670970916748,inf,0.0,81.2928466796875,0,0,0.6693985370690491,True,35.29401,-120.66809,0.0,0.0,0.0,0.0
690fd7da87825a48788a8a46,2025-10-12 20:10:23.739,foothill,Car,7.938423,0.0,0.0,98.70715,98.70715,0.0,0.0,inf,0.0,0.0,0,0,0.6693985370690491,True,35.294006,-120.66808,0.0,0.0,0.0,0.0
690fd7da87825a48788a8a46,2025-10-12 20:10:23.739,foothill,Car,7.938423,0.0,0.0,0.0,-98.70715,0.0,0.0,inf,0.0,98.7071533203125,0,0,0.6693985370690491,True,35.294006,-120.66808,0.0,0.0,0.0,0.0
690fd7da87825a48788a8a46,2025-10-12 20:10:23.739,foothill,Car,7.938423,0.0,0.0,0.0,0.0,0.692421555519104,9.140174865722656,inf,0.0,98.7071533203125,0,0,0.6693985370690491,True,35.294006,-120.668076,0.0,0.0,0.0,0.0
690fd7da87825a48788a8a46,2025-10-12 20:10:23.739,foothill,Car,7.938423,0.0,0.0,90.0,90.0,0.0,0.0,inf,0.0,0.0,0,0,0.6693985370690491,True,35.294006,-120.66807,0.0,0.0,0.0,0.0
690fd7da87825a48788a8a46,2025-10-12 20:10:23.739,foothill,Car,7.938423,0.0,0.0,0.0,-90.0,0.0,0.0,inf,0.0,90.0,0,0,0.6693985370690491,True,35.294006,-120.66807,0.0,0.0,0.0,0.0
690fd7da87825a48788a8a46,2025-10-12 20:10:23.739,foothill,Car,7.938423,0.0,0.0,0.0,0.0,0.692421555519104,-7.938423156738281,0.0872240662574768,0.0,90.0,0,0,0.6693985370690491,True,35.294006,-120.66806,0.0,0.0,0.0,0.0
690fd7da87825a48788a8a46,2025-10-12 20:10:23.739,foothill,Car,7.938423,0.0,0.0,90.0,90.0,0.692421555519104,-7.938423156738281,0.0872240662574768,0.0,90.0,0,0,0.6693985370690491,True,35.294006,-120.66805,0.0,0.0,0.0,0.0
690fd7da87825a48788a8a46,2025-10-12 20:10:23.739,foothill,Car,7.938423,0.0,0.0,0.0,-90.0,0.0,0.0,inf,0.0,0.0,0,0,0.6693985370690491,True,35.294006,-120.668045,0.0,0.0,0.0,0.0
690fd7da87825a48788a8a46,2025-10-12 20:10:23.739,foothill,Car,7.938423,0.0,0.0,0.0,0.0,0.0,0.0,inf,0.0,0.0,0,0,0.6693985370690491,True,35.294006,-120.668045,0.0,0.0,0.0,0.0
690fd7da87825a48788a8a46,2025-10-12 20:10:23.739,foothill,Car,7.938423,0.0,0.0,90.0,90.0,0.692421555519104,0.0,inf,0.0,0.0,0,0,0.6693985370690491,True,35.294006,-120.66804,0.0,0.0,0.0,0.0
690fd7da87825a48788a8a46,2025-10-12 20:10:23.739,foothill,Car,7.938423,0.0,0.0,90.0,0.0,0.692421555519104,0.0,inf,0.0,0.0,0,0,0.6693985370690491,True,35.294006,-120.66803,0.0,0.0,0.0,0.0
690fd7da87825a48788a8a46,2025-10-12 20:10:23.739,foothill,Car,7.938423,0.0,0.0,0.0,-90.0,0.692421555519104,7.938423156738281,inf,0.0,90.0,0,0,0.6693985370690491,True,35.294006,-120.66802,0.0,0.0,0.0,0.0
690fd7da87825a48788a8a46,2025-10-12 20:10:23.739,foothill,Car,7.938423,0.0,0.0,90.0,90.0,0.0,0.0,inf,0.0,0.0,0,0,0.6693985370690491,True,35.294006,-120.668015,0.0,0.0,0.0,0.0
690fd7da87825a48788a8a46,2025-10-12 20:10:23.739,foothill,Car,7.938423,0.0,0.0,0.0,-90.0,0.0,0.0,inf,0.0,90.0,0,0,0.6693985370690491,True,35.294006,-120.668015,0.0,0.0,0.0,0.0
690fd7da87825a48788a8a46,2025-10-12 20:10:23.739,foothill,Car,7.938423,0.0,0.0,0.0,0.0,0.692421555519104,7.938423156738281,inf,0.0,90.0,0,0,0.6693985370690491,True,35.294006,-120.66801,0.0,0.0,0.0,0.0
690fd7da87825a48788a8a46,2025-10-12 20:10:23.739,foothill,Car,7.938423,0.0,0.0,90.0,90.0,0.692421555519104,-7.938423156738281,0.0872240662574768,0.0,90.0,0,0,0.6693985370690491,True,35.294006,-120.668,0.0,0.0,0.0,0.0
690fd7da87825a48788a8a46,2025-10-12 20:10:23.739,foothill,Car,7.938423,0.0,0.0,180.0,90.0,0.6924216151237488,7.938423156738281,inf,0.0,90.0,0,0,0.6693985370690491,True,35.294003,-120.66799,0.0,0.0,0.0,0.0
690fd7da87825a48788a8a46,2025-10-12 20:10:23.739,foothill,Car,7.938423,0.0,0.0,90.0,-90.0,0.6924216151237488,7.938423156738281,inf,0.0,90.0,0,0,0.6693985370690491,True,35.294003,-120.667984,0.0,0.0,0.0,0.0
690fd7da87825a48788a8a46,2025-10-12 20:10:23.739,foothill,Car,7.938423,0.0,0.0,0.0,-90.0,0.6924216151237488,7.938423156738281,inf,0.0,90.0,0,0,0.6693985370690491,True,35.294003,-120.66798,0.0,0.0,0.0,0.0
690fd7da87825a48788a8a46,2025-10-12 20:10:23.739,foothill,Car,7.938423,0.0,0.0,90.0,90.0,0.0,0.0,inf,0.0,0.0,0,0,0.6693985370690491,True,35.294003,-120.66797,0.0,0.0,0.0,0.0
690fd7da87825a48788a8a46,2025-10-12 20:10:23.739,foothill,Car,7.938423,0.0,0.0,0.0,-90.0,0.0,0.0,inf,0.0,90.0,0,0,0.6693985370690491,True,35.294003,-120.66797,0.0,0.0,0.0,0.0
690fd7da87825a48788a8a46,2025-10-12 20:10:23.739,foothill,Car,7.938423,0.0,0.0,90.0,90.0,0.6924216151237488,0.0,inf,0.0,0.0,0,0,0.6693985370690491,True,35.294003,-120.66796,0.0,0.0,0.0,0.0
690fd7da87825a48788a8a46,2025-10-12 20:10:23.739,foothill,Car,7.938423,0.0,0.0,0.0,-90.0,0.6924216151237488,7.938423156738281,inf,0.0,90.0,0,0,0.6693985370690491,True,35.294003,-120.66795,0.0,0.0,0.0,0.0
690fd7da87825a48788a8a46,2025-10-12 20:10:23.739,foothill,Car,7.938423,0.0,0.0,90.0,90.0,0.6924216151237488,-7.938423156738281,0.0872240737080574,0.0,90.0,0,0,0.6693985370690491,True,35.294003,-120.667946,0.0,0.0,0.0,0.0
690fd7da87825a48788a8a46,2025-10-12 20:10:23.739,foothill,Car,7.938423,0.0,0.0,0.0,-90.0,0.6924216151237488,-7.938423156738281,0.0872240737080574,0.0,90.0,0,0,0.6693985370690491,True,35.294003,-120.66794,0.0,0.0,0.0,0.0
690fd7da87825a48788a8a46,2025-10-12 20:10:23.739,foothill,Car,7.938423,0.0,0.0,90.0,90.0,0.6924216151237488,-7.938423156738281,0.0872240737080574,0.0,90.0,0,0,0.6693985370690491,True,35.294003,-120.66793,0.0,0.0,0.0,0.0
690fd7da87825a48788a8a46,2025-10-12 20:10:23.739,foothill,Car,7.938423,0.0,0.0,0.0,-90.0,0.6924216151237488,7.938423156738281,inf,0.0,90.0,0,0,0.6693985370690491,True,35.294003,-120.66792,0.0,0.0,0.0,0.0
690fd7da87825a48788a8a46,2025-10-12 20:10:23.739,foothill,Car,7.938423,0.0,0.0,90.0,90.0,0.6924216151237488,0.0,inf,0.0,0.0,0,0,0.6693985370690491,True,35.294003,-120.667915,0.0,0.0,0.0,0.0
690fd7da87825a48788a8a46,2025-10-12 20:10:23.739,foothill,Car,7.938423,0.0,0.0,90.0,0.0,0.6924216151237488,0.0,inf,0.0,0.0,0,0,0.6693985370690491,True,35.294003,-120.66791,0.0,0.0,0.0,0.0
690fd7da87825a48788a8a46,2025-10-12 20:10:23.739,foothill,Car,7.938423,0.0,0.0,0.0,-90.0,0.6924216151237488,7.938423156738281,inf,0.0,90.0,0,0,0.6693985370690491,True,35.294003,-120.6679,0.0,0.0,0.0,0.0
690fd7da87825a48788a8a46,2025-10-12 20:10:23.739,foothill,Car,7.938423,0.0,0.0,90.0,90.0,0.6924216151237488,7.938423156738281,inf,0.0,90.0,0,0,0.6693985370690491,True,35.294003,-120.66789,0.0,0.0,0.0,0.0
690fd7da87825a48788a8a46,2025-10-12 20:10:23.739,foothill,Car,7.938423,0.0,0.0,0.0,-90.0,0.6924216151237488,7.938423156738281,inf,0.0,90.0,0,0,0.6693985370690491,True,35.294003,-120.667885,0.0,0.0,0.0,0.0
690fd7da87825a48788a8a46,2025-10-12 20:10:23.739,foothill,Car,7.938423,0.0,0.0,90.0,90.0,0.0,0.0,inf,0.0,0.0,0,0,0.6693985370690491,True,35.294003,-120.66788,0.0,0.0,0.0,0.0
690fd7da87825a48788a8a46,2025-10-12 20:10:23.739,foothill,Car,7.938423,0.0,0.0,0.0,-90.0,0.0,0.0,inf,0.0,90.0,0,0,0.6693985370690491,True,35.294003,-120.66788,0.0,0.0,0.0,0.0
690fd7da87825a48788a8a47,2025-10-12 20:10:24.748,foothill,Car,4.9592485,0.0,0.0,0.0,0.0,0.0,0.0,inf,0.0,0.0,1,0,0.7063257062435057,True,35.294106,-120.66767,0.1,0.0,0.0,0.0
690fd7da87825a48788a8a47,2025-10-12 20:10:24.748,foothill,Car,4.9592485,0.0,0.0,0.0,0.0,0.0,0.0,inf,0.0,0.0,0,0,0.7063257062435057,True,35.294106,-120.66767,0.0,0.0,0.0,0.0
690fd7da87825a48788a8a47,2025-10-12 20:10:24.748,foothill,Car,4.9592485,0.0,0.0,0.0,0.0,0.0,0.0,inf,0.0,0.0,0,0,0.7063257062435057,True,35.294106,-120.66767,0.0,0.0,0.0,0.0
690fd7da87825a48788a8a47,2025-10-12 20:10:24.748,foothill,Car,4.9592485,0.0,0.0,270.0,-90.0,0.0,0.0,inf,0.0,0.0,0,0,0.7063257062435057,True,35.294106,-120.66768,0.0,0.0,0.0,0.0
690fd7da87825a48788a8a47,2025-10-12 20:10:24.748,foothill,Car,4.9592485,0.0,0.0,0.0,90.0,0.0,0.0,inf,0.0,90.0,0,0,0.7063257062435057,True,35.294106,-120.66768,0.0,0.0,0.0,0.0
690fd7da87825a48788a8a47,2025-10-12 20:10:24.748,foothill,Car,4.9592485,0.0,0.0,0.0,0.0,0.0,0.0,inf,0.0,90.0,0,0,0.7063257062435057,True,35.294106,-120.66768,0.0,0.0,0.0,0.0
690fd7da87825a48788a8a47,2025-10-12 20:10:24.748,foothill,Car,4.9592485,0.0,0.0,0.0,0.0,0.0,0.0,inf,0.0,90.0,0,0,0.7063257062435057,True,35.294106,-120.66768,0.0,0.0,0.0,0.0
690fd7da87825a48788a8a47,2025-10-12 20:10:24.748,foothill,Car,4.9592485,0.0,0.0,0.0,0.0,0.0,0.0,inf,0.0,0.0,0,0,0.7063257062435057,True,35.294106,-120.66769,0.0,0.0,0.0,0.0
690fd7da87825a48788a8a47,2025-10-12 20:10:24.748,foothill,Car,4.9592485,0.0,0.0,0.0,0.0,0.0,0.0,inf,0.0,0.0,0,0,0.7063257062435057,True,35.294106,-120.66769,0.0,0.0,0.0,0.0
690fd7da87825a48788a8a47,2025-10-12 20:10:24.748,foothill,Car,4.9592485,0.0,0.0,294.67633,-65.32367,0.6924207210540771,-2.888803005218506,0.2396912276744842,0.0,65.32366943359375,0,0,0.7063257062435057,True,35.29411,-120.667694,0.0,0.0,0.0,0.0
690fd7da87825a48788a8a47,2025-10-12 20:10:24.748,foothill,Car,4.9592485,0.0,0.0,0.0,65.32367,0.0,0.0,inf,0.0,0.0,0,0,0.7063257062435057,True,35.29411,-120.6677,0.0,0.0,0.0,0.0
690fd7da87825a48788a8a47,2025-10-12 20:10:24.748,foothill,Car,4.9592485,0.0,0.0,0.0,0.0,0.0,0.0,inf,0.0,0.0,0,0,0.7063257062435057,True,35.29411,-120.6677,0.0,0.0,0.0,0.0
690fd7da87825a48788a8a47,2025-10-12 20:10:24.748,foothill,Car,4.9592485,0.0,0.0,287.02975,-72.970245,0.6924206614494324,1.452406644821167,inf,0.0,17.029754638671875,0,0,0.7063257062435057,True,35.294113,-120.66771,0.0,0.0,0.0,0.0
690fd7da87825a48788a8a47,2025-10-12 20:10:24.748,foothill,Car,4.9592485,0.0,0.0,270.0,-17.029755,0.4241749942302704,4.9592485427856445,inf,0.0,90.0,0,0,0.7063257062435057,True,35.294113,-120.66772,0.0,0.0,0.0,0.0
690fd7da87825a48788a8a47,2025-10-12 20:10:24.748,foothill,Car,4.9592485,0.0,0.0,0.0,90.0,0.4241749942302704,4.9592485427856445,inf,0.0,90.0,0,0,0.7063257062435057,True,35.294117,-120.66772,0.0,0.0,0.0,0.0
690fd7da87825a48788a8a47,2025-10-12 20:10:24.748,foothill,Car,4.9592485,0.0,0.0,0.0,0.0,0.6924206018447876,0.0,inf,0.0,0.0,0,0,0.7063257062435057,True,35.294117,-120.667725,0.0,0.0,0.0,0.0
690fd7da87825a48788a8a47,2025-10-12 20:10:24.748,foothill,Car,4.9592485,0.0,0.0,270.0,-90.0,0.4241749942302704,4.9592485427856445,inf,0.0,90.0,0,0,0.7063257062435057,True,35.294117,-120.66773,0.0,0.0,0.0,0.0
690fd7da87825a48788a8a47,2025-10-12 20:10:24.748,foothill,Car,4.9592485,0.0,0.0,0.0,90.0,0.4241749942302704,4.9592485427856445,inf,0.0,90.0,0,0,0.7063257062435057,True,35.29412,-120.66773,0.0,0.0,0.0,0.0
690fd7da87825a48788a8a47,2025-10-12 20:10:24.748,foothill,Car,4.9592485,0.0,0.0,0.0,0.0,0.4241749942302704,0.0,inf,0.0,0.0,0,0,0.7063257062435057,True,35.29412,-120.66774,0.0,0.0,0.0,0.0
690fd7da87825a48788a8a47,2025-10-12 20:10:24.748,foothill,Car,4.9592485,0.0,0.0,0.0,0.0,0.4241749942302704,0.0,inf,0.0,0.0,0,0,0.7063257062435057,True,35.294125,-120.66774,0.0,0.0,0.0,0.0
690fd7da87825a48788a8a47,2025-10-12 20:10:24.748,foothill,Car,4.9592485,0.0,0.0,270.0,-90.0,0.4241749942302704,4.9592485427856445,inf,0.0,90.0,0,0,0.7063257062435057,True,35.294125,-120.66775,0.0,0.0,0.0,0.0
690fd7da87825a48788a8a47,2025-10-12 20:10:24.748,foothill,Car,4.9592485,0.0,0.0,0.0,90.0,0.4241749942302704,4.9592485427856445,inf,0.0,90.0,0,0,0.7063257062435057,True,35.29413,-120.66775,0.0,0.0,0.0,0.0
690fd7da87825a48788a8a47,2025-10-12 20:10:24.748,foothill,Car,4.9592485,0.0,0.0,0.0,0.0,0.6924205422401428,0.0,inf,0.0,0.0,0,0,0.7063257062435057,True,35.29413,-120.667755,0.0,0.0,0.0,0.0
690fd7da87825a48788a8a47,2025-10-12 20:10:24.748,foothill,Car,4.9592485,0.0,0.0,278.70715,-81.29285,0.4241749942302704,4.902093410491943,inf,0.0,81.2928466796875,0,0,0.7063257062435057,True,35.294132,-120.66776,0.0,0.0,0.0,0.0
690fd7da87825a48788a8a47,2025-10-12 20:10:24.748,foothill,Car,4.9592485,0.0,0.0,0.0,81.29285,0.4241749942302704,4.902093410491943,inf,0.0,81.2928466796875,0,0,0.7063257062435057,True,35.294136,-120.66776,0.0,0.0,0.0,0.0
690fd7da87825a48788a8a47,2025-10-12 20:10:24.748,foothill,Car,4.9592485,0.0,0.0,0.0,0.0,0.8120163083076477,0.0,inf,0.0,0.0,0,0,0.7063257062435057,True,35.29414,-120.66777,0.0,0.0,0.0,0.0
690fd7da87825a48788a8a48,2025-10-12 20:10:35.743,foothill,Car,16.843105,0.0,0.0,0.0,0.0,0.0,0.0,inf,0.0,0.0,1,0,0.82,True,35.294056,-120.6681,0.1,0.0,0.0,0.0
690fd7da87825a48788a8a48,2025-10-12 20:10:35.743,foothill,Car,16.843105,0.0,0.0,270.0,-90.0,0.0,0.0,inf,0.0,0.0,0,0,0.82,True,35.294056,-120.66811,0.0,0.0,0.0,0.0
690fd7da87825a48788a8a48,2025-10-12 20:10:35.743,foothill,Car,16.843105,0.0,0.0,180.0,-90.0,0.0,0.0,inf,0.0,0.0,0,0,0.82,True,35.294052,-120.66812,0.0,0.0,0.0,0.0
690fd7da87825a48788a8a48,2025-10-12 20:10:35.743,foothill,Car,16.843105,0.0,0.0,270.0,90.0,0.0,0.0,inf,0.0,0.0,0,0,0.82,True,35.294052,-120.66813,0.0,0.0,0.0,0.0
690fd7da87825a48788a8a48,2025-10-12 20:10:35.743,foothill,Car,16.843105,0.0,0.0,0.0,90.0,0.6924211978912354,16.84310531616211,inf,0.0623016357421875,90.0,0,0,0.82,True,35.294052,-120.66814,0.0,0.0,0.0,0.0
690fd7da87825a48788a8a48,2025-10-12 20:10:35.743,foothill,Car,16.843105,0.0,0.0,261.29285,-98.70715,0.4241749942302704,-0.2564185261726379,1.6542291641235352,0.0623016357421875,8.7071533203125,0,0,0.82,True,35.29405,-120.668144,0.0,0.0,0.0,0.0
690fd7da87825a48788a8a48,2025-10-12 20:10:35.743,foothill,Car,16.843105,0.0,0.0,0.0,98.70715,0.0,0.0,inf,0.0,0.0,0,0,0.82,True,35.29405,-120.66815,0.0,0.0,0.0,0.0
690fd7da87825a48788a8a49,2025-10-12 20:10:35.743,foothill,Car,16.905407,0.0,0.0,0.0,0.0,0.6924211382865906,0.0,inf,0.0,0.0,1,0,0.99,True,35.294056,-120.66792,0.1,0.0,0.0,0.0
690fd7da87825a48788a8a49,2025-10-12 20:10:35.743,foothill,Car,16.905407,0.0,0.0,0.0,0.0,0.6924211382865906,0.0,inf,0.0,0.0,0,0,0.99,True,35.294056,-120.66793,0.0,0.0,0.0,0.0
690fd7da87825a48788a8a49,2025-10-12 20:10:35.743,foothill,Car,16.905407,0.0,0.0,270.0,-90.0,0.6924211382865906,0.0,inf,0.0,0.0,0,0,0.99,True,35.294056,-120.667946,0.0,0.0,0.0,0.0
690fd7da87825a48788a8a49,2025-10-12 20:10:35.743,foothill,Car,16.905407,0.0,0.0,270.0,0.0,0.6924211382865906,-16.905406951904297,0.0409585610032081,0.0,90.0,0,0,0.99,True,35.294056,-120.66795,0.0,0.0,0.0,0.0
690fd7da87825a48788a8a49,2025-10-12 20:10:35.743,foothill,Car,16.905407,0.0,0.0,0.0,90.0,0.6924211382865906,-16.905406951904297,0.0409585610032081,0.0,90.0,0,0,0.99,True,35.294056,-120.66796,0.0,0.0,0.0,0.0
690fd7da87825a48788a8a49,2025-10-12 20:10:35.743,foothill,Car,16.905407,0.0,0.0,270.0,-90.0,0.6924211382865906,-16.905406951904297,0.0409585610032081,0.0,90.0,0,0,0.99,True,35.294056,-120.66798,0.0,0.0,0.0,0.0
690fd7da87825a48788a8a49,2025-10-12 20:10:35.743,foothill,Car,16.905407,0.0,0.0,0.0,90.0,0.6924211382865906,-16.905406951904297,0.0409585610032081,0.0,90.0,0,0,0.99,True,35.294056,-120.667984,0.0,0.0,0.0,0.0
690fd7da87825a48788a8a49,2025-10-12 20:10:35.743,foothill,Car,16.905407,0.0,0.0,270.0,-90.0,0.6924211382865906,0.0,inf,0.0,0.0,0,0,0.99,True,35.294056,-120.668,0.0,0.0,0.0,0.0
690fd7da87825a48788a8a49,2025-10-12 20:10:35.743,foothill,Car,16.905407,0.0,0.0,270.0,0.0,0.6924211382865906,0.0,inf,0.0,0.0,0,0,0.99,True,35.294056,-120.66801,0.0,0.0,0.0,0.0
690fd7da87825a48788a8a49,2025-10-12 20:10:35.743,foothill,Car,16.905407,0.0,0.0,270.0,0.0,0.6924211382865906,-16.905406951904297,0.0409585610032081,0.0,90.0,0,0,0.99,True,35.294056,-120.66802,0.0,0.0,0.0,0.0
690fd7da87825a48788a8a49,2025-10-12 20:10:35.743,foothill,Car,16.905407,0.0,0.0,0.0,90.0,0.6924211382865906,-16.905406951904297,0.0409585610032081,0.0,90.0,0,0,0.99,True,35.294056,-120.66803,0.0,0.0,0.0,0.0
690fd7da87825a48788a8a49,2025-10-12 20:10:35.743,foothill,Car,16.905407,0.0,0.0,270.0,-90.0,0.6924211382865906,-16.905406951904297,0.0409585610032081,0.0,90.0,0,0,0.99,True,35.294056,-120.668045,0.0,0.0,0.0,0.0
690fd7da87825a48788a8a49,2025-10-12 20:10:35.743,foothill,Car,16.905407,0.0,0.0,0.0,90.0,0.6924211382865906,16.905406951904297,inf,0.0,90.0,0,0,0.99,True,35.294056,-120.66805,0.0,0.0,0.0,0.0
690fd7da87825a48788a8a49,2025-10-12 20:10:35.743,foothill,Car,16.905407,0.0,0.0,270.0,-90.0,0.6924211382865906,16.905406951904297,inf,0.0,90.0,0,0,0.99,True,35.294056,-120.66806,0.0,0.0,0.0,0.0
690fd7da87825a48788a8a49,2025-10-12 20:10:35.743,foothill,Car,16.905407,0.0,0.0,270.0,0.0,0.6924211382865906,-16.905406951904297,0.0409585610032081,0.0,90.0,0,0,0.99,True,35.294056,-120.668076,0.0,0.0,0.0,0.0
690fd7da87825a48788a8a49,2025-10-12 20:10:35.743,foothill,Car,16.905407,0.0,0.0,0.0,90.0,0.6924211382865906,-16.905406951904297,0.0409585610032081,0.0,90.0,0,0,0.99,True,35.294056,-120.66808,0.0,0.0,0.0,0.0
690fd7da87825a48788a8a49,2025-10-12 20:10:35.743,foothill,Car,16.905407,0.0,0.0,270.0,-90.0,0.0,-0.0,inf,0.0623016357421875,90.0,0,0,0.99,True,35.294056,-120.6681,0.0,0.0,0.0,0.0
690fd7da87825a48788a8a49,2025-10-12 20:10:35.743,foothill,Car,16.905407,0.0,0.0,270.0,0.0,0.6924211382865906,16.84310531616211,inf,0.0623016357421875,90.0,0,0,0.99,True,35.294056,-120.668106,0.0,0.0,0.0,0.0
690fd7da87825a48788a8a49,2025-10-12 20:10:35.743,foothill,Car,16.905407,0.0,0.0,270.0,0.0,0.0,-0.0,inf,0.0623016357421875,0.0,0,0,0.99,True,35.294056,-120.66811,0.0,0.0,0.0,0.0
690fd7da87825a48788a8a49,2025-10-12 20:10:35.743,foothill,Car,16.905407,0.0,0.0,180.0,-90.0,0.0,0.0,inf,0.0623016357421875,0.0,0,0,0.99,True,35.294052,-120.66812,0.0,0.0,0.0,0.0
690fd7da87825a48788a8a49,2025-10-12 20:10:35.743,foothill,Car,16.905407,0.0,0.0,270.0,90.0,0.0,-0.0,inf,0.0623016357421875,0.0,0,0,0.99,True,35.294052,-120.66813,0.0,0.0,0.0,0.0
690fd7da87825a48788a8a49,2025-10-12 20:10:35.743,foothill,Car,16.905407,0.0,0.0,270.0,0.0,0.4241749942302704,-0.2564185261726379,1.6542291641235352,0.0623016357421875,8.7071533203125,0,0,0.99,True,35.294052,-120.668144,0.0,0.0,0.0,0.0
690fd7da87825a48788a8a49,2025-10-12 20:10:35.743,foothill,Car,16.905407,0.0,0.0,180.0,-90.0,0.0,0.0,inf,0.0623016357421875,180.0,0,0,0.99,True,35.29405,-120.66815,0.0,0.0,0.0,0.0
690fd7da87825a48788a8a4a,2025-10-12 20:10:35.743,foothill,Car,7.716758,0.0,0.0,0.0,0.0,0.6924206018447876,7.716757774353027,inf,0.0,90.0,1,0,0.99,True,35.29412,-120.66774,0.1,0.0,0.0,0.0
690fd7da87825a48788a8a4a,2025-10-12 20:10:35.743,foothill,Car,7.716758,0.0,0.0,270.0,-90.0,0.4241749942302704,7.716757774353027,inf,0.0,90.0,0,0,0.99,True,35.29412,-120.66775,0.0,0.0,0.0,0.0
690fd7da87825a48788a8a4a,2025-10-12 20:10:35.743,foothill,Car,7.716758,0.0,0.0,0.0,90.0,0.4241749942302704,7.716757774353027,inf,0.0,90.0,0,0,0.99,True,35.294125,-120.66775,0.0,0.0,0.0,0.0
690fd7da87825a48788a8a4a,2025-10-12 20:10:35.743,foothill,Car,7.716758,0.0,0.0,0.0,0.0,0.4241749942302704,0.0,inf,0.0,0.0,0,0,0.99,True,35.294125,-120.667755,0.0,0.0,0.0,0.0
690fd7da87825a48788a8a4a,2025-10-12 20:10:35.743,foothill,Car,7.716758,0.0,0.0,0.0,0.0,0.4241749942302704,0.0,inf,0.0,0.0,0,0,0.99,True,35.29413,-120.667755,0.0,0.0,0.0,0.0
690fd7da87825a48788a8a4a,2025-10-12 20:10:35.743,foothill,Car,7.716758,0.0,0.0,278.70715,-81.29285,0.692420482635498,-6.548562526702881,0.1057362556457519,0.0,81.2928466796875,0,0,0.99,True,35.294132,-120.66776,0.0,0.0,0.0,0.0
690fd7da87825a48788a8a4a,2025-10-12 20:10:35.743,foothill,Car,7.716758,0.0,0.0,0.0,81.29285,0.4241749942302704,0.0,inf,0.0,0.0,0,0,0.99,True,35.294132,-120.66777,0.0,0.0,0.0,0.0
690fd7da87825a48788a8a4a,2025-10-12 20:10:35.743,foothill,Car,7.716758,0.0,0.0,0.0,0.0,0.4241749942302704,0.0,inf,0.0,0.0,0,0,0.99,True,35.294136,-120.66777,0.0,0.0,0.0,0.0
690fd7da87825a48788a8a4a,2025-10-12 20:10:35.743,foothill,Car,7.716758,0.0,0.0,278.70715,-81.29285,0.4241749942302704,7.627821922302246,inf,0.0,81.2928466796875,0,0,0.99,True,35.29414,-120.66778,0.0,0.0,0.0,0.0
690fd7da87825a48788a8a4a,2025-10-12 20:10:35.743,foothill,Car,7.716758,0.0,0.0,0.0,81.29285,0.4241749942302704,7.627821922302246,inf,0.0,81.2928466796875,0,0,0.99,True,35.294144,-120.66778,0.0,0.0,0.0,0.0
690fd7da87825a48788a8a4a,2025-10-12 20:10:35.743,foothill,Car,7.716758,0.0,0.0,270.0,-90.0,0.4241749942302704,7.716757774353027,inf,0.0,90.0,0,0,0.99,True,35.294144,-120.667786,0.0,0.0,0.0,0.0
690fd7da87825a48788a8a4a,2025-10-12 20:10:35.743,foothill,Car,7.716758,0.0,0.0,0.0,90.0,0.4241749942302704,7.716757774353027,inf,0.0,90.0,0,0,0.99,True,35.294147,-120.667786,0.0,0.0,0.0,0.0
690fd7da87825a48788a8a4a,2025-10-12 20:10:35.743,foothill,Car,7.716758,0.0,0.0,0.0,0.0,0.4241749942302704,0.0,inf,0.0,0.0,0,0,0.99,True,35.29415,-120.667786,0.0,0.0,0.0,0.0
690fd7da87825a48788a8a4a,2025-10-12 20:10:35.743,foothill,Car,7.716758,0.0,0.0,0.0,0.0,0.4241749942302704,0.0,inf,0.0,0.0,0,0,0.99,True,35.294155,-120.66779,0.0,0.0,0.0,0.0
690fd7da87825a48788a8a4a,2025-10-12 20:10:35.743,foothill,Car,7.716758,0.0,0.0,0.0,0.0,0.4241749942302704,0.0,inf,0.0,0.0,0,0,0.99,True,35.29416,-120.66779,0.0,0.0,0.0,0.0
690fd7da87825a48788a8a4a,2025-10-12 20:10:35.743,foothill,Car,7.716758,0.0,0.0,294.67633,-65.32367,0.4241749942302704,7.012069225311279,inf,0.0,65.32366943359375,0,0,0.99,True,35.294163,-120.6678,0.0,0.0,0.0,0.0
690fd7da87825a48788a8a4a,2025-10-12 20:10:35.743,foothill,Car,7.716758,0.0,0.0,0.0,65.32367,0.4241749942302704,7.012069225311279,inf,0.0,65.32366943359375,0,0,0.99,True,35.294167,-120.6678,0.0,0.0,0.0,0.0
690fd7da87825a48788a8a4a,2025-10-12 20:10:35.743,foothill,Car,7.716758,0.0,0.0,0.0,0.0,0.4241749942302704,0.0,inf,0.0,0.0,0,0,0.99,True,35.29417,-120.6678,0.0,0.0,0.0,0.0
690fd7da87825a48788a8a4a,2025-10-12 20:10:35.743,foothill,Car,7.716758,0.0,0.0,0.0,0.0,0.0,0.0,inf,0.0,0.0,0,0,0.99,True,35.294174,-120.66781,0.0,0.0,0.0,0.0
690fd7da87825a48788a8a4a,2025-10-12 20:10:35.743,foothill,Car,7.716758,0.0,0.0,0.0,0.0,0.0,0.0,inf,0.0,0.0,0,0,0.99,True,35.294174,-120.66781,0.0,0.0,0.0,0.0
690fd7da87825a48788a8a4a,2025-10-12 20:10:35.743,foothill,Car,7.716758,0.0,0.0,278.70715,-81.29285,0.4241749942302704,7.627821922302246,inf,0.0,81.2928466796875,0,0,0.99,True,35.294178,-120.667816,0.0,0.0,0.0,0.0
690fd7da87825a48788a8a4a,2025-10-12 20:10:35.743,foothill,Car,7.716758,0.0,0.0,0.0,81.29285,0.4241749942302704,7.627821922302246,inf,0.0,81.2928466796875,0,0,0.99,True,35.29418,-120.667816,0.0,0.0,0.0,0.0
690fd7da87825a48788a8a4a,2025-10-12 20:10:35.743,foothill,Car,7.716758,0.0,0.0,0.0,0.0,0.8483499884605408,0.0,inf,0.0,0.0,0,0,0.99,True,35.29419,-120.667816,0.0,0.0,0.0,0.0
690fd7da87825a48788a8a4b,2025-10-12 20:10:35.743,foothill,Car,10.877498,0.0,0.0,0.0,0.0,0.6924208402633667,0.0,inf,0.0,0.0,1,0,0.99,True,35.29409,-120.6679,0.1,0.0,0.0,0.0
690fd7da87825a48788a8a4b,2025-10-12 20:10:35.743,foothill,Car,10.877498,0.0,0.0,0.0,0.0,0.6924208402633667,10.877497673034668,inf,0.0,90.0,0,0,0.99,True,35.29409,-120.66791,0.0,0.0,0.0,0.0
690fd7da87825a48788a8a4b,2025-10-12 20:10:35.743,foothill,Car,10.877498,0.0,0.0,270.0,-90.0,0.0,0.0,inf,0.0,0.0,0,0,0.99,True,35.29409,-120.667915,0.0,0.0,0.0,0.0
690fd7da87825a48788a8a4b,2025-10-12 20:10:35.743,foothill,Car,10.877498,0.0,0.0,0.0,90.0,0.0,0.0,inf,0.0,90.0,0,0,0.99,True,35.29409,-120.667915,0.0,0.0,0.0,0.0
690fd7da87825a48788a8a4b,2025-10-12 20:10:35.743,foothill,Car,10.877498,0.0,0.0,270.0,-90.0,0.6924208402633667,-10.877497673034668,0.0636562630534172,0.0,90.0,0,0,0.99,True,35.29409,-120.66792,0.0,0.0,0.0,0.0
690fd7da87825a48788a8a4b,2025-10-12 20:10:35.743,foothill,Car,10.877498,0.0,0.0,0.0,90.0,0.6924208402633667,10.877497673034668,inf,0.0,90.0,0,0,0.99,True,35.29409,-120.66793,0.0,0.0,0.0,0.0
690fd7da87825a48788a8a4b,2025-10-12 20:10:35.743,foothill,Car,10.877498,0.0,0.0,270.0,-90.0,0.6924208402633667,10.877497673034668,inf,0.0,90.0,0,0,0.99,True,35.29409,-120.66794,0.0,0.0,0.0,0.0
690fd7da87825a48788a8a4b,2025-10-12 20:10:35.743,foothill,Car,10.877498,0.0,0.0,0.0,90.0,0.6924208402633667,10.877497673034668,inf,0.0,90.0,0,0,0.99,True,35.29409,-120.667946,0.0,0.0,0.0,0.0
690fd7da87825a48788a8a4b,2025-10-12 20:10:35.743,foothill,Car,10.877498,0.0,0.0,270.0,-90.0,0.6924208402633667,-10.877497673034668,0.0636562630534172,0.0,90.0,0,0,0.99,True,35.29409,-120.66795,0.0,0.0,0.0,0.0
690fd7da87825a48788a8a4b,2025-10-12 20:10:35.743,foothill,Car,10.877498,0.0,0.0,0.0,90.0,0.6924208402633667,10.877497673034668,inf,0.0,90.0,0,0,0.99,True,35.29409,-120.66796,0.0,0.0,0.0,0.0
690fd7da87825a48788a8a4b,2025-10-12 20:10:35.743,foothill,Car,10.877498,0.0,0.0,270.0,-90.0,0.6924208402633667,10.877497673034668,inf,0.0,90.0,0,0,0.99,True,35.29409,-120.66797,0.0,0.0,0.0,0.0
690fd7da87825a48788a8a4b,2025-10-12 20:10:35.743,foothill,Car,10.877498,0.0,0.0,270.0,0.0,0.6924208402633667,-10.877497673034668,0.0636562630534172,0.0,90.0,0,0,0.99,True,35.29409,-120.66798,0.0,0.0,0.0,0.0
690fd7da87825a48788a8a4b,2025-10-12 20:10:35.743,foothill,Car,10.877498,0.0,0.0,0.0,90.0,0.6924208402633667,-10.877497673034668,0.0636562630534172,0.0,90.0,0,0,0.99,True,35.29409,-120.667984,0.0,0.0,0.0,0.0
690fd7da87825a48788a8a4b,2025-10-12 20:10:35.743,foothill,Car,10.877498,0.0,0.0,245.3237,-114.6763,0.6924208998680115,-15.418757438659668,0.044907696545124,0.0,114.67630004882812,0,0,0.99,True,35.294086,-120.66799,0.0,0.0,0.0,0.0
690fd7da87825a48788a8a4b,2025-10-12 20:10:35.743,foothill,Car,10.877498,0.0,0.0,0.0,114.6763,0.6924208998680115,10.877497673034668,inf,0.0,90.0,0,0,0.99,True,35.294086,-120.668,0.0,0.0,0.0,0.0
690fd7da87825a48788a8a4b,2025-10-12 20:10:35.743,foothill,Car,10.877498,0.0,0.0,270.0,-90.0,0.6924208998680115,-10.877497673034668,0.0636562705039978,0.0,90.0,0,0,0.99,True,35.294086,-120.66801,0.0,0.0,0.0,0.0
690fd7da87825a48788a8a4b,2025-10-12 20:10:35.743,foothill,Car,10.877498,0.0,0.0,0.0,90.0,0.6924208998680115,-10.877497673034668,0.0636562705039978,0.0,90.0,0,0,0.99,True,35.294086,-120.668015,0.0,0.0,0.0,0.0
690fd7da87825a48788a8a4b,2025-10-12 20:10:35.743,foothill,Car,10.877498,0.0,0.0,270.0,-90.0,0.6924208998680115,-10.877497673034668,0.0636562705039978,0.0,90.0,0,0,0.99,True,35.294086,-120.66802,0.0,0.0,0.0,0.0
690fd7da87825a48788a8a4b,2025-10-12 20:10:35.743,foothill,Car,10.877498,0.0,0.0,0.0,90.0,0.6924208998680115,10.877497673034668,inf,0.0,90.0,0,0,0.99,True,35.294086,-120.66803,0.0,0.0,0.0,0.0
690fd7da87825a48788a8a4b,2025-10-12 20:10:35.743,foothill,Car,10.877498,0.0,0.0,270.0,-90.0,0.6924208998680115,10.877497673034668,inf,0.0,90.0,0,0,0.99,True,35.294086,-120.66804,0.0,0.0,0.0,0.0
690fd7da87825a48788a8a4b,2025-10-12 20:10:35.743,foothill,Car,10.877498,0.0,0.0,270.0,0.0,0.6924208998680115,-10.877497673034668,0.0636562705039978,0.0,90.0,0,0,0.99,True,35.294086,-120.668045,0.0,0.0,0.0,0.0
690fd7da87825a48788a8a4b,2025-10-12 20:10:35.743,foothill,Car,10.877498,0.0,0.0,0.0,90.0,0.6924208998680115,10.877497673034668,inf,0.0,90.0,0,0,0.99,True,35.294086,-120.66805,0.0,0.0,0.0,0.0
690fd7da87825a48788a8a4b,2025-10-12 20:10:35.743,foothill,Car,10.877498,0.0,0.0,270.0,-90.0,0.6924208998680115,10.877497673034668,inf,0.0,90.0,0,0,0.99,True,35.294086,-120.66806,0.0,0.0,0.0,0.0
690fd7da87825a48788a8a4b,2025-10-12 20:10:35.743,foothill,Car,10.877498,0.0,0.0,0.0,90.0,0.6924208998680115,10.877497673034668,inf,0.0,90.0,0,0,0.99,True,35.294086,-120.66807,0.0,0.0,0.0,0.0
690fd7da87825a48788a8a4b,2025-10-12 20:10:35.743,foothill,Car,10.877498,0.0,0.0,270.0,-90.0,0.6924208998680115,-10.877497673034668,0.0636562705039978,0.0,90.0,0,0,0.99,True,35.294086,-120.668076,0.0,0.0,0.0,0.0
690fd7da87825a48788a8a4b,2025-10-12 20:10:35.743,foothill,Car,10.877498,0.0,0.0,0.0,90.0,0.6924208998680115,-10.877497673034668,0.0636562705039978,0.0,90.0,0,0,0.99,True,35.294086,-120.66808,0.0,0.0,0.0,0.0
690fd7da87825a48788a8a4b,2025-10-12 20:10:35.743,foothill,Car,10.877498,0.0,0.0,270.0,-90.0,0.6924208998680115,-10.877497673034668,0.0636562705039978,0.0,90.0,0,0,0.99,True,35.294086,-120.66809,0.0,0.0,0.0,0.0
690fd7da87825a48788a8a4b,2025-10-12 20:10:35.743,foothill,Car,10.877498,0.0,0.0,0.0,90.0,0.6924208998680115,-10.877497673034668,0.0636562705039978,0.0,90.0,0,0,0.99,True,35.294086,-120.6681,0.0,0.0,0.0,0.0
690fd7da87825a48788a8a4b,2025-10-12 20:10:35.743,foothill,Car,10.877498,0.0,0.0,270.0,-90.0,0.6924208998680115,10.877497673034668,inf,0.0,90.0,0,0,0.99,True,35.294086,-120.668106,0.0,0.0,0.0,0.0
690fd7da87825a48788a8a4c,2025-10-12 20:10:35.743,foothill,Car,13.25577,0.0,0.0,0.0,0.0,0.6924216747283936,-13.255769729614258,0.0522354952991008,0.0,90.0,1,0,0.9786474270362928,True,35.293995,-120.66795,0.1,0.0,0.0,0.0
690fd7da87825a48788a8a4c,2025-10-12 20:10:35.743,foothill,Car,13.25577,0.0,0.0,90.0,90.0,0.6924216747283936,-13.255769729614258,0.0522354952991008,0.0,90.0,0,0,0.9786474270362928,True,35.293995,-120.667946,0.0,0.0,0.0,0.0
690fd7da87825a48788a8a4c,2025-10-12 20:10:35.743,foothill,Car,13.25577,0.0,0.0,0.0,-90.0,0.6924216747283936,-13.255769729614258,0.0522354952991008,0.0,90.0,0,0,0.9786474270362928,True,35.293995,-120.66794,0.0,0.0,0.0,0.0
690fd7da87825a48788a8a4c,2025-10-12 20:10:35.743,foothill,Car,13.25577,0.0,0.0,90.0,90.0,0.6924216747283936,-13.255769729614258,0.0522354952991008,0.0,90.0,0,0,0.9786474270362928,True,35.293995,-120.66793,0.0,0.0,0.0,0.0
690fd7da87825a48788a8a4c,2025-10-12 20:10:35.743,foothill,Car,13.25577,0.0,0.0,0.0,-90.0,0.6924216747283936,13.255769729614258,inf,0.0,90.0,0,0,0.9786474270362928,True,35.293995,-120.66792,0.0,0.0,0.0,0.0
690fd7da87825a48788a8a4c,2025-10-12 20:10:35.743,foothill,Car,13.25577,0.0,0.0,90.0,90.0,0.6924216747283936,0.0,inf,0.0,0.0,0,0,0.9786474270362928,True,35.293995,-120.667915,0.0,0.0,0.0,0.0
690fd7da87825a48788a8a4c,2025-10-12 20:10:35.743,foothill,Car,13.25577,0.0,0.0,90.0,0.0,0.6924216747283936,0.0,inf,0.0,0.0,0,0,0.9786474270362928,True,35.293995,-120.66791,0.0,0.0,0.0,0.0
690fd7da87825a48788a8a4c,2025-10-12 20:10:35.743,foothill,Car,13.25577,0.0,0.0,0.0,-90.0,0.6924216747283936,13.255769729614258,inf,0.0,90.0,0,0,0.9786474270362928,True,35.293995,-120.6679,0.0,0.0,0.0,0.0
690fd7da87825a48788a8a4c,2025-10-12 20:10:35.743,foothill,Car,13.25577,0.0,0.0,90.0,90.0,0.0,0.0,inf,0.0,0.0,0,0,0.9786474270362928,True,35.293995,-120.667885,0.0,0.0,0.0,0.0
690fd7da87825a48788a8a4c,2025-10-12 20:10:35.743,foothill,Car,13.25577,0.0,0.0,0.0,-90.0,0.0,0.0,inf,0.0,90.0,0,0,0.9786474270362928,True,35.293995,-120.667885,0.0,0.0,0.0,0.0
690fd7da87825a48788a8a4c,2025-10-12 20:10:35.743,foothill,Car,13.25577,0.0,0.0,90.0,90.0,0.6924216747283936,0.0,inf,0.0,0.0,0,0,0.9786474270362928,True,35.293995,-120.66788,0.0,0.0,0.0,0.0
690fd7da87825a48788a8a4c,2025-10-12 20:10:35.743,foothill,Car,13.25577,0.0,0.0,0.0,-90.0,0.6924216747283936,-13.255769729614258,0.0522354952991008,0.0,90.0,0,0,0.9786474270362928,True,35.293995,-120.66787,0.0,0.0,0.0,0.0
690fd7da87825a48788a8a4c,2025-10-12 20:10:35.743,foothill,Car,13.25577,0.0,0.0,90.0,90.0,0.6924216747283936,-13.255769729614258,0.0522354952991008,0.0,90.0,0,0,0.9786474270362928,True,35.293995,-120.66786,0.0,0.0,0.0,0.0
690fd7da87825a48788a8a4c,2025-10-12 20:10:35.743,foothill,Car,13.25577,0.0,0.0,0.0,-90.0,0.6924216747283936,13.255769729614258,inf,0.0,90.0,0,0,0.9786474270362928,True,35.293995,-120.667854,0.0,0.0,0.0,0.0
690fd7da87825a48788a8a4c,2025-10-12 20:10:35.743,foothill,Car,13.25577,0.0,0.0,90.0,90.0,0.6924216747283936,0.0,inf,0.0,0.0,0,0,0.9786474270362928,True,35.293995,-120.66785,0.0,0.0,0.0,0.0
690fd7da87825a48788a8a4c,2025-10-12 20:10:35.743,foothill,Car,13.25577,0.0,0.0,90.0,0.0,0.6924216747283936,0.0,inf,0.0,0.0,0,0,0.9786474270362928,True,35.293995,-120.66784,0.0,0.0,0.0,0.0
690fd7da87825a48788a8a4c,2025-10-12 20:10:35.743,foothill,Car,13.25577,0.0,0.0,0.0,-90.0,0.6924216747283936,13.255769729614258,inf,0.0,90.0,0,0,0.9786474270362928,True,35.293995,-120.66783,0.0,0.0,0.0,0.0
690fd7da87825a48788a8a4c,2025-10-12 20:10:35.743,foothill,Car,13.25577,0.0,0.0,90.0,90.0,0.6924216747283936,-13.255769729614258,0.0522354952991008,0.0,90.0,0,0,0.9786474270362928,True,35.293995,-120.66782,0.0,0.0,0.0,0.0
690fd7da87825a48788a8a4c,2025-10-12 20:10:35.743,foothill,Car,13.25577,0.0,0.0,0.0,-90.0,0.6924216151237488,-13.255769729614258,0.0522354878485202,0.0,90.0,0,0,0.9786474270362928,True,35.294,-120.667816,0.0,0.0,0.0,0.0
690fd7da87825a48788a8a4c,2025-10-12 20:10:35.743,foothill,Car,13.25577,0.0,0.0,90.0,90.0,0.6924216151237488,-13.255769729614258,0.0522354878485202,0.0,90.0,0,0,0.9786474270362928,True,35.294,-120.66781,0.0,0.0,0.0,0.0
690fd7da87825a48788a8a4c,2025-10-12 20:10:35.743,foothill,Car,13.25577,0.0,0.0,0.0,-90.0,0.6924216151237488,-13.255769729614258,0.0522354878485202,0.0,90.0,0,0,0.9786474270362928,True,35.294,-120.6678,0.0,0.0,0.0,0.0
690fd7da87825a48788a8a4c,2025-10-12 20:10:35.743,foothill,Car,13.25577,0.0,0.0,90.0,90.0,0.6924216151237488,-13.255769729614258,0.0522354878485202,0.0,90.0,0,0,0.9786474270362928,True,35.294,-120.66779,0.0,0.0,0.0,0.0
690fd7da87825a48788a8a4c,2025-10-12 20:10:35.743,foothill,Car,13.25577,0.0,0.0,0.0,-90.0,0.6924216151237488,13.255769729614258,inf,0.0,90.0,0,0,0.9786474270362928,True,35.294,-120.667786,0.0,0.0,0.0,0.0
690fd7da87825a48788a8a4c,2025-10-12 20:10:35.743,foothill,Car,13.25577,0.0,0.0,90.0,90.0,0.6924216151237488,0.0,inf,0.0,0.0,0,0,0.9786474270362928,True,35.294,-120.66778,0.0,0.0,0.0,0.0
690fd7da87825a48788a8a4c,2025-10-12 20:10:35.743,foothill,Car,13.25577,0.0,0.0,90.0,0.0,0.6924216151237488,0.0,inf,0.0,0.0,0,0,0.9786474270362928,True,35.294,-120.66777,0.0,0.0,0.0,0.0
690fd7da87825a48788a8a4c,2025-10-12 20:10:35.743,foothill,Car,13.25577,0.0,0.0,0.0,-90.0,0.6924216151237488,-13.255769729614258,0.0522354878485202,0.0,90.0,0,0,0.9786474270362928,True,35.294003,-120.66776,0.0,0.0,0.0,0.0
690fd7da87825a48788a8a4c,2025-10-12 20:10:35.743,foothill,Car,13.25577,0.0,0.0,90.0,90.0,0.6924216151237488,13.255769729614258,inf,0.0,90.0,0,0,0.9786474270362928,True,35.294003,-120.667755,0.0,0.0,0.0,0.0
690fd7da87825a48788a8a4c,2025-10-12 20:10:35.743,foothill,Car,13.25577,0.0,0.0,0.0,-90.0,0.6924216151237488,13.255769729614258,inf,0.0,90.0,0,0,0.9786474270362928,True,35.294003,-120.66775,0.0,0.0,0.0,0.0
690fd7da87825a48788a8a4c,2025-10-12 20:10:35.743,foothill,Car,13.25577,0.0,0.0,90.0,90.0,0.6924216151237488,-13.255769729614258,0.0522354878485202,0.0,90.0,0,0,0.9786474270362928,True,35.294003,-120.66774,0.0,0.0,0.0,0.0
690fd7da87825a48788a8a4d,2025-10-12 20:10:35.743,foothill,Car,9.576441,0.0,0.0,0.0,0.0,0.0,0.0,inf,0.0,0.0,1,0,0.99,True,35.293995,-120.667725,0.1,0.0,0.0,0.0
690fd7da87825a48788a8a4d,2025-10-12 20:10:35.743,foothill,Car,9.576441,0.0,0.0,0.0,0.0,0.0,0.0,inf,0.0,0.0,0,0,0.99,True,35.293995,-120.667725,0.0,0.0,0.0,0.0
690fd7da87825a48788a8a4d,2025-10-12 20:10:35.743,foothill,Car,9.576441,0.0,0.0,0.0,0.0,0.6924216747283936,0.0,inf,0.0,0.0,0,0,0.99,True,35.293995,-120.66772,0.0,0.0,0.0,0.0
690fd7da87825a48788a8a4d,2025-10-12 20:10:35.743,foothill,Car,9.576441,0.0,0.0,90.0,90.0,0.0,0.0,inf,0.0,0.0,0,0,0.99,True,35.293995,-120.66771,0.0,0.0,0.0,0.0
690fd7da87825a48788a8a4d,2025-10-12 20:10:35.743,foothill,Car,9.576441,0.0,0.0,0.0,-90.0,0.0,0.0,inf,0.0,90.0,0,0,0.99,True,35.293995,-120.66771,0.0,0.0,0.0,0.0
690fd7da87825a48788a8a4d,2025-10-12 20:10:35.743,foothill,Car,9.576441,0.0,0.0,90.0,90.0,0.6924216747283936,9.576440811157228,inf,0.0,90.0,0,0,0.99,True,35.293995,-120.6677,0.0,0.0,0.0,0.0
690fd7da87825a48788a8a4d,2025-10-12 20:10:35.743,foothill,Car,9.576441,0.0,0.0,0.0,-90.0,0.6924216747283936,9.576440811157228,inf,0.0,90.0,0,0,0.99,True,35.293995,-120.667694,0.0,0.0,0.0,0.0
690fd7da87825a48788a8a4d,2025-10-12 20:10:35.743,foothill,Car,9.576441,0.0,0.0,90.0,90.0,0.0,0.0,inf,0.0,0.0,0,0,0.99,True,35.293995,-120.66769,0.0,0.0,0.0,0.0
690fd7da87825a48788a8a4d,2025-10-12 20:10:35.743,foothill,Car,9.576441,0.0,0.0,0.0,-90.0,0.0,0.0,inf,0.0,90.0,0,0,0.99,True,35.293995,-120.66769,0.0,0.0,0.0,0.0
690fd7da87825a48788a8a4d,2025-10-12 20:10:35.743,foothill,Car,9.576441,0.0,0.0,180.0,-180.0,0.6924216747283936,9.576440811157228,inf,0.0,90.0,0,0,0.99,True,35.29399,-120.66768,0.0,0.0,0.0,0.0
690fd7da87825a48788a8a4d,2025-10-12 20:10:35.743,foothill,Car,9.576441,0.0,0.0,90.0,-90.0,0.6924216747283936,9.576440811157228,inf,0.0,90.0,0,0,0.99,True,35.29399,-120.66767,0.0,0.0,0.0,0.0
690fd7da87825a48788a8a4d,2025-10-12 20:10:35.743,foothill,Car,9.576441,0.0,0.0,0.0,-90.0,0.0,0.0,inf,0.0,0.0,0,0,0.99,True,35.29399,-120.66766,0.0,0.0,0.0,0.0
690fd7da87825a48788a8a4d,2025-10-12 20:10:35.743,foothill,Car,9.576441,0.0,0.0,0.0,0.0,0.0,0.0,inf,0.0,0.0,0,0,0.99,True,35.29399,-120.66766,0.0,0.0,0.0,0.0
690fd7da87825a48788a8a4d,2025-10-12 20:10:35.743,foothill,Car,9.576441,0.0,0.0,90.0,90.0,0.6924217343330383,-9.57643985748291,0.0723047107458114,0.0,90.0,0,0,0.99,True,35.29399,-120.667656,0.0,0.0,0.0,0.0
690fd7da87825a48788a8a4d,2025-10-12 20:10:35.743,foothill,Car,9.576441,0.0,0.0,72.970276,-17.029724,0.8120173811912537,2.172215700149536,inf,0.0,17.02972412109375,0,0,0.99,True,35.293995,-120.66765,0.0,0.0,0.0,0.0
690fd7da87825a48788a8a4d,2025-10-12 20:10:35.743,foothill,Car,9.576441,0.0,0.0,180.0,107.029724,0.6924217343330383,9.57643985748291,inf,0.0,90.0,0,0,0.99,True,35.29399,-120.66764,0.0,0.0,0.0,0.0
690fd7da87825a48788a8a4d,2025-10-12 20:10:35.743,foothill,Car,9.576441,0.0,0.0,90.0,-90.0,0.6924216747283936,9.576440811157228,inf,0.0,90.0,0,0,0.99,True,35.29399,-120.66763,0.0,0.0,0.0,0.0
690fd7da87825a48788a8a4d,2025-10-12 20:10:35.743,foothill,Car,9.576441,0.0,0.0,0.0,-90.0,0.0,0.0,inf,0.0,0.0,0,0,0.99,True,35.29399,-120.667625,0.0,0.0,0.0,0.0
690fd7da87825a48788a8a4d,2025-10-12 20:10:35.743,foothill,Car,9.576441,0.0,0.0,0.0,0.0,0.0,0.0,inf,0.0,0.0,0,0,0.99,True,35.29399,-120.667625,0.0,0.0,0.0,0.0
690fd7da87825a48788a8a4d,2025-10-12 20:10:35.743,foothill,Car,9.576441,0.0,0.0,90.0,90.0,0.6924216747283936,-9.576440811157228,0.0723046958446502,0.0,90.0,0,0,0.99,True,35.29399,-120.66762,0.0,0.0,0.0,0.0
690fd7da87825a48788a8a4d,2025-10-12 20:10:35.743,foothill,Car,9.576441,0.0,0.0,0.0,-90.0,0.6924217343330383,9.57643985748291,inf,0.0,90.0,0,0,0.99,True,35.29399,-120.66761,0.0,0.0,0.0,0.0
690fd7da87825a48788a8a4d,2025-10-12 20:10:35.743,foothill,Car,9.576441,0.0,0.0,114.67627,114.67627,0.6924217343330383,13.57451629638672,inf,0.0,114.67626953125,0,0,0.99,True,35.293987,-120.6676,0.0,0.0,0.0,0.0
690fd7da87825a48788a8a4d,2025-10-12 20:10:35.743,foothill,Car,9.576441,0.0,0.0,0.0,-114.67627,0.6924217343330383,13.57451629638672,inf,0.0,114.67626953125,0,0,0.99,True,35.293987,-120.667595,0.0,0.0,0.0,0.0
690fd7da87825a48788a8a4d,2025-10-12 20:10:35.743,foothill,Car,9.576441,0.0,0.0,90.0,90.0,0.0,0.0,inf,0.0,0.0,0,0,0.99,True,35.293987,-120.66759,0.0,0.0,0.0,0.0
690fd7da87825a48788a8a4d,2025-10-12 20:10:35.743,foothill,Car,9.576441,0.0,0.0,0.0,-90.0,0.0,0.0,inf,0.0,90.0,0,0,0.99,True,35.293987,-120.66759,0.0,0.0,0.0,0.0
690fd7da87825a48788a8a4d,2025-10-12 20:10:35.743,foothill,Car,9.576441,0.0,0.0,90.0,90.0,0.6924217343330383,0.0,inf,0.0,0.0,0,0,0.99,True,35.293987,-120.66758,0.0,0.0,0.0,0.0
690fd7da87825a48788a8a4d,2025-10-12 20:10:35.743,foothill,Car,9.576441,0.0,0.0,0.0,-90.0,0.6924217343330383,9.576440811157228,inf,0.0,90.0,0,0,0.99,True,35.293987,-120.66757,0.0,0.0,0.0,0.0
690fd7da87825a48788a8a4d,2025-10-12 20:10:35.743,foothill,Car,9.576441,0.0,0.0,90.0,90.0,0.6924217343330383,9.576440811157228,inf,0.0,90.0,0,0,0.99,True,35.293987,-120.667564,0.0,0.0,0.0,0.0
690fd7da87825a48788a8a4d,2025-10-12 20:10:35.743,foothill,Car,9.576441,0.0,0.0,0.0,-90.0,0.6924217343330383,9.576440811157228,inf,0.0,90.0,0,0,0.99,True,35.293987,-120.66756,0.0,0.0,0.0,0.0
690fd7da87825a48788a8a4d,2025-10-12 20:10:35.743,foothill,Car,9.576441,0.0,0.0,90.0,90.0,0.6924217343330383,-9.576440811157228,0.0723047032952308,0.0,90.0,0,0,0.99,True,35.293987,-120.66755,0.0,0.0,0.0,0.0
690fd7da87825a48788a8a4e,2025-10-12 20:10:35.743,foothill,Car,8.567701,0.0,0.0,0.0,0.0,0.0,0.0,inf,0.0,0.0,1,0,0.7186351866389471,True,35.294094,-120.66762,0.1,0.0,0.0,0.0
690fd7da87825a48788a8a4e,2025-10-12 20:10:35.743,foothill,Car,8.567701,0.0,0.0,0.0,0.0,0.0,0.0,inf,0.0,0.0,0,0,0.7186351866389471,True,35.294094,-120.66762,0.0,0.0,0.0,0.0
690fd7da87825a48788a8a4e,2025-10-12 20:10:35.743,foothill,Car,8.567701,0.0,0.0,270.0,-90.0,0.6924208402633667,8.56770133972168,inf,0.0,90.0,0,0,0.7186351866389471,True,35.294094,-120.667625,0.0,0.0,0.0,0.0
690fd7da87825a48788a8a4e,2025-10-12 20:10:35.743,foothill,Car,8.567701,0.0,0.0,0.0,90.0,0.6924208402633667,-8.56770133972168,0.0808175727725029,0.0,90.0,0,0,0.7186351866389471,True,35.294094,-120.66763,0.0,0.0,0.0,0.0
690fd7da87825a48788a8a4e,2025-10-12 20:10:35.743,foothill,Car,8.567701,0.0,0.0,270.0,-90.0,0.6924208402633667,-8.56770133972168,0.0808175727725029,0.0,90.0,0,0,0.7186351866389471,True,35.294094,-120.66764,0.0,0.0,0.0,0.0
690fd7da87825a48788a8a4e,2025-10-12 20:10:35.743,foothill,Car,8.567701,0.0,0.0,0.0,90.0,0.6924208402633667,8.56770133972168,inf,0.0,90.0,0,0,0.7186351866389471,True,35.294094,-120.66765,0.0,0.0,0.0,0.0
690fd7da87825a48788a8a4e,2025-10-12 20:10:35.743,foothill,Car,8.567701,0.0,0.0,270.0,-90.0,0.6924208402633667,8.56770133972168,inf,0.0,90.0,0,0,0.7186351866389471,True,35.294094,-120.667656,0.0,0.0,0.0,0.0
690fd7da87825a48788a8a4e,2025-10-12 20:10:35.743,foothill,Car,8.567701,0.0,0.0,270.0,0.0,0.6924208402633667,-8.56770133972168,0.0808175727725029,0.0,90.0,0,0,0.7186351866389471,True,35.294094,-120.66766,0.0,0.0,0.0,0.0
690fd7da87825a48788a8a4e,2025-10-12 20:10:35.743,foothill,Car,8.567701,0.0,0.0,0.0,90.0,0.0,0.0,inf,0.0,0.0,0,0,0.7186351866389471,True,35.294094,-120.66767,0.0,0.0,0.0,0.0
690fd7da87825a48788a8a4e,2025-10-12 20:10:35.743,foothill,Car,8.567701,0.0,0.0,0.0,0.0,0.0,0.0,inf,0.0,0.0,0,0,0.7186351866389471,True,35.294094,-120.66767,0.0,0.0,0.0,0.0
690fd7da87825a48788a8a4e,2025-10-12 20:10:35.743,foothill,Car,8.567701,0.0,0.0,270.0,-90.0,0.6924208402633667,8.56770133972168,inf,0.0,90.0,0,0,0.7186351866389471,True,35.294094,-120.66768,0.0,0.0,0.0,0.0
690fd7da87825a48788a8a4e,2025-10-12 20:10:35.743,foothill,Car,8.567701,0.0,0.0,0.0,90.0,0.0,0.0,inf,0.0,0.0,0,0,0.7186351866389471,True,35.294094,-120.66769,0.0,0.0,0.0,0.0
690fd7da87825a48788a8a4e,2025-10-12 20:10:35.743,foothill,Car,8.567701,0.0,0.0,0.0,0.0,0.0,0.0,inf,0.0,0.0,0,0,0.7186351866389471,True,35.294094,-120.66769,0.0,0.0,0.0,0.0
690fd7da87825a48788a8a4e,2025-10-12 20:10:35.743,foothill,Car,8.567701,0.0,0.0,270.0,-90.0,0.6924208402633667,-8.56770133972168,0.0808175727725029,0.0,90.0,0,0,0.7186351866389471,True,35.294094,-120.667694,0.0,0.0,0.0,0.0
690fd7da87825a48788a8a4e,2025-10-12 20:10:35.743,foothill,Car,8.567701,0.0,0.0,0.0,90.0,0.6924208402633667,-8.56770133972168,0.0808175727725029,0.0,90.0,0,0,0.7186351866389471,True,35.294094,-120.6677,0.0,0.0,0.0,0.0
690fd7da87825a48788a8a4e,2025-10-12 20:10:35.743,foothill,Car,8.567701,0.0,0.0,270.0,-90.0,0.6924208402633667,0.0,inf,0.0,0.0,0,0,0.7186351866389471,True,35.294094,-120.66771,0.0,0.0,0.0,0.0
690fd7da87825a48788a8a4e,2025-10-12 20:10:35.743,foothill,Car,8.567701,0.0,0.0,270.0,0.0,0.6924208402633667,-8.56770133972168,0.0808175727725029,0.0,90.0,0,0,0.7186351866389471,True,35.294094,-120.66772,0.0,0.0,0.0,0.0
690fd7da87825a48788a8a4e,2025-10-12 20:10:35.743,foothill,Car,8.567701,0.0,0.0,0.0,90.0,0.0,0.0,inf,0.0,0.0,0,0,0.7186351866389471,True,35.294094,-120.667725,0.0,0.0,0.0,0.0
690fd7da87825a48788a8a4e,2025-10-12 20:10:35.743,foothill,Car,8.567701,0.0,0.0,0.0,0.0,0.0,0.0,inf,0.0,0.0,0,0,0.7186351866389471,True,35.294094,-120.667725,0.0,0.0,0.0,0.0
690fd7da87825a48788a8a4e,2025-10-12 20:10:35.743,foothill,Car,8.567701,0.0,0.0,270.0,-90.0,0.6924208402633667,8.56770133972168,inf,0.0,90.0,0,0,0.7186351866389471,True,35.294094,-120.66773,0.0,0.0,0.0,0.0
690fd7da87825a48788a8a4e,2025-10-12 20:10:35.743,foothill,Car,8.567701,0.0,0.0,0.0,90.0,0.6924208402633667,8.56770133972168,inf,0.0,90.0,0,0,0.7186351866389471,True,35.294094,-120.66774,0.0,0.0,0.0,0.0
690fd7da87825a48788a8a4e,2025-10-12 20:10:35.743,foothill,Car,8.567701,0.0,0.0,270.0,-90.0,0.0,0.0,inf,0.0,0.0,0,0,0.7186351866389471,True,35.294094,-120.66775,0.0,0.0,0.0,0.0
690fd7da87825a48788a8a4e,2025-10-12 20:10:35.743,foothill,Car,8.567701,0.0,0.0,0.0,90.0,0.0,0.0,inf,0.0,90.0,0,0,0.7186351866389471,True,35.294094,-120.66775,0.0,0.0,0.0,0.0
690fd7da87825a48788a8a4e,2025-10-12 20:10:35.743,foothill,Car,8.567701,0.0,0.0,0.0,0.0,0.6924208402633667,-8.56770133972168,0.0808175727725029,0.0,90.0,0,0,0.7186351866389471,True,35.294094,-120.667755,0.0,0.0,0.0,0.0
690fd7da87825a48788a8a4e,2025-10-12 20:10:35.743,foothill,Car,8.567701,0.0,0.0,270.0,-90.0,0.6924208402633667,-8.56770133972168,0.0808175727725029,0.0,90.0,0,0,0.7186351866389471,True,35.294094,-120.66776,0.0,0.0,0.0,0.0
690fd7da87825a48788a8a4e,2025-10-12 20:10:35.743,foothill,Car,8.567701,0.0,0.0,0.0,90.0,0.0,0.0,inf,0.0,0.0,0,0,0.7186351866389471,True,35.294094,-120.66777,0.0,0.0,0.0,0.0
690fd7da87825a48788a8a4e,2025-10-12 20:10:35.743,foothill,Car,8.567701,0.0,0.0,0.0,0.0,0.0,0.0,inf,0.0,0.0,0,0,0.7186351866389471,True,35.294094,-120.66777,0.0,0.0,0.0,0.0
690fd7da87825a48788a8a4e,2025-10-12 20:10:35.743,foothill,Car,8.567701,0.0,0.0,270.0,-90.0,0.6924208402633667,8.56770133972168,inf,0.0,90.0,0,0,0.7186351866389471,True,35.294094,-120.66778,0.0,0.0,0.0,0.0
690fd7da87825a48788a8a4e,2025-10-12 20:10:35.743,foothill,Car,8.567701,0.0,0.0,270.0,0.0,0.6924208402633667,0.0,inf,0.0,0.0,0,0,0.7186351866389471,True,35.294094,-120.667786,0.0,0.0,0.0,0.0
690fd7da87825a48788a8a4e,2025-10-12 20:10:35.743,foothill,Car,8.567701,0.0,0.0,267.54456,-2.4554443,2.801976442337036,0.0119735300540924,inf,2.3097963333129883,2.4554443359375,0,0,0.7186351866389471,True,35.294083,-120.66814,0.0,0.0,0.0,0.0
690fd7da87825a48788a8a4f,2025-10-12 20:10:41.074,foothill,Car,11.5203285,0.0,0.0,0.0,0.0,15.045762062072754,-1.9513463973999023,7.710451602935791,2.650074958801269,0.0,1,0,0.99,True,35.294086,-120.667854,0.1,0.0,0.0,0.0
690fd7db87825a48788a8a50,2025-10-12 20:10:41.074,foothill,Car,14.1704035,0.0,0.0,0.0,0.0,15.045762062072754,-1.9513463973999023,7.710451602935791,2.650074958801269,0.0,1,0,0.98,True,35.293995,-120.66798,0.1,0.0,0.0,0.0
690fd7db87825a48788a8a51,2025-10-12 20:10:41.074,foothill,Car,11.310322,0.0,0.0,0.0,0.0,28.417760848999023,-0.2097960412502288,135.4542236328125,0.2100067138671875,0.0,1,0,0.43,False,35.294098,-120.66754,0.1,0.0,0.0,0.0
690fd7db87825a48788a8a52,2025-10-12 20:10:52.071,foothill,Car,2.9800847,0.0,0.0,0.0,0.0,,,,,,1,0,0.52,True,35.29397,-120.66806,0.1,0.0,0.0,0.0
690fd7db87825a48788a8a53,2025-10-12 20:10:11.602,foothill,Car,0.1614941,0.0,0.0,0.0,0.0,0.0,0.0,inf,0.0,0.0,1,0,0.7450865209876967,True,35.294037,-120.66769,0.1,0.0,0.0,0.0
690fd7db87825a48788a8a53,2025-10-12 20:10:11.602,foothill,Car,0.1614941,0.0,0.0,0.0,0.0,0.0,0.0,inf,0.0,0.0,0,0,0.7450865209876967,True,35.294037,-120.66769,0.0,0.0,0.0,0.0
690fd7db87825a48788a8a53,2025-10-12 20:10:11.602,foothill,Car,0.1614941,0.0,0.0,0.0,0.0,0.0,0.0,inf,0.0,0.0,0,0,0.7450865209876967,True,35.294037,-120.66769,0.0,0.0,0.0,0.0
690fd7db87825a48788a8a53,2025-10-12 20:10:11.602,foothill,Car,0.1614941,0.0,0.0,0.0,0.0,0.0,0.0,inf,0.0,0.0,0,0,0.7450865209876967,True,35.294037,-120.66769,0.0,0.0,0.0,0.0
690fd7db87825a48788a8a53,2025-10-12 20:10:11.602,foothill,Car,0.1614941,0.0,0.0,0.0,0.0,0.0,0.0,inf,0.0,0.0,0,0,0.7450865209876967,True,35.294037,-120.66769,0.0,0.0,0.0,0.0
690fd7db87825a48788a8a53,2025-10-12 20:10:11.602,foothill,Car,0.1614941,0.0,0.0,0.0,0.0,0.0,0.0,inf,0.0,0.0,0,0,0.7450865209876967,True,35.294037,-120.66769,0.0,0.0,0.0,0.0
690fd7db87825a48788a8a53,2025-10-12 20:10:11.602,foothill,Car,0.1614941,0.0,0.0,0.0,0.0,0.0,0.0,inf,0.0,0.0,0,0,0.7450865209876967,True,35.294037,-120.66769,0.0,0.0,0.0,0.0
690fd7db87825a48788a8a53,2025-10-12 20:10:11.602,foothill,Car,0.1614941,0.0,0.0,0.0,0.0,0.0,0.0,inf,0.0,0.0,0,0,0.7450865209876967,True,35.294037,-120.66769,0.0,0.0,0.0,0.0
690fd7db87825a48788a8a53,2025-10-12 20:10:11.602,foothill,Car,0.1614941,0.0,0.0,0.0,0.0,0.0,0.0,inf,0.0,0.0,0,0,0.7450865209876967,True,35.294037,-120.66769,0.0,0.0,0.0,0.0
690fd7db87825a48788a8a53,2025-10-12 20:10:11.602,foothill,Car,0.1614941,0.0,0.0,0.0,0.0,0.0,0.0,inf,0.0,0.0,0,0,0.7450865209876967,True,35.294037,-120.66769,0.0,0.0,0.0,0.0
690fd7db87825a48788a8a53,2025-10-12 20:10:11.602,foothill,Car,0.1614941,0.0,0.0,0.0,0.0,0.0,0.0,inf,0.0,0.0,0,0,0.7450865209876967,True,35.294037,-120.66769,0.0,0.0,0.0,0.0
690fd7db87825a48788a8a53,2025-10-12 20:10:11.602,foothill,Car,0.1614941,0.0,0.0,0.0,0.0,0.0,0.0,inf,0.0,0.0,0,0,0.7450865209876967,True,35.294037,-120.66769,0.0,0.0,0.0,0.0
690fd7db87825a48788a8a53,2025-10-12 20:10:11.602,foothill,Car,0.1614941,0.0,0.0,0.0,0.0,0.0,0.0,inf,0.0,0.0,0,0,0.7450865209876967,True,35.294037,-120.66769,0.0,0.0,0.0,0.0
690fd7db87825a48788a8a53,2025-10-12 20:10:11.602,foothill,Car,0.1614941,0.0,0.0,0.0,0.0,0.0,0.0,inf,0.0,0.0,0,0,0.7450865209876967,True,35.294037,-120.66769,0.0,0.0,0.0,0.0
690fd7db87825a48788a8a53,2025-10-12 20:10:11.602,foothill,Car,0.1614941,0.0,0.0,0.0,0.0,0.0,0.0,inf,0.0,0.0,0,0,0.7450865209876967,True,35.294037,-120.66769,0.0,0.0,0.0,0.0
690fd7db87825a48788a8a53,2025-10-12 20:10:11.602,foothill,Car,0.1614941,0.0,0.0,0.0,0.0,0.0,0.0,inf,0.0,0.0,0,0,0.7450865209876967,True,35.294037,-120.66769,0.0,0.0,0.0,0.0
690fd7db87825a48788a8a53,2025-10-12 20:10:11.602,foothill,Car,0.1614941,0.0,0.0,0.0,0.0,0.0,0.0,inf,0.0,0.0,0,0,0.7450865209876967,True,35.294037,-120.66769,0.0,0.0,0.0,0.0
690fd7db87825a48788a8a53,2025-10-12 20:10:11.602,foothill,Car,0.1614941,0.0,0.0,0.0,0.0,0.0,0.0,inf,0.0,0.0,0,0,0.7450865209876967,True,35.294037,-120.66769,0.0,0.0,0.0,0.0
690fd7db87825a48788a8a53,2025-10-12 20:10:11.602,foothill,Car,0.1614941,0.0,0.0,0.0,0.0,0.0,0.0,inf,0.0,0.0,0,0,0.7450865209876967,True,35.294037,-120.66769,0.0,0.0,0.0,0.0
690fd7db87825a48788a8a53,2025-10-12 20:10:11.602,foothill,Car,0.1614941,0.0,0.0,0.0,0.0,0.0,0.0,inf,0.0,0.0,0,0,0.7450865209876967,True,35.294037,-120.66769,0.0,0.0,0.0,0.0
690fd7db87825a48788a8a53,2025-10-12 20:10:11.602,foothill,Car,0.1614941,0.0,0.0,0.0,0.0,0.0,0.0,inf,0.0,0.0,0,0,0.7450865209876967,True,35.294037,-120.66769,0.0,0.0,0.0,0.0
690fd7db87825a48788a8a53,2025-10-12 20:10:11.602,foothill,Car,0.1614941,0.0,0.0,0.0,0.0,0.0,0.0,inf,0.0,0.0,0,0,0.7450865209876967,True,35.294037,-120.66769,0.0,0.0,0.0,0.0
690fd7db87825a48788a8a53,2025-10-12 20:10:11.602,foothill,Car,0.1614941,0.0,0.0,0.0,0.0,0.0,0.0,inf,0.0,0.0,0,0,0.7450865209876967,True,35.294037,-120.66769,0.0,0.0,0.0,0.0
690fd7db87825a48788a8a53,2025-10-12 20:10:11.602,foothill,Car,0.1614941,0.0,0.0,0.0,0.0,0.0,0.0,inf,0.0,0.0,0,0,0.7450865209876967,True,35.294037,-120.66769,0.0,0.0,0.0,0.0
690fd7db87825a48788a8a53,2025-10-12 20:10:11.602,foothill,Car,0.1614941,0.0,0.0,0.0,0.0,0.0,0.0,inf,0.0,0.0,0,0,0.7450865209876967,True,35.294037,-120.66769,0.0,0.0,0.0,0.0
690fd7db87825a48788a8a53,2025-10-12 20:10:11.602,foothill,Car,0.1614941,0.0,0.0,0.0,0.0,0.0,0.0,inf,0.0,0.0,0,0,0.7450865209876967,True,35.294037,-120.66769,0.0,0.0,0.0,0.0
690fd7db87825a48788a8a53,2025-10-12 20:10:11.602,foothill,Car,0.1614941,0.0,0.0,0.0,0.0,0.0,0.0,inf,0.0,0.0,0,0,0.7450865209876967,True,35.294037,-120.66769,0.0,0.0,0.0,0.0
690fd7db87825a48788a8a53,2025-10-12 20:10:11.602,foothill,Car,0.1614941,0.0,0.0,0.0,0.0,0.0,0.0,inf,0.0,0.0,0,0,0.7450865209876967,True,35.294037,-120.66769,0.0,0.0,0.0,0.0
690fd7db87825a48788a8a53,2025-10-12 20:10:11.602,foothill,Car,0.1614941,0.0,0.0,0.0,0.0,0.0,0.0,inf,0.0,0.0,0,0,0.7450865209876967,True,35.294037,-120.66769,0.0,0.0,0.0,0.0
690fd7db87825a48788a8a53,2025-10-12 20:10:11.602,foothill,Car,0.1614941,0.0,0.0,0.0,0.0,0.0,0.0,inf,0.0,0.0,0,0,0.7450865209876967,True,35.294037,-120.66769,0.0,0.0,0.0,0.0
690fd7db87825a48788a8a53,2025-10-12 20:10:11.602,foothill,Car,0.1614941,0.0,0.0,0.0,0.0,0.0,0.0,inf,0.0,0.0,0,0,0.7450865209876967,True,35.294037,-120.66769,0.0,0.0,0.0,0.0
690fd7db87825a48788a8a53,2025-10-12 20:10:11.602,foothill,Car,0.1614941,0.0,0.0,0.0,0.0,0.0,0.0,inf,0.0,0.0,0,0,0.7450865209876967,True,35.294037,-120.66769,0.0,0.0,0.0,0.0
690fd7db87825a48788a8a53,2025-10-12 20:10:11.602,foothill,Car,0.1614941,0.0,0.0,0.0,0.0,0.0,0.0,inf,0.0,0.0,0,0,0.7450865209876967,True,35.294037,-120.66769,0.0,0.0,0.0,0.0
690fd7db87825a48788a8a53,2025-10-12 20:10:11.602,foothill,Car,0.1614941,0.0,0.0,0.0,0.0,0.0,0.0,inf,0.0,0.0,0,0,0.7450865209876967,True,35.294037,-120.66769,0.0,0.0,0.0,0.0
690fd7db87825a48788a8a53,2025-10-12 20:10:11.602,foothill,Car,0.1614941,0.0,0.0,0.0,0.0,0.0,0.0,inf,0.0,0.0,0,0,0.7450865209876967,True,35.294037,-120.66769,0.0,0.0,0.0,0.0
690fd7db87825a48788a8a53,2025-10-12 20:10:11.602,foothill,Car,0.1614941,0.0,0.0,0.0,0.0,0.0,0.0,inf,0.0,0.0,0,0,0.7450865209876967,True,35.294037,-120.66769,0.0,0.0,0.0,0.0
690fd7db87825a48788a8a53,2025-10-12 20:10:11.602,foothill,Car,0.1614941,0.0,0.0,0.0,0.0,0.0,0.0,inf,0.0,0.0,0,0,0.7450865209876967,True,35.294037,-120.66769,0.0,0.0,0.0,0.0
690fd7db87825a48788a8a53,2025-10-12 20:10:11.602,foothill,Car,0.1614941,0.0,0.0,0.0,0.0,0.0,0.0,inf,0.0,0.0,0,0,0.7450865209876967,True,35.294037,-120.66769,0.0,0.0,0.0,0.0
690fd7db87825a48788a8a53,2025-10-12 20:10:11.602,foothill,Car,0.1614941,0.0,0.0,0.0,0.0,0.0,0.0,inf,0.0,0.0,0,0,0.7450865209876967,True,35.294037,-120.66768,0.0,0.0,0.0,0.0
690fd7db87825a48788a8a53,2025-10-12 20:10:11.602,foothill,Car,0.1614941,0.0,0.0,0.0,0.0,0.0,0.0,inf,0.0,0.0,0,0,0.7450865209876967,True,35.294037,-120.66768,0.0,0.0,0.0,0.0
690fd7db87825a48788a8a53,2025-10-12 20:10:11.602,foothill,Car,0.1614941,0.0,0.0,0.0,0.0,0.0,0.0,inf,0.0,0.0,0,0,0.7450865209876967,True,35.294037,-120.66768,0.0,0.0,0.0,0.0
690fd7db87825a48788a8a53,2025-10-12 20:10:11.602,foothill,Car,0.1614941,0.0,0.0,0.0,0.0,0.0,0.0,inf,0.0,0.0,0,0,0.7450865209876967,True,35.294037,-120.66768,0.0,0.0,0.0,0.0
690fd7db87825a48788a8a53,2025-10-12 20:10:11.602,foothill,Car,0.1614941,0.0,0.0,0.0,0.0,0.0,0.0,inf,0.0,0.0,0,0,0.7450865209876967,True,35.294037,-120.66768,0.0,0.0,0.0,0.0
690fd7db87825a48788a8a53,2025-10-12 20:10:11.602,foothill,Car,0.1614941,0.0,0.0,0.0,0.0,0.0,0.0,inf,0.0,0.0,0,0,0.7450865209876967,True,35.294037,-120.66768,0.0,0.0,0.0,0.0
690fd7db87825a48788a8a53,2025-10-12 20:10:11.602,foothill,Car,0.1614941,0.0,0.0,0.0,0.0,0.0,0.0,inf,0.0,0.0,0,0,0.7450865209876967,True,35.294037,-120.66768,0.0,0.0,0.0,0.0
690fd7db87825a48788a8a53,2025-10-12 20:10:11.602,foothill,Car,0.1614941,0.0,0.0,0.0,0.0,0.0,0.0,inf,0.0,0.0,0,0,0.7450865209876967,True,35.294037,-120.66768,0.0,0.0,0.0,0.0
690fd7db87825a48788a8a53,2025-10-12 20:10:11.602,foothill,Car,0.1614941,0.0,0.0,0.0,0.0,0.0,0.0,inf,0.0,0.0,0,0,0.7450865209876967,True,35.294037,-120.66768,0.0,0.0,0.0,0.0
690fd7db87825a48788a8a53,2025-10-12 20:10:11.602,foothill,Car,0.1614941,0.0,0.0,0.0,0.0,0.0,0.0,inf,0.0,0.0,0,0,0.7450865209876967,True,35.294037,-120.66768,0.0,0.0,0.0,0.0
690fd7db87825a48788a8a53,2025-10-12 20:10:11.602,foothill,Car,0.1614941,0.0,0.0,0.0,0.0,0.0,0.0,inf,0.0,0.0,0,0,0.7450865209876967,True,35.294037,-120.66768,0.0,0.0,0.0,0.0
690fd7db87825a48788a8a53,2025-10-12 20:10:11.602,foothill,Car,0.1614941,0.0,0.0,0.0,0.0,0.0,0.0,inf,0.0,0.0,0,0,0.7450865209876967,True,35.294037,-120.66768,0.0,0.0,0.0,0.0
690fd7db87825a48788a8a53,2025-10-12 20:10:11.602,foothill,Car,0.1614941,0.0,0.0,0.0,0.0,0.0,0.0,inf,0.0,0.0,0,0,0.7450865209876967,True,35.294037,-120.66768,0.0,0.0,0.0,0.0
690fd7db87825a48788a8a53,2025-10-12 20:10:11.602,foothill,Car,0.1614941,0.0,0.0,0.0,0.0,0.0,0.0,inf,0.0,0.0,0,0,0.7450865209876967,True,35.294037,-120.66768,0.0,0.0,0.0,0.0
690fd7db87825a48788a8a53,2025-10-12 20:10:11.602,foothill,Car,0.1614941,0.0,0.0,0.0,0.0,0.0,0.0,inf,0.0,0.0,0,0,0.7450865209876967,True,35.294037,-120.66768,0.0,0.0,0.0,0.0
690fd7db87825a48788a8a53,2025-10-12 20:10:11.602,foothill,Car,0.1614941,0.0,0.0,0.0,0.0,0.0,0.0,inf,0.0,0.0,0,0,0.7450865209876967,True,35.294037,-120.66768,0.0,0.0,0.0,0.0
690fd7db87825a48788a8a53,2025-10-12 20:10:11.602,foothill,Car,0.1614941,0.0,0.0,0.0,0.0,0.0,0.0,inf,0.0,0.0,0,0,0.7450865209876967,True,35.294037,-120.66768,0.0,0.0,0.0,0.0
690fd7db87825a48788a8a53,2025-10-12 20:10:11.602,foothill,Car,0.1614941,0.0,0.0,0.0,0.0,0.0,0.0,inf,0.0,0.0,0,0,0.7450865209876967,True,35.294037,-120.66768,0.0,0.0,0.0,0.0
690fd7db87825a48788a8a53,2025-10-12 20:10:11.602,foothill,Car,0.1614941,0.0,0.0,0.0,0.0,0.0,0.0,inf,0.0,0.0,0,0,0.7450865209876967,True,35.294037,-120.66768,0.0,0.0,0.0,0.0
690fd7db87825a48788a8a53,2025-10-12 20:10:11.602,foothill,Car,0.1614941,0.0,0.0,0.0,0.0,0.0,0.0,inf,0.0,0.0,0,0,0.7450865209876967,True,35.294037,-120.66768,0.0,0.0,0.0,0.0
690fd7db87825a48788a8a53,2025-10-12 20:10:11.602,foothill,Car,0.1614941,0.0,0.0,0.0,0.0,0.0,0.0,inf,0.0,0.0,0,0,0.7450865209876967,True,35.294037,-120.66768,0.0,0.0,0.0,0.0
690fd7db87825a48788a8a53,2025-10-12 20:10:11.602,foothill,Car,0.1614941,0.0,0.0,0.0,0.0,0.0,0.0,inf,0.0,0.0,0,0,0.7450865209876967,True,35.294037,-120.66768,0.0,0.0,0.0,0.0
690fd7db87825a48788a8a53,2025-10-12 20:10:11.602,foothill,Car,0.1614941,0.0,0.0,0.0,0.0,0.0,0.0,inf,0.0,0.0,0,0,0.7450865209876967,True,35.294037,-120.66768,0.0,0.0,0.0,0.0
690fd7db87825a48788a8a53,2025-10-12 20:10:11.602,foothill,Car,0.1614941,0.0,0.0,0.0,0.0,0.0,0.0,inf,0.0,0.0,0,0,0.7450865209876967,True,35.294037,-120.66768,0.0,0.0,0.0,0.0
690fd7db87825a48788a8a53,2025-10-12 20:10:11.602,foothill,Car,0.1614941,0.0,0.0,0.0,0.0,0.0,0.0,inf,0.0,0.0,0,0,0.7450865209876967,True,35.294037,-120.66768,0.0,0.0,0.0,0.0
690fd7db87825a48788a8a53,2025-10-12 20:10:11.602,foothill,Car,0.1614941,0.0,0.0,0.0,0.0,0.0,0.0,inf,0.0,0.0,0,0,0.7450865209876967,True,35.294037,-120.66768,0.0,0.0,0.0,0.0
690fd7db87825a48788a8a53,2025-10-12 20:10:11.602,foothill,Car,0.1614941,0.0,0.0,0.0,0.0,0.0,0.0,inf,0.0,0.0,0,0,0.7450865209876967,True,35.294037,-120.66768,0.0,0.0,0.0,0.0
690fd7db87825a48788a8a53,2025-10-12 20:10:11.602,foothill,Car,0.1614941,0.0,0.0,0.0,0.0,0.0,0.0,inf,0.0,0.0,0,0,0.7450865209876967,True,35.294037,-120.66768,0.0,0.0,0.0,0.0
690fd7db87825a48788a8a53,2025-10-12 20:10:11.602,foothill,Car,0.1614941,0.0,0.0,0.0,0.0,0.0,0.0,inf,0.0,0.0,0,0,0.7450865209876967,True,35.294037,-120.66768,0.0,0.0,0.0,0.0
690fd7db87825a48788a8a53,2025-10-12 20:10:11.602,foothill,Car,0.1614941,0.0,0.0,0.0,0.0,0.0,0.0,inf,0.0,0.0,0,0,0.7450865209876967,True,35.294037,-120.66768,0.0,0.0,0.0,0.0
690fd7db87825a48788a8a53,2025-10-12 20:10:11.602,foothill,Car,0.1614941,0.0,0.0,0.0,0.0,0.0,0.0,inf,0.0,0.0,0,0,0.7450865209876967,True,35.294037,-120.66768,0.0,0.0,0.0,0.0
690fd7db87825a48788a8a53,2025-10-12 20:10:11.602,foothill,Car,0.1614941,0.0,0.0,0.0,0.0,0.0,0.0,inf,0.0,0.0,0,0,0.7450865209876967,True,35.294037,-120.66768,0.0,0.0,0.0,0.0
690fd7db87825a48788a8a53,2025-10-12 20:10:11.602,foothill,Car,0.1614941,0.0,0.0,0.0,0.0,0.0,0.0,inf,0.0,0.0,0,0,0.7450865209876967,True,35.294037,-120.66768,0.0,0.0,0.0,0.0
690fd7db87825a48788a8a53,2025-10-12 20:10:11.602,foothill,Car,0.1614941,0.0,0.0,0.0,0.0,0.0,0.0,inf,0.0,0.0,0,0,0.7450865209876967,True,35.294037,-120.66768,0.0,0.0,0.0,0.0
690fd7db87825a48788a8a53,2025-10-12 20:10:11.602,foothill,Car,0.1614941,0.0,0.0,0.0,0.0,0.0,0.0,inf,0.0,0.0,0,0,0.7450865209876967,True,35.294037,-120.66768,0.0,0.0,0.0,0.0
690fd7db87825a48788a8a53,2025-10-12 20:10:11.602,foothill,Car,0.1614941,0.0,0.0,0.0,0.0,0.0,0.0,inf,0.0,0.0,0,0,0.7450865209876967,True,35.294037,-120.66768,0.0,0.0,0.0,0.0
690fd7db87825a48788a8a53,2025-10-12 20:10:11.602,foothill,Car,0.1614941,0.0,0.0,0.0,0.0,0.0,0.0,inf,0.0,0.0,0,0,0.7450865209876967,True,35.294037,-120.66768,0.0,0.0,0.0,0.0
690fd7db87825a48788a8a53,2025-10-12 20:10:11.602,foothill,Car,0.1614941,0.0,0.0,0.0,0.0,0.0,0.0,inf,0.0,0.0,0,0,0.7450865209876967,True,35.294037,-120.66768,0.0,0.0,0.0,0.0
690fd7db87825a48788a8a53,2025-10-12 20:10:11.602,foothill,Car,0.1614941,0.0,0.0,0.0,0.0,0.0,0.0,inf,0.0,0.0,0,0,0.7450865209876967,True,35.294037,-120.66768,0.0,0.0,0.0,0.0
690fd7db87825a48788a8a53,2025-10-12 20:10:11.602,foothill,Car,0.1614941,0.0,0.0,0.0,0.0,0.0,0.0,inf,0.0,0.0,0,0,0.7450865209876967,True,35.294037,-120.66768,0.0,0.0,0.0,0.0
690fd7db87825a48788a8a53,2025-10-12 20:10:11.602,foothill,Car,0.1614941,0.0,0.0,0.0,0.0,0.0,0.0,inf,0.0,0.0,0,0,0.7450865209876967,True,35.294037,-120.66768,0.0,0.0,0.0,0.0
690fd7db87825a48788a8a53,2025-10-12 20:10:11.602,foothill,Car,0.1614941,0.0,0.0,0.0,0.0,0.0,0.0,inf,0.0,0.0,0,0,0.7450865209876967,True,35.294037,-120.66768,0.0,0.0,0.0,0.0
690fd7db87825a48788a8a53,2025-10-12 20:10:11.602,foothill,Car,0.1614941,0.0,0.0,0.0,0.0,0.0,0.0,inf,0.0,0.0,0,0,0.7450865209876967,True,35.294037,-120.66768,0.0,0.0,0.0,0.0
690fd7db87825a48788a8a53,2025-10-12 20:10:11.602,foothill,Car,0.1614941,0.0,0.0,0.0,0.0,0.0,0.0,inf,0.0,0.0,0,0,0.7450865209876967,True,35.294037,-120.66768,0.0,0.0,0.0,0.0
690fd7db87825a48788a8a53,2025-10-12 20:10:11.602,foothill,Car,0.1614941,0.0,0.0,0.0,0.0,0.0,0.0,inf,0.0,0.0,0,0,0.7450865209876967,True,35.294037,-120.66768,0.0,0.0,0.0,0.0
690fd7db87825a48788a8a53,2025-10-12 20:10:11.602,foothill,Car,0.1614941,0.0,0.0,0.0,0.0,0.0,0.0,inf,0.0,0.0,0,0,0.7450865209876967,True,35.294037,-120.66768,0.0,0.0,0.0,0.0
690fd7db87825a48788a8a53,2025-10-12 20:10:11.602,foothill,Car,0.1614941,0.0,0.0,0.0,0.0,0.0,0.0,inf,0.0,0.0,0,0,0.7450865209876967,True,35.294037,-120.66768,0.0,0.0,0.0,0.0
690fd7db87825a48788a8a53,2025-10-12 20:10:11.602,foothill,Car,0.1614941,0.0,0.0,0.0,0.0,0.0,0.0,inf,0.0,0.0,0,0,0.7450865209876967,True,35.294037,-120.66768,0.0,0.0,0.0,0.0
690fd7db87825a48788a8a53,2025-10-12 20:10:11.602,foothill,Car,0.1614941,0.0,0.0,0.0,0.0,0.0,0.0,inf,0.0,0.0,0,0,0.7450865209876967,True,35.294037,-120.66768,0.0,0.0,0.0,0.0
690fd7db87825a48788a8a53,2025-10-12 20:10:11.602,foothill,Car,0.1614941,0.0,0.0,0.0,0.0,0.0,0.0,inf,0.0,0.0,0,0,0.7450865209876967,True,35.294037,-120.66768,0.0,0.0,0.0,0.0
690fd7db87825a48788a8a53,2025-10-12 20:10:11.602,foothill,Car,0.1614941,0.0,0.0,0.0,0.0,0.0,0.0,inf,0.0,0.0,0,0,0.7450865209876967,True,35.294037,-120.66768,0.0,0.0,0.0,0.0
690fd7db87825a48788a8a53,2025-10-12 20:10:11.602,foothill,Car,0.1614941,0.0,0.0,0.0,0.0,0.0,0.0,inf,0.0,0.0,0,0,0.7450865209876967,True,35.294037,-120.66768,0.0,0.0,0.0,0.0
690fd7db87825a48788a8a53,2025-10-12 20:10:11.602,foothill,Car,0.1614941,0.0,0.0,0.0,0.0,0.0,0.0,inf,0.0,0.0,0,0,0.7450865209876967,True,35.294037,-120.66768,0.0,0.0,0.0,0.0
690fd7db87825a48788a8a53,2025-10-12 20:10:11.602,foothill,Car,0.1614941,0.0,0.0,268.53784,-91.46216,3.6650991439819336,-0.0108251273632049,338.57330322265625,0.2586289048194885,91.462158203125,0,0,0.7450865209876967,True,35.294033,-120.66776,0.0,0.0,0.0,0.0
690fd7db87825a48788a8a53,2025-10-12 20:10:11.602,foothill,Car,0.1614941,0.0,0.0,226.79239,-41.745453,0.0,0.0,inf,0.0,0.0,0,0,0.7450865209876967,True,35.293877,-120.66797,0.0,0.0,0.0,0.0
690fd7db87825a48788a8a53,2025-10-12 20:10:11.602,foothill,Car,0.1614941,0.0,0.0,0.0,133.20761,0.0,0.0,inf,0.0,133.20761108398438,0,0,0.7450865209876967,True,35.293877,-120.66797,0.0,0.0,0.0,0.0
690fd7db87825a48788a8a53,2025-10-12 20:10:11.602,foothill,Car,0.1614941,0.0,0.0,252.9703,-107.02969,0.0,-0.0,inf,0.0,107.02969360351562,0,0,0.7450865209876967,True,35.293873,-120.66798,0.0,0.0,0.0,0.0
690fd7db87825a48788a8a53,2025-10-12 20:10:11.602,foothill,Car,0.1614941,0.0,0.0,0.0,107.02969,0.0,0.0,inf,0.0,0.0,0,0,0.7450865209876967,True,35.293873,-120.66798,0.0,0.0,0.0,0.0
690fd7db87825a48788a8a53,2025-10-12 20:10:11.602,foothill,Car,0.1614941,0.0,0.0,180.0,-180.0,0.0,0.0,inf,0.0,180.0,0,0,0.7450865209876967,True,35.29387,-120.66798,0.0,0.0,0.0,0.0
690fd7db87825a48788a8a53,2025-10-12 20:10:11.602,foothill,Car,0.1614941,0.0,0.0,0.0,-180.0,0.0,0.0,inf,0.0,0.0,0,0,0.7450865209876967,True,35.29387,-120.66798,0.0,0.0,0.0,0.0
690fd7db87825a48788a8a53,2025-10-12 20:10:11.602,foothill,Car,0.1614941,0.0,0.0,180.0,-180.0,0.0,0.0,inf,0.0,180.0,0,0,0.7450865209876967,True,35.293865,-120.66798,0.0,0.0,0.0,0.0
690fd7db87825a48788a8a53,2025-10-12 20:10:11.602,foothill,Car,0.1614941,0.0,0.0,0.0,-180.0,0.0,0.0,inf,0.0,0.0,0,0,0.7450865209876967,True,35.293865,-120.66798,0.0,0.0,0.0,0.0
690fd7db87825a48788a8a53,2025-10-12 20:10:11.602,foothill,Car,0.1614941,0.0,0.0,180.0,-180.0,0.4241749942302704,0.0,inf,0.0,0.0,0,0,0.7450865209876967,True,35.29386,-120.66798,0.0,0.0,0.0,0.0
690fd7db87825a48788a8a53,2025-10-12 20:10:11.602,foothill,Car,0.1614941,0.0,0.0,180.0,0.0,0.4241749942302704,1.9777324308965127e-17,inf,0.0,180.0,0,0,0.7450865209876967,True,35.293858,-120.66798,0.0,0.0,0.0,0.0
690fd7db87825a48788a8a53,2025-10-12 20:10:11.602,foothill,Car,0.1614941,0.0,0.0,0.0,-180.0,0.0,0.0,inf,0.0,0.0,0,0,0.7450865209876967,True,35.293854,-120.66798,0.0,0.0,0.0,0.0
690fd7db87825a48788a8a53,2025-10-12 20:10:11.602,foothill,Car,0.1614941,0.0,0.0,0.0,0.0,0.0,0.0,inf,0.0,0.0,0,0,0.7450865209876967,True,35.293854,-120.66798,0.0,0.0,0.0,0.0
690fd7db87825a48788a8a53,2025-10-12 20:10:11.602,foothill,Car,0.1614941,0.0,0.0,180.0,-180.0,0.0,0.0,inf,0.0,0.0,0,0,0.7450865209876967,True,35.29385,-120.66798,0.0,0.0,0.0,0.0
690fd7db87825a48788a8a53,2025-10-12 20:10:11.602,foothill,Car,0.1614941,0.0,0.0,0.0,-180.0,0.0,0.0,inf,0.0,180.0,0,0,0.7450865209876967,True,35.29385,-120.66798,0.0,0.0,0.0,0.0
690fd7db87825a48788a8a53,2025-10-12 20:10:11.602,foothill,Car,0.1614941,0.0,0.0,180.0,-180.0,0.0,0.0,inf,0.0,0.0,0,0,0.7450865209876967,True,35.293846,-120.66798,0.0,0.0,0.0,0.0
690fd7db87825a48788a8a53,2025-10-12 20:10:11.602,foothill,Car,0.1614941,0.0,0.0,0.0,-180.0,0.0,0.0,inf,0.0,180.0,0,0,0.7450865209876967,True,35.293846,-120.66798,0.0,0.0,0.0,0.0
690fd7db87825a48788a8a53,2025-10-12 20:10:11.602,foothill,Car,0.1614941,0.0,0.0,180.0,-180.0,0.0,0.0,inf,0.0,0.0,0,0,0.7450865209876967,True,35.293842,-120.66798,0.0,0.0,0.0,0.0
690fd7db87825a48788a8a53,2025-10-12 20:10:11.602,foothill,Car,0.1614941,0.0,0.0,0.0,-180.0,0.0,0.0,inf,0.0,180.0,0,0,0.7450865209876967,True,35.293842,-120.66798,0.0,0.0,0.0,0.0
690fd7db87825a48788a8a53,2025-10-12 20:10:11.602,foothill,Car,0.1614941,0.0,0.0,180.0,-180.0,0.0,0.0,inf,0.0,0.0,0,0,0.7450865209876967,True,35.29384,-120.66798,0.0,0.0,0.0,0.0
690fd7db87825a48788a8a53,2025-10-12 20:10:11.602,foothill,Car,0.1614941,0.0,0.0,0.0,-180.0,0.0,0.0,inf,0.0,180.0,0,0,0.7450865209876967,True,35.29384,-120.66798,0.0,0.0,0.0,0.0
690fd7db87825a48788a8a53,2025-10-12 20:10:11.602,foothill,Car,0.1614941,0.0,0.0,180.0,-180.0,0.0,0.0,inf,0.0,180.0,0,0,0.7450865209876967,True,35.293835,-120.66798,0.0,0.0,0.0,0.0
690fd7db87825a48788a8a53,2025-10-12 20:10:11.602,foothill,Car,0.1614941,0.0,0.0,0.0,-180.0,0.0,0.0,inf,0.0,0.0,0,0,0.7450865209876967,True,35.293835,-120.66798,0.0,0.0,0.0,0.0
690fd7db87825a48788a8a53,2025-10-12 20:10:11.602,foothill,Car,0.1614941,0.0,0.0,180.0,-180.0,0.0,0.0,inf,0.0,0.0,0,0,0.7450865209876967,True,35.29383,-120.66798,0.0,0.0,0.0,0.0
690fd7db87825a48788a8a53,2025-10-12 20:10:11.602,foothill,Car,0.1614941,0.0,0.0,0.0,-180.0,0.0,0.0,inf,0.0,180.0,0,0,0.7450865209876967,True,35.29383,-120.66798,0.0,0.0,0.0,0.0
690fd7db87825a48788a8a53,2025-10-12 20:10:11.602,foothill,Car,0.1614941,0.0,0.0,0.0,0.0,0.0,0.0,inf,0.0,180.0,0,0,0.7450865209876967,True,35.29383,-120.66798,0.0,0.0,0.0,0.0
690fd7db87825a48788a8a53,2025-10-12 20:10:11.602,foothill,Car,0.1614941,0.0,0.0,0.0,0.0,0.0,0.0,inf,0.0,180.0,0,0,0.7450865209876967,True,35.29383,-120.66798,0.0,0.0,0.0,0.0
690fd7db87825a48788a8a53,2025-10-12 20:10:11.602,foothill,Car,0.1614941,0.0,0.0,0.0,0.0,0.0,0.0,inf,0.0,180.0,0,0,0.7450865209876967,True,35.29383,-120.66798,0.0,0.0,0.0,0.0
690fd7db87825a48788a8a53,2025-10-12 20:10:11.602,foothill,Car,0.1614941,0.0,0.0,0.0,0.0,0.0,0.0,inf,0.0,180.0,0,0,0.7450865209876967,True,35.29383,-120.66798,0.0,0.0,0.0,0.0
690fd7db87825a48788a8a54,2025-10-12 20:10:59.872,foothill,Motorcycle,7.6919794,0.0,0.0,0.0,0.0,0.4241749942302704,-9.419958226742297e-16,450293934325760.0,0.0,180.0,1,0,0.627773908222474,True,35.29417,-120.66806,0.1,0.0,0.0,0.0
690fd7db87825a48788a8a54,2025-10-12 20:10:59.872,foothill,Motorcycle,7.6919794,0.0,0.0,180.0,-180.0,0.4241749942302704,0.0,inf,0.0,0.0,0,0,0.627773908222474,True,35.294167,-120.66806,0.0,0.0,0.0,0.0
690fd7db87825a48788a8a54,2025-10-12 20:10:59.872,foothill,Motorcycle,7.6919794,0.0,0.0,180.0,0.0,0.0,0.0,inf,0.0,0.0,0,0,0.627773908222474,True,35.294163,-120.66806,0.0,0.0,0.0,0.0
690fd7db87825a48788a8a54,2025-10-12 20:10:59.872,foothill,Motorcycle,7.6919794,0.0,0.0,0.0,-180.0,0.0,0.0,inf,0.0,180.0,0,0,0.627773908222474,True,35.294163,-120.66806,0.0,0.0,0.0,0.0
690fd7db87825a48788a8a54,2025-10-12 20:10:59.872,foothill,Motorcycle,7.6919794,0.0,0.0,114.67633,114.67633,0.4241749942302704,6.989553451538086,inf,0.0,65.32366943359375,0,0,0.627773908222474,True,35.29416,-120.66805,0.0,0.0,0.0,0.0
690fd7db87825a48788a8a54,2025-10-12 20:10:59.872,foothill,Motorcycle,7.6919794,0.0,0.0,180.0,65.32367,0.4241749942302704,6.989553451538086,inf,0.0,65.32366943359375,0,0,0.627773908222474,True,35.294155,-120.66805,0.0,0.0,0.0,0.0
690fd7db87825a48788a8a54,2025-10-12 20:10:59.872,foothill,Motorcycle,7.6919794,0.0,0.0,0.0,-180.0,0.4241749942302704,9.419958226742297e-16,inf,0.0,180.0,0,0,0.627773908222474,True,35.29415,-120.66805,0.0,0.0,0.0,0.0
690fd7db87825a48788a8a54,2025-10-12 20:10:59.872,foothill,Motorcycle,7.6919794,0.0,0.0,180.0,-180.0,0.4241749942302704,0.0,inf,0.0,0.0,0,0,0.627773908222474,True,35.294147,-120.66805,0.0,0.0,0.0,0.0
690fd7db87825a48788a8a54,2025-10-12 20:10:59.872,foothill,Motorcycle,7.6919794,0.0,0.0,180.0,0.0,0.4241749942302704,0.0,inf,0.0,0.0,0,0,0.627773908222474,True,35.294144,-120.66805,0.0,0.0,0.0,0.0
690fd7db87825a48788a8a54,2025-10-12 20:10:59.872,foothill,Motorcycle,7.6919794,0.0,0.0,180.0,0.0,0.8120163083076477,0.0,inf,0.0,0.0,0,0,0.627773908222474,True,35.29414,-120.668045,0.0,0.0,0.0,0.0
690fd7db87825a48788a8a54,2025-10-12 20:10:59.872,foothill,Motorcycle,7.6919794,0.0,0.0,180.0,0.0,0.4241749942302704,0.0,inf,0.0,0.0,0,0,0.627773908222474,True,35.294132,-120.668045,0.0,0.0,0.0,0.0
690fd7db87825a48788a8a54,2025-10-12 20:10:59.872,foothill,Motorcycle,7.6919794,0.0,0.0,180.0,0.0,0.4241749942302704,0.0,inf,0.0,0.0,0,0,0.627773908222474,True,35.29413,-120.668045,0.0,0.0,0.0,0.0
690fd7db87825a48788a8a54,2025-10-12 20:10:59.872,foothill,Motorcycle,7.6919794,0.0,0.0,180.0,0.0,0.4241749942302704,0.0,inf,0.0,0.0,0,0,0.627773908222474,True,35.294125,-120.668045,0.0,0.0,0.0,0.0
690fd7db87825a48788a8a54,2025-10-12 20:10:59.872,foothill,Motorcycle,7.6919794,0.0,0.0,107.029755,-72.970245,0.4241749942302704,7.354707717895508,inf,0.0,72.97024536132812,0,0,0.627773908222474,True,35.294117,-120.66804,0.0,0.0,0.0,0.0
690fd7db87825a48788a8a54,2025-10-12 20:10:59.872,foothill,Motorcycle,7.6919794,0.0,0.0,180.0,72.970245,0.4241749942302704,7.354707717895508,inf,0.0,72.97024536132812,0,0,0.627773908222474,True,35.294113,-120.66804,0.0,0.0,0.0,0.0
690fd7db87825a48788a8a54,2025-10-12 20:10:59.872,foothill,Motorcycle,7.6919794,0.0,0.0,180.0,0.0,0.8483499884605408,0.0,inf,0.0,0.0,0,0,0.627773908222474,True,35.294106,-120.66804,0.0,0.0,0.0,0.0
690fd7db87825a48788a8a54,2025-10-12 20:10:59.872,foothill,Motorcycle,7.6919794,0.0,0.0,114.6763,-65.3237,0.4241749942302704,6.989555358886719,inf,0.0,65.32369995117188,0,0,0.627773908222474,True,35.294098,-120.66803,0.0,0.0,0.0,0.0
690fd7db87825a48788a8a54,2025-10-12 20:10:59.872,foothill,Motorcycle,7.6919794,0.0,0.0,180.0,65.3237,0.4241749942302704,6.989555358886719,inf,0.0,65.32369995117188,0,0,0.627773908222474,True,35.294094,-120.66803,0.0,0.0,0.0,0.0
690fd7db87825a48788a8a54,2025-10-12 20:10:59.872,foothill,Motorcycle,7.6919794,0.0,0.0,180.0,0.0,0.8483499884605408,0.0,inf,0.0,0.0,0,0,0.627773908222474,True,35.294086,-120.66803,0.0,0.0,0.0,0.0
690fd7db87825a48788a8a54,2025-10-12 20:10:59.872,foothill,Motorcycle,7.6919794,0.0,0.0,180.0,0.0,0.8483499884605408,0.0,inf,0.0,0.0,0,0,0.627773908222474,True,35.29408,-120.66803,0.0,0.0,0.0,0.0
690fd7db87825a48788a8a54,2025-10-12 20:10:59.872,foothill,Motorcycle,7.6919794,0.0,0.0,180.0,0.0,0.4241749942302704,0.0,inf,0.0,0.0,0,0,0.627773908222474,True,35.29407,-120.66802,0.0,0.0,0.0,0.0
690fd7db87825a48788a8a54,2025-10-12 20:10:59.872,foothill,Motorcycle,7.6919794,0.0,0.0,180.0,0.0,0.4241749942302704,0.0,inf,0.0,0.0,0,0,0.627773908222474,True,35.294067,-120.66802,0.0,0.0,0.0,0.0
690fd7db87825a48788a8a54,2025-10-12 20:10:59.872,foothill,Motorcycle,7.6919794,0.0,0.0,180.0,0.0,0.8483499884605408,0.0,inf,0.0,0.0,0,0,0.627773908222474,True,35.29406,-120.66802,0.0,0.0,0.0,0.0
690fd7db87825a48788a8a54,2025-10-12 20:10:59.872,foothill,Motorcycle,7.6919794,0.0,0.0,127.44293,-52.557068,0.8483499884605408,6.107118606567383,inf,0.0,52.55706787109375,0,0,0.627773908222474,True,35.294052,-120.668015,0.0,0.0,0.0,0.0
690fd7db87825a48788a8a54,2025-10-12 20:10:59.872,foothill,Motorcycle,7.6919794,0.0,0.0,180.0,52.557068,0.8483499884605408,6.107118606567383,inf,0.0,52.55706787109375,0,0,0.627773908222474,True,35.294044,-120.668015,0.0,0.0,0.0,0.0
690fd7db87825a48788a8a54,2025-10-12 20:10:59.872,foothill,Motorcycle,7.6919794,0.0,0.0,180.0,0.0,0.8483499884605408,0.0,inf,0.0,0.0,0,0,0.627773908222474,True,35.294037,-120.668015,0.0,0.0,0.0,0.0
690fd7db87825a48788a8a54,2025-10-12 20:10:59.872,foothill,Motorcycle,7.6919794,0.0,0.0,180.0,0.0,0.4241749942302704,0.0,inf,0.0,0.0,0,0,0.627773908222474,True,35.29403,-120.66801,0.0,0.0,0.0,0.0
690fd7db87825a48788a8a54,2025-10-12 20:10:59.872,foothill,Motorcycle,7.6919794,0.0,0.0,180.0,0.0,0.4241749942302704,0.0,inf,0.0,0.0,0,0,0.627773908222474,True,35.294025,-120.66801,0.0,0.0,0.0,0.0
690fd7db87825a48788a8a54,2025-10-12 20:10:59.872,foothill,Motorcycle,7.6919794,0.0,0.0,121.491486,-58.508514,0.8483499884605408,6.559087753295898,inf,0.0,58.50851440429688,0,0,0.627773908222474,True,35.294018,-120.668,0.0,0.0,0.0,0.0
690fd7db87825a48788a8a54,2025-10-12 20:10:59.872,foothill,Motorcycle,7.6919794,0.0,0.0,180.0,58.508514,0.8483499884605408,6.559087753295898,inf,0.0,58.50851440429688,0,0,0.627773908222474,True,35.29401,-120.668,0.0,0.0,0.0,0.0
690fd7db87825a48788a8a54,2025-10-12 20:10:59.872,foothill,Motorcycle,7.6919794,0.0,0.0,180.0,0.0,0.8483499884605408,0.0,inf,0.0,0.0,0,0,0.627773908222474,True,35.294003,-120.668,0.0,0.0,0.0,0.0
690fd7db87825a48788a8a54,2025-10-12 20:10:59.872,foothill,Motorcycle,7.6919794,0.0,0.0,180.0,0.0,0.8120173811912537,0.0,inf,0.0,0.0,0,0,0.627773908222474,True,35.293995,-120.668,0.0,0.0,0.0,0.0
690fd7db87825a48788a8a54,2025-10-12 20:10:59.872,foothill,Motorcycle,7.6919794,0.0,0.0,180.0,0.0,0.8120173811912537,0.0,inf,0.0,0.0,0,0,0.627773908222474,True,35.29399,-120.66799,0.0,0.0,0.0,0.0
690fd7db87825a48788a8a54,2025-10-12 20:10:59.872,foothill,Motorcycle,7.6919794,0.0,0.0,180.0,0.0,0.8483499884605408,0.0,inf,0.0,0.0,0,0,0.627773908222474,True,35.293983,-120.66799,0.0,0.0,0.0,0.0
690fd7db87825a48788a8a54,2025-10-12 20:10:59.872,foothill,Motorcycle,7.6919794,0.0,0.0,180.0,0.0,0.8483499884605408,0.0,inf,0.0,0.0,0,0,0.627773908222474,True,35.293976,-120.66799,0.0,0.0,0.0,0.0
690fd7db87825a48788a8a54,2025-10-12 20:10:59.872,foothill,Motorcycle,7.6919794,0.0,0.0,114.67627,-65.32373,0.4241749942302704,6.989556789398193,inf,0.0,65.32373046875,0,0,0.627773908222474,True,35.29397,-120.667984,0.0,0.0,0.0,0.0
690fd7db87825a48788a8a54,2025-10-12 20:10:59.872,foothill,Motorcycle,7.6919794,0.0,0.0,180.0,65.32373,0.4241749942302704,6.989556789398193,inf,0.0,65.32373046875,0,0,0.627773908222474,True,35.293964,-120.667984,0.0,0.0,0.0,0.0
690fd7db87825a48788a8a54,2025-10-12 20:10:59.872,foothill,Motorcycle,7.6919794,0.0,0.0,180.0,0.0,0.8120176196098328,0.0,inf,0.0,0.0,0,0,0.627773908222474,True,35.293957,-120.667984,0.0,0.0,0.0,0.0
690fd7db87825a48788a8a54,2025-10-12 20:10:59.872,foothill,Motorcycle,7.6919794,0.0,0.0,180.0,0.0,0.8120176196098328,0.0,inf,0.0,0.0,0,0,0.627773908222474,True,35.293953,-120.66798,0.0,0.0,0.0,0.0
690fd7db87825a48788a8a54,2025-10-12 20:10:59.872,foothill,Motorcycle,7.6919794,0.0,0.0,180.0,0.0,0.8483499884605408,0.0,inf,0.0,0.0,0,0,0.627773908222474,True,35.293945,-120.66798,0.0,0.0,0.0,0.0
690fd7db87825a48788a8a54,2025-10-12 20:10:59.872,foothill,Motorcycle,7.6919794,0.0,0.0,180.0,0.0,0.4241749942302704,0.0,inf,0.0,0.0,0,0,0.627773908222474,True,35.293938,-120.66798,0.0,0.0,0.0,0.0
690fd7db87825a48788a8a54,2025-10-12 20:10:59.872,foothill,Motorcycle,7.6919794,0.0,0.0,180.0,0.0,0.4241749942302704,0.0,inf,0.0,0.0,0,0,0.627773908222474,True,35.293934,-120.66798,0.0,0.0,0.0,0.0
690fd7db87825a48788a8a54,2025-10-12 20:10:59.872,foothill,Motorcycle,7.6919794,0.0,0.0,107.029724,-72.970276,0.8483499884605408,7.354708671569824,inf,0.0,72.97027587890625,0,0,0.627773908222474,True,35.293926,-120.66797,0.0,0.0,0.0,0.0
690fd7db87825a48788a8a54,2025-10-12 20:10:59.872,foothill,Motorcycle,7.6919794,0.0,0.0,180.0,72.970276,0.4241749942302704,0.0,inf,0.0,0.0,0,0,0.627773908222474,True,35.29392,-120.66797,0.0,0.0,0.0,0.0
690fd7db87825a48788a8a54,2025-10-12 20:10:59.872,foothill,Motorcycle,7.6919794,0.0,0.0,180.0,0.0,0.4241749942302704,0.0,inf,0.0,0.0,0,0,0.627773908222474,True,35.293915,-120.66797,0.0,0.0,0.0,0.0
690fd7db87825a48788a8a54,2025-10-12 20:10:59.872,foothill,Motorcycle,7.6919794,0.0,0.0,180.0,0.0,0.4241749942302704,0.0,inf,0.0,0.0,0,0,0.627773908222474,True,35.293907,-120.66797,0.0,0.0,0.0,0.0
690fd7db87825a48788a8a54,2025-10-12 20:10:59.872,foothill,Motorcycle,7.6919794,0.0,0.0,180.0,0.0,0.4241749942302704,0.0,inf,0.0,0.0,0,0,0.627773908222474,True,35.293903,-120.66797,0.0,0.0,0.0,0.0
690fd7db87825a48788a8a54,2025-10-12 20:10:59.872,foothill,Motorcycle,7.6919794,0.0,0.0,127.44287,-52.55713,0.8483499884605408,6.107123374938965,inf,0.0,52.55712890625,0,0,0.627773908222474,True,35.293896,-120.66796,0.0,0.0,0.0,0.0
690fd7db87825a48788a8a54,2025-10-12 20:10:59.872,foothill,Motorcycle,7.6919794,0.0,0.0,180.0,52.55713,0.8483499884605408,0.0,inf,0.0,0.0,0,0,0.627773908222474,True,35.293888,-120.66796,0.0,0.0,0.0,0.0
690fd7db87825a48788a8a54,2025-10-12 20:10:59.872,foothill,Motorcycle,7.6919794,0.0,0.0,180.0,0.0,0.8120182156562805,0.0,inf,0.0,0.0,0,0,0.627773908222474,True,35.29388,-120.66796,0.0,0.0,0.0,0.0
690fd7db87825a48788a8a54,2025-10-12 20:10:59.872,foothill,Motorcycle,7.6919794,0.0,0.0,180.0,0.0,0.8120182156562805,0.0,inf,0.0,0.0,0,0,0.627773908222474,True,35.293877,-120.66795,0.0,0.0,0.0,0.0
690fd7db87825a48788a8a54,2025-10-12 20:10:59.872,foothill,Motorcycle,7.6919794,0.0,0.0,180.0,0.0,0.8483499884605408,0.0,inf,0.0,0.0,0,0,0.627773908222474,True,35.29387,-120.66795,0.0,0.0,0.0,0.0
690fd7db87825a48788a8a54,2025-10-12 20:10:59.872,foothill,Motorcycle,7.6919794,0.0,0.0,180.0,0.0,0.4241749942302704,0.0,inf,0.0,0.0,0,0,0.627773908222474,True,35.29386,-120.66795,0.0,0.0,0.0,0.0
690fd7db87825a48788a8a54,2025-10-12 20:10:59.872,foothill,Motorcycle,7.6919794,0.0,0.0,180.0,0.0,0.4241749942302704,0.0,inf,0.0,0.0,0,0,0.627773908222474,True,35.293858,-120.66795,0.0,0.0,0.0,0.0
690fd7db87825a48788a8a54,2025-10-12 20:10:59.872,foothill,Motorcycle,7.6919794,0.0,0.0,121.491455,-58.508545,0.8483499884605408,6.5590901374816895,inf,0.0,58.508544921875,0,0,0.627773908222474,True,35.29385,-120.667946,0.0,0.0,0.0,0.0
690fd7db87825a48788a8a54,2025-10-12 20:10:59.872,foothill,Motorcycle,7.6919794,0.0,0.0,180.0,58.508545,0.4241749942302704,0.0,inf,0.0,0.0,0,0,0.627773908222474,True,35.293842,-120.667946,0.0,0.0,0.0,0.0
690fd7db87825a48788a8a54,2025-10-12 20:10:59.872,foothill,Motorcycle,7.6919794,0.0,0.0,180.0,0.0,0.4241749942302704,0.0,inf,0.0,0.0,0,0,0.627773908222474,True,35.29384,-120.667946,0.0,0.0,0.0,0.0
690fd7db87825a48788a8a54,2025-10-12 20:10:59.872,foothill,Motorcycle,7.6919794,0.0,0.0,180.0,0.0,0.8483499884605408,0.0,inf,0.0,0.0,0,0,0.627773908222474,True,35.29383,-120.667946,0.0,0.0,0.0,0.0
690fd7db87825a48788a8a54,2025-10-12 20:10:59.872,foothill,Motorcycle,7.6919794,0.0,0.0,180.0,0.0,0.4241749942302704,0.0,inf,0.0,0.0,0,0,0.627773908222474,True,35.293823,-120.66794,0.0,0.0,0.0,0.0
690fd7db87825a48788a8a54,2025-10-12 20:10:59.872,foothill,Motorcycle,7.6919794,0.0,0.0,180.0,0.0,0.4241749942302704,0.0,inf,0.0,0.0,0,0,0.627773908222474,True,35.29382,-120.66794,0.0,0.0,0.0,0.0
690fd7db87825a48788a8a54,2025-10-12 20:10:59.872,foothill,Motorcycle,7.6919794,0.0,0.0,180.0,0.0,0.8483499884605408,0.0,inf,0.0,0.0,0,0,0.627773908222474,True,35.29381,-120.66794,0.0,0.0,0.0,0.0
690fd7db87825a48788a8a54,2025-10-12 20:10:59.872,foothill,Motorcycle,7.6919794,0.0,0.0,180.0,0.0,0.8483499884605408,0.0,inf,0.0,0.0,0,0,0.627773908222474,True,35.293804,-120.66794,0.0,0.0,0.0,0.0
690fd7db87825a48788a8a54,2025-10-12 20:10:59.872,foothill,Motorcycle,7.6919794,0.0,0.0,180.0,0.0,0.8483499884605408,0.0,inf,0.0,0.0,0,0,0.627773908222474,True,35.293797,-120.66794,0.0,0.0,0.0,0.0
690fd7db87825a48788a8a55,2025-10-12 20:11:01.869,foothill,Car,2.1327405,0.0,0.0,0.0,0.0,0.0,0.0,inf,0.0,0.0,1,0,0.4535787738536825,False,35.29418,-120.66798,0.1,0.0,0.0,0.0
690fd7db87825a48788a8a55,2025-10-12 20:11:01.869,foothill,Car,2.1327405,0.0,0.0,0.0,0.0,0.0,0.0,inf,0.0,0.0,0,0,0.4535787738536825,False,35.29418,-120.66798,0.0,0.0,0.0,0.0
690fd7db87825a48788a8a55,2025-10-12 20:11:01.869,foothill,Car,2.1327405,0.0,0.0,0.0,0.0,0.0,0.0,inf,0.0,0.0,0,0,0.4535787738536825,False,35.29418,-120.66798,0.0,0.0,0.0,0.0
690fd7db87825a48788a8a55,2025-10-12 20:11:01.869,foothill,Car,2.1327405,0.0,0.0,180.0,-180.0,0.4241749942302704,-2.611853886127217e-16,1624037998460928.0,0.0,180.0,0,0,0.4535787738536825,False,35.294178,-120.66798,0.0,0.0,0.0,0.0
690fd7db87825a48788a8a55,2025-10-12 20:11:01.869,foothill,Car,2.1327405,0.0,0.0,90.0,-90.0,0.0,0.0,inf,0.0,0.0,0,0,0.4535787738536825,False,35.294178,-120.66797,0.0,0.0,0.0,0.0
690fd7db87825a48788a8a55,2025-10-12 20:11:01.869,foothill,Car,2.1327405,0.0,0.0,0.0,-90.0,0.0,0.0,inf,0.0,90.0,0,0,0.4535787738536825,False,35.294178,-120.66797,0.0,0.0,0.0,0.0
690fd7db87825a48788a8a55,2025-10-12 20:11:01.869,foothill,Car,2.1327405,0.0,0.0,180.0,-180.0,0.0,0.0,inf,0.0,0.0,0,0,0.4535787738536825,False,35.294174,-120.66797,0.0,0.0,0.0,0.0
690fd7db87825a48788a8a55,2025-10-12 20:11:01.869,foothill,Car,2.1327405,0.0,0.0,0.0,-180.0,0.0,0.0,inf,0.0,180.0,0,0,0.4535787738536825,False,35.294174,-120.66797,0.0,0.0,0.0,0.0
690fd7db87825a48788a8a55,2025-10-12 20:11:01.869,foothill,Car,2.1327405,0.0,0.0,0.0,0.0,0.0,0.0,inf,0.0,180.0,0,0,0.4535787738536825,False,35.294174,-120.66797,0.0,0.0,0.0,0.0
690fd7db87825a48788a8a55,2025-10-12 20:11:01.869,foothill,Car,2.1327405,0.0,0.0,98.70715,98.70715,0.0,0.0,inf,0.0,0.0,0,0,0.4535787738536825,False,35.29417,-120.66796,0.0,0.0,0.0,0.0
690fd7db87825a48788a8a55,2025-10-12 20:11:01.869,foothill,Car,2.1327405,0.0,0.0,0.0,-98.70715,0.0,0.0,inf,0.0,98.7071533203125,0,0,0.4535787738536825,False,35.29417,-120.66796,0.0,0.0,0.0,0.0
690fd7db87825a48788a8a55,2025-10-12 20:11:01.869,foothill,Car,2.1327405,0.0,0.0,270.0,-90.0,0.4241749942302704,2.1327404975891118,inf,0.0,90.0,0,0,0.4535787738536825,False,35.29417,-120.66797,0.0,0.0,0.0,0.0
690fd7db87825a48788a8a55,2025-10-12 20:11:01.869,foothill,Car,2.1327405,0.0,0.0,180.0,-90.0,0.0,0.0,inf,0.0,0.0,0,0,0.4535787738536825,False,35.294167,-120.66797,0.0,0.0,0.0,0.0
690fd7db87825a48788a8a55,2025-10-12 20:11:01.869,foothill,Car,2.1327405,0.0,0.0,0.0,-180.0,0.0,0.0,inf,0.0,180.0,0,0,0.4535787738536825,False,35.294167,-120.66797,0.0,0.0,0.0,0.0
690fd7db87825a48788a8a55,2025-10-12 20:11:01.869,foothill,Car,2.1327405,0.0,0.0,0.0,0.0,0.0,0.0,inf,0.0,180.0,0,0,0.4535787738536825,False,35.294167,-120.66797,0.0,0.0,0.0,0.0
690fd7db87825a48788a8a55,2025-10-12 20:11:01.869,foothill,Car,2.1327405,0.0,0.0,90.0,90.0,0.0,0.0,inf,0.0,0.0,0,0,0.4535787738536825,False,35.294167,-120.66796,0.0,0.0,0.0,0.0
690fd7db87825a48788a8a55,2025-10-12 20:11:01.869,foothill,Car,2.1327405,0.0,0.0,0.0,-90.0,0.0,0.0,inf,0.0,90.0,0,0,0.4535787738536825,False,35.294167,-120.66796,0.0,0.0,0.0,0.0
690fd7db87825a48788a8a55,2025-10-12 20:11:01.869,foothill,Car,2.1327405,0.0,0.0,0.0,0.0,0.0,0.0,inf,0.0,90.0,0,0,0.4535787738536825,False,35.294167,-120.66796,0.0,0.0,0.0,0.0
690fd7db87825a48788a8a55,2025-10-12 20:11:01.869,foothill,Car,2.1327405,0.0,0.0,0.0,0.0,0.0,0.0,inf,0.0,90.0,0,0,0.4535787738536825,False,35.294167,-120.66796,0.0,0.0,0.0,0.0
690fd7db87825a48788a8a55,2025-10-12 20:11:01.869,foothill,Car,2.1327405,0.0,0.0,0.0,0.0,0.0,0.0,inf,0.0,0.0,0,0,0.4535787738536825,False,35.294167,-120.66795,0.0,0.0,0.0,0.0
690fd7db87825a48788a8a55,2025-10-12 20:11:01.869,foothill,Car,2.1327405,0.0,0.0,0.0,0.0,0.0,0.0,inf,0.0,0.0,0,0,0.4535787738536825,False,35.294167,-120.66795,0.0,0.0,0.0,0.0
690fd7db87825a48788a8a55,2025-10-12 20:11:01.869,foothill,Car,2.1327405,0.0,0.0,90.0,90.0,0.0,0.0,inf,0.0,0.0,0,0,0.4535787738536825,False,35.294167,-120.667946,0.0,0.0,0.0,0.0
690fd7db87825a48788a8a55,2025-10-12 20:11:01.869,foothill,Car,2.1327405,0.0,0.0,0.0,-90.0,0.0,0.0,inf,0.0,90.0,0,0,0.4535787738536825,False,35.294167,-120.667946,0.0,0.0,0.0,0.0
690fd7db87825a48788a8a55,2025-10-12 20:11:01.869,foothill,Car,2.1327405,0.0,0.0,180.0,-180.0,0.0,0.0,inf,0.0,0.0,0,0,0.4535787738536825,False,35.294163,-120.667946,0.0,0.0,0.0,0.0
690fd7db87825a48788a8a55,2025-10-12 20:11:01.869,foothill,Car,2.1327405,0.0,0.0,0.0,-180.0,0.0,0.0,inf,0.0,180.0,0,0,0.4535787738536825,False,35.294163,-120.667946,0.0,0.0,0.0,0.0
690fd7db87825a48788a8a55,2025-10-12 20:11:01.869,foothill,Car,2.1327405,0.0,0.0,0.0,0.0,0.0,0.0,inf,0.0,180.0,0,0,0.4535787738536825,False,35.294163,-120.667946,0.0,0.0,0.0,0.0
690fd7db87825a48788a8a55,2025-10-12 20:11:01.869,foothill,Car,2.1327405,0.0,0.0,0.0,0.0,0.0,0.0,inf,0.0,180.0,0,0,0.4535787738536825,False,35.294163,-120.667946,0.0,0.0,0.0,0.0
690fd7db87825a48788a8a55,2025-10-12 20:11:01.869,foothill,Car,2.1327405,0.0,0.0,0.0,0.0,0.4241749942302704,0.0,inf,0.0,0.0,0,0,0.4535787738536825,False,35.294163,-120.66794,0.0,0.0,0.0,0.0
690fd7db87825a48788a8a55,2025-10-12 20:11:01.869,foothill,Car,2.1327405,0.0,0.0,0.0,0.0,0.0,0.0,inf,0.0,0.0,0,0,0.4535787738536825,False,35.294167,-120.66794,0.0,0.0,0.0,0.0
690fd7db87825a48788a8a55,2025-10-12 20:11:01.869,foothill,Car,2.1327405,0.0,0.0,0.0,0.0,0.0,0.0,inf,0.0,0.0,0,0,0.4535787738536825,False,35.294167,-120.66794,0.0,0.0,0.0,0.0
690fd7db87825a48788a8a55,2025-10-12 20:11:01.869,foothill,Car,2.1327405,0.0,0.0,0.0,0.0,0.0,0.0,inf,0.0,0.0,0,0,0.4535787738536825,False,35.294167,-120.66794,0.0,0.0,0.0,0.0
690fd7db87825a48788a8a55,2025-10-12 20:11:01.869,foothill,Car,2.1327405,0.0,0.0,0.0,0.0,0.0,0.0,inf,0.0,0.0,0,0,0.4535787738536825,False,35.294167,-120.66794,0.0,0.0,0.0,0.0
690fd7db87825a48788a8a55,2025-10-12 20:11:01.869,foothill,Car,2.1327405,0.0,0.0,0.0,0.0,0.0,0.0,inf,0.0,0.0,0,0,0.4535787738536825,False,35.294167,-120.66794,0.0,0.0,0.0,0.0
690fd7db87825a48788a8a55,2025-10-12 20:11:01.869,foothill,Car,2.1327405,0.0,0.0,90.0,90.0,0.0,0.0,inf,0.0,0.0,0,0,0.4535787738536825,False,35.294167,-120.66793,0.0,0.0,0.0,0.0
690fd7db87825a48788a8a55,2025-10-12 20:11:01.869,foothill,Car,2.1327405,0.0,0.0,0.0,-90.0,0.0,0.0,inf,0.0,90.0,0,0,0.4535787738536825,False,35.294167,-120.66793,0.0,0.0,0.0,0.0
690fd7db87825a48788a8a55,2025-10-12 20:11:01.869,foothill,Car,2.1327405,0.0,0.0,0.0,0.0,0.0,0.0,inf,0.0,0.0,0,0,0.4535787738536825,False,35.29417,-120.66793,0.0,0.0,0.0,0.0
690fd7db87825a48788a8a55,2025-10-12 20:11:01.869,foothill,Car,2.1327405,0.0,0.0,0.0,0.0,0.0,0.0,inf,0.0,0.0,0,0,0.4535787738536825,False,35.29417,-120.66793,0.0,0.0,0.0,0.0
690fd7db87825a48788a8a55,2025-10-12 20:11:01.869,foothill,Car,2.1327405,0.0,0.0,0.0,0.0,0.0,0.0,inf,0.0,0.0,0,0,0.4535787738536825,False,35.29417,-120.66793,0.0,0.0,0.0,0.0
690fd7db87825a48788a8a55,2025-10-12 20:11:01.869,foothill,Car,2.1327405,0.0,0.0,0.0,0.0,0.0,0.0,inf,0.0,0.0,0,0,0.4535787738536825,False,35.29417,-120.66792,0.0,0.0,0.0,0.0
690fd7db87825a48788a8a55,2025-10-12 20:11:01.869,foothill,Car,2.1327405,0.0,0.0,0.0,0.0,0.0,0.0,inf,0.0,0.0,0,0,0.4535787738536825,False,35.29417,-120.66792,0.0,0.0,0.0,0.0
690fd7db87825a48788a8a55,2025-10-12 20:11:01.869,foothill,Car,2.1327405,0.0,0.0,0.0,0.0,0.0,0.0,inf,0.0,0.0,0,0,0.4535787738536825,False,35.29417,-120.66792,0.0,0.0,0.0,0.0
690fd7db87825a48788a8a55,2025-10-12 20:11:01.869,foothill,Car,2.1327405,0.0,0.0,0.0,0.0,0.0,0.0,inf,0.0,0.0,0,0,0.4535787738536825,False,35.29417,-120.66792,0.0,0.0,0.0,0.0
690fd7db87825a48788a8a55,2025-10-12 20:11:01.869,foothill,Car,2.1327405,0.0,0.0,0.0,0.0,0.0,0.0,inf,0.0,0.0,0,0,0.4535787738536825,False,35.29417,-120.66792,0.0,0.0,0.0,0.0
690fd7db87825a48788a8a55,2025-10-12 20:11:01.869,foothill,Car,2.1327405,0.0,0.0,90.0,90.0,0.0,0.0,inf,0.0,0.0,0,0,0.4535787738536825,False,35.29417,-120.667915,0.0,0.0,0.0,0.0
690fd7db87825a48788a8a55,2025-10-12 20:11:01.869,foothill,Car,2.1327405,0.0,0.0,0.0,-90.0,0.0,0.0,inf,0.0,90.0,0,0,0.4535787738536825,False,35.29417,-120.667915,0.0,0.0,0.0,0.0
690fd7db87825a48788a8a55,2025-10-12 20:11:01.869,foothill,Car,2.1327405,0.0,0.0,0.0,0.0,0.0,0.0,inf,0.0,0.0,0,0,0.4535787738536825,False,35.294174,-120.667915,0.0,0.0,0.0,0.0
690fd7db87825a48788a8a55,2025-10-12 20:11:01.869,foothill,Car,2.1327405,0.0,0.0,0.0,0.0,0.0,0.0,inf,0.0,0.0,0,0,0.4535787738536825,False,35.294174,-120.667915,0.0,0.0,0.0,0.0
690fd7db87825a48788a8a55,2025-10-12 20:11:01.869,foothill,Car,2.1327405,0.0,0.0,0.0,0.0,0.0,0.0,inf,0.0,0.0,0,0,0.4535787738536825,False,35.294174,-120.667915,0.0,0.0,0.0,0.0
690fd7db87825a48788a8a55,2025-10-12 20:11:01.869,foothill,Car,2.1327405,0.0,0.0,0.0,0.0,0.0,0.0,inf,0.0,0.0,0,0,0.4535787738536825,False,35.294174,-120.667915,0.0,0.0,0.0,0.0
690fd7db87825a48788a8a55,2025-10-12 20:11:01.869,foothill,Car,2.1327405,0.0,0.0,0.0,0.0,0.4241749942302704,0.0,inf,0.0,0.0,0,0,0.4535787738536825,False,35.294178,-120.667915,0.0,0.0,0.0,0.0
690fd7db87825a48788a8a55,2025-10-12 20:11:01.869,foothill,Car,2.1327405,0.0,0.0,90.0,90.0,0.4241749942302704,-2.1327404975891118,0.1988873034715652,0.0,90.0,0,0,0.4535787738536825,False,35.294178,-120.66791,0.0,0.0,0.0,0.0
690fd7db87825a48788a8a55,2025-10-12 20:11:01.869,foothill,Car,2.1327405,0.0,0.0,0.0,-90.0,0.4241749942302704,-2.1327404975891118,0.1988873034715652,0.0,90.0,0,0,0.4535787738536825,False,35.29418,-120.66791,0.0,0.0,0.0,0.0
690fd7db87825a48788a8a56,2025-10-12 20:11:07.009,foothill,Car,6.380182,0.0,0.0,0.0,0.0,,,,,,1,0,0.16,False,35.294178,-120.66804,0.1,0.0,0.0,0.0
690fd7db87825a48788a8a57,2025-10-12 20:11:01.336,foothill,Car,6.6453614,0.0,0.0,0.0,0.0,0.8120160102844238,11.867868423461914,inf,0.0,127.44297790527344,1,0,0.7331928462522814,True,35.29418,-120.66804,0.1,0.0,0.0,0.0
690fd7db87825a48788a8a57,2025-10-12 20:11:01.336,foothill,Car,6.6453614,0.0,0.0,232.55702,-127.44299,0.4241749942302704,-5.2761430740356445,0.0803949013352394,0.0,52.55702209472656,0,0,0.7331928462522814,True,35.294178,-120.668045,0.0,0.0,0.0,0.0
690fd7db87825a48788a8a57,2025-10-12 20:11:01.336,foothill,Car,6.6453614,0.0,0.0,180.0,-52.557022,0.4241749942302704,-5.2761430740356445,0.0803949013352394,0.0,52.55702209472656,0,0,0.7331928462522814,True,35.294174,-120.668045,0.0,0.0,0.0,0.0
690fd7db87825a48788a8a57,2025-10-12 20:11:01.336,foothill,Car,6.6453614,0.0,0.0,180.0,0.0,0.4241749942302704,0.0,inf,0.0,0.0,0,0,0.7331928462522814,True,35.29417,-120.668045,0.0,0.0,0.0,0.0
690fd7db87825a48788a8a57,2025-10-12 20:11:01.336,foothill,Car,6.6453614,0.0,0.0,180.0,0.0,0.0,0.0,inf,0.0,0.0,0,0,0.7331928462522814,True,35.294167,-120.668045,0.0,0.0,0.0,0.0
690fd7db87825a48788a8a57,2025-10-12 20:11:01.336,foothill,Car,6.6453614,0.0,0.0,0.0,-180.0,0.0,0.0,inf,0.0,180.0,0,0,0.7331928462522814,True,35.294167,-120.668045,0.0,0.0,0.0,0.0
690fd7db87825a48788a8a57,2025-10-12 20:11:01.336,foothill,Car,6.6453614,0.0,0.0,180.0,-180.0,0.4241749942302704,0.0,inf,0.0,0.0,0,0,0.7331928462522814,True,35.294163,-120.668045,0.0,0.0,0.0,0.0
690fd7db87825a48788a8a57,2025-10-12 20:11:01.336,foothill,Car,6.6453614,0.0,0.0,180.0,0.0,0.4241749942302704,0.0,inf,0.0,0.0,0,0,0.7331928462522814,True,35.29416,-120.668045,0.0,0.0,0.0,0.0
690fd7db87825a48788a8a57,2025-10-12 20:11:01.336,foothill,Car,6.6453614,0.0,0.0,180.0,0.0,0.4241749942302704,0.0,inf,0.0,0.0,0,0,0.7331928462522814,True,35.294155,-120.668045,0.0,0.0,0.0,0.0
690fd7db87825a48788a8a57,2025-10-12 20:11:01.336,foothill,Car,6.6453614,0.0,0.0,90.0,-90.0,0.4241749942302704,6.645361423492432,inf,0.0,90.0,0,0,0.7331928462522814,True,35.294155,-120.66804,0.0,0.0,0.0,0.0
690fd7db87825a48788a8a57,2025-10-12 20:11:01.336,foothill,Car,6.6453614,0.0,0.0,0.0,-90.0,0.4241749942302704,6.645361423492432,inf,0.0,90.0,0,0,0.7331928462522814,True,35.29415,-120.66804,0.0,0.0,0.0,0.0
690fd7db87825a48788a8a57,2025-10-12 20:11:01.336,foothill,Car,6.6453614,0.0,0.0,180.0,-180.0,0.4241749942302704,0.0,inf,0.0,0.0,0,0,0.7331928462522814,True,35.294147,-120.66804,0.0,0.0,0.0,0.0
690fd7db87825a48788a8a57,2025-10-12 20:11:01.336,foothill,Car,6.6453614,0.0,0.0,180.0,0.0,0.4241749942302704,0.0,inf,0.0,0.0,0,0,0.7331928462522814,True,35.294144,-120.66804,0.0,0.0,0.0,0.0
690fd7db87825a48788a8a57,2025-10-12 20:11:01.336,foothill,Car,6.6453614,0.0,0.0,98.70715,-81.29285,0.4241749942302704,6.568773746490479,inf,0.0,81.2928466796875,0,0,0.7331928462522814,True,35.29414,-120.66803,0.0,0.0,0.0,0.0
690fd7db87825a48788a8a57,2025-10-12 20:11:01.336,foothill,Car,6.6453614,0.0,0.0,180.0,81.29285,0.4241749942302704,0.0,inf,0.0,0.0,0,0,0.7331928462522814,True,35.294136,-120.66803,0.0,0.0,0.0,0.0
690fd7db87825a48788a8a57,2025-10-12 20:11:01.336,foothill,Car,6.6453614,0.0,0.0,180.0,0.0,0.4241749942302704,0.0,inf,0.0,0.0,0,0,0.7331928462522814,True,35.294132,-120.66803,0.0,0.0,0.0,0.0
690fd7db87825a48788a8a57,2025-10-12 20:11:01.336,foothill,Car,6.6453614,0.0,0.0,180.0,0.0,0.4241749942302704,0.0,inf,0.0,0.0,0,0,0.7331928462522814,True,35.29413,-120.66803,0.0,0.0,0.0,0.0
690fd7db87825a48788a8a57,2025-10-12 20:11:01.336,foothill,Car,6.6453614,0.0,0.0,180.0,0.0,0.4241749942302704,0.0,inf,0.0,0.0,0,0,0.7331928462522814,True,35.294125,-120.66803,0.0,0.0,0.0,0.0
690fd7db87825a48788a8a57,2025-10-12 20:11:01.336,foothill,Car,6.6453614,0.0,0.0,180.0,0.0,0.4241749942302704,0.0,inf,0.0,0.0,0,0,0.7331928462522814,True,35.29412,-120.66802,0.0,0.0,0.0,0.0
690fd7db87825a48788a8a57,2025-10-12 20:11:01.336,foothill,Car,6.6453614,0.0,0.0,180.0,0.0,0.4241749942302704,0.0,inf,0.0,0.0,0,0,0.7331928462522814,True,35.294117,-120.66802,0.0,0.0,0.0,0.0
690fd7db87825a48788a8a57,2025-10-12 20:11:01.336,foothill,Car,6.6453614,0.0,0.0,180.0,0.0,0.4241749942302704,0.0,inf,0.0,0.0,0,0,0.7331928462522814,True,35.294113,-120.66802,0.0,0.0,0.0,0.0
690fd7db87825a48788a8a57,2025-10-12 20:11:01.336,foothill,Car,6.6453614,0.0,0.0,180.0,0.0,0.4241749942302704,0.0,inf,0.0,0.0,0,0,0.7331928462522814,True,35.294106,-120.66802,0.0,0.0,0.0,0.0
690fd7db87825a48788a8a57,2025-10-12 20:11:01.336,foothill,Car,6.6453614,0.0,0.0,180.0,0.0,0.4241749942302704,0.0,inf,0.0,0.0,0,0,0.7331928462522814,True,35.2941,-120.66802,0.0,0.0,0.0,0.0
690fd7db87825a48788a8a57,2025-10-12 20:11:01.336,foothill,Car,6.6453614,0.0,0.0,90.0,-90.0,0.4241749942302704,6.645361423492432,inf,0.0,90.0,0,0,0.7331928462522814,True,35.294098,-120.668015,0.0,0.0,0.0,0.0
690fd7db87825a48788a8a57,2025-10-12 20:11:01.336,foothill,Car,6.6453614,0.0,0.0,180.0,90.0,0.4241749942302704,0.0,inf,0.0,0.0,0,0,0.7331928462522814,True,35.294094,-120.668015,0.0,0.0,0.0,0.0
690fd7db87825a48788a8a57,2025-10-12 20:11:01.336,foothill,Car,6.6453614,0.0,0.0,180.0,0.0,0.4241749942302704,0.0,inf,0.0,0.0,0,0,0.7331928462522814,True,35.29409,-120.668015,0.0,0.0,0.0,0.0
690fd7db87825a48788a8a57,2025-10-12 20:11:01.336,foothill,Car,6.6453614,0.0,0.0,180.0,0.0,0.8120167255401611,0.0,inf,0.0,0.0,0,0,0.7331928462522814,True,35.294083,-120.668015,0.0,0.0,0.0,0.0
690fd7db87825a48788a8a57,2025-10-12 20:11:01.336,foothill,Car,6.6453614,0.0,0.0,180.0,0.0,0.4241749942302704,0.0,inf,0.0,0.0,0,0,0.7331928462522814,True,35.29408,-120.66801,0.0,0.0,0.0,0.0
690fd7db87825a48788a8a57,2025-10-12 20:11:01.336,foothill,Car,6.6453614,0.0,0.0,180.0,0.0,0.4241749942302704,0.0,inf,0.0,0.0,0,0,0.7331928462522814,True,35.294075,-120.66801,0.0,0.0,0.0,0.0
690fd7db87825a48788a8a57,2025-10-12 20:11:01.336,foothill,Car,6.6453614,0.0,0.0,180.0,0.0,0.4241749942302704,0.0,inf,0.0,0.0,0,0,0.7331928462522814,True,35.294067,-120.66801,0.0,0.0,0.0,0.0
690fd7db87825a48788a8a57,2025-10-12 20:11:01.336,foothill,Car,6.6453614,0.0,0.0,180.0,0.0,0.4241749942302704,0.0,inf,0.0,0.0,0,0,0.7331928462522814,True,35.294064,-120.66801,0.0,0.0,0.0,0.0
690fd7db87825a48788a8a57,2025-10-12 20:11:01.336,foothill,Car,6.6453614,0.0,0.0,107.029724,-72.970276,0.8120168447494507,0.6879041194915771,inf,0.0,72.97027587890625,0,0,0.7331928462522814,True,35.29406,-120.668,0.0,0.0,0.0,0.0
690fd7db87825a48788a8a57,2025-10-12 20:11:01.336,foothill,Car,6.6453614,0.0,0.0,180.0,72.970276,0.4241749942302704,0.0,inf,0.0,0.0,0,0,0.7331928462522814,True,35.294052,-120.668,0.0,0.0,0.0,0.0
690fd7db87825a48788a8a57,2025-10-12 20:11:01.336,foothill,Car,6.6453614,0.0,0.0,180.0,0.0,0.4241749942302704,0.0,inf,0.0,0.0,0,0,0.7331928462522814,True,35.29405,-120.668,0.0,0.0,0.0,0.0
690fd7db87825a48788a8a57,2025-10-12 20:11:01.336,foothill,Car,6.6453614,0.0,0.0,180.0,0.0,0.4241749942302704,0.0,inf,0.0,0.0,0,0,0.7331928462522814,True,35.294044,-120.668,0.0,0.0,0.0,0.0
690fd7db87825a48788a8a57,2025-10-12 20:11:01.336,foothill,Car,6.6453614,0.0,0.0,180.0,0.0,0.8120170831680298,0.0,inf,0.0,0.0,0,0,0.7331928462522814,True,35.294037,-120.668,0.0,0.0,0.0,0.0
690fd7db87825a48788a8a57,2025-10-12 20:11:01.336,foothill,Car,6.6453614,0.0,0.0,180.0,0.0,0.8120170831680298,0.0,inf,0.0,0.0,0,0,0.7331928462522814,True,35.294033,-120.66799,0.0,0.0,0.0,0.0
690fd7db87825a48788a8a57,2025-10-12 20:11:01.336,foothill,Car,6.6453614,0.0,0.0,180.0,0.0,0.4241749942302704,0.0,inf,0.0,0.0,0,0,0.7331928462522814,True,35.294025,-120.66799,0.0,0.0,0.0,0.0
690fd7db87825a48788a8a57,2025-10-12 20:11:01.336,foothill,Car,6.6453614,0.0,0.0,180.0,0.0,0.4241749942302704,0.0,inf,0.0,0.0,0,0,0.7331928462522814,True,35.29402,-120.66799,0.0,0.0,0.0,0.0
690fd7db87825a48788a8a57,2025-10-12 20:11:01.336,foothill,Car,6.6453614,0.0,0.0,114.67627,-65.32373,0.8120172023773193,0.1465067863464355,inf,0.0,65.32373046875,0,0,0.7331928462522814,True,35.294018,-120.667984,0.0,0.0,0.0,0.0
690fd7db87825a48788a8a57,2025-10-12 20:11:01.336,foothill,Car,6.6453614,0.0,0.0,180.0,65.32373,0.4241749942302704,0.0,inf,0.0,0.0,0,0,0.7331928462522814,True,35.29401,-120.667984,0.0,0.0,0.0,0.0
690fd7db87825a48788a8a57,2025-10-12 20:11:01.336,foothill,Car,6.6453614,0.0,0.0,180.0,0.0,0.4241749942302704,0.0,inf,0.0,0.0,0,0,0.7331928462522814,True,35.294006,-120.667984,0.0,0.0,0.0,0.0
690fd7db87825a48788a8a57,2025-10-12 20:11:01.336,foothill,Car,6.6453614,0.0,0.0,180.0,0.0,0.8120173215866089,0.0,inf,0.0,0.0,0,0,0.7331928462522814,True,35.294,-120.667984,0.0,0.0,0.0,0.0
690fd7db87825a48788a8a57,2025-10-12 20:11:01.336,foothill,Car,6.6453614,0.0,0.0,180.0,0.0,0.4241749942302704,0.0,inf,0.0,0.0,0,0,0.7331928462522814,True,35.293995,-120.66798,0.0,0.0,0.0,0.0
690fd7db87825a48788a8a57,2025-10-12 20:11:01.336,foothill,Car,6.6453614,0.0,0.0,180.0,0.0,0.4241749942302704,0.0,inf,0.0,0.0,0,0,0.7331928462522814,True,35.29399,-120.66798,0.0,0.0,0.0,0.0
690fd7db87825a48788a8a57,2025-10-12 20:11:01.336,foothill,Car,6.6453614,0.0,0.0,180.0,0.0,0.4241749942302704,0.0,inf,0.0,0.0,0,0,0.7331928462522814,True,35.293983,-120.66798,0.0,0.0,0.0,0.0
690fd7db87825a48788a8a57,2025-10-12 20:11:01.336,foothill,Car,6.6453614,0.0,0.0,180.0,0.0,0.4241749942302704,0.0,inf,0.0,0.0,0,0,0.7331928462522814,True,35.29398,-120.66798,0.0,0.0,0.0,0.0
690fd7db87825a48788a8a57,2025-10-12 20:11:01.336,foothill,Car,6.6453614,0.0,0.0,180.0,0.0,0.4241749942302704,8.138220559418801e-16,inf,0.0,180.0,0,0,0.7331928462522814,True,35.293972,-120.66798,0.0,0.0,0.0,0.0
690fd7db87825a48788a8a57,2025-10-12 20:11:01.336,foothill,Car,6.6453614,0.0,0.0,0.0,-180.0,0.4241749942302704,8.138220559418801e-16,inf,0.0,180.0,0,0,0.7331928462522814,True,35.29397,-120.66798,0.0,0.0,0.0,0.0
690fd7db87825a48788a8a57,2025-10-12 20:11:01.336,foothill,Car,6.6453614,0.0,0.0,114.67627,114.67627,0.812017560005188,-11.186729431152344,0.0725875720381736,0.0,114.67626953125,0,0,0.7331928462522814,True,35.293964,-120.66797,0.0,0.0,0.0,0.0
690fd7db87825a48788a8a57,2025-10-12 20:11:01.336,foothill,Car,6.6453614,0.0,0.0,180.0,65.32373,0.4241749942302704,0.0,inf,0.0,0.0,0,0,0.7331928462522814,True,35.293957,-120.66797,0.0,0.0,0.0,0.0
690fd7db87825a48788a8a57,2025-10-12 20:11:01.336,foothill,Car,6.6453614,0.0,0.0,180.0,0.0,0.4241749942302704,0.0,inf,0.0,0.0,0,0,0.7331928462522814,True,35.293953,-120.66797,0.0,0.0,0.0,0.0
690fd7db87825a48788a8a57,2025-10-12 20:11:01.336,foothill,Car,6.6453614,0.0,0.0,180.0,0.0,0.4241749942302704,0.0,inf,0.0,0.0,0,0,0.7331928462522814,True,35.29395,-120.66797,0.0,0.0,0.0,0.0
690fd7db87825a48788a8a57,2025-10-12 20:11:01.336,foothill,Car,6.6453614,0.0,0.0,127.4429,-52.5571,0.4241749942302704,5.276148796081543,inf,0.0,52.55709838867188,0,0,0.7331928462522814,True,35.29394,-120.66796,0.0,0.0,0.0,0.0
690fd7db87825a48788a8a57,2025-10-12 20:11:01.336,foothill,Car,6.6453614,0.0,0.0,180.0,52.5571,0.4241749942302704,5.276148796081543,inf,0.0,52.55709838867188,0,0,0.7331928462522814,True,35.293938,-120.66796,0.0,0.0,0.0,0.0
690fd7db87825a48788a8a57,2025-10-12 20:11:01.336,foothill,Car,6.6453614,0.0,0.0,180.0,0.0,0.4241749942302704,0.0,inf,0.0,0.0,0,0,0.7331928462522814,True,35.29393,-120.66796,0.0,0.0,0.0,0.0
690fd7db87825a48788a8a57,2025-10-12 20:11:01.336,foothill,Car,6.6453614,0.0,0.0,180.0,0.0,0.4241749942302704,0.0,inf,0.0,0.0,0,0,0.7331928462522814,True,35.293926,-120.66796,0.0,0.0,0.0,0.0
690fd7db87825a48788a8a57,2025-10-12 20:11:01.336,foothill,Car,6.6453614,0.0,0.0,180.0,0.0,0.4241749942302704,0.0,inf,0.0,0.0,0,0,0.7331928462522814,True,35.293922,-120.66796,0.0,0.0,0.0,0.0
690fd7db87825a48788a8a57,2025-10-12 20:11:01.336,foothill,Car,6.6453614,0.0,0.0,180.0,0.0,0.4241749942302704,0.0,inf,0.0,0.0,0,0,0.7331928462522814,True,35.293915,-120.66795,0.0,0.0,0.0,0.0
690fd7db87825a48788a8a57,2025-10-12 20:11:01.336,foothill,Car,6.6453614,0.0,0.0,180.0,0.0,0.4241749942302704,0.0,inf,0.0,0.0,0,0,0.7331928462522814,True,35.29391,-120.66795,0.0,0.0,0.0,0.0
690fd7db87825a48788a8a57,2025-10-12 20:11:01.336,foothill,Car,6.6453614,0.0,0.0,180.0,0.0,0.4241749942302704,0.0,inf,0.0,0.0,0,0,0.7331928462522814,True,35.293907,-120.66795,0.0,0.0,0.0,0.0
690fd7db87825a48788a8a57,2025-10-12 20:11:01.336,foothill,Car,6.6453614,0.0,0.0,180.0,0.0,0.4241749942302704,0.0,inf,0.0,0.0,0,0,0.7331928462522814,True,35.2939,-120.66795,0.0,0.0,0.0,0.0
690fd7db87825a48788a8a57,2025-10-12 20:11:01.336,foothill,Car,6.6453614,0.0,0.0,180.0,0.0,0.4241749942302704,0.0,inf,0.0,0.0,0,0,0.7331928462522814,True,35.293896,-120.66795,0.0,0.0,0.0,0.0
690fd7db87825a48788a8a57,2025-10-12 20:11:01.336,foothill,Car,6.6453614,0.0,0.0,180.0,0.0,0.4241749942302704,0.0,inf,0.0,0.0,0,0,0.7331928462522814,True,35.29389,-120.66795,0.0,0.0,0.0,0.0
690fd7db87825a48788a8a57,2025-10-12 20:11:01.336,foothill,Car,6.6453614,0.0,0.0,114.67624,-65.32376,0.812018096446991,0.1465137004852295,inf,0.0,65.32376098632812,0,0,0.7331928462522814,True,35.293888,-120.667946,0.0,0.0,0.0,0.0
690fd7db87825a48788a8a57,2025-10-12 20:11:01.336,foothill,Car,6.6453614,0.0,0.0,180.0,65.32376,0.4241749942302704,0.0,inf,0.0,0.0,0,0,0.7331928462522814,True,35.29388,-120.667946,0.0,0.0,0.0,0.0
690fd7db87825a48788a8a57,2025-10-12 20:11:01.336,foothill,Car,6.6453614,0.0,0.0,180.0,0.0,0.4241749942302704,0.0,inf,0.0,0.0,0,0,0.7331928462522814,True,35.293877,-120.667946,0.0,0.0,0.0,0.0
690fd7db87825a48788a8a57,2025-10-12 20:11:01.336,foothill,Car,6.6453614,0.0,0.0,180.0,0.0,0.4241749942302704,0.0,inf,0.0,0.0,0,0,0.7331928462522814,True,35.293873,-120.667946,0.0,0.0,0.0,0.0
690fd7db87825a48788a8a57,2025-10-12 20:11:01.336,foothill,Car,6.6453614,0.0,0.0,167.72089,-12.279114,0.8483499884605408,1.4132969379425049,inf,0.0,12.27911376953125,0,0,0.7331928462522814,True,35.293823,-120.66793,0.0,0.0,0.0,0.0
690fd7db87825a48788a8a57,2025-10-12 20:11:01.336,foothill,Car,6.6453614,0.0,0.0,180.0,12.279114,0.4241749942302704,0.0,inf,0.0,0.0,0,0,0.7331928462522814,True,35.293816,-120.66793,0.0,0.0,0.0,0.0
690fd7db87825a48788a8a57,2025-10-12 20:11:01.336,foothill,Car,6.6453614,0.0,0.0,180.0,0.0,0.4241749942302704,0.0,inf,0.0,0.0,0,0,0.7331928462522814,True,35.29381,-120.66793,0.0,0.0,0.0,0.0
690fd7db87825a48788a8a57,2025-10-12 20:11:01.336,foothill,Car,6.6453614,0.0,0.0,180.0,0.0,0.4241749942302704,0.0,inf,0.0,0.0,0,0,0.7331928462522814,True,35.293808,-120.66793,0.0,0.0,0.0,0.0
690fd7db87825a48788a8a57,2025-10-12 20:11:01.336,foothill,Car,6.6453614,0.0,0.0,180.0,0.0,0.4241749942302704,0.0,inf,0.0,0.0,0,0,0.7331928462522814,True,35.293804,-120.66793,0.0,0.0,0.0,0.0
690fd7db87825a48788a8a57,2025-10-12 20:11:01.336,foothill,Car,6.6453614,0.0,0.0,180.0,0.0,0.4241749942302704,0.0,inf,0.0,0.0,0,0,0.7331928462522814,True,35.2938,-120.66793,0.0,0.0,0.0,0.0
690fd7db87825a48788a8a57,2025-10-12 20:11:01.336,foothill,Car,6.6453614,0.0,0.0,180.0,0.0,0.4241749942302704,0.0,inf,0.0,0.0,0,0,0.7331928462522814,True,35.293793,-120.66792,0.0,0.0,0.0,0.0
690fd7db87825a48788a8a57,2025-10-12 20:11:01.336,foothill,Car,6.6453614,0.0,0.0,180.0,0.0,0.4241749942302704,0.0,inf,0.0,0.0,0,0,0.7331928462522814,True,35.29379,-120.66792,0.0,0.0,0.0,0.0
690fd7db87825a48788a8a57,2025-10-12 20:11:01.336,foothill,Car,6.6453614,0.0,0.0,180.0,0.0,0.4241749942302704,0.0,inf,0.0,0.0,0,0,0.7331928462522814,True,35.293785,-120.66792,0.0,0.0,0.0,0.0
690fd7db87825a48788a8a57,2025-10-12 20:11:01.336,foothill,Car,6.6453614,0.0,0.0,180.0,0.0,0.4241749942302704,0.0,inf,0.0,0.0,0,0,0.7331928462522814,True,35.29378,-120.66792,0.0,0.0,0.0,0.0
690fd7db87825a48788a8a58,2025-10-12 20:11:01.801,foothill,Car,6.4657645,0.0,0.0,0.0,0.0,0.4241749942302704,-7.918277866752381e-16,535690970398720.0,0.0,180.0,1,0,0.7226247325090033,True,35.294178,-120.668076,0.1,0.0,0.0,0.0
690fd7db87825a48788a8a58,2025-10-12 20:11:01.801,foothill,Car,6.4657645,0.0,0.0,180.0,-180.0,0.4241749942302704,-7.918277866752381e-16,535690970398720.0,0.0,180.0,0,0,0.7226247325090033,True,35.294174,-120.668076,0.0,0.0,0.0,0.0
690fd7db87825a48788a8a58,2025-10-12 20:11:01.801,foothill,Car,6.4657645,0.0,0.0,180.0,0.0,0.4241749942302704,0.0,inf,0.0,0.0,0,0,0.7226247325090033,True,35.29417,-120.668076,0.0,0.0,0.0,0.0
690fd7db87825a48788a8a58,2025-10-12 20:11:01.801,foothill,Car,6.4657645,0.0,0.0,180.0,0.0,0.0,0.0,inf,0.0,0.0,0,0,0.7226247325090033,True,35.294167,-120.668076,0.0,0.0,0.0,0.0
690fd7db87825a48788a8a58,2025-10-12 20:11:01.801,foothill,Car,6.4657645,0.0,0.0,0.0,-180.0,0.0,0.0,inf,0.0,180.0,0,0,0.7226247325090033,True,35.294167,-120.668076,0.0,0.0,0.0,0.0
690fd7db87825a48788a8a58,2025-10-12 20:11:01.801,foothill,Car,6.4657645,0.0,0.0,180.0,-180.0,0.4241749942302704,0.0,inf,0.0,0.0,0,0,0.7226247325090033,True,35.294163,-120.668076,0.0,0.0,0.0,0.0
690fd7db87825a48788a8a58,2025-10-12 20:11:01.801,foothill,Car,6.4657645,0.0,0.0,180.0,0.0,0.4241749942302704,0.0,inf,0.0,0.0,0,0,0.7226247325090033,True,35.29416,-120.668076,0.0,0.0,0.0,0.0
690fd7db87825a48788a8a58,2025-10-12 20:11:01.801,foothill,Car,6.4657645,0.0,0.0,180.0,0.0,0.4241749942302704,0.0,inf,0.0,0.0,0,0,0.7226247325090033,True,35.294155,-120.668076,0.0,0.0,0.0,0.0
690fd7db87825a48788a8a58,2025-10-12 20:11:01.801,foothill,Car,6.4657645,0.0,0.0,0.0,-180.0,0.4241749942302704,7.918277866752381e-16,inf,0.0,180.0,0,0,0.7226247325090033,True,35.29415,-120.668076,0.0,0.0,0.0,0.0
690fd7db87825a48788a8a58,2025-10-12 20:11:01.801,foothill,Car,6.4657645,0.0,0.0,180.0,-180.0,0.0,0.0,inf,0.0,0.0,0,0,0.7226247325090033,True,35.294147,-120.668076,0.0,0.0,0.0,0.0
690fd7db87825a48788a8a58,2025-10-12 20:11:01.801,foothill,Car,6.4657645,0.0,0.0,0.0,-180.0,0.0,0.0,inf,0.0,180.0,0,0,0.7226247325090033,True,35.294147,-120.668076,0.0,0.0,0.0,0.0
690fd7db87825a48788a8a58,2025-10-12 20:11:01.801,foothill,Car,6.4657645,0.0,0.0,180.0,-180.0,0.4241749942302704,0.0,inf,0.0,0.0,0,0,0.7226247325090033,True,35.294144,-120.668076,0.0,0.0,0.0,0.0
690fd7db87825a48788a8a58,2025-10-12 20:11:01.801,foothill,Car,6.4657645,0.0,0.0,180.0,0.0,0.4241749942302704,0.0,inf,0.0,0.0,0,0,0.7226247325090033,True,35.29414,-120.668076,0.0,0.0,0.0,0.0
690fd7db87825a48788a8a58,2025-10-12 20:11:01.801,foothill,Car,6.4657645,0.0,0.0,180.0,0.0,0.0,0.0,inf,0.0,0.0,0,0,0.7226247325090033,True,35.294136,-120.668076,0.0,0.0,0.0,0.0
690fd7db87825a48788a8a58,2025-10-12 20:11:01.801,foothill,Car,6.4657645,0.0,0.0,0.0,-180.0,0.0,0.0,inf,0.0,180.0,0,0,0.7226247325090033,True,35.294136,-120.668076,0.0,0.0,0.0,0.0
690fd7db87825a48788a8a58,2025-10-12 20:11:01.801,foothill,Car,6.4657645,0.0,0.0,114.67633,114.67633,0.4241749942302704,5.8753156661987305,inf,0.0,65.32366943359375,0,0,0.7226247325090033,True,35.294132,-120.66807,0.0,0.0,0.0,0.0
690fd7db87825a48788a8a58,2025-10-12 20:11:01.801,foothill,Car,6.4657645,0.0,0.0,180.0,65.32367,0.4241749942302704,5.8753156661987305,inf,0.0,65.32366943359375,0,0,0.7226247325090033,True,35.29413,-120.66807,0.0,0.0,0.0,0.0
690fd7db87825a48788a8a58,2025-10-12 20:11:01.801,foothill,Car,6.4657645,0.0,0.0,180.0,0.0,0.4241749942302704,0.0,inf,0.0,0.0,0,0,0.7226247325090033,True,35.294125,-120.66807,0.0,0.0,0.0,0.0
690fd7db87825a48788a8a58,2025-10-12 20:11:01.801,foothill,Car,6.4657645,0.0,0.0,180.0,0.0,0.4241749942302704,0.0,inf,0.0,0.0,0,0,0.7226247325090033,True,35.294117,-120.66807,0.0,0.0,0.0,0.0
690fd7db87825a48788a8a58,2025-10-12 20:11:01.801,foothill,Car,6.4657645,0.0,0.0,180.0,0.0,0.4241749942302704,0.0,inf,0.0,0.0,0,0,0.7226247325090033,True,35.294113,-120.66807,0.0,0.0,0.0,0.0
690fd7db87825a48788a8a58,2025-10-12 20:11:01.801,foothill,Car,6.4657645,0.0,0.0,180.0,0.0,0.4241749942302704,0.0,inf,0.0,0.0,0,0,0.7226247325090033,True,35.29411,-120.66806,0.0,0.0,0.0,0.0
690fd7db87825a48788a8a58,2025-10-12 20:11:01.801,foothill,Car,6.4657645,0.0,0.0,180.0,0.0,0.4241749942302704,0.0,inf,0.0,0.0,0,0,0.7226247325090033,True,35.294106,-120.66806,0.0,0.0,0.0,0.0
690fd7db87825a48788a8a58,2025-10-12 20:11:01.801,foothill,Car,6.4657645,0.0,0.0,180.0,0.0,0.4241749942302704,0.0,inf,0.0,0.0,0,0,0.7226247325090033,True,35.2941,-120.66806,0.0,0.0,0.0,0.0
690fd7db87825a48788a8a58,2025-10-12 20:11:01.801,foothill,Car,6.4657645,0.0,0.0,180.0,0.0,0.4241749942302704,0.0,inf,0.0,0.0,0,0,0.7226247325090033,True,35.294094,-120.66806,0.0,0.0,0.0,0.0
690fd7db87825a48788a8a58,2025-10-12 20:11:01.801,foothill,Car,6.4657645,0.0,0.0,180.0,0.0,0.4241749942302704,0.0,inf,0.0,0.0,0,0,0.7226247325090033,True,35.29409,-120.66806,0.0,0.0,0.0,0.0
690fd7db87825a48788a8a58,2025-10-12 20:11:01.801,foothill,Car,6.4657645,0.0,0.0,114.6763,-65.3237,0.4241749942302704,5.875317096710205,inf,0.0,65.32369995117188,0,0,0.7226247325090033,True,35.294086,-120.66805,0.0,0.0,0.0,0.0
690fd7db87825a48788a8a58,2025-10-12 20:11:01.801,foothill,Car,6.4657645,0.0,0.0,180.0,65.3237,0.4241749942302704,0.0,inf,0.0,0.0,0,0,0.7226247325090033,True,35.294083,-120.66805,0.0,0.0,0.0,0.0
690fd7db87825a48788a8a58,2025-10-12 20:11:01.801,foothill,Car,6.4657645,0.0,0.0,180.0,0.0,0.4241749942302704,0.0,inf,0.0,0.0,0,0,0.7226247325090033,True,35.29408,-120.66805,0.0,0.0,0.0,0.0
690fd7db87825a48788a8a58,2025-10-12 20:11:01.801,foothill,Car,6.4657645,0.0,0.0,180.0,0.0,0.8120167851448059,0.0,inf,0.0,0.0,0,0,0.7226247325090033,True,35.29407,-120.66805,0.0,0.0,0.0,0.0
690fd7db87825a48788a8a58,2025-10-12 20:11:01.801,foothill,Car,6.4657645,0.0,0.0,180.0,0.0,0.4241749942302704,0.0,inf,0.0,0.0,0,0,0.7226247325090033,True,35.294067,-120.668045,0.0,0.0,0.0,0.0
690fd7db87825a48788a8a58,2025-10-12 20:11:01.801,foothill,Car,6.4657645,0.0,0.0,180.0,0.0,0.4241749942302704,0.0,inf,0.0,0.0,0,0,0.7226247325090033,True,35.294064,-120.668045,0.0,0.0,0.0,0.0
690fd7db87825a48788a8a58,2025-10-12 20:11:01.801,foothill,Car,6.4657645,0.0,0.0,180.0,0.0,0.4241749942302704,0.0,inf,0.0,0.0,0,0,0.7226247325090033,True,35.29406,-120.668045,0.0,0.0,0.0,0.0
690fd7db87825a48788a8a58,2025-10-12 20:11:01.801,foothill,Car,6.4657645,0.0,0.0,180.0,0.0,0.4241749942302704,0.0,inf,0.0,0.0,0,0,0.7226247325090033,True,35.294052,-120.668045,0.0,0.0,0.0,0.0
690fd7db87825a48788a8a58,2025-10-12 20:11:01.801,foothill,Car,6.4657645,0.0,0.0,180.0,0.0,0.4241749942302704,0.0,inf,0.0,0.0,0,0,0.7226247325090033,True,35.29405,-120.668045,0.0,0.0,0.0,0.0
690fd7db87825a48788a8a58,2025-10-12 20:11:01.801,foothill,Car,6.4657645,0.0,0.0,114.67627,-65.32373,0.8120169639587402,0.1425461769104004,inf,0.0,65.32373046875,0,0,0.7226247325090033,True,35.294044,-120.66804,0.0,0.0,0.0,0.0
690fd7db87825a48788a8a58,2025-10-12 20:11:01.801,foothill,Car,6.4657645,0.0,0.0,180.0,65.32373,0.4241749942302704,0.0,inf,0.0,0.0,0,0,0.7226247325090033,True,35.294037,-120.66804,0.0,0.0,0.0,0.0
690fd7db87825a48788a8a58,2025-10-12 20:11:01.801,foothill,Car,6.4657645,0.0,0.0,180.0,0.0,0.4241749942302704,0.0,inf,0.0,0.0,0,0,0.7226247325090033,True,35.294033,-120.66804,0.0,0.0,0.0,0.0
690fd7db87825a48788a8a58,2025-10-12 20:11:01.801,foothill,Car,6.4657645,0.0,0.0,180.0,0.0,0.4241749942302704,0.0,inf,0.0,0.0,0,0,0.7226247325090033,True,35.29403,-120.66804,0.0,0.0,0.0,0.0
690fd7db87825a48788a8a58,2025-10-12 20:11:01.801,foothill,Car,6.4657645,0.0,0.0,107.029724,-72.970276,0.4241749942302704,6.182260036468506,inf,0.0,72.97027587890625,0,0,0.7226247325090033,True,35.29402,-120.66803,0.0,0.0,0.0,0.0
690fd7db87825a48788a8a58,2025-10-12 20:11:01.801,foothill,Car,6.4657645,0.0,0.0,180.0,72.970276,0.4241749942302704,0.0,inf,0.0,0.0,0,0,0.7226247325090033,True,35.294018,-120.66803,0.0,0.0,0.0,0.0
690fd7db87825a48788a8a58,2025-10-12 20:11:01.801,foothill,Car,6.4657645,0.0,0.0,180.0,0.0,0.4241749942302704,0.0,inf,0.0,0.0,0,0,0.7226247325090033,True,35.294014,-120.66803,0.0,0.0,0.0,0.0
690fd7db87825a48788a8a58,2025-10-12 20:11:01.801,foothill,Car,6.4657645,0.0,0.0,180.0,0.0,0.4241749942302704,0.0,inf,0.0,0.0,0,0,0.7226247325090033,True,35.29401,-120.66803,0.0,0.0,0.0,0.0
690fd7db87825a48788a8a58,2025-10-12 20:11:01.801,foothill,Car,6.4657645,0.0,0.0,180.0,0.0,0.8120172619819641,0.0,inf,0.0,0.0,0,0,0.7226247325090033,True,35.294006,-120.66802,0.0,0.0,0.0,0.0
690fd7db87825a48788a8a58,2025-10-12 20:11:01.801,foothill,Car,6.4657645,0.0,0.0,180.0,0.0,0.4241749942302704,0.0,inf,0.0,0.0,0,0,0.7226247325090033,True,35.294,-120.66802,0.0,0.0,0.0,0.0
690fd7db87825a48788a8a58,2025-10-12 20:11:01.801,foothill,Car,6.4657645,0.0,0.0,180.0,0.0,0.4241749942302704,0.0,inf,0.0,0.0,0,0,0.7226247325090033,True,35.293995,-120.66802,0.0,0.0,0.0,0.0
690fd7db87825a48788a8a58,2025-10-12 20:11:01.801,foothill,Car,6.4657645,0.0,0.0,180.0,0.0,0.4241749942302704,0.0,inf,0.0,0.0,0,0,0.7226247325090033,True,35.29399,-120.66802,0.0,0.0,0.0,0.0
690fd7db87825a48788a8a58,2025-10-12 20:11:01.801,foothill,Car,6.4657645,0.0,0.0,114.67627,-65.32373,0.4241749942302704,5.87531852722168,inf,0.0,65.32373046875,0,0,0.7226247325090033,True,35.293983,-120.668015,0.0,0.0,0.0,0.0
690fd7db87825a48788a8a58,2025-10-12 20:11:01.801,foothill,Car,6.4657645,0.0,0.0,180.0,65.32373,0.4241749942302704,5.87531852722168,inf,0.0,65.32373046875,0,0,0.7226247325090033,True,35.29398,-120.668015,0.0,0.0,0.0,0.0
690fd7db87825a48788a8a58,2025-10-12 20:11:01.801,foothill,Car,6.4657645,0.0,0.0,180.0,0.0,0.4241749942302704,7.918277866752381e-16,inf,0.0,180.0,0,0,0.7226247325090033,True,35.293972,-120.668015,0.0,0.0,0.0,0.0
690fd7db87825a48788a8a58,2025-10-12 20:11:01.801,foothill,Car,6.4657645,0.0,0.0,0.0,-180.0,0.4241749942302704,7.918277866752381e-16,inf,0.0,180.0,0,0,0.7226247325090033,True,35.29397,-120.668015,0.0,0.0,0.0,0.0
690fd7db87825a48788a8a58,2025-10-12 20:11:01.801,foothill,Car,6.4657645,0.0,0.0,180.0,-180.0,0.812017560005188,-11.026947021484377,0.073639377951622,0.0,180.0,0,0,0.7226247325090033,True,35.293964,-120.66801,0.0,0.0,0.0,0.0
690fd7db87825a48788a8a58,2025-10-12 20:11:01.801,foothill,Car,6.4657645,0.0,0.0,180.0,0.0,0.4241749942302704,0.0,inf,0.0,0.0,0,0,0.7226247325090033,True,35.293957,-120.66801,0.0,0.0,0.0,0.0
690fd7db87825a48788a8a58,2025-10-12 20:11:01.801,foothill,Car,6.4657645,0.0,0.0,180.0,0.0,0.4241749942302704,0.0,inf,0.0,0.0,0,0,0.7226247325090033,True,35.293953,-120.66801,0.0,0.0,0.0,0.0
690fd7db87825a48788a8a58,2025-10-12 20:11:01.801,foothill,Car,6.4657645,0.0,0.0,180.0,0.0,0.4241749942302704,0.0,inf,0.0,0.0,0,0,0.7226247325090033,True,35.29395,-120.66801,0.0,0.0,0.0,0.0
690fd7db87825a48788a8a58,2025-10-12 20:11:01.801,foothill,Car,6.4657645,0.0,0.0,180.0,0.0,0.4241749942302704,0.0,inf,0.0,0.0,0,0,0.7226247325090033,True,35.293945,-120.66801,0.0,0.0,0.0,0.0
690fd7db87825a48788a8a58,2025-10-12 20:11:01.801,foothill,Car,6.4657645,0.0,0.0,180.0,0.0,0.4241749942302704,0.0,inf,0.0,0.0,0,0,0.7226247325090033,True,35.29394,-120.66801,0.0,0.0,0.0,0.0
690fd7db87825a48788a8a58,2025-10-12 20:11:01.801,foothill,Car,6.4657645,0.0,0.0,98.70712,-81.29288,0.4241749942302704,6.391247272491455,inf,0.0,81.29287719726562,0,0,0.7226247325090033,True,35.293938,-120.668,0.0,0.0,0.0,0.0
690fd7db87825a48788a8a58,2025-10-12 20:11:01.801,foothill,Car,6.4657645,0.0,0.0,180.0,81.29288,0.4241749942302704,6.391247272491455,inf,0.0,81.29287719726562,0,0,0.7226247325090033,True,35.293934,-120.668,0.0,0.0,0.0,0.0
690fd7db87825a48788a8a58,2025-10-12 20:11:01.801,foothill,Car,6.4657645,0.0,0.0,180.0,0.0,0.4241749942302704,0.0,inf,0.0,0.0,0,0,0.7226247325090033,True,35.293926,-120.668,0.0,0.0,0.0,0.0
690fd7db87825a48788a8a58,2025-10-12 20:11:01.801,foothill,Car,6.4657645,0.0,0.0,180.0,0.0,0.4241749942302704,0.0,inf,0.0,0.0,0,0,0.7226247325090033,True,35.293922,-120.668,0.0,0.0,0.0,0.0
690fd7db87825a48788a8a58,2025-10-12 20:11:01.801,foothill,Car,6.4657645,0.0,0.0,166.87323,-13.12677,0.4241749942302704,1.4684162139892578,inf,0.0,13.12677001953125,0,0,0.7226247325090033,True,35.293873,-120.667984,0.0,0.0,0.0,0.0
690fd7db87825a48788a8a58,2025-10-12 20:11:01.801,foothill,Car,6.4657645,0.0,0.0,180.0,13.12677,0.4241749942302704,0.0,inf,0.0,0.0,0,0,0.7226247325090033,True,35.29387,-120.667984,0.0,0.0,0.0,0.0
690fd7db87825a48788a8a58,2025-10-12 20:11:01.801,foothill,Car,6.4657645,0.0,0.0,180.0,0.0,0.4241749942302704,0.0,inf,0.0,0.0,0,0,0.7226247325090033,True,35.293865,-120.667984,0.0,0.0,0.0,0.0
690fd7db87825a48788a8a58,2025-10-12 20:11:01.801,foothill,Car,6.4657645,0.0,0.0,180.0,0.0,0.4241749942302704,7.918277866752381e-16,inf,0.0,180.0,0,0,0.7226247325090033,True,35.293858,-120.66798,0.0,0.0,0.0,0.0
690fd7db87825a48788a8a58,2025-10-12 20:11:01.801,foothill,Car,6.4657645,0.0,0.0,0.0,-180.0,0.4241749942302704,7.918277866752381e-16,inf,0.0,180.0,0,0,0.7226247325090033,True,35.293854,-120.66798,0.0,0.0,0.0,0.0
690fd7db87825a48788a8a58,2025-10-12 20:11:01.801,foothill,Car,6.4657645,0.0,0.0,180.0,-180.0,0.4241749942302704,-7.918277866752381e-16,535690970398720.0,0.0,180.0,0,0,0.7226247325090033,True,35.29385,-120.66798,0.0,0.0,0.0,0.0
690fd7db87825a48788a8a58,2025-10-12 20:11:01.801,foothill,Car,6.4657645,0.0,0.0,180.0,0.0,0.4241749942302704,0.0,inf,0.0,0.0,0,0,0.7226247325090033,True,35.293846,-120.66798,0.0,0.0,0.0,0.0
690fd7db87825a48788a8a58,2025-10-12 20:11:01.801,foothill,Car,6.4657645,0.0,0.0,180.0,0.0,0.4241749942302704,0.0,inf,0.0,0.0,0,0,0.7226247325090033,True,35.293842,-120.66798,0.0,0.0,0.0,0.0
690fd7db87825a48788a8a58,2025-10-12 20:11:01.801,foothill,Car,6.4657645,0.0,0.0,121.491425,-58.508575,0.4241749942302704,5.5134758949279785,inf,0.0,58.508575439453125,0,0,0.7226247325090033,True,35.293835,-120.66797,0.0,0.0,0.0,0.0
690fd7db87825a48788a8a58,2025-10-12 20:11:01.801,foothill,Car,6.4657645,0.0,0.0,180.0,58.508575,0.4241749942302704,5.5134758949279785,inf,0.0,58.508575439453125,0,0,0.7226247325090033,True,35.29383,-120.66797,0.0,0.0,0.0,0.0
690fd7db87825a48788a8a59,2025-10-12 20:11:02.599,foothill,Car,5.0009456,0.0,0.0,0.0,0.0,0.0,0.0,inf,0.0,0.0,1,0,0.6638740409738109,True,35.294174,-120.66801,0.1,0.0,0.0,0.0
690fd7db87825a48788a8a59,2025-10-12 20:11:02.599,foothill,Car,5.0009456,0.0,0.0,0.0,0.0,0.0,0.0,inf,0.0,0.0,0,0,0.6638740409738109,True,35.294174,-120.66801,0.0,0.0,0.0,0.0
690fd7db87825a48788a8a59,2025-10-12 20:11:02.599,foothill,Car,5.0009456,0.0,0.0,180.0,-180.0,0.4241749942302704,-6.124391786387821e-16,692599379722240.0,0.0,180.0,0,0,0.6638740409738109,True,35.29417,-120.66801,0.0,0.0,0.0,0.0
690fd7db87825a48788a8a59,2025-10-12 20:11:02.599,foothill,Car,5.0009456,0.0,0.0,180.0,0.0,0.0,0.0,inf,0.0,0.0,0,0,0.6638740409738109,True,35.294167,-120.66801,0.0,0.0,0.0,0.0
690fd7db87825a48788a8a59,2025-10-12 20:11:02.599,foothill,Car,5.0009456,0.0,0.0,0.0,-180.0,0.0,0.0,inf,0.0,180.0,0,0,0.6638740409738109,True,35.294167,-120.66801,0.0,0.0,0.0,0.0
690fd7db87825a48788a8a59,2025-10-12 20:11:02.599,foothill,Car,5.0009456,0.0,0.0,180.0,-180.0,0.4241749942302704,0.0,inf,0.0,0.0,0,0,0.6638740409738109,True,35.294163,-120.66801,0.0,0.0,0.0,0.0
690fd7db87825a48788a8a59,2025-10-12 20:11:02.599,foothill,Car,5.0009456,0.0,0.0,180.0,0.0,0.0,0.0,inf,0.0,0.0,0,0,0.6638740409738109,True,35.29416,-120.66801,0.0,0.0,0.0,0.0
690fd7db87825a48788a8a59,2025-10-12 20:11:02.599,foothill,Car,5.0009456,0.0,0.0,0.0,-180.0,0.0,0.0,inf,0.0,180.0,0,0,0.6638740409738109,True,35.29416,-120.66801,0.0,0.0,0.0,0.0
690fd7db87825a48788a8a59,2025-10-12 20:11:02.599,foothill,Car,5.0009456,0.0,0.0,180.0,-180.0,0.4241749942302704,0.0,inf,0.0,0.0,0,0,0.6638740409738109,True,35.294155,-120.66801,0.0,0.0,0.0,0.0
690fd7db87825a48788a8a59,2025-10-12 20:11:02.599,foothill,Car,5.0009456,0.0,0.0,90.0,-90.0,0.0,0.0,inf,0.0,0.0,0,0,0.6638740409738109,True,35.29415,-120.668,0.0,0.0,0.0,0.0
690fd7db87825a48788a8a59,2025-10-12 20:11:02.599,foothill,Car,5.0009456,0.0,0.0,0.0,-90.0,0.0,0.0,inf,0.0,90.0,0,0,0.6638740409738109,True,35.29415,-120.668,0.0,0.0,0.0,0.0
690fd7db87825a48788a8a59,2025-10-12 20:11:02.599,foothill,Car,5.0009456,0.0,0.0,180.0,-180.0,0.4241749942302704,5.000945568084717,inf,0.0,90.0,0,0,0.6638740409738109,True,35.294147,-120.668,0.0,0.0,0.0,0.0
690fd7db87825a48788a8a59,2025-10-12 20:11:02.599,foothill,Car,5.0009456,0.0,0.0,180.0,0.0,0.0,0.0,inf,0.0,0.0,0,0,0.6638740409738109,True,35.294144,-120.66799,0.0,0.0,0.0,0.0
690fd7db87825a48788a8a59,2025-10-12 20:11:02.599,foothill,Car,5.0009456,0.0,0.0,0.0,-180.0,0.0,0.0,inf,0.0,180.0,0,0,0.6638740409738109,True,35.294144,-120.66799,0.0,0.0,0.0,0.0
690fd7db87825a48788a8a59,2025-10-12 20:11:02.599,foothill,Car,5.0009456,0.0,0.0,180.0,-180.0,0.4241749942302704,0.0,inf,0.0,0.0,0,0,0.6638740409738109,True,35.29414,-120.66799,0.0,0.0,0.0,0.0
690fd7db87825a48788a8a59,2025-10-12 20:11:02.599,foothill,Car,5.0009456,0.0,0.0,180.0,0.0,0.4241749942302704,0.0,inf,0.0,0.0,0,0,0.6638740409738109,True,35.294136,-120.66799,0.0,0.0,0.0,0.0
690fd7db87825a48788a8a59,2025-10-12 20:11:02.599,foothill,Car,5.0009456,0.0,0.0,114.67633,-65.32367,0.4241749942302704,4.544262886047363,inf,0.0,65.32366943359375,0,0,0.6638740409738109,True,35.294132,-120.667984,0.0,0.0,0.0,0.0
690fd7db87825a48788a8a59,2025-10-12 20:11:02.599,foothill,Car,5.0009456,0.0,0.0,180.0,65.32367,0.4241749942302704,4.544262886047363,inf,0.0,65.32366943359375,0,0,0.6638740409738109,True,35.29413,-120.667984,0.0,0.0,0.0,0.0
690fd7db87825a48788a8a59,2025-10-12 20:11:02.599,foothill,Car,5.0009456,0.0,0.0,180.0,0.0,0.4241749942302704,0.0,inf,0.0,0.0,0,0,0.6638740409738109,True,35.294125,-120.667984,0.0,0.0,0.0,0.0
690fd7db87825a48788a8a59,2025-10-12 20:11:02.599,foothill,Car,5.0009456,0.0,0.0,180.0,0.0,0.0,0.0,inf,0.0,0.0,0,0,0.6638740409738109,True,35.29412,-120.66798,0.0,0.0,0.0,0.0
690fd7db87825a48788a8a59,2025-10-12 20:11:02.599,foothill,Car,5.0009456,0.0,0.0,0.0,-180.0,0.0,0.0,inf,0.0,180.0,0,0,0.6638740409738109,True,35.29412,-120.66798,0.0,0.0,0.0,0.0
690fd7db87825a48788a8a59,2025-10-12 20:11:02.599,foothill,Car,5.0009456,0.0,0.0,180.0,-180.0,0.4241749942302704,0.0,inf,0.0,0.0,0,0,0.6638740409738109,True,35.294117,-120.66798,0.0,0.0,0.0,0.0
690fd7db87825a48788a8a59,2025-10-12 20:11:02.599,foothill,Car,5.0009456,0.0,0.0,121.491516,-58.508484,0.4241749942302704,4.26439380645752,inf,0.0,58.50848388671875,0,0,0.6638740409738109,True,35.294113,-120.66797,0.0,0.0,0.0,0.0
690fd7db87825a48788a8a59,2025-10-12 20:11:02.599,foothill,Car,5.0009456,0.0,0.0,180.0,58.508484,0.0,0.0,inf,0.0,0.0,0,0,0.6638740409738109,True,35.29411,-120.66797,0.0,0.0,0.0,0.0
690fd7db87825a48788a8a59,2025-10-12 20:11:02.599,foothill,Car,5.0009456,0.0,0.0,0.0,-180.0,0.0,0.0,inf,0.0,180.0,0,0,0.6638740409738109,True,35.29411,-120.66797,0.0,0.0,0.0,0.0
690fd7db87825a48788a8a59,2025-10-12 20:11:02.599,foothill,Car,5.0009456,0.0,0.0,180.0,-180.0,0.4241749942302704,0.0,inf,0.0,0.0,0,0,0.6638740409738109,True,35.294106,-120.66797,0.0,0.0,0.0,0.0
690fd7db87825a48788a8a59,2025-10-12 20:11:02.599,foothill,Car,5.0009456,0.0,0.0,114.6763,-65.3237,0.4241749942302704,4.54426383972168,inf,0.0,114.67630004882812,0,0,0.6638740409738109,True,35.2941,-120.66796,0.0,0.0,0.0,0.0
690fd7db87825a48788a8a59,2025-10-12 20:11:02.599,foothill,Car,5.0009456,0.0,0.0,0.0,-114.6763,0.4241749942302704,4.54426383972168,inf,0.0,114.67630004882812,0,0,0.6638740409738109,True,35.294098,-120.66796,0.0,0.0,0.0,0.0
690fd7db87825a48788a8a59,2025-10-12 20:11:02.599,foothill,Car,5.0009456,0.0,0.0,180.0,-180.0,0.0,0.0,inf,0.0,0.0,0,0,0.6638740409738109,True,35.294094,-120.66795,0.0,0.0,0.0,0.0
690fd7db87825a48788a8a59,2025-10-12 20:11:02.599,foothill,Car,5.0009456,0.0,0.0,0.0,-180.0,0.0,0.0,inf,0.0,180.0,0,0,0.6638740409738109,True,35.294094,-120.66795,0.0,0.0,0.0,0.0
690fd7db87825a48788a8a59,2025-10-12 20:11:02.599,foothill,Car,5.0009456,0.0,0.0,180.0,-180.0,0.4241749942302704,0.0,inf,0.0,0.0,0,0,0.6638740409738109,True,35.29409,-120.66795,0.0,0.0,0.0,0.0
690fd7db87825a48788a8a59,2025-10-12 20:11:02.599,foothill,Car,5.0009456,0.0,0.0,114.6763,-65.3237,0.4241749942302704,4.54426383972168,inf,0.0,65.32369995117188,0,0,0.6638740409738109,True,35.294086,-120.667946,0.0,0.0,0.0,0.0
690fd7db87825a48788a8a59,2025-10-12 20:11:02.599,foothill,Car,5.0009456,0.0,0.0,180.0,65.3237,0.4241749942302704,4.54426383972168,inf,0.0,65.32369995117188,0,0,0.6638740409738109,True,35.294083,-120.667946,0.0,0.0,0.0,0.0
690fd7db87825a48788a8a59,2025-10-12 20:11:02.599,foothill,Car,5.0009456,0.0,0.0,180.0,0.0,0.0,0.0,inf,0.0,0.0,0,0,0.6638740409738109,True,35.29408,-120.66794,0.0,0.0,0.0,0.0
690fd7db87825a48788a8a59,2025-10-12 20:11:02.599,foothill,Car,5.0009456,0.0,0.0,0.0,-180.0,0.0,0.0,inf,0.0,180.0,0,0,0.6638740409738109,True,35.29408,-120.66794,0.0,0.0,0.0,0.0
690fd7db87825a48788a8a59,2025-10-12 20:11:02.599,foothill,Car,5.0009456,0.0,0.0,180.0,-180.0,0.4241749942302704,0.0,inf,0.0,0.0,0,0,0.6638740409738109,True,35.294075,-120.66794,0.0,0.0,0.0,0.0
690fd7db87825a48788a8a59,2025-10-12 20:11:02.599,foothill,Car,5.0009456,0.0,0.0,114.6763,-65.3237,0.4241749942302704,4.54426383972168,inf,0.0,65.32369995117188,0,0,0.6638740409738109,True,35.29407,-120.66793,0.0,0.0,0.0,0.0
690fd7db87825a48788a8a59,2025-10-12 20:11:02.599,foothill,Car,5.0009456,0.0,0.0,180.0,65.3237,0.4241749942302704,4.54426383972168,inf,0.0,65.32369995117188,0,0,0.6638740409738109,True,35.294067,-120.66793,0.0,0.0,0.0,0.0
690fd7db87825a48788a8a59,2025-10-12 20:11:02.599,foothill,Car,5.0009456,0.0,0.0,0.0,-180.0,0.4241749942302704,-6.124391786387821e-16,692599379722240.0,0.0,180.0,0,0,0.6638740409738109,True,35.294067,-120.66792,0.0,0.0,0.0,0.0
690fd7db87825a48788a8a59,2025-10-12 20:11:02.599,foothill,Car,5.0009456,0.0,0.0,180.0,-180.0,0.4241749942302704,-6.124391786387821e-16,692599379722240.0,0.0,180.0,0,0,0.6638740409738109,True,35.294064,-120.66792,0.0,0.0,0.0,0.0
690fd7db87825a48788a8a59,2025-10-12 20:11:02.599,foothill,Car,5.0009456,0.0,0.0,107.029724,-72.970276,0.0,0.0,inf,0.0,0.0,0,0,0.6638740409738109,True,35.29406,-120.667915,0.0,0.0,0.0,0.0
690fd7db87825a48788a8a59,2025-10-12 20:11:02.599,foothill,Car,5.0009456,0.0,0.0,0.0,-107.029724,0.0,0.0,inf,0.0,107.02972412109376,0,0,0.6638740409738109,True,35.29406,-120.667915,0.0,0.0,0.0,0.0
690fd7db87825a48788a8a59,2025-10-12 20:11:02.599,foothill,Car,5.0009456,0.0,0.0,107.029724,107.029724,0.4241749942302704,4.781668663024902,inf,0.0,72.97027587890625,0,0,0.6638740409738109,True,35.294056,-120.66791,0.0,0.0,0.0,0.0
690fd7db87825a48788a8a59,2025-10-12 20:11:02.599,foothill,Car,5.0009456,0.0,0.0,180.0,72.970276,0.4241749942302704,4.781668663024902,inf,0.0,72.97027587890625,0,0,0.6638740409738109,True,35.294052,-120.66791,0.0,0.0,0.0,0.0
690fd7db87825a48788a8a59,2025-10-12 20:11:02.599,foothill,Car,5.0009456,0.0,0.0,0.0,-180.0,0.4241749942302704,-6.124391786387821e-16,692599379722240.0,0.0,180.0,0,0,0.6638740409738109,True,35.294052,-120.6679,0.0,0.0,0.0,0.0
690fd7db87825a48788a8a59,2025-10-12 20:11:02.599,foothill,Car,5.0009456,0.0,0.0,180.0,-180.0,0.4241749942302704,-6.124391786387821e-16,692599379722240.0,0.0,180.0,0,0,0.6638740409738109,True,35.29405,-120.6679,0.0,0.0,0.0,0.0
690fd7db87825a48788a8a59,2025-10-12 20:11:02.599,foothill,Car,5.0009456,0.0,0.0,90.0,-90.0,0.4241749942302704,5.000945568084717,inf,0.0,90.0,0,0,0.6638740409738109,True,35.29405,-120.66789,0.0,0.0,0.0,0.0
690fd7db87825a48788a8a59,2025-10-12 20:11:02.599,foothill,Car,5.0009456,0.0,0.0,180.0,90.0,0.4241749942302704,5.000945568084717,inf,0.0,90.0,0,0,0.6638740409738109,True,35.294044,-120.66789,0.0,0.0,0.0,0.0
690fd7db87825a48788a8a59,2025-10-12 20:11:02.599,foothill,Car,5.0009456,0.0,0.0,116.46112,-63.53888,0.0,0.0,inf,0.0,0.0,0,0,0.6638740409738109,True,35.29402,-120.66784,0.0,0.0,0.0,0.0
690fd7db87825a48788a8a59,2025-10-12 20:11:02.599,foothill,Car,5.0009456,0.0,0.0,0.0,-116.46112,0.0,0.0,inf,0.0,116.46112060546876,0,0,0.6638740409738109,True,35.29402,-120.66784,0.0,0.0,0.0,0.0
690fd7db87825a48788a8a59,2025-10-12 20:11:02.599,foothill,Car,5.0009456,0.0,0.0,180.0,-180.0,0.0,0.0,inf,0.0,0.0,0,0,0.6638740409738109,True,35.294018,-120.66783,0.0,0.0,0.0,0.0
690fd7db87825a48788a8a59,2025-10-12 20:11:02.599,foothill,Car,5.0009456,0.0,0.0,0.0,-180.0,0.0,0.0,inf,0.0,180.0,0,0,0.6638740409738109,True,35.294018,-120.66783,0.0,0.0,0.0,0.0
690fd7db87825a48788a8a59,2025-10-12 20:11:02.599,foothill,Car,5.0009456,0.0,0.0,90.0,90.0,0.6924214959144592,5.000945568084717,inf,0.0,90.0,0,0,0.6638740409738109,True,35.294018,-120.66782,0.0,0.0,0.0,0.0
690fd7db87825a48788a8a59,2025-10-12 20:11:02.599,foothill,Car,5.0009456,0.0,0.0,180.0,90.0,0.0,0.0,inf,0.0,0.0,0,0,0.6638740409738109,True,35.294014,-120.667816,0.0,0.0,0.0,0.0
690fd7db87825a48788a8a59,2025-10-12 20:11:02.599,foothill,Car,5.0009456,0.0,0.0,0.0,-180.0,0.0,0.0,inf,0.0,180.0,0,0,0.6638740409738109,True,35.294014,-120.667816,0.0,0.0,0.0,0.0
690fd7db87825a48788a8a59,2025-10-12 20:11:02.599,foothill,Car,5.0009456,0.0,0.0,90.0,90.0,0.0,0.0,inf,0.0,0.0,0,0,0.6638740409738109,True,35.294014,-120.66781,0.0,0.0,0.0,0.0
690fd7db87825a48788a8a59,2025-10-12 20:11:02.599,foothill,Car,5.0009456,0.0,0.0,0.0,-90.0,0.0,0.0,inf,0.0,90.0,0,0,0.6638740409738109,True,35.294014,-120.66781,0.0,0.0,0.0,0.0
690fd7db87825a48788a8a59,2025-10-12 20:11:02.599,foothill,Car,5.0009456,0.0,0.0,180.0,-180.0,0.8120172619819641,-1.6520419120788574,0.491523414850235,0.0,90.0,0,0,0.6638740409738109,True,35.29401,-120.6678,0.0,0.0,0.0,0.0
690fd7db87825a48788a8a5a,2025-10-12 20:11:03.341,foothill,Car,2.098739,0.0,0.0,0.0,0.0,0.0,0.0,inf,0.0,0.0,1,0,0.775388580974746,True,35.293743,-120.667854,0.1,0.0,0.0,0.0
690fd7db87825a48788a8a5a,2025-10-12 20:11:03.341,foothill,Car,2.098739,0.0,0.0,0.0,0.0,0.0,0.0,inf,0.0,0.0,0,0,0.775388580974746,True,35.293743,-120.667854,0.0,0.0,0.0,0.0
690fd7db87825a48788a8a5a,2025-10-12 20:11:03.341,foothill,Car,2.098739,0.0,0.0,0.0,0.0,0.0,0.0,inf,0.0,0.0,0,0,0.775388580974746,True,35.293743,-120.667854,0.0,0.0,0.0,0.0
690fd7db87825a48788a8a5a,2025-10-12 20:11:03.341,foothill,Car,2.098739,0.0,0.0,0.0,0.0,0.4241749942302704,0.0,inf,0.0,0.0,0,0,0.775388580974746,True,35.293747,-120.667854,0.0,0.0,0.0,0.0
690fd7db87825a48788a8a5a,2025-10-12 20:11:03.341,foothill,Car,2.098739,0.0,0.0,0.0,0.0,0.0,0.0,inf,0.0,0.0,0,0,0.775388580974746,True,35.29375,-120.667854,0.0,0.0,0.0,0.0
690fd7db87825a48788a8a5a,2025-10-12 20:11:03.341,foothill,Car,2.098739,0.0,0.0,0.0,0.0,0.0,0.0,inf,0.0,0.0,0,0,0.775388580974746,True,35.29375,-120.667854,0.0,0.0,0.0,0.0
690fd7db87825a48788a8a5a,2025-10-12 20:11:03.341,foothill,Car,2.098739,0.0,0.0,0.0,0.0,0.4241749942302704,0.0,inf,0.0,0.0,0,0,0.775388580974746,True,35.293755,-120.667854,0.0,0.0,0.0,0.0
690fd7db87825a48788a8a5a,2025-10-12 20:11:03.341,foothill,Car,2.098739,0.0,0.0,0.0,0.0,0.0,0.0,inf,0.0,0.0,0,0,0.775388580974746,True,35.29376,-120.667854,0.0,0.0,0.0,0.0
690fd7db87825a48788a8a5a,2025-10-12 20:11:03.341,foothill,Car,2.098739,0.0,0.0,0.0,0.0,0.0,0.0,inf,0.0,0.0,0,0,0.775388580974746,True,35.29376,-120.667854,0.0,0.0,0.0,0.0
690fd7db87825a48788a8a5a,2025-10-12 20:11:03.341,foothill,Car,2.098739,0.0,0.0,0.0,0.0,0.0,0.0,inf,0.0,0.0,0,0,0.775388580974746,True,35.29376,-120.667854,0.0,0.0,0.0,0.0
690fd7db87825a48788a8a5a,2025-10-12 20:11:03.341,foothill,Car,2.098739,0.0,0.0,0.0,0.0,0.0,0.0,inf,0.0,0.0,0,0,0.775388580974746,True,35.293762,-120.667854,0.0,0.0,0.0,0.0
690fd7db87825a48788a8a5a,2025-10-12 20:11:03.341,foothill,Car,2.098739,0.0,0.0,0.0,0.0,0.0,0.0,inf,0.0,0.0,0,0,0.775388580974746,True,35.293762,-120.667854,0.0,0.0,0.0,0.0
690fd7db87825a48788a8a5a,2025-10-12 20:11:03.341,foothill,Car,2.098739,0.0,0.0,0.0,0.0,0.4241749942302704,0.0,inf,0.0,0.0,0,0,0.775388580974746,True,35.293766,-120.667854,0.0,0.0,0.0,0.0
690fd7db87825a48788a8a5a,2025-10-12 20:11:03.341,foothill,Car,2.098739,0.0,0.0,0.0,0.0,0.0,0.0,inf,0.0,0.0,0,0,0.775388580974746,True,35.29377,-120.667854,0.0,0.0,0.0,0.0
690fd7db87825a48788a8a5a,2025-10-12 20:11:03.341,foothill,Car,2.098739,0.0,0.0,0.0,0.0,0.0,0.0,inf,0.0,0.0,0,0,0.775388580974746,True,35.29377,-120.667854,0.0,0.0,0.0,0.0
690fd7db87825a48788a8a5a,2025-10-12 20:11:03.341,foothill,Car,2.098739,0.0,0.0,0.0,0.0,0.0,0.0,inf,0.0,0.0,0,0,0.775388580974746,True,35.293774,-120.667854,0.0,0.0,0.0,0.0
690fd7db87825a48788a8a5a,2025-10-12 20:11:03.341,foothill,Car,2.098739,0.0,0.0,0.0,0.0,0.0,0.0,inf,0.0,0.0,0,0,0.775388580974746,True,35.293774,-120.667854,0.0,0.0,0.0,0.0
690fd7db87825a48788a8a5a,2025-10-12 20:11:03.341,foothill,Car,2.098739,0.0,0.0,0.0,0.0,0.0,0.0,inf,0.0,0.0,0,0,0.775388580974746,True,35.293777,-120.667854,0.0,0.0,0.0,0.0
690fd7db87825a48788a8a5a,2025-10-12 20:11:03.341,foothill,Car,2.098739,0.0,0.0,0.0,0.0,0.0,0.0,inf,0.0,0.0,0,0,0.775388580974746,True,35.293777,-120.667854,0.0,0.0,0.0,0.0
690fd7db87825a48788a8a5a,2025-10-12 20:11:03.341,foothill,Car,2.098739,0.0,0.0,0.0,0.0,0.0,0.0,inf,0.0,0.0,0,0,0.775388580974746,True,35.29378,-120.667854,0.0,0.0,0.0,0.0
690fd7db87825a48788a8a5a,2025-10-12 20:11:03.341,foothill,Car,2.098739,0.0,0.0,0.0,0.0,0.0,0.0,inf,0.0,0.0,0,0,0.775388580974746,True,35.29378,-120.667854,0.0,0.0,0.0,0.0
690fd7db87825a48788a8a5a,2025-10-12 20:11:03.341,foothill,Car,2.098739,0.0,0.0,0.0,0.0,0.0,0.0,inf,0.0,0.0,0,0,0.775388580974746,True,35.29378,-120.667854,0.0,0.0,0.0,0.0
690fd7db87825a48788a8a5a,2025-10-12 20:11:03.341,foothill,Car,2.098739,0.0,0.0,0.0,0.0,0.0,0.0,inf,0.0,0.0,0,0,0.775388580974746,True,35.293785,-120.667854,0.0,0.0,0.0,0.0
690fd7db87825a48788a8a5a,2025-10-12 20:11:03.341,foothill,Car,2.098739,0.0,0.0,0.0,0.0,0.0,0.0,inf,0.0,0.0,0,0,0.775388580974746,True,35.293785,-120.667854,0.0,0.0,0.0,0.0
690fd7db87825a48788a8a5a,2025-10-12 20:11:03.341,foothill,Car,2.098739,0.0,0.0,0.0,0.0,0.4241749942302704,0.0,inf,0.0,0.0,0,0,0.775388580974746,True,35.29379,-120.667854,0.0,0.0,0.0,0.0
690fd7db87825a48788a8a5a,2025-10-12 20:11:03.341,foothill,Car,2.098739,0.0,0.0,0.0,0.0,0.4241749942302704,0.0,inf,0.0,0.0,0,0,0.775388580974746,True,35.29379,-120.66786,0.0,0.0,0.0,0.0
690fd7db87825a48788a8a5a,2025-10-12 20:11:03.341,foothill,Car,2.098739,0.0,0.0,0.0,0.0,0.0,0.0,inf,0.0,0.0,0,0,0.775388580974746,True,35.293793,-120.66786,0.0,0.0,0.0,0.0
690fd7db87825a48788a8a5a,2025-10-12 20:11:03.341,foothill,Car,2.098739,0.0,0.0,0.0,0.0,0.0,0.0,inf,0.0,0.0,0,0,0.775388580974746,True,35.293793,-120.66786,0.0,0.0,0.0,0.0
690fd7db87825a48788a8a5a,2025-10-12 20:11:03.341,foothill,Car,2.098739,0.0,0.0,0.0,0.0,0.0,0.0,inf,0.0,0.0,0,0,0.775388580974746,True,35.293797,-120.66786,0.0,0.0,0.0,0.0
690fd7db87825a48788a8a5a,2025-10-12 20:11:03.341,foothill,Car,2.098739,0.0,0.0,0.0,0.0,0.0,0.0,inf,0.0,0.0,0,0,0.775388580974746,True,35.293797,-120.66786,0.0,0.0,0.0,0.0
690fd7db87825a48788a8a5a,2025-10-12 20:11:03.341,foothill,Car,2.098739,0.0,0.0,0.0,0.0,0.0,0.0,inf,0.0,0.0,0,0,0.775388580974746,True,35.2938,-120.66786,0.0,0.0,0.0,0.0
690fd7db87825a48788a8a5a,2025-10-12 20:11:03.341,foothill,Car,2.098739,0.0,0.0,0.0,0.0,0.0,0.0,inf,0.0,0.0,0,0,0.775388580974746,True,35.2938,-120.66786,0.0,0.0,0.0,0.0
690fd7db87825a48788a8a5a,2025-10-12 20:11:03.341,foothill,Car,2.098739,0.0,0.0,0.0,0.0,0.0,0.0,inf,0.0,0.0,0,0,0.775388580974746,True,35.293804,-120.66786,0.0,0.0,0.0,0.0
690fd7db87825a48788a8a5a,2025-10-12 20:11:03.341,foothill,Car,2.098739,0.0,0.0,0.0,0.0,0.0,0.0,inf,0.0,0.0,0,0,0.775388580974746,True,35.293804,-120.66786,0.0,0.0,0.0,0.0
690fd7db87825a48788a8a5a,2025-10-12 20:11:03.341,foothill,Car,2.098739,0.0,0.0,0.0,0.0,0.0,0.0,inf,0.0,0.0,0,0,0.775388580974746,True,35.293808,-120.66786,0.0,0.0,0.0,0.0
690fd7db87825a48788a8a5a,2025-10-12 20:11:03.341,foothill,Car,2.098739,0.0,0.0,0.0,0.0,0.0,0.0,inf,0.0,0.0,0,0,0.775388580974746,True,35.293808,-120.66786,0.0,0.0,0.0,0.0
690fd7db87825a48788a8a5a,2025-10-12 20:11:03.341,foothill,Car,2.098739,0.0,0.0,0.0,0.0,0.4241749942302704,0.0,inf,0.0,0.0,0,0,0.775388580974746,True,35.29381,-120.66786,0.0,0.0,0.0,0.0
690fd7db87825a48788a8a5a,2025-10-12 20:11:03.341,foothill,Car,2.098739,0.0,0.0,0.0,0.0,0.4241749942302704,0.0,inf,0.0,0.0,0,0,0.775388580974746,True,35.293827,-120.66786,0.0,0.0,0.0,0.0
690fd7db87825a48788a8a5a,2025-10-12 20:11:03.341,foothill,Car,2.098739,0.0,0.0,0.0,0.0,0.0,0.0,inf,0.0,0.0,0,0,0.775388580974746,True,35.29383,-120.66786,0.0,0.0,0.0,0.0
690fd7db87825a48788a8a5a,2025-10-12 20:11:03.341,foothill,Car,2.098739,0.0,0.0,0.0,0.0,0.0,0.0,inf,0.0,0.0,0,0,0.775388580974746,True,35.29383,-120.66786,0.0,0.0,0.0,0.0
690fd7db87825a48788a8a5a,2025-10-12 20:11:03.341,foothill,Car,2.098739,0.0,0.0,0.0,0.0,0.0,0.0,inf,0.0,0.0,0,0,0.775388580974746,True,35.29383,-120.66786,0.0,0.0,0.0,0.0
690fd7db87825a48788a8a5a,2025-10-12 20:11:03.341,foothill,Car,2.098739,0.0,0.0,0.0,0.0,0.0,0.0,inf,0.0,0.0,0,0,0.775388580974746,True,35.293835,-120.66786,0.0,0.0,0.0,0.0
690fd7db87825a48788a8a5a,2025-10-12 20:11:03.341,foothill,Car,2.098739,0.0,0.0,0.0,0.0,0.0,0.0,inf,0.0,0.0,0,0,0.775388580974746,True,35.293835,-120.66786,0.0,0.0,0.0,0.0
690fd7db87825a48788a8a5a,2025-10-12 20:11:03.341,foothill,Car,2.098739,0.0,0.0,0.0,0.0,0.0,0.0,inf,0.0,0.0,0,0,0.775388580974746,True,35.293835,-120.66786,0.0,0.0,0.0,0.0
690fd7db87825a48788a8a5a,2025-10-12 20:11:03.341,foothill,Car,2.098739,0.0,0.0,0.0,0.0,0.0,0.0,inf,0.0,0.0,0,0,0.775388580974746,True,35.293835,-120.66786,0.0,0.0,0.0,0.0
690fd7db87825a48788a8a5a,2025-10-12 20:11:03.341,foothill,Car,2.098739,0.0,0.0,0.0,0.0,0.0,0.0,inf,0.0,0.0,0,0,0.775388580974746,True,35.293835,-120.66786,0.0,0.0,0.0,0.0
690fd7db87825a48788a8a5a,2025-10-12 20:11:03.341,foothill,Car,2.098739,0.0,0.0,0.0,0.0,0.4241749942302704,0.0,inf,0.0,0.0,0,0,0.775388580974746,True,35.29384,-120.66786,0.0,0.0,0.0,0.0
690fd7db87825a48788a8a5b,2025-10-12 20:11:03.467,foothill,Car,7.0777254,0.0,0.0,0.0,0.0,0.8120160102844238,12.640021324157717,inf,0.0,127.44297790527344,1,0,0.6922228607339753,True,35.29418,-120.66803,0.1,0.0,0.0,0.0
690fd7db87825a48788a8a5b,2025-10-12 20:11:03.467,foothill,Car,7.0777254,0.0,0.0,232.55702,-127.44299,0.4241749942302704,-5.619422435760498,0.0754837319254875,0.0,52.55702209472656,0,0,0.6922228607339753,True,35.294178,-120.66804,0.0,0.0,0.0,0.0
690fd7db87825a48788a8a5b,2025-10-12 20:11:03.467,foothill,Car,7.0777254,0.0,0.0,180.0,-52.557022,0.4241749942302704,-5.619422435760498,0.0754837319254875,0.0,52.55702209472656,0,0,0.6922228607339753,True,35.294174,-120.66804,0.0,0.0,0.0,0.0
690fd7db87825a48788a8a5b,2025-10-12 20:11:03.467,foothill,Car,7.0777254,0.0,0.0,180.0,0.0,0.4241749942302704,0.0,inf,0.0,0.0,0,0,0.6922228607339753,True,35.29417,-120.66804,0.0,0.0,0.0,0.0
690fd7db87825a48788a8a5b,2025-10-12 20:11:03.467,foothill,Car,7.0777254,0.0,0.0,180.0,0.0,0.4241749942302704,0.0,inf,0.0,0.0,0,0,0.6922228607339753,True,35.294167,-120.66804,0.0,0.0,0.0,0.0
690fd7db87825a48788a8a5b,2025-10-12 20:11:03.467,foothill,Car,7.0777254,0.0,0.0,180.0,0.0,0.4241749942302704,0.0,inf,0.0,0.0,0,0,0.6922228607339753,True,35.294163,-120.66804,0.0,0.0,0.0,0.0
690fd7db87825a48788a8a5b,2025-10-12 20:11:03.467,foothill,Car,7.0777254,0.0,0.0,180.0,0.0,0.4241749942302704,0.0,inf,0.0,0.0,0,0,0.6922228607339753,True,35.29416,-120.66804,0.0,0.0,0.0,0.0
690fd7db87825a48788a8a5b,2025-10-12 20:11:03.467,foothill,Car,7.0777254,0.0,0.0,180.0,0.0,0.4241749942302704,0.0,inf,0.0,0.0,0,0,0.6922228607339753,True,35.294155,-120.66804,0.0,0.0,0.0,0.0
690fd7db87825a48788a8a5b,2025-10-12 20:11:03.467,foothill,Car,7.0777254,0.0,0.0,0.0,-180.0,0.4241749942302704,8.667713560241673e-16,inf,0.0,180.0,0,0,0.6922228607339753,True,35.29415,-120.66804,0.0,0.0,0.0,0.0
690fd7db87825a48788a8a5b,2025-10-12 20:11:03.467,foothill,Car,7.0777254,0.0,0.0,114.67633,114.67633,0.4241749942302704,6.431392669677734,inf,0.0,65.32366943359375,0,0,0.6922228607339753,True,35.294147,-120.66803,0.0,0.0,0.0,0.0
690fd7db87825a48788a8a5b,2025-10-12 20:11:03.467,foothill,Car,7.0777254,0.0,0.0,180.0,65.32367,0.4241749942302704,6.431392669677734,inf,0.0,65.32366943359375,0,0,0.6922228607339753,True,35.294144,-120.66803,0.0,0.0,0.0,0.0
690fd7db87825a48788a8a5b,2025-10-12 20:11:03.467,foothill,Car,7.0777254,0.0,0.0,180.0,0.0,0.4241749942302704,0.0,inf,0.0,0.0,0,0,0.6922228607339753,True,35.294136,-120.66803,0.0,0.0,0.0,0.0
690fd7db87825a48788a8a5b,2025-10-12 20:11:03.467,foothill,Car,7.0777254,0.0,0.0,180.0,0.0,0.4241749942302704,0.0,inf,0.0,0.0,0,0,0.6922228607339753,True,35.294132,-120.66803,0.0,0.0,0.0,0.0
690fd7db87825a48788a8a5b,2025-10-12 20:11:03.467,foothill,Car,7.0777254,0.0,0.0,180.0,0.0,0.8120163679122925,0.0,inf,0.0,0.0,0,0,0.6922228607339753,True,35.29413,-120.66802,0.0,0.0,0.0,0.0
690fd7db87825a48788a8a5b,2025-10-12 20:11:03.467,foothill,Car,7.0777254,0.0,0.0,180.0,0.0,0.4241749942302704,0.0,inf,0.0,0.0,0,0,0.6922228607339753,True,35.29412,-120.66802,0.0,0.0,0.0,0.0
690fd7db87825a48788a8a5b,2025-10-12 20:11:03.467,foothill,Car,7.0777254,0.0,0.0,180.0,0.0,0.4241749942302704,0.0,inf,0.0,0.0,0,0,0.6922228607339753,True,35.294117,-120.66802,0.0,0.0,0.0,0.0
690fd7db87825a48788a8a5b,2025-10-12 20:11:03.467,foothill,Car,7.0777254,0.0,0.0,121.491516,-58.508484,0.812016487121582,-0.2700474262237549,3.0069403648376465,0.0,58.50848388671875,0,0,0.6922228607339753,True,35.294113,-120.668015,0.0,0.0,0.0,0.0
690fd7db87825a48788a8a5b,2025-10-12 20:11:03.467,foothill,Car,7.0777254,0.0,0.0,180.0,58.508484,0.4241749942302704,0.0,inf,0.0,0.0,0,0,0.6922228607339753,True,35.294106,-120.668015,0.0,0.0,0.0,0.0
690fd7db87825a48788a8a5b,2025-10-12 20:11:03.467,foothill,Car,7.0777254,0.0,0.0,180.0,0.0,0.4241749942302704,0.0,inf,0.0,0.0,0,0,0.6922228607339753,True,35.2941,-120.668015,0.0,0.0,0.0,0.0
690fd7db87825a48788a8a5b,2025-10-12 20:11:03.467,foothill,Car,7.0777254,0.0,0.0,0.0,-180.0,0.4241749942302704,8.667713560241673e-16,inf,0.0,180.0,0,0,0.6922228607339753,True,35.294098,-120.668015,0.0,0.0,0.0,0.0
690fd7db87825a48788a8a5b,2025-10-12 20:11:03.467,foothill,Car,7.0777254,0.0,0.0,180.0,-180.0,0.4241749942302704,0.0,inf,0.0,0.0,0,0,0.6922228607339753,True,35.29409,-120.66801,0.0,0.0,0.0,0.0
690fd7db87825a48788a8a5b,2025-10-12 20:11:03.467,foothill,Car,7.0777254,0.0,0.0,180.0,0.0,0.4241749942302704,0.0,inf,0.0,0.0,0,0,0.6922228607339753,True,35.294086,-120.66801,0.0,0.0,0.0,0.0
690fd7db87825a48788a8a5b,2025-10-12 20:11:03.467,foothill,Car,7.0777254,0.0,0.0,180.0,0.0,0.4241749942302704,0.0,inf,0.0,0.0,0,0,0.6922228607339753,True,35.294083,-120.66801,0.0,0.0,0.0,0.0
690fd7db87825a48788a8a5b,2025-10-12 20:11:03.467,foothill,Car,7.0777254,0.0,0.0,180.0,0.0,0.8120167851448059,0.156034231185913,inf,0.0,65.32369995117188,0,0,0.6922228607339753,True,35.294075,-120.66801,0.0,0.0,0.0,0.0
690fd7db87825a48788a8a5b,2025-10-12 20:11:03.467,foothill,Car,7.0777254,0.0,0.0,114.6763,-65.3237,0.8120167851448059,0.156034231185913,inf,0.0,65.32369995117188,0,0,0.6922228607339753,True,35.29407,-120.668,0.0,0.0,0.0,0.0
690fd7db87825a48788a8a5b,2025-10-12 20:11:03.467,foothill,Car,7.0777254,0.0,0.0,180.0,65.3237,0.4241749942302704,0.0,inf,0.0,0.0,0,0,0.6922228607339753,True,35.294064,-120.668,0.0,0.0,0.0,0.0
690fd7db87825a48788a8a5b,2025-10-12 20:11:03.467,foothill,Car,7.0777254,0.0,0.0,180.0,0.0,0.4241749942302704,0.0,inf,0.0,0.0,0,0,0.6922228607339753,True,35.29406,-120.668,0.0,0.0,0.0,0.0
690fd7db87825a48788a8a5b,2025-10-12 20:11:03.467,foothill,Car,7.0777254,0.0,0.0,180.0,0.0,0.4241749942302704,0.0,inf,0.0,0.0,0,0,0.6922228607339753,True,35.294056,-120.668,0.0,0.0,0.0,0.0
690fd7db87825a48788a8a5b,2025-10-12 20:11:03.467,foothill,Car,7.0777254,0.0,0.0,180.0,0.0,0.4241749942302704,0.0,inf,0.0,0.0,0,0,0.6922228607339753,True,35.29405,-120.668,0.0,0.0,0.0,0.0
690fd7db87825a48788a8a5b,2025-10-12 20:11:03.467,foothill,Car,7.0777254,0.0,0.0,180.0,0.0,0.4241749942302704,0.0,inf,0.0,0.0,0,0,0.6922228607339753,True,35.294044,-120.668,0.0,0.0,0.0,0.0
690fd7db87825a48788a8a5b,2025-10-12 20:11:03.467,foothill,Car,7.0777254,0.0,0.0,180.0,0.0,0.4241749942302704,0.0,inf,0.0,0.0,0,0,0.6922228607339753,True,35.29404,-120.66799,0.0,0.0,0.0,0.0
690fd7db87825a48788a8a5b,2025-10-12 20:11:03.467,foothill,Car,7.0777254,0.0,0.0,180.0,0.0,0.4241749942302704,0.0,inf,0.0,0.0,0,0,0.6922228607339753,True,35.294037,-120.66799,0.0,0.0,0.0,0.0
690fd7db87825a48788a8a5b,2025-10-12 20:11:03.467,foothill,Car,7.0777254,0.0,0.0,180.0,0.0,0.4241749942302704,0.0,inf,0.0,0.0,0,0,0.6922228607339753,True,35.29403,-120.66799,0.0,0.0,0.0,0.0
690fd7db87825a48788a8a5b,2025-10-12 20:11:03.467,foothill,Car,7.0777254,0.0,0.0,180.0,0.0,0.4241749942302704,0.0,inf,0.0,0.0,0,0,0.6922228607339753,True,35.294025,-120.66799,0.0,0.0,0.0,0.0
690fd7db87825a48788a8a5b,2025-10-12 20:11:03.467,foothill,Car,7.0777254,0.0,0.0,121.491486,-58.508514,1.0950548648834229,-2.538049459457397,0.4314552843570709,0.0,58.50851440429688,0,0,0.6922228607339753,True,35.294018,-120.667984,0.0,0.0,0.0,0.0
690fd7db87825a48788a8a5b,2025-10-12 20:11:03.467,foothill,Car,7.0777254,0.0,0.0,169.1289,47.63742,0.8483499884605408,1.3348591327667236,inf,0.0,10.87109375,0,0,0.6922228607339753,True,35.29396,-120.66797,0.0,0.0,0.0,0.0
690fd7db87825a48788a8a5b,2025-10-12 20:11:03.467,foothill,Car,7.0777254,0.0,0.0,180.0,10.871094,0.8120176792144775,0.1560413837432861,inf,0.0,65.32373046875,0,0,0.6922228607339753,True,35.293953,-120.66797,0.0,0.0,0.0,0.0
690fd7db87825a48788a8a5b,2025-10-12 20:11:03.467,foothill,Car,7.0777254,0.0,0.0,114.67627,-65.32373,0.8120176792144775,0.1560413837432861,inf,0.0,65.32373046875,0,0,0.6922228607339753,True,35.29395,-120.66796,0.0,0.0,0.0,0.0
690fd7db87825a48788a8a5b,2025-10-12 20:11:03.467,foothill,Car,7.0777254,0.0,0.0,180.0,65.32373,0.4241749942302704,0.0,inf,0.0,0.0,0,0,0.6922228607339753,True,35.29394,-120.66796,0.0,0.0,0.0,0.0
690fd7db87825a48788a8a5b,2025-10-12 20:11:03.467,foothill,Car,7.0777254,0.0,0.0,180.0,0.0,0.4241749942302704,0.0,inf,0.0,0.0,0,0,0.6922228607339753,True,35.293938,-120.66796,0.0,0.0,0.0,0.0
690fd7db87825a48788a8a5b,2025-10-12 20:11:03.467,foothill,Car,7.0777254,0.0,0.0,180.0,0.0,0.4241749942302704,0.0,inf,0.0,0.0,0,0,0.6922228607339753,True,35.293934,-120.66796,0.0,0.0,0.0,0.0
690fd7db87825a48788a8a5b,2025-10-12 20:11:03.467,foothill,Car,7.0777254,0.0,0.0,180.0,0.0,0.4241749942302704,0.0,inf,0.0,0.0,0,0,0.6922228607339753,True,35.29393,-120.66796,0.0,0.0,0.0,0.0
690fd7db87825a48788a8a5b,2025-10-12 20:11:03.467,foothill,Car,7.0777254,0.0,0.0,180.0,0.0,0.8120179176330566,0.0,inf,0.0,0.0,0,0,0.6922228607339753,True,35.293922,-120.66796,0.0,0.0,0.0,0.0
690fd7db87825a48788a8a5b,2025-10-12 20:11:03.467,foothill,Car,7.0777254,0.0,0.0,180.0,0.0,0.4241749942302704,0.0,inf,0.0,0.0,0,0,0.6922228607339753,True,35.29392,-120.66795,0.0,0.0,0.0,0.0
690fd7db87825a48788a8a5b,2025-10-12 20:11:03.467,foothill,Car,7.0777254,0.0,0.0,180.0,0.0,0.4241749942302704,0.0,inf,0.0,0.0,0,0,0.6922228607339753,True,35.293915,-120.66795,0.0,0.0,0.0,0.0
690fd7db87825a48788a8a5c,2025-10-12 20:11:04.536,foothill,Car,7.707139,0.0,0.0,0.0,0.0,0.4241749942302704,-9.438523071363745e-16,449408231538688.0,0.0,180.0,1,0,0.6358210092317265,True,35.294178,-120.66808,0.1,0.0,0.0,0.0
690fd7db87825a48788a8a5c,2025-10-12 20:11:04.536,foothill,Car,7.707139,0.0,0.0,180.0,-180.0,0.4241749942302704,-9.438523071363745e-16,449408231538688.0,0.0,180.0,0,0,0.6358210092317265,True,35.294174,-120.66808,0.0,0.0,0.0,0.0
690fd7db87825a48788a8a5c,2025-10-12 20:11:04.536,foothill,Car,7.707139,0.0,0.0,180.0,0.0,0.4241749942302704,0.0,inf,0.0,0.0,0,0,0.6358210092317265,True,35.294167,-120.66808,0.0,0.0,0.0,0.0
690fd7db87825a48788a8a5c,2025-10-12 20:11:04.536,foothill,Car,7.707139,0.0,0.0,180.0,0.0,0.4241749942302704,0.0,inf,0.0,0.0,0,0,0.6358210092317265,True,35.294163,-120.66808,0.0,0.0,0.0,0.0
690fd7db87825a48788a8a5c,2025-10-12 20:11:04.536,foothill,Car,7.707139,0.0,0.0,180.0,0.0,0.4241749942302704,0.0,inf,0.0,0.0,0,0,0.6358210092317265,True,35.29416,-120.66808,0.0,0.0,0.0,0.0
690fd7db87825a48788a8a5c,2025-10-12 20:11:04.536,foothill,Car,7.707139,0.0,0.0,180.0,0.0,0.4241749942302704,0.0,inf,0.0,0.0,0,0,0.6358210092317265,True,35.294155,-120.66808,0.0,0.0,0.0,0.0
690fd7db87825a48788a8a5c,2025-10-12 20:11:04.536,foothill,Car,7.707139,0.0,0.0,0.0,-180.0,0.4241749942302704,-9.438523071363745e-16,449408231538688.0,0.0,180.0,0,0,0.6358210092317265,True,35.29415,-120.668076,0.0,0.0,0.0,0.0
690fd7db87825a48788a8a5c,2025-10-12 20:11:04.536,foothill,Car,7.707139,0.0,0.0,180.0,-180.0,0.4241749942302704,0.0,inf,0.0,0.0,0,0,0.6358210092317265,True,35.294147,-120.668076,0.0,0.0,0.0,0.0
690fd7db87825a48788a8a5c,2025-10-12 20:11:04.536,foothill,Car,7.707139,0.0,0.0,180.0,0.0,0.4241749942302704,0.0,inf,0.0,0.0,0,0,0.6358210092317265,True,35.294144,-120.668076,0.0,0.0,0.0,0.0
690fd7db87825a48788a8a5c,2025-10-12 20:11:04.536,foothill,Car,7.707139,0.0,0.0,180.0,0.0,0.4241749942302704,0.0,inf,0.0,0.0,0,0,0.6358210092317265,True,35.29414,-120.668076,0.0,0.0,0.0,0.0
690fd7db87825a48788a8a5c,2025-10-12 20:11:04.536,foothill,Car,7.707139,0.0,0.0,180.0,0.0,0.4241749942302704,0.0,inf,0.0,0.0,0,0,0.6358210092317265,True,35.294136,-120.668076,0.0,0.0,0.0,0.0
690fd7db87825a48788a8a5c,2025-10-12 20:11:04.536,foothill,Car,7.707139,0.0,0.0,180.0,0.0,0.4241749942302704,0.0,inf,0.0,0.0,0,0,0.6358210092317265,True,35.294132,-120.668076,0.0,0.0,0.0,0.0
690fd7db87825a48788a8a5c,2025-10-12 20:11:04.536,foothill,Car,7.707139,0.0,0.0,127.44296,-52.557037,0.4241749942302704,6.119152069091797,inf,0.0,52.557037353515625,0,0,0.6358210092317265,True,35.294125,-120.66807,0.0,0.0,0.0,0.0
690fd7db87825a48788a8a5c,2025-10-12 20:11:04.536,foothill,Car,7.707139,0.0,0.0,180.0,52.557037,0.4241749942302704,6.119152069091797,inf,0.0,52.557037353515625,0,0,0.6358210092317265,True,35.29412,-120.66807,0.0,0.0,0.0,0.0
690fd7db87825a48788a8a5c,2025-10-12 20:11:04.536,foothill,Car,7.707139,0.0,0.0,180.0,0.0,0.812016487121582,0.0,inf,0.0,0.0,0,0,0.6358210092317265,True,35.294113,-120.66807,0.0,0.0,0.0,0.0
690fd7db87825a48788a8a5c,2025-10-12 20:11:04.536,foothill,Car,7.707139,0.0,0.0,180.0,0.0,0.812016487121582,0.0,inf,0.0,0.0,0,0,0.6358210092317265,True,35.29411,-120.66806,0.0,0.0,0.0,0.0
690fd7db87825a48788a8a5c,2025-10-12 20:11:04.536,foothill,Car,7.707139,0.0,0.0,180.0,0.0,0.4241749942302704,9.438523071363745e-16,inf,0.0,180.0,0,0,0.6358210092317265,True,35.2941,-120.66806,0.0,0.0,0.0,0.0
690fd7db87825a48788a8a5c,2025-10-12 20:11:04.536,foothill,Car,7.707139,0.0,0.0,0.0,-180.0,0.4241749942302704,9.438523071363745e-16,inf,0.0,180.0,0,0,0.6358210092317265,True,35.294098,-120.66806,0.0,0.0,0.0,0.0
690fd7db87825a48788a8a5c,2025-10-12 20:11:04.536,foothill,Car,7.707139,0.0,0.0,180.0,-180.0,0.8483499884605408,-9.438523071363745e-16,898816463077376.0,0.0,180.0,0,0,0.6358210092317265,True,35.29409,-120.66806,0.0,0.0,0.0,0.0
690fd7db87825a48788a8a5c,2025-10-12 20:11:04.536,foothill,Car,7.707139,0.0,0.0,159.53851,-20.461487,0.8483499884605408,2.694243907928467,inf,0.0,20.46148681640625,0,0,0.6358210092317265,True,35.294033,-120.66804,0.0,0.0,0.0,0.0
690fd7db87825a48788a8a5c,2025-10-12 20:11:04.536,foothill,Car,7.707139,0.0,0.0,180.0,20.461487,0.4241749942302704,0.0,inf,0.0,0.0,0,0,0.6358210092317265,True,35.294025,-120.66804,0.0,0.0,0.0,0.0
690fd7db87825a48788a8a5c,2025-10-12 20:11:04.536,foothill,Car,7.707139,0.0,0.0,180.0,0.0,0.4241749942302704,0.0,inf,0.0,0.0,0,0,0.6358210092317265,True,35.29402,-120.66804,0.0,0.0,0.0,0.0
690fd7db87825a48788a8a5c,2025-10-12 20:11:04.536,foothill,Car,7.707139,0.0,0.0,136.99133,-43.008667,0.8483499884605408,5.257108688354492,inf,0.0,43.0086669921875,0,0,0.6358210092317265,True,35.294014,-120.66803,0.0,0.0,0.0,0.0
690fd7db87825a48788a8a5c,2025-10-12 20:11:04.536,foothill,Car,7.707139,0.0,0.0,180.0,43.008667,0.4241749942302704,0.0,inf,0.0,0.0,0,0,0.6358210092317265,True,35.294006,-120.66803,0.0,0.0,0.0,0.0
690fd7db87825a48788a8a5c,2025-10-12 20:11:04.536,foothill,Car,7.707139,0.0,0.0,180.0,0.0,0.4241749942302704,0.0,inf,0.0,0.0,0,0,0.6358210092317265,True,35.294003,-120.66803,0.0,0.0,0.0,0.0
690fd7db87825a48788a8a5c,2025-10-12 20:11:04.536,foothill,Car,7.707139,0.0,0.0,180.0,0.0,0.8120173215866089,0.0,inf,0.0,0.0,0,0,0.6358210092317265,True,35.294,-120.66802,0.0,0.0,0.0,0.0
690fd7db87825a48788a8a5c,2025-10-12 20:11:04.536,foothill,Car,7.707139,0.0,0.0,180.0,0.0,0.4241749942302704,0.0,inf,0.0,0.0,0,0,0.6358210092317265,True,35.29399,-120.66802,0.0,0.0,0.0,0.0
690fd7db87825a48788a8a5c,2025-10-12 20:11:04.536,foothill,Car,7.707139,0.0,0.0,180.0,0.0,0.4241749942302704,0.0,inf,0.0,0.0,0,0,0.6358210092317265,True,35.293987,-120.66802,0.0,0.0,0.0,0.0
690fd7db87825a48788a8a5c,2025-10-12 20:11:04.536,foothill,Car,7.707139,0.0,0.0,180.0,0.0,0.8483499884605408,0.0,inf,0.0,0.0,0,0,0.6358210092317265,True,35.29398,-120.66802,0.0,0.0,0.0,0.0
690fd7db87825a48788a8a5d,2025-10-12 20:11:04.936,foothill,Car,5.997751,0.0,0.0,0.0,0.0,1.095054030418396,7.584946632385254,inf,0.0,180.0,1,0,0.538347610797343,True,35.294186,-120.66799,0.1,0.0,0.0,0.0
690fd7db87825a48788a8a5d,2025-10-12 20:11:04.936,foothill,Car,5.997751,0.0,0.0,180.0,-180.0,0.4241749942302704,0.0,inf,0.0,0.0,0,0,0.538347610797343,True,35.294178,-120.668,0.0,0.0,0.0,0.0
690fd7db87825a48788a8a5d,2025-10-12 20:11:04.936,foothill,Car,5.997751,0.0,0.0,180.0,0.0,0.4241749942302704,0.0,inf,0.0,0.0,0,0,0.538347610797343,True,35.294174,-120.668,0.0,0.0,0.0,0.0
690fd7db87825a48788a8a5d,2025-10-12 20:11:04.936,foothill,Car,5.997751,0.0,0.0,180.0,0.0,0.4241749942302704,0.0,inf,0.0,0.0,0,0,0.538347610797343,True,35.29417,-120.668,0.0,0.0,0.0,0.0
690fd7db87825a48788a8a5d,2025-10-12 20:11:04.936,foothill,Car,5.997751,0.0,0.0,180.0,0.0,0.0,0.0,inf,0.0,0.0,0,0,0.538347610797343,True,35.294167,-120.668,0.0,0.0,0.0,0.0
690fd7db87825a48788a8a5d,2025-10-12 20:11:04.936,foothill,Car,5.997751,0.0,0.0,0.0,-180.0,0.0,0.0,inf,0.0,180.0,0,0,0.538347610797343,True,35.294167,-120.668,0.0,0.0,0.0,0.0
690fd7db87825a48788a8a5d,2025-10-12 20:11:04.936,foothill,Car,5.997751,0.0,0.0,180.0,-180.0,0.4241749942302704,0.0,inf,0.0,0.0,0,0,0.538347610797343,True,35.294163,-120.668,0.0,0.0,0.0,0.0
690fd7db87825a48788a8a5d,2025-10-12 20:11:04.936,foothill,Car,5.997751,0.0,0.0,180.0,0.0,0.4241749942302704,0.0,inf,0.0,0.0,0,0,0.538347610797343,True,35.29416,-120.668,0.0,0.0,0.0,0.0
690fd7db87825a48788a8a5d,2025-10-12 20:11:04.936,foothill,Car,5.997751,0.0,0.0,180.0,0.0,0.0,0.0,inf,0.0,0.0,0,0,0.538347610797343,True,35.294155,-120.668,0.0,0.0,0.0,0.0
690fd7db87825a48788a8a5d,2025-10-12 20:11:04.936,foothill,Car,5.997751,0.0,0.0,0.0,-180.0,0.0,0.0,inf,0.0,180.0,0,0,0.538347610797343,True,35.294155,-120.668,0.0,0.0,0.0,0.0
690fd7db87825a48788a8a5d,2025-10-12 20:11:04.936,foothill,Car,5.997751,0.0,0.0,0.0,0.0,0.4241749942302704,-7.345126670245656e-16,577491706052608.0,0.0,180.0,0,0,0.538347610797343,True,35.29415,-120.66799,0.0,0.0,0.0,0.0
690fd7db87825a48788a8a5d,2025-10-12 20:11:04.936,foothill,Car,5.997751,0.0,0.0,180.0,-180.0,0.4241749942302704,0.0,inf,0.0,0.0,0,0,0.538347610797343,True,35.294147,-120.66799,0.0,0.0,0.0,0.0
690fd7db87825a48788a8a5d,2025-10-12 20:11:04.936,foothill,Car,5.997751,0.0,0.0,180.0,0.0,0.4241749942302704,0.0,inf,0.0,0.0,0,0,0.538347610797343,True,35.294144,-120.66799,0.0,0.0,0.0,0.0
690fd7db87825a48788a8a5d,2025-10-12 20:11:04.936,foothill,Car,5.997751,0.0,0.0,140.77875,-39.221252,0.4241749942302704,3.792478322982788,inf,0.0,140.77874755859375,0,0,0.538347610797343,True,35.2941,-120.66796,0.0,0.0,0.0,0.0
690fd7db87825a48788a8a5d,2025-10-12 20:11:04.936,foothill,Car,5.997751,0.0,0.0,0.0,-140.77875,0.4241749942302704,3.792478322982788,inf,0.0,140.77874755859375,0,0,0.538347610797343,True,35.294098,-120.66796,0.0,0.0,0.0,0.0
690fd7db87825a48788a8a5d,2025-10-12 20:11:04.936,foothill,Car,5.997751,0.0,0.0,180.0,-180.0,0.4241749942302704,0.0,inf,0.0,0.0,0,0,0.538347610797343,True,35.294094,-120.66795,0.0,0.0,0.0,0.0
690fd7db87825a48788a8a5d,2025-10-12 20:11:04.936,foothill,Car,5.997751,0.0,0.0,180.0,0.0,0.4241749942302704,0.0,inf,0.0,0.0,0,0,0.538347610797343,True,35.29409,-120.66795,0.0,0.0,0.0,0.0
690fd7db87825a48788a8a5d,2025-10-12 20:11:04.936,foothill,Car,5.997751,0.0,0.0,180.0,0.0,0.4241749942302704,0.0,inf,0.0,0.0,0,0,0.538347610797343,True,35.294086,-120.66795,0.0,0.0,0.0,0.0
690fd7db87825a48788a8a5d,2025-10-12 20:11:04.936,foothill,Car,5.997751,0.0,0.0,114.6763,-65.3237,0.4241749942302704,5.450042247772217,inf,0.0,65.32369995117188,0,0,0.538347610797343,True,35.294083,-120.667946,0.0,0.0,0.0,0.0
690fd7db87825a48788a8a5d,2025-10-12 20:11:04.936,foothill,Car,5.997751,0.0,0.0,180.0,65.3237,0.4241749942302704,5.450042247772217,inf,0.0,65.32369995117188,0,0,0.538347610797343,True,35.29408,-120.667946,0.0,0.0,0.0,0.0
690fd7db87825a48788a8a5d,2025-10-12 20:11:04.936,foothill,Car,5.997751,0.0,0.0,180.0,0.0,0.4241749942302704,0.0,inf,0.0,0.0,0,0,0.538347610797343,True,35.294075,-120.66794,0.0,0.0,0.0,0.0
690fd7db87825a48788a8a5d,2025-10-12 20:11:04.936,foothill,Car,5.997751,0.0,0.0,180.0,0.0,0.4241749942302704,0.0,inf,0.0,0.0,0,0,0.538347610797343,True,35.29407,-120.66794,0.0,0.0,0.0,0.0
690fd7db87825a48788a8a5d,2025-10-12 20:11:04.936,foothill,Car,5.997751,0.0,0.0,114.6763,-65.3237,0.8120167851448059,0.1322255134582519,inf,0.0,65.32369995117188,0,0,0.538347610797343,True,35.294067,-120.66793,0.0,0.0,0.0,0.0
690fd7dc87825a48788a8a5e,2025-10-12 20:11:12.869,foothill,Car,9.520827,0.0,0.0,0.0,0.0,0.4241749942302704,-1.1659650982136596e-15,363797319516160.0,0.0,180.0,1,0,0.99,True,35.293846,-120.66798,0.1,0.0,0.0,0.0
690fd7dc87825a48788a8a5e,2025-10-12 20:11:12.869,foothill,Car,9.520827,0.0,0.0,180.0,-180.0,0.4241749942302704,-1.1659650982136596e-15,363797319516160.0,0.0,180.0,0,0,0.99,True,35.293842,-120.66798,0.0,0.0,0.0,0.0
690fd7dc87825a48788a8a5e,2025-10-12 20:11:12.869,foothill,Car,9.520827,0.0,0.0,180.0,0.0,0.4241749942302704,0.0,inf,0.0,0.0,0,0,0.99,True,35.29384,-120.66798,0.0,0.0,0.0,0.0
690fd7dc87825a48788a8a5e,2025-10-12 20:11:12.869,foothill,Car,9.520827,0.0,0.0,180.0,0.0,0.4241749942302704,0.0,inf,0.0,0.0,0,0,0.99,True,35.293835,-120.66798,0.0,0.0,0.0,0.0
690fd7dc87825a48788a8a5e,2025-10-12 20:11:12.869,foothill,Car,9.520827,0.0,0.0,121.491425,-58.508575,0.0,0.0,inf,0.0,0.0,0,0,0.99,True,35.293827,-120.66797,0.0,0.0,0.0,0.0
690fd7dc87825a48788a8a5e,2025-10-12 20:11:12.869,foothill,Car,9.520827,0.0,0.0,180.0,58.508575,0.4241749942302704,0.0,inf,0.0,0.0,0,0,0.99,True,35.293823,-120.66797,0.0,0.0,0.0,0.0
690fd7dc87825a48788a8a5e,2025-10-12 20:11:12.869,foothill,Car,9.520827,0.0,0.0,180.0,0.0,0.4241749942302704,0.0,inf,0.0,0.0,0,0,0.99,True,35.29382,-120.66797,0.0,0.0,0.0,0.0
690fd7dc87825a48788a8a5f,2025-10-12 20:11:12.869,foothill,Car,7.9685383,0.0,0.0,0.0,0.0,0.4241749942302704,1.2752414540136473e-15,inf,2.444598197937012,180.0,1,0,0.99,True,35.293858,-120.667946,0.1,0.0,0.0,0.0
690fd7dc87825a48788a8a5f,2025-10-12 20:11:12.869,foothill,Car,7.9685383,0.0,0.0,180.0,-180.0,0.4241749942302704,0.0,inf,0.0,0.0,0,0,0.99,True,35.29385,-120.667946,0.0,0.0,0.0,0.0
690fd7dc87825a48788a8a5f,2025-10-12 20:11:12.869,foothill,Car,7.9685383,0.0,0.0,180.0,0.0,0.4241749942302704,0.0,inf,0.0,0.0,0,0,0.99,True,35.293846,-120.667946,0.0,0.0,0.0,0.0
690fd7dc87825a48788a8a5f,2025-10-12 20:11:12.869,foothill,Car,7.9685383,0.0,0.0,180.0,0.0,0.0,0.0,inf,0.0,0.0,0,0,0.99,True,35.293842,-120.66794,0.0,0.0,0.0,0.0
690fd7dc87825a48788a8a5f,2025-10-12 20:11:12.869,foothill,Car,7.9685383,0.0,0.0,180.0,0.0,0.0,0.0,inf,0.0,0.0,0,0,0.99,True,35.29384,-120.66794,0.0,0.0,0.0,0.0
690fd7dc87825a48788a8a5f,2025-10-12 20:11:12.869,foothill,Car,7.9685383,0.0,0.0,180.0,0.0,0.4241749942302704,0.0,inf,0.0,0.0,0,0,0.99,True,35.293835,-120.66794,0.0,0.0,0.0,0.0
690fd7dc87825a48788a8a5f,2025-10-12 20:11:12.869,foothill,Car,7.9685383,0.0,0.0,180.0,0.0,0.4241749942302704,0.0,inf,0.0,0.0,0,0,0.99,True,35.29383,-120.66794,0.0,0.0,0.0,0.0
690fd7dc87825a48788a8a5f,2025-10-12 20:11:12.869,foothill,Car,7.9685383,0.0,0.0,180.0,0.0,0.4241749942302704,0.0,inf,0.0,0.0,0,0,0.99,True,35.293827,-120.66794,0.0,0.0,0.0,0.0
690fd7dc87825a48788a8a5f,2025-10-12 20:11:12.869,foothill,Car,7.9685383,0.0,0.0,180.0,0.0,0.4241749942302704,0.0,inf,0.0,0.0,0,0,0.99,True,35.293823,-120.66794,0.0,0.0,0.0,0.0
690fd7dc87825a48788a8a5f,2025-10-12 20:11:12.869,foothill,Car,7.9685383,0.0,0.0,180.0,0.0,0.4241749942302704,0.0,inf,0.0,0.0,0,0,0.99,True,35.29382,-120.66794,0.0,0.0,0.0,0.0
690fd7dc87825a48788a8a5f,2025-10-12 20:11:12.869,foothill,Car,7.9685383,0.0,0.0,98.70712,-81.29288,0.0,0.0,inf,2.444598197937012,81.29287719726562,0,0,0.99,True,35.293816,-120.66793,0.0,0.0,0.0,0.0
690fd7dc87825a48788a8a5f,2025-10-12 20:11:12.869,foothill,Car,7.9685383,0.0,0.0,180.0,81.29288,0.0,0.0,inf,0.0,0.0,0,0,0.99,True,35.29381,-120.66793,0.0,0.0,0.0,0.0
690fd7dc87825a48788a8a5f,2025-10-12 20:11:12.869,foothill,Car,7.9685383,0.0,0.0,180.0,0.0,0.0,0.0,inf,0.0,0.0,0,0,0.99,True,35.293804,-120.66793,0.0,0.0,0.0,0.0
690fd7dc87825a48788a8a5f,2025-10-12 20:11:12.869,foothill,Car,7.9685383,0.0,0.0,180.0,0.0,0.0,0.0,inf,0.0,0.0,0,0,0.99,True,35.2938,-120.66793,0.0,0.0,0.0,0.0
690fd7dc87825a48788a8a5f,2025-10-12 20:11:12.869,foothill,Car,7.9685383,0.0,0.0,180.0,0.0,0.4241749942302704,0.0,inf,0.0,0.0,0,0,0.99,True,35.293797,-120.66793,0.0,0.0,0.0,0.0
690fd7dc87825a48788a8a5f,2025-10-12 20:11:12.869,foothill,Car,7.9685383,0.0,0.0,180.0,0.0,0.0,0.0,inf,0.0,0.0,0,0,0.99,True,35.293793,-120.66793,0.0,0.0,0.0,0.0
690fd7dc87825a48788a8a5f,2025-10-12 20:11:12.869,foothill,Car,7.9685383,0.0,0.0,180.0,0.0,0.0,0.0,inf,0.0,0.0,0,0,0.99,True,35.29379,-120.66793,0.0,0.0,0.0,0.0
690fd7dc87825a48788a8a5f,2025-10-12 20:11:12.869,foothill,Car,7.9685383,0.0,0.0,180.0,0.0,0.0,0.0,inf,0.0,0.0,0,0,0.99,True,35.293785,-120.66793,0.0,0.0,0.0,0.0
690fd7dc87825a48788a8a5f,2025-10-12 20:11:12.869,foothill,Car,7.9685383,0.0,0.0,180.0,0.0,0.0,0.0,inf,0.0,0.0,0,0,0.99,True,35.29378,-120.66792,0.0,0.0,0.0,0.0
690fd7dc87825a48788a8a5f,2025-10-12 20:11:12.869,foothill,Car,7.9685383,0.0,0.0,180.0,0.0,0.0,0.0,inf,0.0,0.0,0,0,0.99,True,35.293774,-120.66792,0.0,0.0,0.0,0.0
690fd7dc87825a48788a8a60,2025-10-12 20:11:12.869,foothill,Car,9.6116705,0.0,0.0,0.0,0.0,0.8120176792144775,-14.39979076385498,0.0563909374177455,0.0,98.70712280273438,1,0,0.99,True,35.29395,-120.66797,0.1,0.0,0.0,0.0
690fd7dc87825a48788a8a60,2025-10-12 20:11:12.869,foothill,Car,9.6116705,0.0,0.0,98.70712,98.70712,0.8120176792144775,-14.39979076385498,0.0563909374177455,0.0,98.70712280273438,0,0,0.99,True,35.293945,-120.66796,0.0,0.0,0.0,0.0
690fd7dc87825a48788a8a60,2025-10-12 20:11:12.869,foothill,Car,9.6116705,0.0,0.0,180.0,81.29288,0.8483499884605408,9.500896453857422,inf,0.0,81.29287719726562,0,0,0.99,True,35.293938,-120.66796,0.0,0.0,0.0,0.0
690fd7dc87825a48788a8a60,2025-10-12 20:11:12.869,foothill,Car,9.6116705,0.0,0.0,180.0,0.0,0.4241749942302704,0.0,inf,0.0,0.0,0,0,0.99,True,35.29393,-120.66796,0.0,0.0,0.0,0.0
690fd7dc87825a48788a8a60,2025-10-12 20:11:12.869,foothill,Car,9.6116705,0.0,0.0,180.0,0.0,0.4241749942302704,0.0,inf,0.0,0.0,0,0,0.99,True,35.293926,-120.66796,0.0,0.0,0.0,0.0
690fd7dc87825a48788a8a60,2025-10-12 20:11:12.869,foothill,Car,9.6116705,0.0,0.0,180.0,0.0,0.8120178580284119,0.0,inf,0.0,0.0,0,0,0.99,True,35.293922,-120.66795,0.0,0.0,0.0,0.0
690fd7dc87825a48788a8a60,2025-10-12 20:11:12.869,foothill,Car,9.6116705,0.0,0.0,180.0,0.0,0.4241749942302704,0.0,inf,0.0,0.0,0,0,0.99,True,35.293915,-120.66795,0.0,0.0,0.0,0.0
690fd7dc87825a48788a8a60,2025-10-12 20:11:12.869,foothill,Car,9.6116705,0.0,0.0,180.0,0.0,0.4241749942302704,0.0,inf,0.0,0.0,0,0,0.99,True,35.29391,-120.66795,0.0,0.0,0.0,0.0
690fd7dc87825a48788a8a60,2025-10-12 20:11:12.869,foothill,Car,9.6116705,0.0,0.0,180.0,0.0,0.4241749942302704,0.0,inf,0.0,0.0,0,0,0.99,True,35.293903,-120.66795,0.0,0.0,0.0,0.0
690fd7dc87825a48788a8a60,2025-10-12 20:11:12.869,foothill,Car,9.6116705,0.0,0.0,180.0,0.0,0.4241749942302704,0.0,inf,0.0,0.0,0,0,0.99,True,35.2939,-120.66795,0.0,0.0,0.0,0.0
690fd7dc87825a48788a8a60,2025-10-12 20:11:12.869,foothill,Car,9.6116705,0.0,0.0,107.029724,-72.970276,0.8120180368423462,0.99497652053833,inf,0.0,72.97027587890625,0,0,0.99,True,35.293896,-120.667946,0.0,0.0,0.0,0.0
690fd7dc87825a48788a8a60,2025-10-12 20:11:12.869,foothill,Car,9.6116705,0.0,0.0,180.0,72.970276,0.4241749942302704,0.0,inf,0.0,0.0,0,0,0.99,True,35.293888,-120.667946,0.0,0.0,0.0,0.0
690fd7dc87825a48788a8a60,2025-10-12 20:11:12.869,foothill,Car,9.6116705,0.0,0.0,180.0,0.0,0.4241749942302704,0.0,inf,0.0,0.0,0,0,0.99,True,35.293884,-120.667946,0.0,0.0,0.0,0.0
690fd7dc87825a48788a8a60,2025-10-12 20:11:12.869,foothill,Car,9.6116705,0.0,0.0,180.0,0.0,0.4241749942302704,0.0,inf,0.0,0.0,0,0,0.99,True,35.293877,-120.667946,0.0,0.0,0.0,0.0
690fd7dc87825a48788a8a60,2025-10-12 20:11:12.869,foothill,Car,9.6116705,0.0,0.0,180.0,0.0,0.4241749942302704,0.0,inf,0.0,0.0,0,0,0.99,True,35.293873,-120.667946,0.0,0.0,0.0,0.0
690fd7dc87825a48788a8a60,2025-10-12 20:11:12.869,foothill,Car,9.6116705,0.0,0.0,180.0,0.0,0.0,0.0,inf,0.0,0.0,0,0,0.99,True,35.29387,-120.667946,0.0,0.0,0.0,0.0
690fd7dc87825a48788a8a60,2025-10-12 20:11:12.869,foothill,Car,9.6116705,0.0,0.0,180.0,0.0,0.4241749942302704,0.0,inf,0.0,0.0,0,0,0.99,True,35.293865,-120.667946,0.0,0.0,0.0,0.0
690fd7dc87825a48788a8a60,2025-10-12 20:11:12.869,foothill,Car,9.6116705,0.0,0.0,180.0,0.0,0.4241749942302704,-9.815127286951704e-17,4321645485359104.0,0.8014659881591797,0.0,0,0,0.99,True,35.29386,-120.66794,0.0,0.0,0.0,0.0
690fd7dc87825a48788a8a60,2025-10-12 20:11:12.869,foothill,Car,9.6116705,0.0,0.0,180.0,0.0,0.0,0.0,inf,0.0,0.0,0,0,0.99,True,35.293854,-120.66794,0.0,0.0,0.0,0.0
690fd7dc87825a48788a8a60,2025-10-12 20:11:12.869,foothill,Car,9.6116705,0.0,0.0,180.0,0.0,0.4241749942302704,0.0,inf,0.0,0.0,0,0,0.99,True,35.29385,-120.66794,0.0,0.0,0.0,0.0
690fd7dc87825a48788a8a60,2025-10-12 20:11:12.869,foothill,Car,9.6116705,0.0,0.0,180.0,0.0,0.0,0.0,inf,0.0,0.0,0,0,0.99,True,35.293846,-120.66794,0.0,0.0,0.0,0.0
690fd7dc87825a48788a8a60,2025-10-12 20:11:12.869,foothill,Car,9.6116705,0.0,0.0,180.0,0.0,0.0,0.0,inf,1.643132209777832,0.0,0,0,0.99,True,35.293842,-120.66794,0.0,0.0,0.0,0.0
690fd7dc87825a48788a8a61,2025-10-12 20:11:12.869,foothill,Car,8.839348,0.0,0.0,0.0,0.0,0.6924217939376831,-8.839346885681152,0.0783340483903884,0.0,90.0,1,0,0.99,True,35.293983,-120.66772,0.1,0.0,0.0,0.0
690fd7dc87825a48788a8a61,2025-10-12 20:11:12.869,foothill,Car,8.839348,0.0,0.0,90.0,90.0,0.6924217939376831,-8.839346885681152,0.0783340483903884,0.0,90.0,0,0,0.99,True,35.293983,-120.66771,0.0,0.0,0.0,0.0
690fd7dc87825a48788a8a61,2025-10-12 20:11:12.869,foothill,Car,8.839348,0.0,0.0,90.0,0.0,0.0,0.0,inf,0.0,0.0,0,0,0.99,True,35.293983,-120.6677,0.0,0.0,0.0,0.0
690fd7dc87825a48788a8a61,2025-10-12 20:11:12.869,foothill,Car,8.839348,0.0,0.0,0.0,-90.0,0.0,0.0,inf,0.0,90.0,0,0,0.99,True,35.293983,-120.6677,0.0,0.0,0.0,0.0
690fd7dc87825a48788a8a61,2025-10-12 20:11:12.869,foothill,Car,8.839348,0.0,0.0,0.0,0.0,0.6924217939376831,8.839346885681152,inf,0.0,90.0,0,0,0.99,True,35.293983,-120.667694,0.0,0.0,0.0,0.0
690fd7dc87825a48788a8a61,2025-10-12 20:11:12.869,foothill,Car,8.839348,0.0,0.0,90.0,90.0,0.6924217939376831,-8.839346885681152,0.0783340483903884,0.0,90.0,0,0,0.99,True,35.293983,-120.66769,0.0,0.0,0.0,0.0
690fd7dc87825a48788a8a61,2025-10-12 20:11:12.869,foothill,Car,8.839348,0.0,0.0,0.0,-90.0,0.0,0.0,inf,0.0,0.0,0,0,0.99,True,35.293983,-120.66768,0.0,0.0,0.0,0.0
690fd7dc87825a48788a8a61,2025-10-12 20:11:12.869,foothill,Car,8.839348,0.0,0.0,0.0,0.0,0.0,0.0,inf,0.0,0.0,0,0,0.99,True,35.293983,-120.66768,0.0,0.0,0.0,0.0
690fd7dc87825a48788a8a61,2025-10-12 20:11:12.869,foothill,Car,8.839348,0.0,0.0,90.0,90.0,0.6924217939376831,-8.839346885681152,0.0783340483903884,0.0,90.0,0,0,0.99,True,35.293983,-120.66767,0.0,0.0,0.0,0.0
690fd7dc87825a48788a8a61,2025-10-12 20:11:12.869,foothill,Car,8.839348,0.0,0.0,0.0,-90.0,0.0,0.0,inf,0.0,0.0,0,0,0.99,True,35.293983,-120.66766,0.0,0.0,0.0,0.0
690fd7dc87825a48788a8a61,2025-10-12 20:11:12.869,foothill,Car,8.839348,0.0,0.0,0.0,0.0,0.0,0.0,inf,0.0,0.0,0,0,0.99,True,35.293983,-120.66766,0.0,0.0,0.0,0.0
690fd7dc87825a48788a8a61,2025-10-12 20:11:12.869,foothill,Car,8.839348,0.0,0.0,90.0,90.0,0.6924217939376831,0.0,inf,0.0,0.0,0,0,0.99,True,35.293983,-120.667656,0.0,0.0,0.0,0.0
690fd7dc87825a48788a8a61,2025-10-12 20:11:12.869,foothill,Car,8.839348,0.0,0.0,90.0,0.0,0.0,0.0,inf,0.0,0.0,0,0,0.99,True,35.293983,-120.66765,0.0,0.0,0.0,0.0
690fd7dc87825a48788a8a61,2025-10-12 20:11:12.869,foothill,Car,8.839348,0.0,0.0,0.0,-90.0,0.0,0.0,inf,0.0,90.0,0,0,0.99,True,35.293983,-120.66765,0.0,0.0,0.0,0.0
690fd7dc87825a48788a8a61,2025-10-12 20:11:12.869,foothill,Car,8.839348,0.0,0.0,0.0,0.0,0.6924217939376831,8.839346885681152,inf,0.0,90.0,0,0,0.99,True,35.293983,-120.66764,0.0,0.0,0.0,0.0
690fd7dc87825a48788a8a61,2025-10-12 20:11:12.869,foothill,Car,8.839348,0.0,0.0,90.0,90.0,0.6924217939376831,8.839346885681152,inf,0.0,90.0,0,0,0.99,True,35.293983,-120.66763,0.0,0.0,0.0,0.0
690fd7dc87825a48788a8a61,2025-10-12 20:11:12.869,foothill,Car,8.839348,0.0,0.0,0.0,-90.0,0.0,0.0,inf,0.0,0.0,0,0,0.99,True,35.293983,-120.667625,0.0,0.0,0.0,0.0
690fd7dc87825a48788a8a61,2025-10-12 20:11:12.869,foothill,Car,8.839348,0.0,0.0,0.0,0.0,0.0,0.0,inf,0.0,0.0,0,0,0.99,True,35.293983,-120.667625,0.0,0.0,0.0,0.0
690fd7dc87825a48788a8a61,2025-10-12 20:11:12.869,foothill,Car,8.839348,0.0,0.0,90.0,90.0,0.6924217939376831,-8.839346885681152,0.0783340483903884,0.0,90.0,0,0,0.99,True,35.293983,-120.66762,0.0,0.0,0.0,0.0
690fd7dc87825a48788a8a61,2025-10-12 20:11:12.869,foothill,Car,8.839348,0.0,0.0,0.0,-90.0,0.6924217939376831,-8.839346885681152,0.0783340483903884,0.0,90.0,0,0,0.99,True,35.293983,-120.66761,0.0,0.0,0.0,0.0
690fd7dc87825a48788a8a61,2025-10-12 20:11:12.869,foothill,Car,8.839348,0.0,0.0,90.0,90.0,0.0,0.0,inf,0.0,0.0,0,0,0.99,True,35.293983,-120.6676,0.0,0.0,0.0,0.0
690fd7dc87825a48788a8a61,2025-10-12 20:11:12.869,foothill,Car,8.839348,0.0,0.0,0.0,-90.0,0.0,0.0,inf,0.0,90.0,0,0,0.99,True,35.293983,-120.6676,0.0,0.0,0.0,0.0
690fd7dc87825a48788a8a61,2025-10-12 20:11:12.869,foothill,Car,8.839348,0.0,0.0,0.0,0.0,0.6924217939376831,8.839346885681152,inf,0.0,90.0,0,0,0.99,True,35.293983,-120.667595,0.0,0.0,0.0,0.0
690fd7dc87825a48788a8a62,2025-10-12 20:11:12.869,foothill,Car,7.796911,0.0,0.0,0.0,0.0,0.6924213767051697,-7.796910762786865,0.0888071432709693,0.0,90.0,1,0,0.99,True,35.29403,-120.66778,0.1,0.0,0.0,0.0
690fd7dc87825a48788a8a62,2025-10-12 20:11:12.869,foothill,Car,7.796911,0.0,0.0,90.0,90.0,0.6924213767051697,-7.796910762786865,0.0888071432709693,0.0,90.0,0,0,0.99,True,35.29403,-120.66777,0.0,0.0,0.0,0.0
690fd7dc87825a48788a8a62,2025-10-12 20:11:12.869,foothill,Car,7.796911,0.0,0.0,180.0,90.0,0.0,0.0,inf,0.0,0.0,0,0,0.99,True,35.294025,-120.66776,0.0,0.0,0.0,0.0
690fd7dc87825a48788a8a62,2025-10-12 20:11:12.869,foothill,Car,7.796911,0.0,0.0,0.0,-180.0,0.0,0.0,inf,0.0,180.0,0,0,0.99,True,35.294025,-120.66776,0.0,0.0,0.0,0.0
690fd7dc87825a48788a8a62,2025-10-12 20:11:12.869,foothill,Car,7.796911,0.0,0.0,90.0,90.0,0.6924214363098145,7.796910285949707,inf,0.0,90.0,0,0,0.99,True,35.294025,-120.667755,0.0,0.0,0.0,0.0
690fd7dc87825a48788a8a62,2025-10-12 20:11:12.869,foothill,Car,7.796911,0.0,0.0,180.0,90.0,0.0,0.0,inf,0.0,0.0,0,0,0.99,True,35.29402,-120.66775,0.0,0.0,0.0,0.0
690fd7dc87825a48788a8a62,2025-10-12 20:11:12.869,foothill,Car,7.796911,0.0,0.0,0.0,-180.0,0.0,0.0,inf,0.0,180.0,0,0,0.99,True,35.29402,-120.66775,0.0,0.0,0.0,0.0
690fd7dc87825a48788a8a62,2025-10-12 20:11:12.869,foothill,Car,7.796911,0.0,0.0,90.0,90.0,0.6924214363098145,7.796910762786865,inf,0.0,90.0,0,0,0.99,True,35.29402,-120.66774,0.0,0.0,0.0,0.0
690fd7dc87825a48788a8a62,2025-10-12 20:11:12.869,foothill,Car,7.796911,0.0,0.0,0.0,-90.0,0.0,0.0,inf,0.0,0.0,0,0,0.99,True,35.29402,-120.66773,0.0,0.0,0.0,0.0
690fd7dc87825a48788a8a62,2025-10-12 20:11:12.869,foothill,Car,7.796911,0.0,0.0,0.0,0.0,0.0,0.0,inf,0.0,0.0,0,0,0.99,True,35.29402,-120.66773,0.0,0.0,0.0,0.0
690fd7dc87825a48788a8a62,2025-10-12 20:11:12.869,foothill,Car,7.796911,0.0,0.0,90.0,90.0,0.4241749942302704,7.796910762786865,inf,0.0,90.0,0,0,0.99,True,35.29402,-120.667725,0.0,0.0,0.0,0.0
690fd7dc87825a48788a8a62,2025-10-12 20:11:12.869,foothill,Car,7.796911,0.0,0.0,180.0,90.0,0.4241749942302704,-8.256430625915527,0.0513751059770584,0.4595198631286621,90.0,0,0,0.99,True,35.294018,-120.667725,0.0,0.0,0.0,0.0
690fd7dc87825a48788a8a62,2025-10-12 20:11:12.869,foothill,Car,7.796911,0.0,0.0,0.0,-180.0,0.4241749942302704,0.0,inf,0.4595198631286621,0.0,0,0,0.99,True,35.294018,-120.66772,0.0,0.0,0.0,0.0
690fd7dc87825a48788a8a62,2025-10-12 20:11:12.869,foothill,Car,7.796911,0.0,0.0,90.0,90.0,0.4241749942302704,-0.4595198631286621,0.9230830669403076,0.4595198631286621,0.0,0,0,0.99,True,35.294018,-120.66771,0.0,0.0,0.0,0.0
690fd7dc87825a48788a8a62,2025-10-12 20:11:12.869,foothill,Car,7.796911,0.0,0.0,90.0,0.0,0.0,0.0,inf,0.0,0.0,0,0,0.99,True,35.294018,-120.6677,0.0,0.0,0.0,0.0
690fd7dc87825a48788a8a62,2025-10-12 20:11:12.869,foothill,Car,7.796911,0.0,0.0,0.0,-90.0,0.0,0.0,inf,0.0,90.0,0,0,0.99,True,35.294018,-120.6677,0.0,0.0,0.0,0.0
690fd7dc87825a48788a8a62,2025-10-12 20:11:12.869,foothill,Car,7.796911,0.0,0.0,0.0,0.0,0.0,0.0,inf,0.0,0.0,0,0,0.99,True,35.294018,-120.667694,0.0,0.0,0.0,0.0
690fd7dc87825a48788a8a62,2025-10-12 20:11:12.869,foothill,Car,7.796911,0.0,0.0,0.0,0.0,0.0,0.0,inf,0.0,0.0,0,0,0.99,True,35.294018,-120.667694,0.0,0.0,0.0,0.0
690fd7dc87825a48788a8a62,2025-10-12 20:11:12.869,foothill,Car,7.796911,0.0,0.0,90.0,90.0,0.6924214959144592,-7.796910762786865,0.0888071581721305,0.0,90.0,0,0,0.99,True,35.294018,-120.66769,0.0,0.0,0.0,0.0
690fd7dc87825a48788a8a62,2025-10-12 20:11:12.869,foothill,Car,7.796911,0.0,0.0,0.0,-90.0,0.6924214959144592,-7.796910762786865,0.0888071581721305,0.0,90.0,0,0,0.99,True,35.294018,-120.66768,0.0,0.0,0.0,0.0
690fd7dc87825a48788a8a62,2025-10-12 20:11:12.869,foothill,Car,7.796911,0.0,0.0,90.0,90.0,0.6924214959144592,-7.796910762786865,0.0888071581721305,0.0,90.0,0,0,0.99,True,35.294018,-120.66767,0.0,0.0,0.0,0.0
690fd7dc87825a48788a8a62,2025-10-12 20:11:12.869,foothill,Car,7.796911,0.0,0.0,180.0,90.0,0.4241749942302704,9.548461595170249e-16,inf,0.4595198631286621,180.0,0,0,0.99,True,35.294014,-120.66766,0.0,0.0,0.0,0.0
690fd7dc87825a48788a8a62,2025-10-12 20:11:12.869,foothill,Car,7.796911,0.0,0.0,90.0,-90.0,0.6924214959144592,0.0,inf,0.0,0.0,0,0,0.99,True,35.294014,-120.66753,0.0,0.0,0.0,0.0
690fd7dc87825a48788a8a62,2025-10-12 20:11:12.869,foothill,Car,7.796911,0.0,0.0,90.0,0.0,0.6924214959144592,7.796910762786865,inf,0.0,90.0,0,0,0.99,True,35.294014,-120.66752,0.0,0.0,0.0,0.0
690fd7dc87825a48788a8a62,2025-10-12 20:11:12.869,foothill,Car,7.796911,0.0,0.0,90.0,0.0,0.0,0.0,inf,0.0,90.0,0,0,0.99,True,35.294014,-120.66751,0.0,0.0,0.0,0.0
690fd7dc87825a48788a8a62,2025-10-12 20:11:12.869,foothill,Car,7.796911,0.0,0.0,0.0,-90.0,0.0,0.0,inf,0.0,0.0,0,0,0.99,True,35.294014,-120.66751,0.0,0.0,0.0,0.0
690fd7dc87825a48788a8a63,2025-10-12 20:11:12.869,foothill,Car,10.15331,0.0,0.0,0.0,0.0,0.8483499884605408,-1.2434218143170924e-15,682270453137408.0,0.0,180.0,1,0,0.9857700320480194,True,35.294113,-120.66806,0.1,0.0,0.0,0.0
690fd7dc87825a48788a8a63,2025-10-12 20:11:12.869,foothill,Car,10.15331,0.0,0.0,180.0,-180.0,0.8483499884605408,-1.2434218143170924e-15,682270453137408.0,0.0,180.0,0,0,0.9857700320480194,True,35.294106,-120.66806,0.0,0.0,0.0,0.0
690fd7dc87825a48788a8a63,2025-10-12 20:11:12.869,foothill,Car,10.15331,0.0,0.0,114.6763,-65.3237,0.4241749942302704,9.226119041442873,inf,0.0,65.32369995117188,0,0,0.9857700320480194,True,35.294098,-120.66805,0.0,0.0,0.0,0.0
690fd7dc87825a48788a8a63,2025-10-12 20:11:12.869,foothill,Car,10.15331,0.0,0.0,180.0,65.3237,0.4241749942302704,9.226119041442873,inf,0.0,65.32369995117188,0,0,0.9857700320480194,True,35.294094,-120.66805,0.0,0.0,0.0,0.0
690fd7dc87825a48788a8a63,2025-10-12 20:11:12.869,foothill,Car,10.15331,0.0,0.0,180.0,0.0,0.4241749942302704,0.0,inf,0.0,0.0,0,0,0.9857700320480194,True,35.294086,-120.66805,0.0,0.0,0.0,0.0
690fd7dc87825a48788a8a63,2025-10-12 20:11:12.869,foothill,Car,10.15331,0.0,0.0,180.0,0.0,0.4241749942302704,0.0,inf,0.0,0.0,0,0,0.9857700320480194,True,35.294083,-120.66805,0.0,0.0,0.0,0.0
690fd7dc87825a48788a8a63,2025-10-12 20:11:12.869,foothill,Car,10.15331,0.0,0.0,180.0,0.0,0.4241749942302704,1.4842965602874756,inf,8.51984691619873,114.67630004882812,0,0,0.9857700320480194,True,35.294075,-120.668045,0.0,0.0,0.0,0.0
690fd7dc87825a48788a8a63,2025-10-12 20:11:12.869,foothill,Car,10.15331,0.0,0.0,180.0,0.0,0.4241749942302704,-1.4842965602874756,0.2857750952243805,8.51984691619873,114.67630004882812,0,0,0.9857700320480194,True,35.294067,-120.668045,0.0,0.0,0.0,0.0
690fd7dc87825a48788a8a63,2025-10-12 20:11:12.869,foothill,Car,10.15331,0.0,0.0,180.0,0.0,0.4241749942302704,0.0,inf,0.0,0.0,0,0,0.9857700320480194,True,35.294064,-120.668045,0.0,0.0,0.0,0.0
690fd7dc87825a48788a8a63,2025-10-12 20:11:12.869,foothill,Car,10.15331,0.0,0.0,114.6763,-65.3237,0.8483499884605408,9.226119041442873,inf,0.0,65.32369995117188,0,0,0.9857700320480194,True,35.294056,-120.66804,0.0,0.0,0.0,0.0
690fd7dc87825a48788a8a63,2025-10-12 20:11:12.869,foothill,Car,10.15331,0.0,0.0,180.0,65.3237,0.4241749942302704,0.0,inf,0.0,0.0,0,0,0.9857700320480194,True,35.29405,-120.66804,0.0,0.0,0.0,0.0
690fd7dc87825a48788a8a63,2025-10-12 20:11:12.869,foothill,Car,10.15331,0.0,0.0,180.0,0.0,0.4241749942302704,0.0,inf,0.0,0.0,0,0,0.9857700320480194,True,35.294044,-120.66804,0.0,0.0,0.0,0.0
690fd7dc87825a48788a8a63,2025-10-12 20:11:12.869,foothill,Car,10.15331,0.0,0.0,132.57974,-47.420258,0.4241749942302704,7.476251125335693,inf,0.0,47.420257568359375,0,0,0.9857700320480194,True,35.294037,-120.66803,0.0,0.0,0.0,0.0
690fd7dc87825a48788a8a63,2025-10-12 20:11:12.869,foothill,Car,10.15331,0.0,0.0,180.0,47.420258,0.4241749942302704,7.476251125335693,inf,0.0,47.420257568359375,0,0,0.9857700320480194,True,35.294033,-120.66803,0.0,0.0,0.0,0.0
690fd7dc87825a48788a8a63,2025-10-12 20:11:12.869,foothill,Car,10.15331,0.0,0.0,180.0,0.0,0.8483499884605408,0.0,inf,0.0,0.0,0,0,0.9857700320480194,True,35.294025,-120.66803,0.0,0.0,0.0,0.0
690fd7dc87825a48788a8a63,2025-10-12 20:11:12.869,foothill,Car,10.15331,0.0,0.0,180.0,0.0,0.4241749942302704,0.0,inf,0.0,0.0,0,0,0.9857700320480194,True,35.294018,-120.66802,0.0,0.0,0.0,0.0
690fd7dc87825a48788a8a63,2025-10-12 20:11:12.869,foothill,Car,10.15331,0.0,0.0,180.0,0.0,0.4241749942302704,0.0,inf,0.0,0.0,0,0,0.9857700320480194,True,35.294014,-120.66802,0.0,0.0,0.0,0.0
690fd7dc87825a48788a8a63,2025-10-12 20:11:12.869,foothill,Car,10.15331,0.0,0.0,180.0,0.0,0.4241749942302704,0.0,inf,0.0,0.0,0,0,0.9857700320480194,True,35.29401,-120.66802,0.0,0.0,0.0,0.0
690fd7dc87825a48788a8a63,2025-10-12 20:11:12.869,foothill,Car,10.15331,0.0,0.0,180.0,0.0,0.8120173215866089,2.104560375213623,inf,0.0,81.2928466796875,0,0,0.9857700320480194,True,35.294003,-120.66802,0.0,0.0,0.0,0.0
690fd7dc87825a48788a8a63,2025-10-12 20:11:12.869,foothill,Car,10.15331,0.0,0.0,98.70715,-81.29285,0.4241749942302704,10.036293029785156,inf,0.0,81.2928466796875,0,0,0.9857700320480194,True,35.294,-120.668015,0.0,0.0,0.0,0.0
690fd7dc87825a48788a8a63,2025-10-12 20:11:12.869,foothill,Car,10.15331,0.0,0.0,180.0,81.29285,0.4241749942302704,10.036293029785156,inf,0.0,81.2928466796875,0,0,0.9857700320480194,True,35.293995,-120.668015,0.0,0.0,0.0,0.0
690fd7dc87825a48788a8a63,2025-10-12 20:11:12.869,foothill,Car,10.15331,0.0,0.0,180.0,0.0,0.8483499884605408,0.0,inf,0.0,0.0,0,0,0.9857700320480194,True,35.293987,-120.668015,0.0,0.0,0.0,0.0
690fd7dc87825a48788a8a63,2025-10-12 20:11:12.869,foothill,Car,10.15331,0.0,0.0,168.80762,-11.192383,0.8483499884605408,1.970797419548035,inf,0.0,11.1923828125,0,0,0.9857700320480194,True,35.293873,-120.66798,0.0,0.0,0.0,0.0
690fd7dc87825a48788a8a63,2025-10-12 20:11:12.869,foothill,Car,10.15331,0.0,0.0,180.0,11.192383,0.4241749942302704,0.0,inf,0.0,0.0,0,0,0.9857700320480194,True,35.293865,-120.66798,0.0,0.0,0.0,0.0
690fd7dc87825a48788a8a63,2025-10-12 20:11:12.869,foothill,Car,10.15331,0.0,0.0,180.0,0.0,0.4241749942302704,0.0,inf,0.0,0.0,0,0,0.9857700320480194,True,35.29386,-120.66798,0.0,0.0,0.0,0.0
690fd7dc87825a48788a8a63,2025-10-12 20:11:12.869,foothill,Car,10.15331,0.0,0.0,180.0,0.0,0.4241749942302704,0.0,inf,0.0,0.0,0,0,0.9857700320480194,True,35.293858,-120.66798,0.0,0.0,0.0,0.0
690fd7dc87825a48788a8a63,2025-10-12 20:11:12.869,foothill,Car,10.15331,0.0,0.0,90.0,-90.0,0.8120183944702148,3.3541159629821777,inf,0.0,90.0,0,0,0.9857700320480194,True,35.293854,-120.66797,0.0,0.0,0.0,0.0
690fd7dc87825a48788a8a63,2025-10-12 20:11:12.869,foothill,Car,10.15331,0.0,0.0,180.0,90.0,0.4241749942302704,0.0,inf,0.0,0.0,0,0,0.9857700320480194,True,35.293846,-120.66797,0.0,0.0,0.0,0.0
690fd7dc87825a48788a8a63,2025-10-12 20:11:12.869,foothill,Car,10.15331,0.0,0.0,180.0,0.0,0.4241749942302704,0.0,inf,0.0,0.0,0,0,0.9857700320480194,True,35.293842,-120.66797,0.0,0.0,0.0,0.0
690fd7dc87825a48788a8a63,2025-10-12 20:11:12.869,foothill,Car,10.15331,0.0,0.0,180.0,0.0,0.4241749942302704,0.0,inf,0.0,0.0,0,0,0.9857700320480194,True,35.29384,-120.66797,0.0,0.0,0.0,0.0
690fd7dc87825a48788a8a63,2025-10-12 20:11:12.869,foothill,Car,10.15331,0.0,0.0,180.0,0.0,0.4241749942302704,0.0,inf,0.0,0.0,0,0,0.9857700320480194,True,35.293835,-120.66797,0.0,0.0,0.0,0.0
690fd7dc87825a48788a8a63,2025-10-12 20:11:12.869,foothill,Car,10.15331,0.0,0.0,180.0,0.0,0.4241749942302704,0.0,inf,0.0,0.0,0,0,0.9857700320480194,True,35.29383,-120.66797,0.0,0.0,0.0,0.0
690fd7dc87825a48788a8a63,2025-10-12 20:11:12.869,foothill,Car,10.15331,0.0,0.0,180.0,0.0,0.0,-0.0,inf,0.6324825286865234,58.508575439453125,0,0,0.9857700320480194,True,35.293827,-120.66797,0.0,0.0,0.0,0.0
690fd7dc87825a48788a8a63,2025-10-12 20:11:12.869,foothill,Car,10.15331,0.0,0.0,107.02969,-72.97031,0.4241749942302704,9.708118438720703,inf,0.0,72.97030639648438,0,0,0.9857700320480194,True,35.293823,-120.66796,0.0,0.0,0.0,0.0
690fd7dc87825a48788a8a63,2025-10-12 20:11:12.869,foothill,Car,10.15331,0.0,0.0,180.0,72.97031,0.4241749942302704,9.708118438720703,inf,0.0,72.97030639648438,0,0,0.9857700320480194,True,35.29382,-120.66796,0.0,0.0,0.0,0.0
690fd7dc87825a48788a8a63,2025-10-12 20:11:12.869,foothill,Car,10.15331,0.0,0.0,180.0,0.0,0.4241749942302704,0.0,inf,0.0,0.0,0,0,0.9857700320480194,True,35.293816,-120.66796,0.0,0.0,0.0,0.0
690fd7dc87825a48788a8a63,2025-10-12 20:11:12.869,foothill,Car,10.15331,0.0,0.0,180.0,0.0,0.4241749942302704,0.0,inf,0.0,0.0,0,0,0.9857700320480194,True,35.29381,-120.66796,0.0,0.0,0.0,0.0
690fd7dc87825a48788a8a63,2025-10-12 20:11:12.869,foothill,Car,10.15331,0.0,0.0,180.0,0.0,0.4241749942302704,0.0,inf,0.0,0.0,0,0,0.9857700320480194,True,35.293808,-120.66796,0.0,0.0,0.0,0.0
690fd7dc87825a48788a8a64,2025-10-12 20:11:12.869,foothill,Car,10.4131365,0.0,0.0,0.0,0.0,1.0950541496276855,-16.979644775390625,0.0644921734929084,0.0,132.57977294921875,1,0,0.8724656468287186,True,35.294147,-120.668045,0.1,0.0,0.0,0.0
690fd7dc87825a48788a8a64,2025-10-12 20:11:12.869,foothill,Car,10.4131365,0.0,0.0,132.57977,132.57977,0.4241749942302704,7.667567253112793,inf,0.0,47.42022705078125,0,0,0.8724656468287186,True,35.29414,-120.66804,0.0,0.0,0.0,0.0
690fd7dc87825a48788a8a64,2025-10-12 20:11:12.869,foothill,Car,10.4131365,0.0,0.0,180.0,47.420227,0.4241749942302704,7.667567253112793,inf,0.0,47.42022705078125,0,0,0.8724656468287186,True,35.294136,-120.66804,0.0,0.0,0.0,0.0
690fd7dc87825a48788a8a64,2025-10-12 20:11:12.869,foothill,Car,10.4131365,0.0,0.0,180.0,0.0,0.8483499884605408,0.0,inf,0.0,0.0,0,0,0.8724656468287186,True,35.29413,-120.66804,0.0,0.0,0.0,0.0
690fd7dc87825a48788a8a64,2025-10-12 20:11:12.869,foothill,Car,10.4131365,0.0,0.0,121.491516,-58.508484,0.8483499884605408,8.879464149475098,inf,0.0,58.50848388671875,0,0,0.8724656468287186,True,35.29412,-120.66803,0.0,0.0,0.0,0.0
690fd7dc87825a48788a8a64,2025-10-12 20:11:12.869,foothill,Car,10.4131365,0.0,0.0,180.0,58.508484,0.4241749942302704,0.0,inf,0.0,0.0,0,0,0.8724656468287186,True,35.294113,-120.66803,0.0,0.0,0.0,0.0
690fd7dc87825a48788a8a64,2025-10-12 20:11:12.869,foothill,Car,10.4131365,0.0,0.0,180.0,0.0,0.4241749942302704,0.0,inf,0.0,0.0,0,0,0.8724656468287186,True,35.29411,-120.66803,0.0,0.0,0.0,0.0
690fd7dc87825a48788a8a64,2025-10-12 20:11:12.869,foothill,Car,10.4131365,0.0,0.0,180.0,0.0,0.8483499884605408,0.0,inf,0.0,0.0,0,0,0.8724656468287186,True,35.2941,-120.66802,0.0,0.0,0.0,0.0
690fd7dc87825a48788a8a64,2025-10-12 20:11:12.869,foothill,Car,10.4131365,0.0,0.0,180.0,0.0,0.8483499884605408,0.0,inf,0.0,0.0,0,0,0.8724656468287186,True,35.294094,-120.66802,0.0,0.0,0.0,0.0
690fd7dc87825a48788a8a64,2025-10-12 20:11:12.869,foothill,Car,10.4131365,0.0,0.0,127.44293,-52.557068,0.8483499884605408,8.267606735229492,inf,0.0,52.55706787109375,0,0,0.8724656468287186,True,35.294086,-120.668015,0.0,0.0,0.0,0.0
690fd7dc87825a48788a8a64,2025-10-12 20:11:12.869,foothill,Car,10.4131365,0.0,0.0,180.0,52.557068,0.4241749942302704,0.0,inf,0.0,0.0,0,0,0.8724656468287186,True,35.29408,-120.668015,0.0,0.0,0.0,0.0
690fd7dc87825a48788a8a64,2025-10-12 20:11:12.869,foothill,Car,10.4131365,0.0,0.0,180.0,0.0,0.4241749942302704,0.0,inf,0.0,0.0,0,0,0.8724656468287186,True,35.294075,-120.668015,0.0,0.0,0.0,0.0
690fd7dc87825a48788a8a64,2025-10-12 20:11:12.869,foothill,Car,10.4131365,0.0,0.0,180.0,0.0,0.8120168447494507,-8.471534729003906,0.0958523899316787,8.77967357635498,107.02975463867188,0,0,0.8724656468287186,True,35.294067,-120.668015,0.0,0.0,0.0,0.0
690fd7dc87825a48788a8a64,2025-10-12 20:11:12.869,foothill,Car,10.4131365,0.0,0.0,180.0,0.0,0.0,0.0,inf,0.0,0.0,0,0,0.8724656468287186,True,35.29406,-120.66801,0.0,0.0,0.0,0.0
690fd7dc87825a48788a8a64,2025-10-12 20:11:12.869,foothill,Car,10.4131365,0.0,0.0,180.0,0.0,0.8120169043540955,10.272348403930664,inf,8.77967357635498,180.0,0,0,0.8724656468287186,True,35.294052,-120.66801,0.0,0.0,0.0,0.0
690fd7dc87825a48788a8a64,2025-10-12 20:11:12.869,foothill,Car,10.4131365,0.0,0.0,127.44293,-52.557068,0.4241749942302704,8.267606735229492,inf,0.0,52.55706787109375,0,0,0.8724656468287186,True,35.294044,-120.668,0.0,0.0,0.0,0.0
690fd7dc87825a48788a8a64,2025-10-12 20:11:12.869,foothill,Car,10.4131365,0.0,0.0,180.0,52.557068,0.4241749942302704,8.267606735229492,inf,0.0,52.55706787109375,0,0,0.8724656468287186,True,35.29404,-120.668,0.0,0.0,0.0,0.0
690fd7dc87825a48788a8a64,2025-10-12 20:11:12.869,foothill,Car,10.4131365,0.0,0.0,180.0,0.0,0.8483499884605408,0.0,inf,0.0,0.0,0,0,0.8724656468287186,True,35.294033,-120.668,0.0,0.0,0.0,0.0
690fd7dc87825a48788a8a64,2025-10-12 20:11:12.869,foothill,Car,10.4131365,0.0,0.0,180.0,0.0,0.8483499884605408,0.0,inf,0.0,0.0,0,0,0.8724656468287186,True,35.294025,-120.66799,0.0,0.0,0.0,0.0
690fd7dc87825a48788a8a64,2025-10-12 20:11:12.869,foothill,Car,10.4131365,0.0,0.0,180.0,0.0,0.8483499884605408,0.0,inf,0.0,0.0,0,0,0.8724656468287186,True,35.294018,-120.66799,0.0,0.0,0.0,0.0
690fd7dc87825a48788a8a64,2025-10-12 20:11:12.869,foothill,Car,10.4131365,0.0,0.0,180.0,0.0,0.8483499884605408,0.0,inf,0.0,0.0,0,0,0.8724656468287186,True,35.29401,-120.66799,0.0,0.0,0.0,0.0
690fd7dc87825a48788a8a64,2025-10-12 20:11:12.869,foothill,Car,10.4131365,0.0,0.0,121.491486,-58.508514,1.0950549840927124,-3.734116315841675,0.2932567894458771,0.0,58.50851440429688,0,0,0.8724656468287186,True,35.294003,-120.667984,0.0,0.0,0.0,0.0
690fd7dc87825a48788a8a64,2025-10-12 20:11:12.869,foothill,Car,10.4131365,0.0,0.0,165.90234,44.41086,0.0,0.0,inf,0.8014659881591797,14.09765625,0,0,0.8724656468287186,True,35.29387,-120.667946,0.0,0.0,0.0,0.0
690fd7dc87825a48788a8a64,2025-10-12 20:11:12.869,foothill,Car,10.4131365,0.0,0.0,180.0,14.097656,0.4241749942302704,1.2752414540136473e-15,inf,2.444598197937012,180.0,0,0,0.8724656468287186,True,35.29386,-120.667946,0.0,0.0,0.0,0.0
690fd7dc87825a48788a8a64,2025-10-12 20:11:12.869,foothill,Car,10.4131365,0.0,0.0,180.0,0.0,0.4241749942302704,9.815127286951704e-17,inf,0.8014659881591797,0.0,0,0,0.8724656468287186,True,35.293858,-120.66794,0.0,0.0,0.0,0.0
690fd7dc87825a48788a8a64,2025-10-12 20:11:12.869,foothill,Car,10.4131365,0.0,0.0,0.0,-180.0,0.0,0.0,inf,0.8014659881591797,180.0,0,0,0.8724656468287186,True,35.293854,-120.66794,0.0,0.0,0.0,0.0
690fd7dc87825a48788a8a64,2025-10-12 20:11:12.869,foothill,Car,10.4131365,0.0,0.0,180.0,-180.0,0.0,0.0,inf,0.8014659881591797,0.0,0,0,0.8724656468287186,True,35.293846,-120.66794,0.0,0.0,0.0,0.0
690fd7dc87825a48788a8a64,2025-10-12 20:11:12.869,foothill,Car,10.4131365,0.0,0.0,180.0,0.0,0.0,0.0,inf,2.444598197937012,0.0,0,0,0.8724656468287186,True,35.293842,-120.66794,0.0,0.0,0.0,0.0
690fd7dc87825a48788a8a64,2025-10-12 20:11:12.869,foothill,Car,10.4131365,0.0,0.0,180.0,0.0,0.0,0.0,inf,2.444598197937012,0.0,0,0,0.8724656468287186,True,35.29384,-120.66794,0.0,0.0,0.0,0.0
690fd7dc87825a48788a8a64,2025-10-12 20:11:12.869,foothill,Car,10.4131365,0.0,0.0,114.67624,-65.32376,0.4241749942302704,9.462223052978516,inf,0.0,65.32376098632812,0,0,0.8724656468287186,True,35.293835,-120.66793,0.0,0.0,0.0,0.0
690fd7dc87825a48788a8a64,2025-10-12 20:11:12.869,foothill,Car,10.4131365,0.0,0.0,180.0,65.32376,0.4241749942302704,9.462223052978516,inf,0.0,65.32376098632812,0,0,0.8724656468287186,True,35.29383,-120.66793,0.0,0.0,0.0,0.0
690fd7dc87825a48788a8a64,2025-10-12 20:11:12.869,foothill,Car,10.4131365,0.0,0.0,180.0,0.0,0.4241749942302704,0.0,inf,0.0,0.0,0,0,0.8724656468287186,True,35.293827,-120.66793,0.0,0.0,0.0,0.0
690fd7dc87825a48788a8a64,2025-10-12 20:11:12.869,foothill,Car,10.4131365,0.0,0.0,180.0,0.0,0.4241749942302704,0.0,inf,0.0,0.0,0,0,0.8724656468287186,True,35.29382,-120.66793,0.0,0.0,0.0,0.0
690fd7dc87825a48788a8a64,2025-10-12 20:11:12.869,foothill,Car,10.4131365,0.0,0.0,180.0,0.0,0.0,0.0,inf,0.0,0.0,0,0,0.8724656468287186,True,35.293816,-120.66793,0.0,0.0,0.0,0.0
690fd7dc87825a48788a8a64,2025-10-12 20:11:12.869,foothill,Car,10.4131365,0.0,0.0,180.0,0.0,0.0,0.0,inf,2.444598197937012,0.0,0,0,0.8724656468287186,True,35.29381,-120.66793,0.0,0.0,0.0,0.0
690fd7dc87825a48788a8a64,2025-10-12 20:11:12.869,foothill,Car,10.4131365,0.0,0.0,180.0,0.0,0.4241749942302704,-2.993769395341156e-16,1416859245084672.0,2.444598197937012,0.0,0,0,0.8724656468287186,True,35.293808,-120.66793,0.0,0.0,0.0,0.0
690fd7dc87825a48788a8a64,2025-10-12 20:11:12.869,foothill,Car,10.4131365,0.0,0.0,180.0,0.0,0.0,0.0,inf,2.444598197937012,0.0,0,0,0.8724656468287186,True,35.293804,-120.66793,0.0,0.0,0.0,0.0
690fd7dc87825a48788a8a64,2025-10-12 20:11:12.869,foothill,Car,10.4131365,0.0,0.0,180.0,0.0,0.0,0.0,inf,2.444598197937012,0.0,0,0,0.8724656468287186,True,35.2938,-120.66793,0.0,0.0,0.0,0.0
690fd7dc87825a48788a8a64,2025-10-12 20:11:12.869,foothill,Car,10.4131365,0.0,0.0,180.0,0.0,0.0,0.0,inf,2.444598197937012,0.0,0,0,0.8724656468287186,True,35.293793,-120.66793,0.0,0.0,0.0,0.0
690fd7dc87825a48788a8a64,2025-10-12 20:11:12.869,foothill,Car,10.4131365,0.0,0.0,180.0,0.0,0.0,0.0,inf,2.444598197937012,0.0,0,0,0.8724656468287186,True,35.29379,-120.66793,0.0,0.0,0.0,0.0
690fd7dc87825a48788a8a64,2025-10-12 20:11:12.869,foothill,Car,10.4131365,0.0,0.0,180.0,0.0,0.0,0.0,inf,2.444598197937012,0.0,0,0,0.8724656468287186,True,35.293785,-120.66793,0.0,0.0,0.0,0.0
690fd7dc87825a48788a8a64,2025-10-12 20:11:12.869,foothill,Car,10.4131365,0.0,0.0,180.0,0.0,0.0,0.0,inf,2.444598197937012,0.0,0,0,0.8724656468287186,True,35.29378,-120.66792,0.0,0.0,0.0,0.0
690fd7dc87825a48788a8a64,2025-10-12 20:11:12.869,foothill,Car,10.4131365,0.0,0.0,180.0,0.0,0.4241749942302704,-2.993769395341156e-16,1416859245084672.0,2.444598197937012,0.0,0,0,0.8724656468287186,True,35.293777,-120.66792,0.0,0.0,0.0,0.0
690fd7dc87825a48788a8a64,2025-10-12 20:11:12.869,foothill,Car,10.4131365,0.0,0.0,180.0,0.0,0.0,0.0,inf,2.444598197937012,0.0,0,0,0.8724656468287186,True,35.293774,-120.66792,0.0,0.0,0.0,0.0
690fd7dc87825a48788a8a64,2025-10-12 20:11:12.869,foothill,Car,10.4131365,0.0,0.0,180.0,0.0,0.4241749942302704,-2.993769395341156e-16,1416859245084672.0,2.444598197937012,0.0,0,0,0.8724656468287186,True,35.29377,-120.66792,0.0,0.0,0.0,0.0
690fd7dc87825a48788a8a65,2025-10-12 20:11:14.005,foothill,Car,10.032552,0.0,0.0,0.0,0.0,1.095054030418396,12.687485694885254,inf,0.0,180.0,1,0,0.7662078225768753,True,35.294174,-120.668045,0.1,0.0,0.0,0.0
690fd7dc87825a48788a8a65,2025-10-12 20:11:14.005,foothill,Car,10.032552,0.0,0.0,180.0,-180.0,0.8120161294937134,0.0,inf,0.0,0.0,0,0,0.7662078225768753,True,35.294167,-120.66805,0.0,0.0,0.0,0.0
690fd7dc87825a48788a8a65,2025-10-12 20:11:14.005,foothill,Car,10.032552,0.0,0.0,180.0,0.0,0.8120161294937134,0.0,inf,0.0,0.0,0,0,0.7662078225768753,True,35.294163,-120.668045,0.0,0.0,0.0,0.0
690fd7dc87825a48788a8a65,2025-10-12 20:11:14.005,foothill,Car,10.032552,0.0,0.0,180.0,0.0,0.8483499884605408,0.0,inf,0.0,0.0,0,0,0.7662078225768753,True,35.294155,-120.668045,0.0,0.0,0.0,0.0
690fd7dc87825a48788a8a65,2025-10-12 20:11:14.005,foothill,Car,10.032552,0.0,0.0,180.0,0.0,0.8483499884605408,0.0,inf,0.0,0.0,0,0,0.7662078225768753,True,35.294147,-120.668045,0.0,0.0,0.0,0.0
690fd7dc87825a48788a8a65,2025-10-12 20:11:14.005,foothill,Car,10.032552,0.0,0.0,132.57977,-47.420227,1.0950541496276855,-3.671576499938965,0.298251748085022,0.0,47.42022705078125,0,0,0.7662078225768753,True,35.29414,-120.66804,0.0,0.0,0.0,0.0
690fd7dc87825a48788a8a65,2025-10-12 20:11:14.005,foothill,Car,10.032552,0.0,0.0,163.6449,31.065125,0.8483499884605408,2.8250627517700195,inf,0.0,16.3551025390625,0,0,0.7662078225768753,True,35.293983,-120.667984,0.0,0.0,0.0,0.0
690fd7dc87825a48788a8a65,2025-10-12 20:11:14.005,foothill,Car,10.032552,0.0,0.0,180.0,16.355103,0.8483499884605408,0.0,inf,0.0,0.0,0,0,0.7662078225768753,True,35.293976,-120.667984,0.0,0.0,0.0,0.0
690fd7dc87825a48788a8a65,2025-10-12 20:11:14.005,foothill,Car,10.032552,0.0,0.0,180.0,0.0,0.8483499884605408,0.0,inf,0.0,0.0,0,0,0.7662078225768753,True,35.29397,-120.667984,0.0,0.0,0.0,0.0
690fd7dc87825a48788a8a65,2025-10-12 20:11:14.005,foothill,Car,10.032552,0.0,0.0,180.0,0.0,0.8120176196098328,0.0,inf,0.0,0.0,0,0,0.7662078225768753,True,35.29396,-120.667984,0.0,0.0,0.0,0.0
690fd7dc87825a48788a8a65,2025-10-12 20:11:14.005,foothill,Car,10.032552,0.0,0.0,180.0,0.0,0.8120176196098328,0.0,inf,0.0,0.0,0,0,0.7662078225768753,True,35.293957,-120.66798,0.0,0.0,0.0,0.0
690fd7dc87825a48788a8a65,2025-10-12 20:11:14.005,foothill,Car,10.032552,0.0,0.0,180.0,0.0,0.4241749942302704,0.0,inf,0.0,0.0,0,0,0.7662078225768753,True,35.29395,-120.66798,0.0,0.0,0.0,0.0
690fd7dc87825a48788a8a65,2025-10-12 20:11:14.005,foothill,Car,10.032552,0.0,0.0,180.0,0.0,0.4241749942302704,0.0,inf,0.0,0.0,0,0,0.7662078225768753,True,35.293945,-120.66798,0.0,0.0,0.0,0.0
690fd7dc87825a48788a8a65,2025-10-12 20:11:14.005,foothill,Car,10.032552,0.0,0.0,180.0,0.0,0.4241749942302704,0.0,inf,0.0,0.0,0,0,0.7662078225768753,True,35.293938,-120.66798,0.0,0.0,0.0,0.0
690fd7dc87825a48788a8a65,2025-10-12 20:11:14.005,foothill,Car,10.032552,0.0,0.0,180.0,0.0,0.4241749942302704,0.0,inf,0.0,0.0,0,0,0.7662078225768753,True,35.293934,-120.66798,0.0,0.0,0.0,0.0
690fd7dc87825a48788a8a65,2025-10-12 20:11:14.005,foothill,Car,10.032552,0.0,0.0,180.0,0.0,0.8120178580284119,0.2211880683898925,inf,0.0,65.32373046875,0,0,0.7662078225768753,True,35.293926,-120.66798,0.0,0.0,0.0,0.0
690fd7dc87825a48788a8a65,2025-10-12 20:11:14.005,foothill,Car,10.032552,0.0,0.0,114.67627,-65.32373,0.8120178580284119,0.2211880683898925,inf,0.0,65.32373046875,0,0,0.7662078225768753,True,35.293922,-120.66797,0.0,0.0,0.0,0.0
690fd7dc87825a48788a8a65,2025-10-12 20:11:14.005,foothill,Car,10.032552,0.0,0.0,180.0,65.32373,0.4241749942302704,0.0,inf,0.0,0.0,0,0,0.7662078225768753,True,35.293915,-120.66797,0.0,0.0,0.0,0.0
690fd7dc87825a48788a8a65,2025-10-12 20:11:14.005,foothill,Car,10.032552,0.0,0.0,180.0,0.0,0.4241749942302704,0.0,inf,0.0,0.0,0,0,0.7662078225768753,True,35.29391,-120.66797,0.0,0.0,0.0,0.0
690fd7dc87825a48788a8a65,2025-10-12 20:11:14.005,foothill,Car,10.032552,0.0,0.0,180.0,0.0,0.4241749942302704,0.0,inf,0.0,0.0,0,0,0.7662078225768753,True,35.293907,-120.66797,0.0,0.0,0.0,0.0
690fd7dc87825a48788a8a65,2025-10-12 20:11:14.005,foothill,Car,10.032552,0.0,0.0,180.0,0.0,0.4241749942302704,0.0,inf,0.0,0.0,0,0,0.7662078225768753,True,35.2939,-120.66797,0.0,0.0,0.0,0.0
690fd7dc87825a48788a8a65,2025-10-12 20:11:14.005,foothill,Car,10.032552,0.0,0.0,180.0,0.0,0.4241749942302704,0.0,inf,0.0,0.0,0,0,0.7662078225768753,True,35.293896,-120.66797,0.0,0.0,0.0,0.0
690fd7dc87825a48788a8a65,2025-10-12 20:11:14.005,foothill,Car,10.032552,0.0,0.0,121.491455,-58.508545,0.4241749942302704,8.554938316345215,inf,0.0,58.508544921875,0,0,0.7662078225768753,True,35.293888,-120.66796,0.0,0.0,0.0,0.0
690fd7dc87825a48788a8a65,2025-10-12 20:11:14.005,foothill,Car,10.032552,0.0,0.0,180.0,58.508545,0.4241749942302704,8.554938316345215,inf,0.0,58.508544921875,0,0,0.7662078225768753,True,35.293884,-120.66796,0.0,0.0,0.0,0.0
690fd7dc87825a48788a8a65,2025-10-12 20:11:14.005,foothill,Car,10.032552,0.0,0.0,180.0,0.0,0.4241749942302704,0.0,inf,0.0,0.0,0,0,0.7662078225768753,True,35.293877,-120.66796,0.0,0.0,0.0,0.0
690fd7dc87825a48788a8a65,2025-10-12 20:11:14.005,foothill,Car,10.032552,0.0,0.0,180.0,0.0,0.4241749942302704,0.0,inf,0.0,0.0,0,0,0.7662078225768753,True,35.293873,-120.66796,0.0,0.0,0.0,0.0
690fd7dc87825a48788a8a65,2025-10-12 20:11:14.005,foothill,Car,10.032552,0.0,0.0,180.0,0.0,0.4241749942302704,0.0,inf,0.0,0.0,0,0,0.7662078225768753,True,35.29387,-120.66796,0.0,0.0,0.0,0.0
690fd7dc87825a48788a8a65,2025-10-12 20:11:14.005,foothill,Car,10.032552,0.0,0.0,180.0,0.0,0.8120183348655701,0.0,inf,0.0,0.0,0,0,0.7662078225768753,True,35.29386,-120.66796,0.0,0.0,0.0,0.0
690fd7dc87825a48788a8a65,2025-10-12 20:11:14.005,foothill,Car,10.032552,0.0,0.0,180.0,0.0,0.4241749942302704,1.2286332543327426e-15,inf,0.0,180.0,0,0,0.7662078225768753,True,35.293858,-120.66795,0.0,0.0,0.0,0.0
690fd7dc87825a48788a8a65,2025-10-12 20:11:14.005,foothill,Car,10.032552,0.0,0.0,0.0,-180.0,0.4241749942302704,1.2286332543327426e-15,inf,0.0,180.0,0,0,0.7662078225768753,True,35.293854,-120.66795,0.0,0.0,0.0,0.0
690fd7dc87825a48788a8a65,2025-10-12 20:11:14.005,foothill,Car,10.032552,0.0,0.0,180.0,-180.0,0.4241749942302704,-1.2286332543327426e-15,345241349521408.0,0.0,180.0,0,0,0.7662078225768753,True,35.29385,-120.66795,0.0,0.0,0.0,0.0
690fd7dc87825a48788a8a65,2025-10-12 20:11:14.005,foothill,Car,10.032552,0.0,0.0,180.0,0.0,0.4241749942302704,0.0,inf,0.0,0.0,0,0,0.7662078225768753,True,35.293842,-120.66795,0.0,0.0,0.0,0.0
690fd7dc87825a48788a8a65,2025-10-12 20:11:14.005,foothill,Car,10.032552,0.0,0.0,180.0,0.0,0.4241749942302704,0.0,inf,0.0,0.0,0,0,0.7662078225768753,True,35.29384,-120.66795,0.0,0.0,0.0,0.0
690fd7dc87825a48788a8a65,2025-10-12 20:11:14.005,foothill,Car,10.032552,0.0,0.0,180.0,0.0,0.4241749942302704,0.0,inf,0.0,0.0,0,0,0.7662078225768753,True,35.293835,-120.66795,0.0,0.0,0.0,0.0
690fd7dc87825a48788a8a65,2025-10-12 20:11:14.005,foothill,Car,10.032552,0.0,0.0,180.0,0.0,0.4241749942302704,0.0,inf,0.0,0.0,0,0,0.7662078225768753,True,35.29383,-120.66795,0.0,0.0,0.0,0.0
690fd7dc87825a48788a8a65,2025-10-12 20:11:14.005,foothill,Car,10.032552,0.0,0.0,180.0,0.0,0.4241749942302704,0.0,inf,0.0,0.0,0,0,0.7662078225768753,True,35.293827,-120.66795,0.0,0.0,0.0,0.0
690fd7dc87825a48788a8a65,2025-10-12 20:11:14.005,foothill,Car,10.032552,0.0,0.0,180.0,0.0,0.4241749942302704,0.0,inf,0.0,0.0,0,0,0.7662078225768753,True,35.293823,-120.66795,0.0,0.0,0.0,0.0
690fd7dc87825a48788a8a65,2025-10-12 20:11:14.005,foothill,Car,10.032552,0.0,0.0,180.0,0.0,0.4241749942302704,0.0,inf,0.0,0.0,0,0,0.7662078225768753,True,35.29382,-120.66795,0.0,0.0,0.0,0.0
690fd7dc87825a48788a8a65,2025-10-12 20:11:14.005,foothill,Car,10.032552,0.0,0.0,180.0,0.0,0.4241749942302704,0.0,inf,0.0,0.0,0,0,0.7662078225768753,True,35.293816,-120.66795,0.0,0.0,0.0,0.0
690fd7dc87825a48788a8a65,2025-10-12 20:11:14.005,foothill,Car,10.032552,0.0,0.0,114.67624,-65.32376,0.4241749942302704,9.116393089294434,inf,0.0,65.32376098632812,0,0,0.7662078225768753,True,35.29381,-120.667946,0.0,0.0,0.0,0.0
690fd7dc87825a48788a8a65,2025-10-12 20:11:14.005,foothill,Car,10.032552,0.0,0.0,180.0,65.32376,0.4241749942302704,9.116393089294434,inf,0.0,65.32376098632812,0,0,0.7662078225768753,True,35.293808,-120.667946,0.0,0.0,0.0,0.0
690fd7dc87825a48788a8a65,2025-10-12 20:11:14.005,foothill,Car,10.032552,0.0,0.0,180.0,0.0,0.4241749942302704,0.0,inf,0.0,0.0,0,0,0.7662078225768753,True,35.2938,-120.667946,0.0,0.0,0.0,0.0
690fd7dc87825a48788a8a65,2025-10-12 20:11:14.005,foothill,Car,10.032552,0.0,0.0,180.0,0.0,0.4241749942302704,0.0,inf,0.0,0.0,0,0,0.7662078225768753,True,35.293797,-120.667946,0.0,0.0,0.0,0.0
690fd7dc87825a48788a8a66,2025-10-12 20:11:12.869,foothill,Car,8.256431,0.0,0.0,0.0,0.0,0.4241749942302704,-1.011121122708469e-15,419509588459520.0,0.0,180.0,1,0,0.7998326425223732,True,35.29416,-120.66798,0.1,0.0,0.0,0.0
690fd7dc87825a48788a8a66,2025-10-12 20:11:12.869,foothill,Car,8.256431,0.0,0.0,180.0,-180.0,0.4241749942302704,-1.011121122708469e-15,419509588459520.0,0.0,180.0,0,0,0.7998326425223732,True,35.294155,-120.66798,0.0,0.0,0.0,0.0
690fd7dc87825a48788a8a66,2025-10-12 20:11:12.869,foothill,Car,8.256431,0.0,0.0,90.0,-90.0,0.8120161890983582,2.7274694442749023,inf,0.0,90.0,0,0,0.7998326425223732,True,35.29415,-120.66797,0.0,0.0,0.0,0.0
690fd7dc87825a48788a8a66,2025-10-12 20:11:12.869,foothill,Car,8.256431,0.0,0.0,114.67633,24.67633,0.4241749942302704,7.502459526062012,inf,0.0,65.32366943359375,0,0,0.7998326425223732,True,35.294147,-120.66796,0.0,0.0,0.0,0.0
690fd7dc87825a48788a8a66,2025-10-12 20:11:12.869,foothill,Car,8.256431,0.0,0.0,180.0,65.32367,0.4241749942302704,7.502459526062012,inf,0.0,65.32366943359375,0,0,0.7998326425223732,True,35.294144,-120.66796,0.0,0.0,0.0,0.0
690fd7dc87825a48788a8a66,2025-10-12 20:11:12.869,foothill,Car,8.256431,0.0,0.0,180.0,0.0,0.4241749942302704,0.0,inf,0.0,0.0,0,0,0.7998326425223732,True,35.29414,-120.66795,0.0,0.0,0.0,0.0
690fd7dc87825a48788a8a66,2025-10-12 20:11:12.869,foothill,Car,8.256431,0.0,0.0,180.0,0.0,0.4241749942302704,0.0,inf,0.0,0.0,0,0,0.7998326425223732,True,35.294136,-120.66795,0.0,0.0,0.0,0.0
690fd7dc87825a48788a8a66,2025-10-12 20:11:12.869,foothill,Car,8.256431,0.0,0.0,114.67633,-65.32367,0.4241749942302704,7.502459526062012,inf,0.0,65.32366943359375,0,0,0.7998326425223732,True,35.294132,-120.667946,0.0,0.0,0.0,0.0
690fd7dc87825a48788a8a66,2025-10-12 20:11:12.869,foothill,Car,8.256431,0.0,0.0,180.0,65.32367,0.4241749942302704,7.502459526062012,inf,0.0,65.32366943359375,0,0,0.7998326425223732,True,35.29413,-120.667946,0.0,0.0,0.0,0.0
690fd7dc87825a48788a8a66,2025-10-12 20:11:12.869,foothill,Car,8.256431,0.0,0.0,180.0,0.0,0.4241749942302704,0.0,inf,0.0,0.0,0,0,0.7998326425223732,True,35.294125,-120.667946,0.0,0.0,0.0,0.0
690fd7dc87825a48788a8a66,2025-10-12 20:11:12.869,foothill,Car,8.256431,0.0,0.0,180.0,0.0,0.4241749942302704,0.0,inf,0.0,0.0,0,0,0.7998326425223732,True,35.29412,-120.66794,0.0,0.0,0.0,0.0
690fd7dc87825a48788a8a66,2025-10-12 20:11:12.869,foothill,Car,8.256431,0.0,0.0,180.0,0.0,0.4241749942302704,0.0,inf,0.0,0.0,0,0,0.7998326425223732,True,35.294117,-120.66794,0.0,0.0,0.0,0.0
690fd7dc87825a48788a8a66,2025-10-12 20:11:12.869,foothill,Car,8.256431,0.0,0.0,121.491516,-58.508484,0.4241749942302704,7.040402889251709,inf,0.0,58.50848388671875,0,0,0.7998326425223732,True,35.294113,-120.66793,0.0,0.0,0.0,0.0
690fd7dc87825a48788a8a66,2025-10-12 20:11:12.869,foothill,Car,8.256431,0.0,0.0,180.0,58.508484,0.4241749942302704,7.040402889251709,inf,0.0,58.50848388671875,0,0,0.7998326425223732,True,35.29411,-120.66793,0.0,0.0,0.0,0.0
690fd7dc87825a48788a8a66,2025-10-12 20:11:12.869,foothill,Car,8.256431,0.0,0.0,180.0,0.0,0.4241749942302704,0.0,inf,0.0,0.0,0,0,0.7998326425223732,True,35.294106,-120.66793,0.0,0.0,0.0,0.0
690fd7dc87825a48788a8a66,2025-10-12 20:11:12.869,foothill,Car,8.256431,0.0,0.0,180.0,0.0,0.4241749942302704,1.011121122708469e-15,inf,0.0,180.0,0,0,0.7998326425223732,True,35.2941,-120.66792,0.0,0.0,0.0,0.0
690fd7dc87825a48788a8a66,2025-10-12 20:11:12.869,foothill,Car,8.256431,0.0,0.0,0.0,-180.0,0.4241749942302704,1.011121122708469e-15,inf,0.0,180.0,0,0,0.7998326425223732,True,35.294098,-120.66792,0.0,0.0,0.0,0.0
690fd7dc87825a48788a8a66,2025-10-12 20:11:12.869,foothill,Car,8.256431,0.0,0.0,114.6763,114.6763,0.4241749942302704,7.502461433410644,inf,0.0,65.32369995117188,0,0,0.7998326425223732,True,35.294094,-120.667915,0.0,0.0,0.0,0.0
690fd7dc87825a48788a8a66,2025-10-12 20:11:12.869,foothill,Car,8.256431,0.0,0.0,180.0,65.3237,0.4241749942302704,7.502461433410644,inf,0.0,65.32369995117188,0,0,0.7998326425223732,True,35.29409,-120.667915,0.0,0.0,0.0,0.0
690fd7dc87825a48788a8a66,2025-10-12 20:11:12.869,foothill,Car,8.256431,0.0,0.0,114.6763,-65.3237,0.4241749942302704,7.502461433410644,inf,0.0,65.32369995117188,0,0,0.7998326425223732,True,35.294086,-120.66791,0.0,0.0,0.0,0.0
690fd7dc87825a48788a8a66,2025-10-12 20:11:12.869,foothill,Car,8.256431,0.0,0.0,180.0,65.3237,0.4241749942302704,7.502461433410644,inf,0.0,65.32369995117188,0,0,0.7998326425223732,True,35.294083,-120.66791,0.0,0.0,0.0,0.0
690fd7dc87825a48788a8a66,2025-10-12 20:11:12.869,foothill,Car,8.256431,0.0,0.0,180.0,0.0,0.8120167255401611,0.0,inf,0.0,0.0,0,0,0.7998326425223732,True,35.29408,-120.6679,0.0,0.0,0.0,0.0
690fd7dc87825a48788a8a66,2025-10-12 20:11:12.869,foothill,Car,8.256431,0.0,0.0,124.14636,-55.853638,0.6924214363098145,12.89083766937256,inf,0.0,124.1463623046875,0,0,0.7998326425223732,True,35.294025,-120.66781,0.0,0.0,0.0,0.0
690fd7dc87825a48788a8a66,2025-10-12 20:11:12.869,foothill,Car,8.256431,0.0,0.0,0.0,-124.14636,0.4241749942302704,-1.011121122708469e-15,419509588459520.0,0.0,180.0,0,0,0.7998326425223732,True,35.294025,-120.6678,0.0,0.0,0.0,0.0
690fd7dc87825a48788a8a66,2025-10-12 20:11:12.869,foothill,Car,8.256431,0.0,0.0,180.0,-180.0,0.4241749942302704,-1.011121122708469e-15,419509588459520.0,0.0,180.0,0,0,0.7998326425223732,True,35.29402,-120.6678,0.0,0.0,0.0,0.0
690fd7dc87825a48788a8a66,2025-10-12 20:11:12.869,foothill,Car,8.256431,0.0,0.0,90.0,-90.0,0.6924214363098145,8.256430625915527,inf,0.0,90.0,0,0,0.7998326425223732,True,35.29402,-120.66779,0.0,0.0,0.0,0.0
690fd7dc87825a48788a8a66,2025-10-12 20:11:12.869,foothill,Car,8.256431,0.0,0.0,0.0,-90.0,0.0,0.0,inf,0.0,0.0,0,0,0.7998326425223732,True,35.29402,-120.667786,0.0,0.0,0.0,0.0
690fd7dc87825a48788a8a66,2025-10-12 20:11:12.869,foothill,Car,8.256431,0.0,0.0,0.0,0.0,0.0,0.0,inf,0.0,0.0,0,0,0.7998326425223732,True,35.29402,-120.667786,0.0,0.0,0.0,0.0
690fd7dc87825a48788a8a66,2025-10-12 20:11:12.869,foothill,Car,8.256431,0.0,0.0,114.67627,114.67627,0.6924214959144592,3.446983575820923,inf,0.0,24.67626953125,0,0,0.7998326425223732,True,35.294018,-120.66778,0.0,0.0,0.0,0.0
690fd7dc87825a48788a8a66,2025-10-12 20:11:12.869,foothill,Car,8.256431,0.0,0.0,90.0,-24.67627,0.6924214959144592,3.446983575820923,inf,0.0,24.67626953125,0,0,0.7998326425223732,True,35.294018,-120.66777,0.0,0.0,0.0,0.0
690fd7dc87825a48788a8a66,2025-10-12 20:11:12.869,foothill,Car,8.256431,0.0,0.0,0.0,-90.0,0.0,0.0,inf,0.0,0.0,0,0,0.7998326425223732,True,35.294018,-120.66776,0.0,0.0,0.0,0.0
690fd7dc87825a48788a8a66,2025-10-12 20:11:12.869,foothill,Car,8.256431,0.0,0.0,0.0,0.0,0.0,0.0,inf,0.0,0.0,0,0,0.7998326425223732,True,35.294018,-120.66776,0.0,0.0,0.0,0.0
690fd7dc87825a48788a8a66,2025-10-12 20:11:12.869,foothill,Car,8.256431,0.0,0.0,121.491486,121.491486,0.6924214959144592,12.569357872009276,inf,0.0,121.49148559570312,0,0,0.7998326425223732,True,35.294014,-120.667755,0.0,0.0,0.0,0.0
690fd7dc87825a48788a8a66,2025-10-12 20:11:12.869,foothill,Car,8.256431,0.0,0.0,0.0,-121.491486,0.6924214959144592,12.569357872009276,inf,0.0,121.49148559570312,0,0,0.7998326425223732,True,35.294014,-120.66775,0.0,0.0,0.0,0.0
690fd7dc87825a48788a8a66,2025-10-12 20:11:12.869,foothill,Car,8.256431,0.0,0.0,90.0,90.0,0.0,0.0,inf,0.0,90.0,0,0,0.7998326425223732,True,35.294014,-120.66774,0.0,0.0,0.0,0.0
690fd7dc87825a48788a8a66,2025-10-12 20:11:12.869,foothill,Car,8.256431,0.0,0.0,0.0,-90.0,0.0,0.0,inf,0.0,0.0,0,0,0.7998326425223732,True,35.294014,-120.66774,0.0,0.0,0.0,0.0
690fd7dc87825a48788a8a66,2025-10-12 20:11:12.869,foothill,Car,8.256431,0.0,0.0,0.0,0.0,0.6924214959144592,-8.256430625915527,0.0838645100593566,0.0,90.0,0,0,0.7998326425223732,True,35.294014,-120.66773,0.0,0.0,0.0,0.0
690fd7dc87825a48788a8a66,2025-10-12 20:11:12.869,foothill,Car,8.256431,0.0,0.0,90.0,90.0,0.4241749942302704,-8.256430625915527,0.0513751059770584,0.4595198631286621,90.0,0,0,0.7998326425223732,True,35.294014,-120.667725,0.0,0.0,0.0,0.0
690fd7dc87825a48788a8a66,2025-10-12 20:11:12.869,foothill,Car,8.256431,0.0,0.0,0.0,-90.0,0.0,0.0,inf,0.0,0.0,0,0,0.7998326425223732,True,35.294014,-120.66772,0.0,0.0,0.0,0.0
690fd7dc87825a48788a8a66,2025-10-12 20:11:12.869,foothill,Car,8.256431,0.0,0.0,0.0,0.0,0.0,0.0,inf,0.0,0.0,0,0,0.7998326425223732,True,35.294014,-120.66772,0.0,0.0,0.0,0.0
690fd7dc87825a48788a8a66,2025-10-12 20:11:12.869,foothill,Car,8.256431,0.0,0.0,90.0,90.0,0.4241749942302704,-0.4595198631286621,0.9230830669403076,0.4595198631286621,0.0,0,0,0.7998326425223732,True,35.294014,-120.66771,0.0,0.0,0.0,0.0
690fd7dc87825a48788a8a66,2025-10-12 20:11:12.869,foothill,Car,8.256431,0.0,0.0,90.0,0.0,0.4241749942302704,-0.4595198631286621,0.9230830669403076,0.4595198631286621,0.0,0,0,0.7998326425223732,True,35.294014,-120.6677,0.0,0.0,0.0,0.0
690fd7dc87825a48788a8a66,2025-10-12 20:11:12.869,foothill,Car,8.256431,0.0,0.0,0.0,-90.0,0.4241749942302704,0.0,inf,0.4595198631286621,0.0,0,0,0.7998326425223732,True,35.294014,-120.667694,0.0,0.0,0.0,0.0
690fd7dc87825a48788a8a66,2025-10-12 20:11:12.869,foothill,Car,8.256431,0.0,0.0,98.70715,98.70715,0.0,0.0,inf,0.0,0.0,0,0,0.7998326425223732,True,35.29401,-120.66769,0.0,0.0,0.0,0.0
690fd7dc87825a48788a8a66,2025-10-12 20:11:12.869,foothill,Car,8.256431,0.0,0.0,0.0,-98.70715,0.0,0.0,inf,0.0,98.7071533203125,0,0,0.7998326425223732,True,35.29401,-120.66769,0.0,0.0,0.0,0.0
690fd7dc87825a48788a8a66,2025-10-12 20:11:12.869,foothill,Car,8.256431,0.0,0.0,0.0,0.0,0.692421555519104,-8.256430625915527,0.0838645175099372,0.0,90.0,0,0,0.7998326425223732,True,35.29401,-120.66768,0.0,0.0,0.0,0.0
690fd7dc87825a48788a8a66,2025-10-12 20:11:12.869,foothill,Car,8.256431,0.0,0.0,90.0,90.0,0.0,0.0,inf,0.0,0.0,0,0,0.7998326425223732,True,35.29401,-120.66767,0.0,0.0,0.0,0.0
690fd7dc87825a48788a8a66,2025-10-12 20:11:12.869,foothill,Car,8.256431,0.0,0.0,0.0,-90.0,0.0,0.0,inf,0.0,90.0,0,0,0.7998326425223732,True,35.29401,-120.66767,0.0,0.0,0.0,0.0
690fd7dc87825a48788a8a66,2025-10-12 20:11:12.869,foothill,Car,8.256431,0.0,0.0,0.0,0.0,0.4241749942302704,9.548461595170249e-16,inf,0.4595198631286621,180.0,0,0,0.7998326425223732,True,35.29401,-120.66766,0.0,0.0,0.0,0.0
690fd7dc87825a48788a8a66,2025-10-12 20:11:12.869,foothill,Car,8.256431,0.0,0.0,90.0,90.0,0.692421555519104,0.0,inf,0.0,0.0,0,0,0.7998326425223732,True,35.29401,-120.667656,0.0,0.0,0.0,0.0
690fd7dc87825a48788a8a66,2025-10-12 20:11:12.869,foothill,Car,8.256431,0.0,0.0,90.0,0.0,0.692421555519104,0.0,inf,0.0,0.0,0,0,0.7998326425223732,True,35.29401,-120.66765,0.0,0.0,0.0,0.0
690fd7dc87825a48788a8a66,2025-10-12 20:11:12.869,foothill,Car,8.256431,0.0,0.0,0.0,-90.0,0.0,0.0,inf,0.0,0.0,0,0,0.7998326425223732,True,35.29401,-120.66764,0.0,0.0,0.0,0.0
690fd7dc87825a48788a8a66,2025-10-12 20:11:12.869,foothill,Car,8.256431,0.0,0.0,0.0,0.0,0.0,0.0,inf,0.0,0.0,0,0,0.7998326425223732,True,35.29401,-120.66764,0.0,0.0,0.0,0.0
690fd7dc87825a48788a8a66,2025-10-12 20:11:12.869,foothill,Car,8.256431,0.0,0.0,90.0,90.0,0.692421555519104,8.256430625915527,inf,0.0,90.0,0,0,0.7998326425223732,True,35.29401,-120.66763,0.0,0.0,0.0,0.0
690fd7dc87825a48788a8a66,2025-10-12 20:11:12.869,foothill,Car,8.256431,0.0,0.0,0.0,-90.0,0.692421555519104,8.256430625915527,inf,0.0,90.0,0,0,0.7998326425223732,True,35.29401,-120.667625,0.0,0.0,0.0,0.0
690fd7dc87825a48788a8a66,2025-10-12 20:11:12.869,foothill,Car,8.256431,0.0,0.0,90.0,90.0,0.692421555519104,-8.256430625915527,0.0838645175099372,0.0,90.0,0,0,0.7998326425223732,True,35.29401,-120.66762,0.0,0.0,0.0,0.0
690fd7dc87825a48788a8a66,2025-10-12 20:11:12.869,foothill,Car,8.256431,0.0,0.0,0.0,-90.0,0.692421555519104,-8.256430625915527,0.0838645175099372,0.0,90.0,0,0,0.7998326425223732,True,35.29401,-120.66761,0.0,0.0,0.0,0.0
690fd7dc87825a48788a8a66,2025-10-12 20:11:12.869,foothill,Car,8.256431,0.0,0.0,90.0,90.0,0.692421555519104,-8.256430625915527,0.0838645175099372,0.0,90.0,0,0,0.7998326425223732,True,35.29401,-120.6676,0.0,0.0,0.0,0.0
690fd7dc87825a48788a8a66,2025-10-12 20:11:12.869,foothill,Car,8.256431,0.0,0.0,0.0,-90.0,0.692421555519104,8.256430625915527,inf,0.0,90.0,0,0,0.7998326425223732,True,35.29401,-120.667595,0.0,0.0,0.0,0.0
690fd7dc87825a48788a8a66,2025-10-12 20:11:12.869,foothill,Car,8.256431,0.0,0.0,90.0,90.0,0.692421555519104,0.0,inf,0.0,0.0,0,0,0.7998326425223732,True,35.29401,-120.66759,0.0,0.0,0.0,0.0
690fd7dc87825a48788a8a66,2025-10-12 20:11:12.869,foothill,Car,8.256431,0.0,0.0,90.0,0.0,0.692421555519104,0.0,inf,0.0,0.0,0,0,0.7998326425223732,True,35.29401,-120.66758,0.0,0.0,0.0,0.0
690fd7dc87825a48788a8a67,2025-10-12 20:11:15.807,foothill,Car,10.483885,0.0,0.0,0.0,0.0,1.0950546264648438,-13.258267402648926,0.082594096660614,0.0,180.0,1,0,0.99,True,35.294064,-120.66805,0.1,0.0,0.0,0.0
690fd7dc87825a48788a8a67,2025-10-12 20:11:15.807,foothill,Car,10.483885,0.0,0.0,180.0,-180.0,0.4241749942302704,0.0,inf,0.0,0.0,0,0,0.99,True,35.294056,-120.668045,0.0,0.0,0.0,0.0
690fd7dc87825a48788a8a67,2025-10-12 20:11:15.807,foothill,Car,10.483885,0.0,0.0,180.0,0.0,0.4241749942302704,0.0,inf,0.0,0.0,0,0,0.99,True,35.294052,-120.668045,0.0,0.0,0.0,0.0
690fd7dc87825a48788a8a67,2025-10-12 20:11:15.807,foothill,Car,10.483885,0.0,0.0,180.0,0.0,0.812017023563385,1.0852560997009275,inf,0.0,72.97027587890625,0,0,0.99,True,35.294044,-120.668045,0.0,0.0,0.0,0.0
690fd7dc87825a48788a8a67,2025-10-12 20:11:15.807,foothill,Car,10.483885,0.0,0.0,107.029724,-72.970276,0.812017023563385,1.0852560997009275,inf,0.0,72.97027587890625,0,0,0.99,True,35.29404,-120.66804,0.0,0.0,0.0,0.0
690fd7dc87825a48788a8a67,2025-10-12 20:11:15.807,foothill,Car,10.483885,0.0,0.0,180.0,72.970276,0.8483499884605408,10.024197578430176,inf,0.0,72.97027587890625,0,0,0.99,True,35.294033,-120.66804,0.0,0.0,0.0,0.0
690fd7dc87825a48788a8a67,2025-10-12 20:11:15.807,foothill,Car,10.483885,0.0,0.0,180.0,0.0,0.4241749942302704,0.0,inf,0.0,0.0,0,0,0.99,True,35.294025,-120.66804,0.0,0.0,0.0,0.0
690fd7dc87825a48788a8a67,2025-10-12 20:11:15.807,foothill,Car,10.483885,0.0,0.0,180.0,0.0,0.4241749942302704,0.0,inf,0.0,0.0,0,0,0.99,True,35.29402,-120.66804,0.0,0.0,0.0,0.0
690fd7dc87825a48788a8a67,2025-10-12 20:11:15.807,foothill,Car,10.483885,0.0,0.0,136.99133,-43.008667,0.4241749942302704,7.15115213394165,inf,0.0,43.0086669921875,0,0,0.99,True,35.294014,-120.66803,0.0,0.0,0.0,0.0
690fd7dc87825a48788a8a67,2025-10-12 20:11:15.807,foothill,Car,10.483885,0.0,0.0,180.0,43.008667,0.4241749942302704,7.15115213394165,inf,0.0,43.0086669921875,0,0,0.99,True,35.29401,-120.66803,0.0,0.0,0.0,0.0
690fd7dc87825a48788a8a67,2025-10-12 20:11:15.807,foothill,Car,10.483885,0.0,0.0,180.0,0.0,0.8483499884605408,0.0,inf,0.0,0.0,0,0,0.99,True,35.294003,-120.66803,0.0,0.0,0.0,0.0
690fd7dc87825a48788a8a67,2025-10-12 20:11:15.807,foothill,Car,10.483885,0.0,0.0,180.0,0.0,0.4241749942302704,0.0,inf,0.0,0.0,0,0,0.99,True,35.293995,-120.66802,0.0,0.0,0.0,0.0
690fd7dc87825a48788a8a67,2025-10-12 20:11:15.807,foothill,Car,10.483885,0.0,0.0,180.0,0.0,0.4241749942302704,0.0,inf,0.0,0.0,0,0,0.99,True,35.29399,-120.66802,0.0,0.0,0.0,0.0
690fd7dc87825a48788a8a67,2025-10-12 20:11:15.807,foothill,Car,10.483885,0.0,0.0,180.0,0.0,0.4241749942302704,0.0,inf,0.0,0.0,0,0,0.99,True,35.293983,-120.66802,0.0,0.0,0.0,0.0
690fd7dc87825a48788a8a67,2025-10-12 20:11:15.807,foothill,Car,10.483885,0.0,0.0,180.0,0.0,0.4241749942302704,0.0,inf,0.0,0.0,0,0,0.99,True,35.29398,-120.66802,0.0,0.0,0.0,0.0
690fd7dc87825a48788a8a67,2025-10-12 20:11:15.807,foothill,Car,10.483885,0.0,0.0,107.029724,-72.970276,0.8120175004005432,1.0852603912353516,inf,0.0,72.97027587890625,0,0,0.99,True,35.293976,-120.668015,0.0,0.0,0.0,0.0
690fd7dc87825a48788a8a67,2025-10-12 20:11:15.807,foothill,Car,10.483885,0.0,0.0,180.0,72.970276,0.8483499884605408,10.024197578430176,inf,0.0,72.97027587890625,0,0,0.99,True,35.29397,-120.668015,0.0,0.0,0.0,0.0
690fd7dc87825a48788a8a67,2025-10-12 20:11:15.807,foothill,Car,10.483885,0.0,0.0,180.0,0.0,0.8120176196098328,0.0,inf,0.0,0.0,0,0,0.99,True,35.29396,-120.668015,0.0,0.0,0.0,0.0
690fd7dc87825a48788a8a67,2025-10-12 20:11:15.807,foothill,Car,10.483885,0.0,0.0,180.0,0.0,0.4241749942302704,0.0,inf,0.0,0.0,0,0,0.99,True,35.293957,-120.66801,0.0,0.0,0.0,0.0
690fd7dc87825a48788a8a67,2025-10-12 20:11:15.807,foothill,Car,10.483885,0.0,0.0,180.0,0.0,0.4241749942302704,0.0,inf,0.0,0.0,0,0,0.99,True,35.293953,-120.66801,0.0,0.0,0.0,0.0
690fd7dc87825a48788a8a67,2025-10-12 20:11:15.807,foothill,Car,10.483885,0.0,0.0,180.0,0.0,0.4241749942302704,0.0,inf,0.0,0.0,0,0,0.99,True,35.293945,-120.66801,0.0,0.0,0.0,0.0
690fd7dc87825a48788a8a67,2025-10-12 20:11:15.807,foothill,Car,10.483885,0.0,0.0,180.0,0.0,0.4241749942302704,0.0,inf,0.0,0.0,0,0,0.99,True,35.29394,-120.66801,0.0,0.0,0.0,0.0
690fd7dc87825a48788a8a67,2025-10-12 20:11:15.807,foothill,Car,10.483885,0.0,0.0,180.0,0.0,0.4241749942302704,0.0,inf,0.0,0.0,0,0,0.99,True,35.293938,-120.66801,0.0,0.0,0.0,0.0
690fd7dc87825a48788a8a67,2025-10-12 20:11:15.807,foothill,Car,10.483885,0.0,0.0,121.491455,-58.508545,0.4241749942302704,8.939798355102539,inf,0.0,58.508544921875,0,0,0.99,True,35.29393,-120.668,0.0,0.0,0.0,0.0
690fd7dc87825a48788a8a67,2025-10-12 20:11:15.807,foothill,Car,10.483885,0.0,0.0,180.0,58.508545,0.4241749942302704,8.939798355102539,inf,0.0,58.508544921875,0,0,0.99,True,35.293926,-120.668,0.0,0.0,0.0,0.0
690fd7dc87825a48788a8a67,2025-10-12 20:11:15.807,foothill,Car,10.483885,0.0,0.0,180.0,0.0,0.4241749942302704,0.0,inf,0.0,0.0,0,0,0.99,True,35.293922,-120.668,0.0,0.0,0.0,0.0
690fd7dc87825a48788a8a67,2025-10-12 20:11:15.807,foothill,Car,10.483885,0.0,0.0,180.0,0.0,0.4241749942302704,0.0,inf,0.0,0.0,0,0,0.99,True,35.29392,-120.668,0.0,0.0,0.0,0.0
690fd7dc87825a48788a8a67,2025-10-12 20:11:15.807,foothill,Car,10.483885,0.0,0.0,180.0,0.0,0.8120179772377014,0.0,inf,0.0,0.0,0,0,0.99,True,35.29391,-120.668,0.0,0.0,0.0,0.0
690fd7dc87825a48788a8a67,2025-10-12 20:11:15.807,foothill,Car,10.483885,0.0,0.0,180.0,0.0,0.4241749942302704,0.0,inf,0.0,0.0,0,0,0.99,True,35.293907,-120.66799,0.0,0.0,0.0,0.0
690fd7dc87825a48788a8a67,2025-10-12 20:11:15.807,foothill,Car,10.483885,0.0,0.0,180.0,0.0,0.4241749942302704,0.0,inf,0.0,0.0,0,0,0.99,True,35.293903,-120.66799,0.0,0.0,0.0,0.0
690fd7dc87825a48788a8a67,2025-10-12 20:11:15.807,foothill,Car,10.483885,0.0,0.0,180.0,0.0,0.4241749942302704,0.0,inf,0.0,0.0,0,0,0.99,True,35.293896,-120.66799,0.0,0.0,0.0,0.0
690fd7dc87825a48788a8a67,2025-10-12 20:11:15.807,foothill,Car,10.483885,0.0,0.0,180.0,0.0,0.4241749942302704,0.0,inf,0.0,0.0,0,0,0.99,True,35.29389,-120.66799,0.0,0.0,0.0,0.0
690fd7dc87825a48788a8a67,2025-10-12 20:11:15.807,foothill,Car,10.483885,0.0,0.0,180.0,0.0,0.4241749942302704,0.0,inf,0.0,0.0,0,0,0.99,True,35.293888,-120.66799,0.0,0.0,0.0,0.0
690fd7dc87825a48788a8a67,2025-10-12 20:11:15.807,foothill,Car,10.483885,0.0,0.0,132.57968,-47.42032,0.4241749942302704,7.719673156738281,inf,0.0,47.420318603515625,0,0,0.99,True,35.29388,-120.667984,0.0,0.0,0.0,0.0
690fd7dc87825a48788a8a67,2025-10-12 20:11:15.807,foothill,Car,10.483885,0.0,0.0,180.0,47.42032,0.4241749942302704,0.0,inf,0.0,0.0,0,0,0.99,True,35.293877,-120.667984,0.0,0.0,0.0,0.0
690fd7dc87825a48788a8a67,2025-10-12 20:11:15.807,foothill,Car,10.483885,0.0,0.0,180.0,0.0,0.4241749942302704,0.0,inf,0.0,0.0,0,0,0.99,True,35.293873,-120.667984,0.0,0.0,0.0,0.0
690fd7dc87825a48788a8a67,2025-10-12 20:11:15.807,foothill,Car,10.483885,0.0,0.0,180.0,0.0,0.4241749942302704,0.0,inf,0.0,0.0,0,0,0.99,True,35.29387,-120.667984,0.0,0.0,0.0,0.0
690fd7dc87825a48788a8a67,2025-10-12 20:11:15.807,foothill,Car,10.483885,0.0,0.0,180.0,0.0,0.4241749942302704,0.0,inf,0.0,0.0,0,0,0.99,True,35.293865,-120.667984,0.0,0.0,0.0,0.0
690fd7dc87825a48788a8a67,2025-10-12 20:11:15.807,foothill,Car,10.483885,0.0,0.0,180.0,0.0,1.0950556993484497,0.0,inf,0.0,0.0,0,0,0.99,True,35.293858,-120.66798,0.0,0.0,0.0,0.0
690fd7dc87825a48788a8a68,2025-10-12 20:11:15.934,foothill,Car,11.764215,0.0,0.0,0.0,0.0,0.8483499884605408,-1.4407008699303025e-15,588845317881856.0,0.0,180.0,1,0,0.7408994838466226,True,35.294174,-120.668045,0.1,0.0,0.0,0.0
690fd7dc87825a48788a8a68,2025-10-12 20:11:15.934,foothill,Car,11.764215,0.0,0.0,180.0,-180.0,0.8483499884605408,0.0,inf,0.0,0.0,0,0,0.7408994838466226,True,35.294167,-120.668045,0.0,0.0,0.0,0.0
690fd7dc87825a48788a8a68,2025-10-12 20:11:15.934,foothill,Car,11.764215,0.0,0.0,180.0,0.0,0.4241749942302704,0.0,inf,0.0,0.0,0,0,0.7408994838466226,True,35.29416,-120.668045,0.0,0.0,0.0,0.0
690fd7dc87825a48788a8a68,2025-10-12 20:11:15.934,foothill,Car,11.764215,0.0,0.0,180.0,0.0,0.4241749942302704,0.0,inf,0.0,0.0,0,0,0.7408994838466226,True,35.294155,-120.668045,0.0,0.0,0.0,0.0
690fd7dc87825a48788a8a68,2025-10-12 20:11:15.934,foothill,Car,11.764215,0.0,0.0,114.67633,-65.32367,0.8483499884605408,10.689915657043455,inf,0.0,65.32366943359375,0,0,0.7408994838466226,True,35.294147,-120.66804,0.0,0.0,0.0,0.0
690fd7dc87825a48788a8a68,2025-10-12 20:11:15.934,foothill,Car,11.764215,0.0,0.0,180.0,65.32367,0.8483499884605408,10.689915657043455,inf,0.0,65.32366943359375,0,0,0.7408994838466226,True,35.29414,-120.66804,0.0,0.0,0.0,0.0
690fd7dc87825a48788a8a68,2025-10-12 20:11:15.934,foothill,Car,11.764215,0.0,0.0,180.0,0.0,0.8483499884605408,0.0,inf,0.0,0.0,0,0,0.7408994838466226,True,35.294132,-120.66804,0.0,0.0,0.0,0.0
690fd7dc87825a48788a8a68,2025-10-12 20:11:15.934,foothill,Car,11.764215,0.0,0.0,127.44296,-52.557037,0.8483499884605408,9.340304374694824,inf,0.0,52.557037353515625,0,0,0.7408994838466226,True,35.294125,-120.66803,0.0,0.0,0.0,0.0
690fd7dc87825a48788a8a68,2025-10-12 20:11:15.934,foothill,Car,11.764215,0.0,0.0,180.0,52.557037,0.8483499884605408,9.340304374694824,inf,0.0,52.557037353515625,0,0,0.7408994838466226,True,35.294117,-120.66803,0.0,0.0,0.0,0.0
690fd7dc87825a48788a8a68,2025-10-12 20:11:15.934,foothill,Car,11.764215,0.0,0.0,180.0,0.0,0.8483499884605408,0.0,inf,0.0,0.0,0,0,0.7408994838466226,True,35.29411,-120.66803,0.0,0.0,0.0,0.0
690fd7dc87825a48788a8a68,2025-10-12 20:11:15.934,foothill,Car,11.764215,0.0,0.0,180.0,0.0,0.8483499884605408,0.0,inf,0.0,0.0,0,0,0.7408994838466226,True,35.2941,-120.66802,0.0,0.0,0.0,0.0
690fd7dc87825a48788a8a68,2025-10-12 20:11:15.934,foothill,Car,11.764215,0.0,0.0,180.0,0.0,0.8483499884605408,0.0,inf,0.0,0.0,0,0,0.7408994838466226,True,35.294094,-120.66802,0.0,0.0,0.0,0.0
690fd7dc87825a48788a8a68,2025-10-12 20:11:15.934,foothill,Car,11.764215,0.0,0.0,180.0,0.0,0.8483499884605408,0.0,inf,0.0,0.0,0,0,0.7408994838466226,True,35.294086,-120.66802,0.0,0.0,0.0,0.0
690fd7dc87825a48788a8a68,2025-10-12 20:11:15.934,foothill,Car,11.764215,0.0,0.0,132.57977,-47.420227,0.8483499884605408,8.662415504455566,inf,0.0,47.42022705078125,0,0,0.7408994838466226,True,35.29408,-120.668015,0.0,0.0,0.0,0.0
690fd7dc87825a48788a8a68,2025-10-12 20:11:15.934,foothill,Car,11.764215,0.0,0.0,180.0,47.420227,0.8483499884605408,0.0,inf,0.0,0.0,0,0,0.7408994838466226,True,35.29407,-120.668015,0.0,0.0,0.0,0.0
690fd7dc87825a48788a8a68,2025-10-12 20:11:15.934,foothill,Car,11.764215,0.0,0.0,180.0,0.0,0.8483499884605408,0.0,inf,0.0,0.0,0,0,0.7408994838466226,True,35.294064,-120.668015,0.0,0.0,0.0,0.0
690fd7dc87825a48788a8a68,2025-10-12 20:11:15.934,foothill,Car,11.764215,0.0,0.0,180.0,0.0,0.8483499884605408,0.0,inf,0.0,0.0,0,0,0.7408994838466226,True,35.294056,-120.66801,0.0,0.0,0.0,0.0
690fd7dc87825a48788a8a68,2025-10-12 20:11:15.934,foothill,Car,11.764215,0.0,0.0,180.0,0.0,0.8483499884605408,0.0,inf,0.0,0.0,0,0,0.7408994838466226,True,35.29405,-120.66801,0.0,0.0,0.0,0.0
690fd7dc87825a48788a8a68,2025-10-12 20:11:15.934,foothill,Car,11.764215,0.0,0.0,180.0,0.0,0.8483499884605408,0.0,inf,0.0,0.0,0,0,0.7408994838466226,True,35.29404,-120.66801,0.0,0.0,0.0,0.0
690fd7dc87825a48788a8a68,2025-10-12 20:11:15.934,foothill,Car,11.764215,0.0,0.0,121.491486,-58.508514,0.8483499884605408,10.031556129455566,inf,0.0,58.50851440429688,0,0,0.7408994838466226,True,35.294033,-120.668,0.0,0.0,0.0,0.0
690fd7dc87825a48788a8a68,2025-10-12 20:11:15.934,foothill,Car,11.764215,0.0,0.0,180.0,58.508514,0.8483499884605408,10.031556129455566,inf,0.0,58.50851440429688,0,0,0.7408994838466226,True,35.294025,-120.668,0.0,0.0,0.0,0.0
690fd7dc87825a48788a8a68,2025-10-12 20:11:15.934,foothill,Car,11.764215,0.0,0.0,180.0,0.0,0.8483499884605408,0.0,inf,0.0,0.0,0,0,0.7408994838466226,True,35.294018,-120.66799,0.0,0.0,0.0,0.0
690fd7dc87825a48788a8a68,2025-10-12 20:11:15.934,foothill,Car,11.764215,0.0,0.0,180.0,0.0,0.8483499884605408,0.0,inf,0.0,0.0,0,0,0.7408994838466226,True,35.29401,-120.66799,0.0,0.0,0.0,0.0
690fd7dc87825a48788a8a68,2025-10-12 20:11:15.934,foothill,Car,11.764215,0.0,0.0,180.0,0.0,0.8120173215866089,2.4384665489196777,inf,0.0,81.2928466796875,0,0,0.7408994838466226,True,35.294003,-120.66799,0.0,0.0,0.0,0.0
690fd7dc87825a48788a8a68,2025-10-12 20:11:15.934,foothill,Car,11.764215,0.0,0.0,98.70715,-81.29285,0.8120173215866089,2.4384665489196777,inf,0.0,81.2928466796875,0,0,0.7408994838466226,True,35.294,-120.667984,0.0,0.0,0.0,0.0
690fd7dc87825a48788a8a68,2025-10-12 20:11:15.934,foothill,Car,11.764215,0.0,0.0,180.0,81.29285,0.8483499884605408,11.628632545471191,inf,0.0,81.2928466796875,0,0,0.7408994838466226,True,35.29399,-120.667984,0.0,0.0,0.0,0.0
690fd7dc87825a48788a8a68,2025-10-12 20:11:15.934,foothill,Car,11.764215,0.0,0.0,180.0,0.0,0.4241749942302704,0.0,inf,0.0,0.0,0,0,0.7408994838466226,True,35.293983,-120.667984,0.0,0.0,0.0,0.0
690fd7dc87825a48788a8a68,2025-10-12 20:11:15.934,foothill,Car,11.764215,0.0,0.0,180.0,0.0,0.4241749942302704,0.0,inf,0.0,0.0,0,0,0.7408994838466226,True,35.29398,-120.667984,0.0,0.0,0.0,0.0
690fd7dc87825a48788a8a68,2025-10-12 20:11:15.934,foothill,Car,11.764215,0.0,0.0,180.0,0.0,0.8483499884605408,0.0,inf,0.0,0.0,0,0,0.7408994838466226,True,35.293972,-120.66798,0.0,0.0,0.0,0.0
690fd7dc87825a48788a8a68,2025-10-12 20:11:15.934,foothill,Car,11.764215,0.0,0.0,180.0,0.0,0.8483499884605408,0.0,inf,0.0,0.0,0,0,0.7408994838466226,True,35.293964,-120.66798,0.0,0.0,0.0,0.0
690fd7dc87825a48788a8a68,2025-10-12 20:11:15.934,foothill,Car,11.764215,0.0,0.0,180.0,0.0,0.8120176792144775,0.2593636512756347,inf,0.0,65.32373046875,0,0,0.7408994838466226,True,35.293957,-120.66798,0.0,0.0,0.0,0.0
690fd7dc87825a48788a8a68,2025-10-12 20:11:15.934,foothill,Car,11.764215,0.0,0.0,114.67627,-65.32373,0.8120176792144775,0.2593636512756347,inf,0.0,65.32373046875,0,0,0.7408994838466226,True,35.293953,-120.66797,0.0,0.0,0.0,0.0
690fd7dc87825a48788a8a68,2025-10-12 20:11:15.934,foothill,Car,11.764215,0.0,0.0,180.0,65.32373,0.4241749942302704,0.0,inf,0.0,0.0,0,0,0.7408994838466226,True,35.293945,-120.66797,0.0,0.0,0.0,0.0
690fd7dc87825a48788a8a68,2025-10-12 20:11:15.934,foothill,Car,11.764215,0.0,0.0,180.0,0.0,0.4241749942302704,0.0,inf,0.0,0.0,0,0,0.7408994838466226,True,35.29394,-120.66797,0.0,0.0,0.0,0.0
690fd7dc87825a48788a8a68,2025-10-12 20:11:15.934,foothill,Car,11.764215,0.0,0.0,180.0,0.0,0.8483499884605408,0.0,inf,0.0,0.0,0,0,0.7408994838466226,True,35.293934,-120.66797,0.0,0.0,0.0,0.0
690fd7dc87825a48788a8a68,2025-10-12 20:11:15.934,foothill,Car,11.764215,0.0,0.0,107.029724,-72.970276,0.4241749942302704,11.24838924407959,inf,0.0,72.97027587890625,0,0,0.7408994838466226,True,35.293926,-120.66796,0.0,0.0,0.0,0.0
690fd7dc87825a48788a8a68,2025-10-12 20:11:15.934,foothill,Car,11.764215,0.0,0.0,180.0,72.970276,0.4241749942302704,11.24838924407959,inf,0.0,72.97027587890625,0,0,0.7408994838466226,True,35.293922,-120.66796,0.0,0.0,0.0,0.0
690fd7dc87825a48788a8a69,2025-10-12 20:10:11.602,foothill,Car,0.02847574,0.0,0.0,0.0,0.0,0.0,0.0,inf,0.0,0.0,1,0,0.9922127031792856,True,35.29389,-120.66785,0.1,0.0,0.0,0.0
690fd7dc87825a48788a8a69,2025-10-12 20:10:11.602,foothill,Car,0.02847574,0.0,0.0,0.0,0.0,0.0,0.0,inf,0.0,0.0,0,0,0.9922127031792856,True,35.29389,-120.66785,0.0,0.0,0.0,0.0
690fd7dc87825a48788a8a69,2025-10-12 20:10:11.602,foothill,Car,0.02847574,0.0,0.0,0.0,0.0,0.0,0.0,inf,0.0,0.0,0,0,0.9922127031792856,True,35.29389,-120.66785,0.0,0.0,0.0,0.0
690fd7dc87825a48788a8a69,2025-10-12 20:10:11.602,foothill,Car,0.02847574,0.0,0.0,0.0,0.0,0.0,0.0,inf,0.0,0.0,0,0,0.9922127031792856,True,35.29389,-120.66785,0.0,0.0,0.0,0.0
690fd7dc87825a48788a8a69,2025-10-12 20:10:11.602,foothill,Car,0.02847574,0.0,0.0,114.67624,114.67624,0.0,0.0,inf,0.0,114.67623901367188,0,0,0.9922127031792856,True,35.293888,-120.66784,0.0,0.0,0.0,0.0
690fd7dc87825a48788a8a69,2025-10-12 20:10:11.602,foothill,Car,0.02847574,0.0,0.0,0.0,-114.67624,0.0,0.0,inf,0.0,0.0,0,0,0.9922127031792856,True,35.293888,-120.66784,0.0,0.0,0.0,0.0
690fd7dc87825a48788a8a69,2025-10-12 20:10:11.602,foothill,Car,0.02847574,0.0,0.0,0.0,0.0,0.0,0.0,inf,0.0,0.0,0,0,0.9922127031792856,True,35.293888,-120.66784,0.0,0.0,0.0,0.0
690fd7dc87825a48788a8a69,2025-10-12 20:10:11.602,foothill,Car,0.02847574,0.0,0.0,0.0,0.0,0.0,0.0,inf,0.0,0.0,0,0,0.9922127031792856,True,35.293888,-120.66784,0.0,0.0,0.0,0.0
690fd7dc87825a48788a8a69,2025-10-12 20:10:11.602,foothill,Car,0.02847574,0.0,0.0,0.0,0.0,0.0,0.0,inf,0.0,0.0,0,0,0.9922127031792856,True,35.293888,-120.66784,0.0,0.0,0.0,0.0
690fd7dc87825a48788a8a69,2025-10-12 20:10:11.602,foothill,Car,0.02847574,0.0,0.0,0.0,0.0,0.0,0.0,inf,0.0,0.0,0,0,0.9922127031792856,True,35.293888,-120.66784,0.0,0.0,0.0,0.0
690fd7dc87825a48788a8a69,2025-10-12 20:10:11.602,foothill,Car,0.02847574,0.0,0.0,0.0,0.0,0.0,0.0,inf,0.0,0.0,0,0,0.9922127031792856,True,35.293888,-120.66784,0.0,0.0,0.0,0.0
690fd7dc87825a48788a8a69,2025-10-12 20:10:11.602,foothill,Car,0.02847574,0.0,0.0,0.0,0.0,0.0,0.0,inf,0.0,0.0,0,0,0.9922127031792856,True,35.293888,-120.66784,0.0,0.0,0.0,0.0
690fd7dc87825a48788a8a69,2025-10-12 20:10:11.602,foothill,Car,0.02847574,0.0,0.0,0.0,0.0,0.0,0.0,inf,0.0,0.0,0,0,0.9922127031792856,True,35.293888,-120.66784,0.0,0.0,0.0,0.0
690fd7dc87825a48788a8a69,2025-10-12 20:10:11.602,foothill,Car,0.02847574,0.0,0.0,0.0,0.0,0.0,0.0,inf,0.0,0.0,0,0,0.9922127031792856,True,35.293888,-120.66784,0.0,0.0,0.0,0.0
690fd7dc87825a48788a8a69,2025-10-12 20:10:11.602,foothill,Car,0.02847574,0.0,0.0,0.0,0.0,0.0,0.0,inf,0.0,0.0,0,0,0.9922127031792856,True,35.293888,-120.66784,0.0,0.0,0.0,0.0
690fd7dc87825a48788a8a69,2025-10-12 20:10:11.602,foothill,Car,0.02847574,0.0,0.0,0.0,0.0,0.0,0.0,inf,0.0,0.0,0,0,0.9922127031792856,True,35.293888,-120.66784,0.0,0.0,0.0,0.0
690fd7dc87825a48788a8a69,2025-10-12 20:10:11.602,foothill,Car,0.02847574,0.0,0.0,0.0,0.0,0.0,0.0,inf,0.0,0.0,0,0,0.9922127031792856,True,35.293888,-120.66784,0.0,0.0,0.0,0.0
690fd7dc87825a48788a8a69,2025-10-12 20:10:11.602,foothill,Car,0.02847574,0.0,0.0,0.0,0.0,0.0,0.0,inf,0.0,0.0,0,0,0.9922127031792856,True,35.293888,-120.66784,0.0,0.0,0.0,0.0
690fd7dc87825a48788a8a69,2025-10-12 20:10:11.602,foothill,Car,0.02847574,0.0,0.0,0.0,0.0,0.0,0.0,inf,0.0,0.0,0,0,0.9922127031792856,True,35.293888,-120.66784,0.0,0.0,0.0,0.0
690fd7dc87825a48788a8a69,2025-10-12 20:10:11.602,foothill,Car,0.02847574,0.0,0.0,0.0,0.0,0.0,0.0,inf,0.0,0.0,0,0,0.9922127031792856,True,35.293888,-120.66784,0.0,0.0,0.0,0.0
690fd7dc87825a48788a8a69,2025-10-12 20:10:11.602,foothill,Car,0.02847574,0.0,0.0,0.0,0.0,0.0,0.0,inf,0.0,0.0,0,0,0.9922127031792856,True,35.293888,-120.66784,0.0,0.0,0.0,0.0
690fd7dc87825a48788a8a69,2025-10-12 20:10:11.602,foothill,Car,0.02847574,0.0,0.0,0.0,0.0,0.0,0.0,inf,0.0,0.0,0,0,0.9922127031792856,True,35.293888,-120.66784,0.0,0.0,0.0,0.0
690fd7dc87825a48788a8a69,2025-10-12 20:10:11.602,foothill,Car,0.02847574,0.0,0.0,0.0,0.0,0.0,0.0,inf,0.0,0.0,0,0,0.9922127031792856,True,35.293888,-120.66784,0.0,0.0,0.0,0.0
690fd7dc87825a48788a8a69,2025-10-12 20:10:11.602,foothill,Car,0.02847574,0.0,0.0,0.0,0.0,0.0,0.0,inf,0.0,0.0,0,0,0.9922127031792856,True,35.293888,-120.66784,0.0,0.0,0.0,0.0
690fd7dc87825a48788a8a69,2025-10-12 20:10:11.602,foothill,Car,0.02847574,0.0,0.0,0.0,0.0,0.0,0.0,inf,0.0,0.0,0,0,0.9922127031792856,True,35.293888,-120.66784,0.0,0.0,0.0,0.0
690fd7dc87825a48788a8a69,2025-10-12 20:10:11.602,foothill,Car,0.02847574,0.0,0.0,0.0,0.0,0.0,0.0,inf,0.0,0.0,0,0,0.9922127031792856,True,35.293888,-120.66784,0.0,0.0,0.0,0.0
690fd7dc87825a48788a8a69,2025-10-12 20:10:11.602,foothill,Car,0.02847574,0.0,0.0,0.0,0.0,0.0,0.0,inf,0.0,0.0,0,0,0.9922127031792856,True,35.293888,-120.66784,0.0,0.0,0.0,0.0
690fd7dc87825a48788a8a69,2025-10-12 20:10:11.602,foothill,Car,0.02847574,0.0,0.0,0.0,0.0,0.0,0.0,inf,0.0,0.0,0,0,0.9922127031792856,True,35.293888,-120.66784,0.0,0.0,0.0,0.0
690fd7dc87825a48788a8a69,2025-10-12 20:10:11.602,foothill,Car,0.02847574,0.0,0.0,0.0,0.0,0.0,0.0,inf,0.0,0.0,0,0,0.9922127031792856,True,35.293888,-120.66784,0.0,0.0,0.0,0.0
690fd7dc87825a48788a8a69,2025-10-12 20:10:11.602,foothill,Car,0.02847574,0.0,0.0,0.0,0.0,0.0,0.0,inf,0.0,0.0,0,0,0.9922127031792856,True,35.293888,-120.66784,0.0,0.0,0.0,0.0
690fd7dc87825a48788a8a69,2025-10-12 20:10:11.602,foothill,Car,0.02847574,0.0,0.0,0.0,0.0,0.0,0.0,inf,0.0,0.0,0,0,0.9922127031792856,True,35.293888,-120.66784,0.0,0.0,0.0,0.0
690fd7dc87825a48788a8a69,2025-10-12 20:10:11.602,foothill,Car,0.02847574,0.0,0.0,0.0,0.0,0.0,0.0,inf,0.0,0.0,0,0,0.9922127031792856,True,35.293888,-120.66784,0.0,0.0,0.0,0.0
690fd7dc87825a48788a8a69,2025-10-12 20:10:11.602,foothill,Car,0.02847574,0.0,0.0,0.0,0.0,0.0,0.0,inf,0.0,0.0,0,0,0.9922127031792856,True,35.293888,-120.66784,0.0,0.0,0.0,0.0
690fd7dc87825a48788a8a69,2025-10-12 20:10:11.602,foothill,Car,0.02847574,0.0,0.0,0.0,0.0,0.0,0.0,inf,0.0,0.0,0,0,0.9922127031792856,True,35.293888,-120.66784,0.0,0.0,0.0,0.0
690fd7dc87825a48788a8a69,2025-10-12 20:10:11.602,foothill,Car,0.02847574,0.0,0.0,0.0,0.0,0.0,0.0,inf,0.0,0.0,0,0,0.9922127031792856,True,35.293888,-120.66784,0.0,0.0,0.0,0.0
690fd7dc87825a48788a8a69,2025-10-12 20:10:11.602,foothill,Car,0.02847574,0.0,0.0,0.0,0.0,0.0,0.0,inf,0.0,0.0,0,0,0.9922127031792856,True,35.293888,-120.66784,0.0,0.0,0.0,0.0
690fd7dc87825a48788a8a69,2025-10-12 20:10:11.602,foothill,Car,0.02847574,0.0,0.0,0.0,0.0,0.0,0.0,inf,0.0,0.0,0,0,0.9922127031792856,True,35.293888,-120.66784,0.0,0.0,0.0,0.0
690fd7dc87825a48788a8a69,2025-10-12 20:10:11.602,foothill,Car,0.02847574,0.0,0.0,0.0,0.0,0.0,0.0,inf,0.0,0.0,0,0,0.9922127031792856,True,35.293888,-120.66784,0.0,0.0,0.0,0.0
690fd7dc87825a48788a8a69,2025-10-12 20:10:11.602,foothill,Car,0.02847574,0.0,0.0,0.0,0.0,0.0,0.0,inf,0.0,0.0,0,0,0.9922127031792856,True,35.293888,-120.66784,0.0,0.0,0.0,0.0
690fd7dc87825a48788a8a69,2025-10-12 20:10:11.602,foothill,Car,0.02847574,0.0,0.0,0.0,0.0,0.0,0.0,inf,0.0,0.0,0,0,0.9922127031792856,True,35.293888,-120.66784,0.0,0.0,0.0,0.0
690fd7dc87825a48788a8a69,2025-10-12 20:10:11.602,foothill,Car,0.02847574,0.0,0.0,0.0,0.0,0.0,0.0,inf,0.0,0.0,0,0,0.9922127031792856,True,35.293888,-120.66784,0.0,0.0,0.0,0.0
690fd7dc87825a48788a8a69,2025-10-12 20:10:11.602,foothill,Car,0.02847574,0.0,0.0,0.0,0.0,0.0,0.0,inf,0.0,0.0,0,0,0.9922127031792856,True,35.293888,-120.66784,0.0,0.0,0.0,0.0
690fd7dc87825a48788a8a69,2025-10-12 20:10:11.602,foothill,Car,0.02847574,0.0,0.0,0.0,0.0,0.0,0.0,inf,0.0,0.0,0,0,0.9922127031792856,True,35.293888,-120.66784,0.0,0.0,0.0,0.0
690fd7dc87825a48788a8a69,2025-10-12 20:10:11.602,foothill,Car,0.02847574,0.0,0.0,0.0,0.0,0.0,0.0,inf,0.0,0.0,0,0,0.9922127031792856,True,35.293888,-120.66784,0.0,0.0,0.0,0.0
690fd7dc87825a48788a8a69,2025-10-12 20:10:11.602,foothill,Car,0.02847574,0.0,0.0,0.0,0.0,0.0,0.0,inf,0.0,0.0,0,0,0.9922127031792856,True,35.293888,-120.66784,0.0,0.0,0.0,0.0
690fd7dc87825a48788a8a69,2025-10-12 20:10:11.602,foothill,Car,0.02847574,0.0,0.0,0.0,0.0,0.0,0.0,inf,0.0,0.0,0,0,0.9922127031792856,True,35.293888,-120.66784,0.0,0.0,0.0,0.0
690fd7dc87825a48788a8a69,2025-10-12 20:10:11.602,foothill,Car,0.02847574,0.0,0.0,0.0,0.0,0.0,0.0,inf,0.0,0.0,0,0,0.9922127031792856,True,35.293888,-120.66784,0.0,0.0,0.0,0.0
690fd7dc87825a48788a8a69,2025-10-12 20:10:11.602,foothill,Car,0.02847574,0.0,0.0,0.0,0.0,0.0,0.0,inf,0.0,0.0,0,0,0.9922127031792856,True,35.293888,-120.66784,0.0,0.0,0.0,0.0
690fd7dc87825a48788a8a69,2025-10-12 20:10:11.602,foothill,Car,0.02847574,0.0,0.0,0.0,0.0,0.0,0.0,inf,0.0,0.0,0,0,0.9922127031792856,True,35.293888,-120.66784,0.0,0.0,0.0,0.0
690fd7dc87825a48788a8a69,2025-10-12 20:10:11.602,foothill,Car,0.02847574,0.0,0.0,0.0,0.0,0.0,0.0,inf,0.0,0.0,0,0,0.9922127031792856,True,35.293888,-120.66784,0.0,0.0,0.0,0.0
690fd7dc87825a48788a8a69,2025-10-12 20:10:11.602,foothill,Car,0.02847574,0.0,0.0,0.0,0.0,0.0,0.0,inf,0.0,0.0,0,0,0.9922127031792856,True,35.293888,-120.66784,0.0,0.0,0.0,0.0
690fd7dc87825a48788a8a69,2025-10-12 20:10:11.602,foothill,Car,0.02847574,0.0,0.0,0.0,0.0,0.0,0.0,inf,0.0,0.0,0,0,0.9922127031792856,True,35.293888,-120.66784,0.0,0.0,0.0,0.0
690fd7dc87825a48788a8a69,2025-10-12 20:10:11.602,foothill,Car,0.02847574,0.0,0.0,0.0,0.0,0.0,0.0,inf,0.0,0.0,0,0,0.9922127031792856,True,35.293888,-120.66784,0.0,0.0,0.0,0.0
690fd7dc87825a48788a8a69,2025-10-12 20:10:11.602,foothill,Car,0.02847574,0.0,0.0,0.0,0.0,0.0,0.0,inf,0.0,0.0,0,0,0.9922127031792856,True,35.293888,-120.66784,0.0,0.0,0.0,0.0
690fd7dc87825a48788a8a69,2025-10-12 20:10:11.602,foothill,Car,0.02847574,0.0,0.0,0.0,0.0,0.0,0.0,inf,0.0,0.0,0,0,0.9922127031792856,True,35.293888,-120.66784,0.0,0.0,0.0,0.0
690fd7dc87825a48788a8a69,2025-10-12 20:10:11.602,foothill,Car,0.02847574,0.0,0.0,0.0,0.0,0.0,0.0,inf,0.0,0.0,0,0,0.9922127031792856,True,35.293888,-120.66784,0.0,0.0,0.0,0.0
690fd7dc87825a48788a8a69,2025-10-12 20:10:11.602,foothill,Car,0.02847574,0.0,0.0,0.0,0.0,0.0,0.0,inf,0.0,0.0,0,0,0.9922127031792856,True,35.293888,-120.66784,0.0,0.0,0.0,0.0
690fd7dc87825a48788a8a69,2025-10-12 20:10:11.602,foothill,Car,0.02847574,0.0,0.0,0.0,0.0,0.0,0.0,inf,0.0,0.0,0,0,0.9922127031792856,True,35.293888,-120.66784,0.0,0.0,0.0,0.0
690fd7dc87825a48788a8a69,2025-10-12 20:10:11.602,foothill,Car,0.02847574,0.0,0.0,0.0,0.0,0.0,0.0,inf,0.0,0.0,0,0,0.9922127031792856,True,35.293888,-120.66784,0.0,0.0,0.0,0.0
690fd7dc87825a48788a8a69,2025-10-12 20:10:11.602,foothill,Car,0.02847574,0.0,0.0,0.0,0.0,0.0,0.0,inf,0.0,0.0,0,0,0.9922127031792856,True,35.293888,-120.66784,0.0,0.0,0.0,0.0
690fd7dc87825a48788a8a69,2025-10-12 20:10:11.602,foothill,Car,0.02847574,0.0,0.0,0.0,0.0,0.0,0.0,inf,0.0,0.0,0,0,0.9922127031792856,True,35.293888,-120.66784,0.0,0.0,0.0,0.0
690fd7dc87825a48788a8a69,2025-10-12 20:10:11.602,foothill,Car,0.02847574,0.0,0.0,0.0,0.0,0.0,0.0,inf,0.0,0.0,0,0,0.9922127031792856,True,35.293888,-120.66784,0.0,0.0,0.0,0.0
690fd7dc87825a48788a8a69,2025-10-12 20:10:11.602,foothill,Car,0.02847574,0.0,0.0,0.0,0.0,0.0,0.0,inf,0.0,0.0,0,0,0.9922127031792856,True,35.293888,-120.66784,0.0,0.0,0.0,0.0
690fd7dc87825a48788a8a69,2025-10-12 20:10:11.602,foothill,Car,0.02847574,0.0,0.0,0.0,0.0,0.0,0.0,inf,0.0,0.0,0,0,0.9922127031792856,True,35.293888,-120.66784,0.0,0.0,0.0,0.0
690fd7dc87825a48788a8a69,2025-10-12 20:10:11.602,foothill,Car,0.02847574,0.0,0.0,0.0,0.0,0.0,0.0,inf,0.0,0.0,0,0,0.9922127031792856,True,35.293888,-120.66784,0.0,0.0,0.0,0.0
690fd7dc87825a48788a8a69,2025-10-12 20:10:11.602,foothill,Car,0.02847574,0.0,0.0,0.0,0.0,0.0,0.0,inf,0.0,0.0,0,0,0.9922127031792856,True,35.293888,-120.66784,0.0,0.0,0.0,0.0
690fd7dc87825a48788a8a69,2025-10-12 20:10:11.602,foothill,Car,0.02847574,0.0,0.0,0.0,0.0,0.0,0.0,inf,0.0,0.0,0,0,0.9922127031792856,True,35.293888,-120.66784,0.0,0.0,0.0,0.0
690fd7dc87825a48788a8a69,2025-10-12 20:10:11.602,foothill,Car,0.02847574,0.0,0.0,0.0,0.0,0.0,0.0,inf,0.0,0.0,0,0,0.9922127031792856,True,35.293888,-120.66784,0.0,0.0,0.0,0.0
690fd7dc87825a48788a8a69,2025-10-12 20:10:11.602,foothill,Car,0.02847574,0.0,0.0,0.0,0.0,0.0,0.0,inf,0.0,0.0,0,0,0.9922127031792856,True,35.293888,-120.66784,0.0,0.0,0.0,0.0
690fd7dc87825a48788a8a69,2025-10-12 20:10:11.602,foothill,Car,0.02847574,0.0,0.0,0.0,0.0,0.0,0.0,inf,0.0,0.0,0,0,0.9922127031792856,True,35.293888,-120.66784,0.0,0.0,0.0,0.0
690fd7dc87825a48788a8a69,2025-10-12 20:10:11.602,foothill,Car,0.02847574,0.0,0.0,0.0,0.0,0.0,0.0,inf,0.0,0.0,0,0,0.9922127031792856,True,35.293888,-120.66784,0.0,0.0,0.0,0.0
690fd7dc87825a48788a8a69,2025-10-12 20:10:11.602,foothill,Car,0.02847574,0.0,0.0,0.0,0.0,0.0,0.0,inf,0.0,0.0,0,0,0.9922127031792856,True,35.293888,-120.66784,0.0,0.0,0.0,0.0
690fd7dc87825a48788a8a69,2025-10-12 20:10:11.602,foothill,Car,0.02847574,0.0,0.0,0.0,0.0,0.0,0.0,inf,0.0,0.0,0,0,0.9922127031792856,True,35.293888,-120.66784,0.0,0.0,0.0,0.0
690fd7dc87825a48788a8a69,2025-10-12 20:10:11.602,foothill,Car,0.02847574,0.0,0.0,0.0,0.0,0.0,0.0,inf,0.0,0.0,0,0,0.9922127031792856,True,35.293888,-120.66784,0.0,0.0,0.0,0.0
690fd7dc87825a48788a8a69,2025-10-12 20:10:11.602,foothill,Car,0.02847574,0.0,0.0,0.0,0.0,0.0,0.0,inf,0.0,0.0,0,0,0.9922127031792856,True,35.293888,-120.66784,0.0,0.0,0.0,0.0
690fd7dc87825a48788a8a69,2025-10-12 20:10:11.602,foothill,Car,0.02847574,0.0,0.0,0.0,0.0,0.0,0.0,inf,0.0,0.0,0,0,0.9922127031792856,True,35.293888,-120.66784,0.0,0.0,0.0,0.0
690fd7dc87825a48788a8a69,2025-10-12 20:10:11.602,foothill,Car,0.02847574,0.0,0.0,0.0,0.0,0.0,0.0,inf,0.0,0.0,0,0,0.9922127031792856,True,35.293888,-120.66784,0.0,0.0,0.0,0.0
690fd7dc87825a48788a8a69,2025-10-12 20:10:11.602,foothill,Car,0.02847574,0.0,0.0,0.0,0.0,0.0,0.0,inf,0.0,0.0,0,0,0.9922127031792856,True,35.293888,-120.66784,0.0,0.0,0.0,0.0
690fd7dc87825a48788a8a69,2025-10-12 20:10:11.602,foothill,Car,0.02847574,0.0,0.0,0.0,0.0,0.0,0.0,inf,0.0,0.0,0,0,0.9922127031792856,True,35.293888,-120.66784,0.0,0.0,0.0,0.0
690fd7dc87825a48788a8a69,2025-10-12 20:10:11.602,foothill,Car,0.02847574,0.0,0.0,0.0,0.0,0.0,0.0,inf,0.0,0.0,0,0,0.9922127031792856,True,35.293888,-120.66784,0.0,0.0,0.0,0.0
690fd7dc87825a48788a8a69,2025-10-12 20:10:11.602,foothill,Car,0.02847574,0.0,0.0,0.0,0.0,0.0,0.0,inf,0.0,0.0,0,0,0.9922127031792856,True,35.293888,-120.66784,0.0,0.0,0.0,0.0
690fd7dc87825a48788a8a69,2025-10-12 20:10:11.602,foothill,Car,0.02847574,0.0,0.0,0.0,0.0,0.0,0.0,inf,0.0,0.0,0,0,0.9922127031792856,True,35.293888,-120.66784,0.0,0.0,0.0,0.0
690fd7dc87825a48788a8a69,2025-10-12 20:10:11.602,foothill,Car,0.02847574,0.0,0.0,0.0,0.0,0.0,0.0,inf,0.0,0.0,0,0,0.9922127031792856,True,35.293888,-120.66784,0.0,0.0,0.0,0.0
690fd7dc87825a48788a8a69,2025-10-12 20:10:11.602,foothill,Car,0.02847574,0.0,0.0,0.0,0.0,0.0,0.0,inf,0.0,0.0,0,0,0.9922127031792856,True,35.293888,-120.66784,0.0,0.0,0.0,0.0
690fd7dc87825a48788a8a69,2025-10-12 20:10:11.602,foothill,Car,0.02847574,0.0,0.0,0.0,0.0,0.0,0.0,inf,0.0,0.0,0,0,0.9922127031792856,True,35.293888,-120.66784,0.0,0.0,0.0,0.0
690fd7dc87825a48788a8a69,2025-10-12 20:10:11.602,foothill,Car,0.02847574,0.0,0.0,0.0,0.0,0.0,0.0,inf,0.0,0.0,0,0,0.9922127031792856,True,35.293888,-120.66784,0.0,0.0,0.0,0.0
690fd7dc87825a48788a8a69,2025-10-12 20:10:11.602,foothill,Car,0.02847574,0.0,0.0,0.0,0.0,0.0,0.0,inf,0.0,0.0,0,0,0.9922127031792856,True,35.293888,-120.66784,0.0,0.0,0.0,0.0
690fd7dc87825a48788a8a69,2025-10-12 20:10:11.602,foothill,Car,0.02847574,0.0,0.0,0.0,0.0,0.0,0.0,inf,0.0,0.0,0,0,0.9922127031792856,True,35.293888,-120.66784,0.0,0.0,0.0,0.0
690fd7dc87825a48788a8a69,2025-10-12 20:10:11.602,foothill,Car,0.02847574,0.0,0.0,0.0,0.0,0.0,0.0,inf,0.0,0.0,0,0,0.9922127031792856,True,35.293888,-120.66784,0.0,0.0,0.0,0.0
690fd7dc87825a48788a8a69,2025-10-12 20:10:11.602,foothill,Car,0.02847574,0.0,0.0,0.0,0.0,0.0,0.0,inf,0.0,0.0,0,0,0.9922127031792856,True,35.293888,-120.66784,0.0,0.0,0.0,0.0
690fd7dc87825a48788a8a69,2025-10-12 20:10:11.602,foothill,Car,0.02847574,0.0,0.0,0.0,0.0,0.0,0.0,inf,0.0,0.0,0,0,0.9922127031792856,True,35.293888,-120.66784,0.0,0.0,0.0,0.0
690fd7dc87825a48788a8a69,2025-10-12 20:10:11.602,foothill,Car,0.02847574,0.0,0.0,0.0,0.0,0.0,0.0,inf,0.0,0.0,0,0,0.9922127031792856,True,35.293888,-120.66784,0.0,0.0,0.0,0.0
690fd7dc87825a48788a8a69,2025-10-12 20:10:11.602,foothill,Car,0.02847574,0.0,0.0,0.0,0.0,0.0,0.0,inf,0.0,0.0,0,0,0.9922127031792856,True,35.293888,-120.66784,0.0,0.0,0.0,0.0
690fd7dc87825a48788a8a69,2025-10-12 20:10:11.602,foothill,Car,0.02847574,0.0,0.0,0.0,0.0,0.0,0.0,inf,0.0,0.0,0,0,0.9922127031792856,True,35.293888,-120.66784,0.0,0.0,0.0,0.0
690fd7dc87825a48788a8a69,2025-10-12 20:10:11.602,foothill,Car,0.02847574,0.0,0.0,0.0,0.0,0.0,0.0,inf,0.0,0.0,0,0,0.9922127031792856,True,35.293888,-120.66784,0.0,0.0,0.0,0.0
690fd7dc87825a48788a8a69,2025-10-12 20:10:11.602,foothill,Car,0.02847574,0.0,0.0,0.0,0.0,0.0,0.0,inf,0.0,0.0,0,0,0.9922127031792856,True,35.293888,-120.66784,0.0,0.0,0.0,0.0
690fd7dc87825a48788a8a69,2025-10-12 20:10:11.602,foothill,Car,0.02847574,0.0,0.0,0.0,0.0,0.0,0.0,inf,0.0,0.0,0,0,0.9922127031792856,True,35.293888,-120.66784,0.0,0.0,0.0,0.0
690fd7dc87825a48788a8a69,2025-10-12 20:10:11.602,foothill,Car,0.02847574,0.0,0.0,0.0,0.0,0.0,0.0,inf,0.0,0.0,0,0,0.9922127031792856,True,35.293888,-120.66784,0.0,0.0,0.0,0.0
690fd7dc87825a48788a8a69,2025-10-12 20:10:11.602,foothill,Car,0.02847574,0.0,0.0,0.0,0.0,0.0,0.0,inf,0.0,0.0,0,0,0.9922127031792856,True,35.293888,-120.66784,0.0,0.0,0.0,0.0
690fd7dc87825a48788a8a69,2025-10-12 20:10:11.602,foothill,Car,0.02847574,0.0,0.0,0.0,0.0,0.0,0.0,inf,0.0,0.0,0,0,0.9922127031792856,True,35.293888,-120.66784,0.0,0.0,0.0,0.0
690fd7dc87825a48788a8a69,2025-10-12 20:10:11.602,foothill,Car,0.02847574,0.0,0.0,0.0,0.0,0.0,0.0,inf,0.0,0.0,0,0,0.9922127031792856,True,35.293888,-120.66784,0.0,0.0,0.0,0.0
690fd7dc87825a48788a8a69,2025-10-12 20:10:11.602,foothill,Car,0.02847574,0.0,0.0,0.0,0.0,0.0,0.0,inf,0.0,0.0,0,0,0.9922127031792856,True,35.293888,-120.66784,0.0,0.0,0.0,0.0
690fd7dc87825a48788a8a69,2025-10-12 20:10:11.602,foothill,Car,0.02847574,0.0,0.0,0.0,0.0,0.0,0.0,inf,0.0,0.0,0,0,0.9922127031792856,True,35.293888,-120.66784,0.0,0.0,0.0,0.0
690fd7dc87825a48788a8a69,2025-10-12 20:10:11.602,foothill,Car,0.02847574,0.0,0.0,0.0,0.0,0.0,0.0,inf,0.0,0.0,0,0,0.9922127031792856,True,35.293888,-120.66784,0.0,0.0,0.0,0.0
690fd7dc87825a48788a8a69,2025-10-12 20:10:11.602,foothill,Car,0.02847574,0.0,0.0,0.0,0.0,0.0,0.0,inf,0.0,0.0,0,0,0.9922127031792856,True,35.293888,-120.66784,0.0,0.0,0.0,0.0
690fd7dc87825a48788a8a69,2025-10-12 20:10:11.602,foothill,Car,0.02847574,0.0,0.0,0.0,0.0,0.0,0.0,inf,0.0,0.0,0,0,0.9922127031792856,True,35.293888,-120.66784,0.0,0.0,0.0,0.0
690fd7dc87825a48788a8a69,2025-10-12 20:10:11.602,foothill,Car,0.02847574,0.0,0.0,0.0,0.0,0.0,0.0,inf,0.0,0.0,0,0,0.9922127031792856,True,35.293888,-120.66784,0.0,0.0,0.0,0.0
690fd7dc87825a48788a8a69,2025-10-12 20:10:11.602,foothill,Car,0.02847574,0.0,0.0,0.0,0.0,0.0,0.0,inf,0.0,0.0,0,0,0.9922127031792856,True,35.293888,-120.66784,0.0,0.0,0.0,0.0
690fd7dc87825a48788a8a69,2025-10-12 20:10:11.602,foothill,Car,0.02847574,0.0,0.0,0.0,0.0,0.0,0.0,inf,0.0,0.0,0,0,0.9922127031792856,True,35.293888,-120.66784,0.0,0.0,0.0,0.0
690fd7dc87825a48788a8a69,2025-10-12 20:10:11.602,foothill,Car,0.02847574,0.0,0.0,0.0,0.0,0.0,0.0,inf,0.0,0.0,0,0,0.9922127031792856,True,35.293888,-120.66784,0.0,0.0,0.0,0.0
690fd7dc87825a48788a8a69,2025-10-12 20:10:11.602,foothill,Car,0.02847574,0.0,0.0,0.0,0.0,0.0,0.0,inf,0.0,0.0,0,0,0.9922127031792856,True,35.293888,-120.66784,0.0,0.0,0.0,0.0
690fd7dc87825a48788a8a69,2025-10-12 20:10:11.602,foothill,Car,0.02847574,0.0,0.0,0.0,0.0,0.0,0.0,inf,0.0,0.0,0,0,0.9922127031792856,True,35.293888,-120.66784,0.0,0.0,0.0,0.0
690fd7dc87825a48788a8a69,2025-10-12 20:10:11.602,foothill,Car,0.02847574,0.0,0.0,0.0,0.0,0.0,0.0,inf,0.0,0.0,0,0,0.9922127031792856,True,35.293888,-120.66784,0.0,0.0,0.0,0.0
690fd7dc87825a48788a8a69,2025-10-12 20:10:11.602,foothill,Car,0.02847574,0.0,0.0,0.0,0.0,0.0,0.0,inf,0.0,0.0,0,0,0.9922127031792856,True,35.293888,-120.66784,0.0,0.0,0.0,0.0
690fd7dc87825a48788a8a69,2025-10-12 20:10:11.602,foothill,Car,0.02847574,0.0,0.0,0.0,0.0,0.0,0.0,inf,0.0,0.0,0,0,0.9922127031792856,True,35.293888,-120.66784,0.0,0.0,0.0,0.0
690fd7dc87825a48788a8a69,2025-10-12 20:10:11.602,foothill,Car,0.02847574,0.0,0.0,0.0,0.0,0.0,0.0,inf,0.0,0.0,0,0,0.9922127031792856,True,35.293888,-120.66784,0.0,0.0,0.0,0.0
690fd7dc87825a48788a8a69,2025-10-12 20:10:11.602,foothill,Car,0.02847574,0.0,0.0,0.0,0.0,0.0,0.0,inf,0.0,0.0,0,0,0.9922127031792856,True,35.293888,-120.66784,0.0,0.0,0.0,0.0
690fd7dc87825a48788a8a69,2025-10-12 20:10:11.602,foothill,Car,0.02847574,0.0,0.0,0.0,0.0,0.0,0.0,inf,0.0,0.0,0,0,0.9922127031792856,True,35.293888,-120.66784,0.0,0.0,0.0,0.0
690fd7dc87825a48788a8a69,2025-10-12 20:10:11.602,foothill,Car,0.02847574,0.0,0.0,0.0,0.0,0.0,0.0,inf,0.0,0.0,0,0,0.9922127031792856,True,35.293888,-120.66784,0.0,0.0,0.0,0.0
690fd7dc87825a48788a8a69,2025-10-12 20:10:11.602,foothill,Car,0.02847574,0.0,0.0,0.0,0.0,0.0,0.0,inf,0.0,0.0,0,0,0.9922127031792856,True,35.293888,-120.66784,0.0,0.0,0.0,0.0
690fd7dc87825a48788a8a69,2025-10-12 20:10:11.602,foothill,Car,0.02847574,0.0,0.0,0.0,0.0,0.0,0.0,inf,0.0,0.0,0,0,0.9922127031792856,True,35.293888,-120.66784,0.0,0.0,0.0,0.0
690fd7dc87825a48788a8a69,2025-10-12 20:10:11.602,foothill,Car,0.02847574,0.0,0.0,0.0,0.0,0.0,0.0,inf,0.0,0.0,0,0,0.9922127031792856,True,35.293888,-120.66784,0.0,0.0,0.0,0.0
690fd7dc87825a48788a8a69,2025-10-12 20:10:11.602,foothill,Car,0.02847574,0.0,0.0,0.0,0.0,0.0,0.0,inf,0.0,0.0,0,0,0.9922127031792856,True,35.293888,-120.66784,0.0,0.0,0.0,0.0
690fd7dc87825a48788a8a69,2025-10-12 20:10:11.602,foothill,Car,0.02847574,0.0,0.0,0.0,0.0,0.0,0.0,inf,0.0,0.0,0,0,0.9922127031792856,True,35.293888,-120.66784,0.0,0.0,0.0,0.0
690fd7dc87825a48788a8a69,2025-10-12 20:10:11.602,foothill,Car,0.02847574,0.0,0.0,0.0,0.0,0.0,0.0,inf,0.0,0.0,0,0,0.9922127031792856,True,35.293888,-120.66784,0.0,0.0,0.0,0.0
690fd7dc87825a48788a8a69,2025-10-12 20:10:11.602,foothill,Car,0.02847574,0.0,0.0,0.0,0.0,0.0,0.0,inf,0.0,0.0,0,0,0.9922127031792856,True,35.293888,-120.66784,0.0,0.0,0.0,0.0
690fd7dc87825a48788a8a69,2025-10-12 20:10:11.602,foothill,Car,0.02847574,0.0,0.0,0.0,0.0,0.0,0.0,inf,0.0,0.0,0,0,0.9922127031792856,True,35.293888,-120.66784,0.0,0.0,0.0,0.0
690fd7dc87825a48788a8a69,2025-10-12 20:10:11.602,foothill,Car,0.02847574,0.0,0.0,0.0,0.0,0.0,0.0,inf,0.0,0.0,0,0,0.9922127031792856,True,35.293888,-120.66784,0.0,0.0,0.0,0.0
690fd7dc87825a48788a8a69,2025-10-12 20:10:11.602,foothill,Car,0.02847574,0.0,0.0,0.0,0.0,0.0,0.0,inf,0.0,0.0,0,0,0.9922127031792856,True,35.293888,-120.66784,0.0,0.0,0.0,0.0
690fd7dc87825a48788a8a69,2025-10-12 20:10:11.602,foothill,Car,0.02847574,0.0,0.0,0.0,0.0,0.0,0.0,inf,0.0,0.0,0,0,0.9922127031792856,True,35.293888,-120.66784,0.0,0.0,0.0,0.0
690fd7dc87825a48788a8a69,2025-10-12 20:10:11.602,foothill,Car,0.02847574,0.0,0.0,0.0,0.0,0.0,0.0,inf,0.0,0.0,0,0,0.9922127031792856,True,35.293888,-120.66784,0.0,0.0,0.0,0.0
690fd7dc87825a48788a8a69,2025-10-12 20:10:11.602,foothill,Car,0.02847574,0.0,0.0,0.0,0.0,0.0,0.0,inf,0.0,0.0,0,0,0.9922127031792856,True,35.293888,-120.66784,0.0,0.0,0.0,0.0
690fd7dc87825a48788a8a69,2025-10-12 20:10:11.602,foothill,Car,0.02847574,0.0,0.0,0.0,0.0,0.0,0.0,inf,0.0,0.0,0,0,0.9922127031792856,True,35.293888,-120.66784,0.0,0.0,0.0,0.0
690fd7dc87825a48788a8a69,2025-10-12 20:10:11.602,foothill,Car,0.02847574,0.0,0.0,0.0,0.0,0.0,0.0,inf,0.0,0.0,0,0,0.9922127031792856,True,35.293888,-120.66784,0.0,0.0,0.0,0.0
690fd7dc87825a48788a8a69,2025-10-12 20:10:11.602,foothill,Car,0.02847574,0.0,0.0,0.0,0.0,0.0,0.0,inf,0.0,0.0,0,0,0.9922127031792856,True,35.293888,-120.66784,0.0,0.0,0.0,0.0
690fd7dc87825a48788a8a69,2025-10-12 20:10:11.602,foothill,Car,0.02847574,0.0,0.0,0.0,0.0,0.0,0.0,inf,0.0,0.0,0,0,0.9922127031792856,True,35.293888,-120.66784,0.0,0.0,0.0,0.0
690fd7dc87825a48788a8a69,2025-10-12 20:10:11.602,foothill,Car,0.02847574,0.0,0.0,0.0,0.0,0.0,0.0,inf,0.0,0.0,0,0,0.9922127031792856,True,35.293888,-120.66784,0.0,0.0,0.0,0.0
690fd7dc87825a48788a8a69,2025-10-12 20:10:11.602,foothill,Car,0.02847574,0.0,0.0,0.0,0.0,0.0,0.0,inf,0.0,0.0,0,0,0.9922127031792856,True,35.293888,-120.66784,0.0,0.0,0.0,0.0
690fd7dc87825a48788a8a69,2025-10-12 20:10:11.602,foothill,Car,0.02847574,0.0,0.0,0.0,0.0,0.0,0.0,inf,0.0,0.0,0,0,0.9922127031792856,True,35.293888,-120.66784,0.0,0.0,0.0,0.0
690fd7dc87825a48788a8a69,2025-10-12 20:10:11.602,foothill,Car,0.02847574,0.0,0.0,0.0,0.0,0.0,0.0,inf,0.0,0.0,0,0,0.9922127031792856,True,35.293888,-120.66784,0.0,0.0,0.0,0.0
690fd7dc87825a48788a8a69,2025-10-12 20:10:11.602,foothill,Car,0.02847574,0.0,0.0,0.0,0.0,0.0,0.0,inf,0.0,0.0,0,0,0.9922127031792856,True,35.293888,-120.66784,0.0,0.0,0.0,0.0
690fd7dc87825a48788a8a69,2025-10-12 20:10:11.602,foothill,Car,0.02847574,0.0,0.0,0.0,0.0,0.0,0.0,inf,0.0,0.0,0,0,0.9922127031792856,True,35.293888,-120.66784,0.0,0.0,0.0,0.0
690fd7dc87825a48788a8a69,2025-10-12 20:10:11.602,foothill,Car,0.02847574,0.0,0.0,0.0,0.0,0.0,0.0,inf,0.0,0.0,0,0,0.9922127031792856,True,35.293888,-120.66784,0.0,0.0,0.0,0.0
690fd7dc87825a48788a8a69,2025-10-12 20:10:11.602,foothill,Car,0.02847574,0.0,0.0,0.0,0.0,0.0,0.0,inf,0.0,0.0,0,0,0.9922127031792856,True,35.293888,-120.66784,0.0,0.0,0.0,0.0
690fd7dc87825a48788a8a69,2025-10-12 20:10:11.602,foothill,Car,0.02847574,0.0,0.0,0.0,0.0,0.0,0.0,inf,0.0,0.0,0,0,0.9922127031792856,True,35.293888,-120.66784,0.0,0.0,0.0,0.0
690fd7dc87825a48788a8a69,2025-10-12 20:10:11.602,foothill,Car,0.02847574,0.0,0.0,0.0,0.0,0.0,0.0,inf,0.0,0.0,0,0,0.9922127031792856,True,35.293888,-120.66784,0.0,0.0,0.0,0.0
690fd7dc87825a48788a8a69,2025-10-12 20:10:11.602,foothill,Car,0.02847574,0.0,0.0,0.0,0.0,0.0,0.0,inf,0.0,0.0,0,0,0.9922127031792856,True,35.293888,-120.66784,0.0,0.0,0.0,0.0
690fd7dc87825a48788a8a69,2025-10-12 20:10:11.602,foothill,Car,0.02847574,0.0,0.0,0.0,0.0,0.0,0.0,inf,0.0,0.0,0,0,0.9922127031792856,True,35.293888,-120.66784,0.0,0.0,0.0,0.0
690fd7dc87825a48788a8a69,2025-10-12 20:10:11.602,foothill,Car,0.02847574,0.0,0.0,0.0,0.0,0.0,0.0,inf,0.0,0.0,0,0,0.9922127031792856,True,35.293888,-120.66784,0.0,0.0,0.0,0.0
690fd7dc87825a48788a8a69,2025-10-12 20:10:11.602,foothill,Car,0.02847574,0.0,0.0,0.0,0.0,0.0,0.0,inf,0.0,0.0,0,0,0.9922127031792856,True,35.293888,-120.66784,0.0,0.0,0.0,0.0
690fd7dc87825a48788a8a69,2025-10-12 20:10:11.602,foothill,Car,0.02847574,0.0,0.0,0.0,0.0,0.0,0.0,inf,0.0,0.0,0,0,0.9922127031792856,True,35.293888,-120.66784,0.0,0.0,0.0,0.0
690fd7dc87825a48788a8a69,2025-10-12 20:10:11.602,foothill,Car,0.02847574,0.0,0.0,0.0,0.0,0.0,0.0,inf,0.0,0.0,0,0,0.9922127031792856,True,35.293888,-120.66784,0.0,0.0,0.0,0.0
690fd7dc87825a48788a8a69,2025-10-12 20:10:11.602,foothill,Car,0.02847574,0.0,0.0,0.0,0.0,0.0,0.0,inf,0.0,0.0,0,0,0.9922127031792856,True,35.293888,-120.66784,0.0,0.0,0.0,0.0
690fd7dc87825a48788a8a69,2025-10-12 20:10:11.602,foothill,Car,0.02847574,0.0,0.0,0.0,0.0,0.0,0.0,inf,0.0,0.0,0,0,0.9922127031792856,True,35.293888,-120.66784,0.0,0.0,0.0,0.0
690fd7dc87825a48788a8a69,2025-10-12 20:10:11.602,foothill,Car,0.02847574,0.0,0.0,0.0,0.0,0.0,0.0,inf,0.0,0.0,0,0,0.9922127031792856,True,35.293888,-120.66784,0.0,0.0,0.0,0.0
690fd7dc87825a48788a8a69,2025-10-12 20:10:11.602,foothill,Car,0.02847574,0.0,0.0,0.0,0.0,0.0,0.0,inf,0.0,0.0,0,0,0.9922127031792856,True,35.293888,-120.66784,0.0,0.0,0.0,0.0
690fd7dc87825a48788a8a69,2025-10-12 20:10:11.602,foothill,Car,0.02847574,0.0,0.0,0.0,0.0,0.0,0.0,inf,0.0,0.0,0,0,0.9922127031792856,True,35.293888,-120.66784,0.0,0.0,0.0,0.0
690fd7dc87825a48788a8a69,2025-10-12 20:10:11.602,foothill,Car,0.02847574,0.0,0.0,0.0,0.0,0.0,0.0,inf,0.0,0.0,0,0,0.9922127031792856,True,35.293888,-120.66784,0.0,0.0,0.0,0.0
690fd7dc87825a48788a8a69,2025-10-12 20:10:11.602,foothill,Car,0.02847574,0.0,0.0,0.0,0.0,0.0,0.0,inf,0.0,0.0,0,0,0.9922127031792856,True,35.293888,-120.66784,0.0,0.0,0.0,0.0
690fd7dc87825a48788a8a69,2025-10-12 20:10:11.602,foothill,Car,0.02847574,0.0,0.0,0.0,0.0,0.0,0.0,inf,0.0,0.0,0,0,0.9922127031792856,True,35.293888,-120.66784,0.0,0.0,0.0,0.0
690fd7dc87825a48788a8a69,2025-10-12 20:10:11.602,foothill,Car,0.02847574,0.0,0.0,0.0,0.0,0.0,0.0,inf,0.0,0.0,0,0,0.9922127031792856,True,35.293888,-120.66784,0.0,0.0,0.0,0.0
690fd7dc87825a48788a8a69,2025-10-12 20:10:11.602,foothill,Car,0.02847574,0.0,0.0,0.0,0.0,0.0,0.0,inf,0.0,0.0,0,0,0.9922127031792856,True,35.293888,-120.66784,0.0,0.0,0.0,0.0
690fd7dc87825a48788a8a69,2025-10-12 20:10:11.602,foothill,Car,0.02847574,0.0,0.0,0.0,0.0,0.0,0.0,inf,0.0,0.0,0,0,0.9922127031792856,True,35.293888,-120.66784,0.0,0.0,0.0,0.0
690fd7dc87825a48788a8a69,2025-10-12 20:10:11.602,foothill,Car,0.02847574,0.0,0.0,0.0,0.0,0.0,0.0,inf,0.0,0.0,0,0,0.9922127031792856,True,35.293888,-120.66784,0.0,0.0,0.0,0.0
690fd7dc87825a48788a8a69,2025-10-12 20:10:11.602,foothill,Car,0.02847574,0.0,0.0,0.0,0.0,0.0,0.0,inf,0.0,0.0,0,0,0.9922127031792856,True,35.293888,-120.66784,0.0,0.0,0.0,0.0
690fd7dc87825a48788a8a69,2025-10-12 20:10:11.602,foothill,Car,0.02847574,0.0,0.0,0.0,0.0,0.0,0.0,inf,0.0,0.0,0,0,0.9922127031792856,True,35.293888,-120.66784,0.0,0.0,0.0,0.0
690fd7dc87825a48788a8a69,2025-10-12 20:10:11.602,foothill,Car,0.02847574,0.0,0.0,0.0,0.0,0.0,0.0,inf,0.0,0.0,0,0,0.9922127031792856,True,35.293888,-120.66784,0.0,0.0,0.0,0.0
690fd7dc87825a48788a8a69,2025-10-12 20:10:11.602,foothill,Car,0.02847574,0.0,0.0,0.0,0.0,0.0,0.0,inf,0.0,0.0,0,0,0.9922127031792856,True,35.293888,-120.66784,0.0,0.0,0.0,0.0
690fd7dc87825a48788a8a69,2025-10-12 20:10:11.602,foothill,Car,0.02847574,0.0,0.0,0.0,0.0,0.0,0.0,inf,0.0,0.0,0,0,0.9922127031792856,True,35.293888,-120.66784,0.0,0.0,0.0,0.0
690fd7dc87825a48788a8a69,2025-10-12 20:10:11.602,foothill,Car,0.02847574,0.0,0.0,0.0,0.0,0.0,0.0,inf,0.0,0.0,0,0,0.9922127031792856,True,35.293888,-120.66784,0.0,0.0,0.0,0.0
690fd7dc87825a48788a8a69,2025-10-12 20:10:11.602,foothill,Car,0.02847574,0.0,0.0,0.0,0.0,0.0,0.0,inf,0.0,0.0,0,0,0.9922127031792856,True,35.293888,-120.66784,0.0,0.0,0.0,0.0
690fd7dc87825a48788a8a69,2025-10-12 20:10:11.602,foothill,Car,0.02847574,0.0,0.0,0.0,0.0,0.0,0.0,inf,0.0,0.0,0,0,0.9922127031792856,True,35.293888,-120.66784,0.0,0.0,0.0,0.0
690fd7dc87825a48788a8a69,2025-10-12 20:10:11.602,foothill,Car,0.02847574,0.0,0.0,0.0,0.0,0.0,0.0,inf,0.0,0.0,0,0,0.9922127031792856,True,35.293888,-120.66784,0.0,0.0,0.0,0.0
690fd7dc87825a48788a8a69,2025-10-12 20:10:11.602,foothill,Car,0.02847574,0.0,0.0,0.0,0.0,0.0,0.0,inf,0.0,0.0,0,0,0.9922127031792856,True,35.293888,-120.66784,0.0,0.0,0.0,0.0
690fd7dc87825a48788a8a69,2025-10-12 20:10:11.602,foothill,Car,0.02847574,0.0,0.0,0.0,0.0,0.0,0.0,inf,0.0,0.0,0,0,0.9922127031792856,True,35.293888,-120.66784,0.0,0.0,0.0,0.0
690fd7dc87825a48788a8a69,2025-10-12 20:10:11.602,foothill,Car,0.02847574,0.0,0.0,0.0,0.0,0.0,0.0,inf,0.0,0.0,0,0,0.9922127031792856,True,35.293888,-120.66784,0.0,0.0,0.0,0.0
690fd7dc87825a48788a8a69,2025-10-12 20:10:11.602,foothill,Car,0.02847574,0.0,0.0,0.0,0.0,0.0,0.0,inf,0.0,0.0,0,0,0.9922127031792856,True,35.293888,-120.66784,0.0,0.0,0.0,0.0
690fd7dc87825a48788a8a69,2025-10-12 20:10:11.602,foothill,Car,0.02847574,0.0,0.0,0.0,0.0,0.0,0.0,inf,0.0,0.0,0,0,0.9922127031792856,True,35.293888,-120.66784,0.0,0.0,0.0,0.0
690fd7dc87825a48788a8a6a,2025-10-12 20:11:04.200,foothill,Car,2.0775974,0.0,0.0,0.0,0.0,0.0,0.0,inf,0.0,0.0,1,0,0.8340668414082529,True,35.29376,-120.667885,0.1,0.0,0.0,0.0
690fd7dc87825a48788a8a6a,2025-10-12 20:11:04.200,foothill,Car,2.0775974,0.0,0.0,0.0,0.0,0.0,0.0,inf,0.0,0.0,0,0,0.8340668414082529,True,35.29376,-120.667885,0.0,0.0,0.0,0.0
690fd7dc87825a48788a8a6a,2025-10-12 20:11:04.200,foothill,Car,2.0775974,0.0,0.0,0.0,0.0,0.4241749942302704,0.0,inf,0.0,0.0,0,0,0.8340668414082529,True,35.293762,-120.667885,0.0,0.0,0.0,0.0
690fd7dc87825a48788a8a6a,2025-10-12 20:11:04.200,foothill,Car,2.0775974,0.0,0.0,0.0,0.0,0.0,0.0,inf,0.0,0.0,0,0,0.8340668414082529,True,35.293766,-120.667885,0.0,0.0,0.0,0.0
690fd7dc87825a48788a8a6a,2025-10-12 20:11:04.200,foothill,Car,2.0775974,0.0,0.0,0.0,0.0,0.0,0.0,inf,0.0,0.0,0,0,0.8340668414082529,True,35.293766,-120.667885,0.0,0.0,0.0,0.0
690fd7dc87825a48788a8a6a,2025-10-12 20:11:04.200,foothill,Car,2.0775974,0.0,0.0,0.0,0.0,0.0,0.0,inf,0.0,0.0,0,0,0.8340668414082529,True,35.29377,-120.667885,0.0,0.0,0.0,0.0
690fd7dc87825a48788a8a6a,2025-10-12 20:11:04.200,foothill,Car,2.0775974,0.0,0.0,0.0,0.0,0.0,0.0,inf,0.0,0.0,0,0,0.8340668414082529,True,35.29377,-120.667885,0.0,0.0,0.0,0.0
690fd7dc87825a48788a8a6a,2025-10-12 20:11:04.200,foothill,Car,2.0775974,0.0,0.0,0.0,0.0,0.4241749942302704,0.0,inf,0.0,0.0,0,0,0.8340668414082529,True,35.293774,-120.667885,0.0,0.0,0.0,0.0
690fd7dc87825a48788a8a6a,2025-10-12 20:11:04.200,foothill,Car,2.0775974,0.0,0.0,0.0,0.0,0.0,0.0,inf,0.0,0.0,0,0,0.8340668414082529,True,35.293777,-120.667885,0.0,0.0,0.0,0.0
690fd7dc87825a48788a8a6a,2025-10-12 20:11:04.200,foothill,Car,2.0775974,0.0,0.0,0.0,0.0,0.0,0.0,inf,0.0,0.0,0,0,0.8340668414082529,True,35.293777,-120.667885,0.0,0.0,0.0,0.0
690fd7dc87825a48788a8a6a,2025-10-12 20:11:04.200,foothill,Car,2.0775974,0.0,0.0,0.0,0.0,0.0,0.0,inf,0.0,0.0,0,0,0.8340668414082529,True,35.29378,-120.667885,0.0,0.0,0.0,0.0
690fd7dc87825a48788a8a6a,2025-10-12 20:11:04.200,foothill,Car,2.0775974,0.0,0.0,0.0,0.0,0.0,0.0,inf,0.0,0.0,0,0,0.8340668414082529,True,35.29378,-120.667885,0.0,0.0,0.0,0.0
690fd7dc87825a48788a8a6a,2025-10-12 20:11:04.200,foothill,Car,2.0775974,0.0,0.0,0.0,0.0,0.0,0.0,inf,0.0,0.0,0,0,0.8340668414082529,True,35.29378,-120.667885,0.0,0.0,0.0,0.0
690fd7dc87825a48788a8a6a,2025-10-12 20:11:04.200,foothill,Car,2.0775974,0.0,0.0,0.0,0.0,0.4241749942302704,0.0,inf,0.0,0.0,0,0,0.8340668414082529,True,35.293785,-120.667885,0.0,0.0,0.0,0.0
690fd7dc87825a48788a8a6a,2025-10-12 20:11:04.200,foothill,Car,2.0775974,0.0,0.0,0.0,0.0,0.0,0.0,inf,0.0,0.0,0,0,0.8340668414082529,True,35.29379,-120.667885,0.0,0.0,0.0,0.0
690fd7dc87825a48788a8a6a,2025-10-12 20:11:04.200,foothill,Car,2.0775974,0.0,0.0,0.0,0.0,0.0,0.0,inf,0.0,0.0,0,0,0.8340668414082529,True,35.29379,-120.667885,0.0,0.0,0.0,0.0
690fd7dc87825a48788a8a6a,2025-10-12 20:11:04.200,foothill,Car,2.0775974,0.0,0.0,0.0,0.0,0.0,0.0,inf,0.0,0.0,0,0,0.8340668414082529,True,35.293793,-120.667885,0.0,0.0,0.0,0.0
690fd7dc87825a48788a8a6a,2025-10-12 20:11:04.200,foothill,Car,2.0775974,0.0,0.0,0.0,0.0,0.0,0.0,inf,0.0,0.0,0,0,0.8340668414082529,True,35.293793,-120.667885,0.0,0.0,0.0,0.0
690fd7dc87825a48788a8a6a,2025-10-12 20:11:04.200,foothill,Car,2.0775974,0.0,0.0,0.0,0.0,0.4241749942302704,0.0,inf,0.0,0.0,0,0,0.8340668414082529,True,35.293797,-120.667885,0.0,0.0,0.0,0.0
690fd7dc87825a48788a8a6a,2025-10-12 20:11:04.200,foothill,Car,2.0775974,0.0,0.0,0.0,0.0,0.0,0.0,inf,0.0,0.0,0,0,0.8340668414082529,True,35.2938,-120.667885,0.0,0.0,0.0,0.0
690fd7dc87825a48788a8a6a,2025-10-12 20:11:04.200,foothill,Car,2.0775974,0.0,0.0,0.0,0.0,0.0,0.0,inf,0.0,0.0,0,0,0.8340668414082529,True,35.2938,-120.667885,0.0,0.0,0.0,0.0
690fd7dc87825a48788a8a6a,2025-10-12 20:11:04.200,foothill,Car,2.0775974,0.0,0.0,0.0,0.0,0.4241749942302704,0.0,inf,0.0,0.0,0,0,0.8340668414082529,True,35.293804,-120.667885,0.0,0.0,0.0,0.0
690fd7dc87825a48788a8a6a,2025-10-12 20:11:04.200,foothill,Car,2.0775974,0.0,0.0,0.0,0.0,0.0,0.0,inf,0.0,0.0,0,0,0.8340668414082529,True,35.293808,-120.667885,0.0,0.0,0.0,0.0
690fd7dc87825a48788a8a6a,2025-10-12 20:11:04.200,foothill,Car,2.0775974,0.0,0.0,0.0,0.0,0.0,0.0,inf,0.0,0.0,0,0,0.8340668414082529,True,35.293808,-120.667885,0.0,0.0,0.0,0.0
690fd7dc87825a48788a8a6a,2025-10-12 20:11:04.200,foothill,Car,2.0775974,0.0,0.0,0.0,0.0,0.4241749942302704,0.0,inf,0.0,0.0,0,0,0.8340668414082529,True,35.29383,-120.66789,0.0,0.0,0.0,0.0
690fd7dc87825a48788a8a6a,2025-10-12 20:11:04.200,foothill,Car,2.0775974,0.0,0.0,0.0,0.0,0.0,0.0,inf,0.0,0.0,0,0,0.8340668414082529,True,35.293835,-120.66789,0.0,0.0,0.0,0.0
690fd7dc87825a48788a8a6a,2025-10-12 20:11:04.200,foothill,Car,2.0775974,0.0,0.0,0.0,0.0,0.0,0.0,inf,0.0,0.0,0,0,0.8340668414082529,True,35.293835,-120.66789,0.0,0.0,0.0,0.0
690fd7dc87825a48788a8a6a,2025-10-12 20:11:04.200,foothill,Car,2.0775974,0.0,0.0,0.0,0.0,0.0,0.0,inf,0.0,0.0,0,0,0.8340668414082529,True,35.29384,-120.66789,0.0,0.0,0.0,0.0
690fd7dc87825a48788a8a6a,2025-10-12 20:11:04.200,foothill,Car,2.0775974,0.0,0.0,0.0,0.0,0.0,0.0,inf,0.0,0.0,0,0,0.8340668414082529,True,35.29384,-120.66789,0.0,0.0,0.0,0.0
690fd7dc87825a48788a8a6a,2025-10-12 20:11:04.200,foothill,Car,2.0775974,0.0,0.0,0.0,0.0,0.0,0.0,inf,0.0,0.0,0,0,0.8340668414082529,True,35.293842,-120.66789,0.0,0.0,0.0,0.0
690fd7dc87825a48788a8a6a,2025-10-12 20:11:04.200,foothill,Car,2.0775974,0.0,0.0,0.0,0.0,0.0,0.0,inf,0.0,0.0,0,0,0.8340668414082529,True,35.293842,-120.66789,0.0,0.0,0.0,0.0
690fd7dc87825a48788a8a6a,2025-10-12 20:11:04.200,foothill,Car,2.0775974,0.0,0.0,0.0,0.0,0.0,0.0,inf,0.0,0.0,0,0,0.8340668414082529,True,35.293846,-120.66789,0.0,0.0,0.0,0.0
690fd7dc87825a48788a8a6a,2025-10-12 20:11:04.200,foothill,Car,2.0775974,0.0,0.0,0.0,0.0,0.0,0.0,inf,0.0,0.0,0,0,0.8340668414082529,True,35.293846,-120.66789,0.0,0.0,0.0,0.0
690fd7dc87825a48788a8a6a,2025-10-12 20:11:04.200,foothill,Car,2.0775974,0.0,0.0,0.0,0.0,0.4241749942302704,0.0,inf,0.0,0.0,0,0,0.8340668414082529,True,35.29385,-120.66789,0.0,0.0,0.0,0.0
690fd7dc87825a48788a8a6a,2025-10-12 20:11:04.200,foothill,Car,2.0775974,0.0,0.0,346.87323,-13.12677,0.0,0.0,inf,0.0,0.0,0,0,0.8340668414082529,True,35.293896,-120.6679,0.0,0.0,0.0,0.0
690fd7dc87825a48788a8a6a,2025-10-12 20:11:04.200,foothill,Car,2.0775974,0.0,0.0,0.0,13.12677,0.0,0.0,inf,0.0,13.12677001953125,0,0,0.8340668414082529,True,35.293896,-120.6679,0.0,0.0,0.0,0.0
690fd7dc87825a48788a8a6a,2025-10-12 20:11:04.200,foothill,Car,2.0775974,0.0,0.0,0.0,0.0,0.0,0.0,inf,0.0,13.12677001953125,0,0,0.8340668414082529,True,35.293896,-120.6679,0.0,0.0,0.0,0.0
690fd7dc87825a48788a8a6a,2025-10-12 20:11:04.200,foothill,Car,2.0775974,0.0,0.0,0.0,0.0,0.0,0.0,inf,0.0,13.12677001953125,0,0,0.8340668414082529,True,35.293896,-120.6679,0.0,0.0,0.0,0.0
690fd7dc87825a48788a8a6a,2025-10-12 20:11:04.200,foothill,Car,2.0775974,0.0,0.0,180.0,-180.0,0.4241749942302704,-0.4718355536460876,0.8989890217781067,0.0,166.87322998046875,0,0,0.8340668414082529,True,35.29389,-120.6679,0.0,0.0,0.0,0.0
690fd7dc87825a48788a8a6a,2025-10-12 20:11:04.200,foothill,Car,2.0775974,0.0,0.0,0.0,-180.0,0.0,0.0,inf,0.0,13.12677001953125,0,0,0.8340668414082529,True,35.293896,-120.6679,0.0,0.0,0.0,0.0
690fd7dc87825a48788a8a6b,2025-10-12 20:11:12.869,foothill,Car,0.0,0.0,0.0,0.0,0.0,6.731461048126221,-9.39964771270752,0.7161397337913513,10.15330982208252,180.0,1,0,0.5,False,35.293964,-120.66808,0.1,0.0,0.0,0.0
690fd7dc87825a48788a8a6c,2025-10-12 20:11:17.003,foothill,Car,9.536214,0.0,0.0,0.0,0.0,0.4241749942302704,-1.1678494288839452e-15,363210351837184.0,0.0,180.0,1,0,0.6311823285491416,True,35.29417,-120.668076,0.1,0.0,0.0,0.0
690fd7dc87825a48788a8a6c,2025-10-12 20:11:17.003,foothill,Car,9.536214,0.0,0.0,180.0,-180.0,0.4241749942302704,-1.1678494288839452e-15,363210351837184.0,0.0,180.0,0,0,0.6311823285491416,True,35.294167,-120.668076,0.0,0.0,0.0,0.0
690fd7dc87825a48788a8a6c,2025-10-12 20:11:17.003,foothill,Car,9.536214,0.0,0.0,180.0,0.0,0.4241749942302704,0.0,inf,0.0,0.0,0,0,0.6311823285491416,True,35.29416,-120.668076,0.0,0.0,0.0,0.0
690fd7dc87825a48788a8a6c,2025-10-12 20:11:17.003,foothill,Car,9.536214,0.0,0.0,180.0,0.0,0.4241749942302704,0.0,inf,0.0,0.0,0,0,0.6311823285491416,True,35.294155,-120.668076,0.0,0.0,0.0,0.0
690fd7dc87825a48788a8a6c,2025-10-12 20:11:17.003,foothill,Car,9.536214,0.0,0.0,0.0,-180.0,0.4241749942302704,1.1678494288839452e-15,inf,0.0,180.0,0,0,0.6311823285491416,True,35.29415,-120.668076,0.0,0.0,0.0,0.0
690fd7dc87825a48788a8a6c,2025-10-12 20:11:17.003,foothill,Car,9.536214,0.0,0.0,180.0,-180.0,0.4241749942302704,0.0,inf,0.0,0.0,0,0,0.6311823285491416,True,35.294147,-120.668076,0.0,0.0,0.0,0.0
690fd7dc87825a48788a8a6c,2025-10-12 20:11:17.003,foothill,Car,9.536214,0.0,0.0,180.0,0.0,0.4241749942302704,0.0,inf,0.0,0.0,0,0,0.6311823285491416,True,35.294144,-120.668076,0.0,0.0,0.0,0.0
690fd7dc87825a48788a8a6c,2025-10-12 20:11:17.003,foothill,Car,9.536214,0.0,0.0,180.0,0.0,0.8483499884605408,0.0,inf,0.0,0.0,0,0,0.6311823285491416,True,35.294136,-120.668076,0.0,0.0,0.0,0.0
690fd7dc87825a48788a8a6c,2025-10-12 20:11:17.003,foothill,Car,9.536214,0.0,0.0,180.0,0.0,0.4241749942302704,0.0,inf,0.0,0.0,0,0,0.6311823285491416,True,35.29413,-120.668076,0.0,0.0,0.0,0.0
690fd7dc87825a48788a8a6c,2025-10-12 20:11:17.003,foothill,Car,9.536214,0.0,0.0,180.0,0.0,0.4241749942302704,0.0,inf,0.0,0.0,0,0,0.6311823285491416,True,35.294125,-120.668076,0.0,0.0,0.0,0.0
690fd7dc87825a48788a8a6c,2025-10-12 20:11:17.003,foothill,Car,9.536214,0.0,0.0,107.029755,-72.970245,0.4241749942302704,9.118077278137209,inf,0.0,72.97024536132812,0,0,0.6311823285491416,True,35.294117,-120.66807,0.0,0.0,0.0,0.0
690fd7dc87825a48788a8a6c,2025-10-12 20:11:17.003,foothill,Car,9.536214,0.0,0.0,180.0,72.970245,0.4241749942302704,9.118077278137209,inf,0.0,72.97024536132812,0,0,0.6311823285491416,True,35.294113,-120.66807,0.0,0.0,0.0,0.0
690fd7dc87825a48788a8a6c,2025-10-12 20:11:17.003,foothill,Car,9.536214,0.0,0.0,180.0,0.0,0.8483499884605408,0.0,inf,0.0,0.0,0,0,0.6311823285491416,True,35.294106,-120.66807,0.0,0.0,0.0,0.0
690fd7dc87825a48788a8a6c,2025-10-12 20:11:17.003,foothill,Car,9.536214,0.0,0.0,180.0,0.0,0.8483499884605408,0.0,inf,0.0,0.0,0,0,0.6311823285491416,True,35.294098,-120.66806,0.0,0.0,0.0,0.0
690fd7dc87825a48788a8a6c,2025-10-12 20:11:17.003,foothill,Car,9.536214,0.0,0.0,180.0,0.0,0.8483499884605408,0.0,inf,0.0,0.0,0,0,0.6311823285491416,True,35.29409,-120.66806,0.0,0.0,0.0,0.0
690fd7dc87825a48788a8a6c,2025-10-12 20:11:17.003,foothill,Car,9.536214,0.0,0.0,180.0,0.0,0.8120167255401611,0.2102332115173339,inf,0.0,65.32369995117188,0,0,0.6311823285491416,True,35.294083,-120.66806,0.0,0.0,0.0,0.0
690fd7dc87825a48788a8a6c,2025-10-12 20:11:17.003,foothill,Car,9.536214,0.0,0.0,114.6763,-65.3237,0.8120167255401611,0.2102332115173339,inf,0.0,65.32369995117188,0,0,0.6311823285491416,True,35.29408,-120.66805,0.0,0.0,0.0,0.0
690fd7dc87825a48788a8a6c,2025-10-12 20:11:17.003,foothill,Car,9.536214,0.0,0.0,180.0,65.3237,0.8483499884605408,0.0,inf,0.0,0.0,0,0,0.6311823285491416,True,35.29407,-120.66805,0.0,0.0,0.0,0.0
690fd7dc87825a48788a8a6c,2025-10-12 20:11:17.003,foothill,Car,9.536214,0.0,0.0,180.0,0.0,0.8120168447494507,0.0,inf,0.0,0.0,0,0,0.6311823285491416,True,35.294064,-120.66805,0.0,0.0,0.0,0.0
690fd7dc87825a48788a8a6c,2025-10-12 20:11:17.003,foothill,Car,9.536214,0.0,0.0,180.0,0.0,0.8120168447494507,0.0,inf,0.0,0.0,0,0,0.6311823285491416,True,35.29406,-120.668045,0.0,0.0,0.0,0.0
690fd7dc87825a48788a8a6c,2025-10-12 20:11:17.003,foothill,Car,9.536214,0.0,0.0,180.0,0.0,0.8483499884605408,0.0,inf,0.0,0.0,0,0,0.6311823285491416,True,35.294052,-120.668045,0.0,0.0,0.0,0.0
690fd7dc87825a48788a8a6c,2025-10-12 20:11:17.003,foothill,Car,9.536214,0.0,0.0,163.46912,-16.530884,0.8120183348655701,1.0812690258026123,inf,0.0,16.5308837890625,0,0,0.6311823285491416,True,35.293865,-120.667984,0.0,0.0,0.0,0.0
690fd7dc87825a48788a8a6c,2025-10-12 20:11:17.003,foothill,Car,9.536214,0.0,0.0,180.0,16.530884,0.4241749942302704,0.0,inf,0.0,0.0,0,0,0.6311823285491416,True,35.29386,-120.66798,0.0,0.0,0.0,0.0
690fd7dc87825a48788a8a6c,2025-10-12 20:11:17.003,foothill,Car,9.536214,0.0,0.0,180.0,0.0,0.4241749942302704,1.1678494288839452e-15,inf,0.0,180.0,0,0,0.6311823285491416,True,35.293858,-120.66798,0.0,0.0,0.0,0.0
690fd7dc87825a48788a8a6c,2025-10-12 20:11:17.003,foothill,Car,9.536214,0.0,0.0,0.0,-180.0,0.4241749942302704,1.1678494288839452e-15,inf,0.0,180.0,0,0,0.6311823285491416,True,35.293854,-120.66798,0.0,0.0,0.0,0.0
690fd7dc87825a48788a8a6c,2025-10-12 20:11:17.003,foothill,Car,9.536214,0.0,0.0,180.0,-180.0,0.8120184540748596,1.9766645431518557,inf,0.0,81.29287719726562,0,0,0.6311823285491416,True,35.293846,-120.66798,0.0,0.0,0.0,0.0
690fd7dc87825a48788a8a6c,2025-10-12 20:11:17.003,foothill,Car,9.536214,0.0,0.0,98.70712,-81.29288,0.8120184540748596,1.9766645431518557,inf,0.0,81.29287719726562,0,0,0.6311823285491416,True,35.293842,-120.66797,0.0,0.0,0.0,0.0
690fd7dc87825a48788a8a6d,2025-10-12 20:11:18.069,foothill,Car,9.91859,0.0,0.0,0.0,0.0,0.8483499884605408,-1.2146769042190705e-15,698416174727168.0,0.0,180.0,1,0,0.5766708317482311,True,35.294167,-120.668045,0.1,0.0,0.0,0.0
690fd7dc87825a48788a8a6d,2025-10-12 20:11:18.069,foothill,Car,9.91859,0.0,0.0,180.0,-180.0,0.8483499884605408,-1.2146769042190705e-15,698416174727168.0,0.0,180.0,0,0,0.5766708317482311,True,35.29416,-120.668045,0.0,0.0,0.0,0.0
690fd7dc87825a48788a8a6d,2025-10-12 20:11:18.069,foothill,Car,9.91859,0.0,0.0,114.67633,-65.32367,1.0950541496276855,-3.3290276527404785,0.328941136598587,0.0,65.32366943359375,0,0,0.5766708317482311,True,35.29415,-120.66804,0.0,0.0,0.0,0.0
690fd7dc87825a48788a8a6d,2025-10-12 20:11:18.069,foothill,Car,9.91859,0.0,0.0,136.9914,22.315063,0.8483499884605408,6.765551090240479,inf,0.0,43.00860595703125,0,0,0.5766708317482311,True,35.294144,-120.66803,0.0,0.0,0.0,0.0
690fd7dc87825a48788a8a6d,2025-10-12 20:11:18.069,foothill,Car,9.91859,0.0,0.0,180.0,43.008606,0.8483499884605408,6.765551090240479,inf,0.0,43.00860595703125,0,0,0.5766708317482311,True,35.294136,-120.66803,0.0,0.0,0.0,0.0
690fd7dc87825a48788a8a6d,2025-10-12 20:11:18.069,foothill,Car,9.91859,0.0,0.0,166.96313,-13.036865,1.0950555801391602,-1.9850718975067136,0.5516452789306641,0.0,45.4716796875,0,0,0.5766708317482311,True,35.293896,-120.66795,0.0,0.0,0.0,0.0
690fd7dc87825a48788a8a6d,2025-10-12 20:11:18.069,foothill,Car,9.91859,0.0,0.0,121.491455,-45.47168,0.8483499884605408,8.45776081085205,inf,0.0,58.508544921875,0,0,0.5766708317482311,True,35.293888,-120.667946,0.0,0.0,0.0,0.0
690fd7dc87825a48788a8a6d,2025-10-12 20:11:18.069,foothill,Car,9.91859,0.0,0.0,180.0,58.508545,0.4241749942302704,0.0,inf,0.0,0.0,0,0,0.5766708317482311,True,35.29388,-120.667946,0.0,0.0,0.0,0.0
690fd7dc87825a48788a8a6d,2025-10-12 20:11:18.069,foothill,Car,9.91859,0.0,0.0,180.0,0.0,0.4241749942302704,0.0,inf,0.0,0.0,0,0,0.5766708317482311,True,35.293877,-120.667946,0.0,0.0,0.0,0.0
690fd7dc87825a48788a8a6d,2025-10-12 20:11:18.069,foothill,Car,9.91859,0.0,0.0,180.0,0.0,0.4241749942302704,0.0,inf,0.0,0.0,0,0,0.5766708317482311,True,35.293873,-120.667946,0.0,0.0,0.0,0.0
690fd7dc87825a48788a8a6d,2025-10-12 20:11:18.069,foothill,Car,9.91859,0.0,0.0,180.0,0.0,0.4241749942302704,0.0,inf,0.0,0.0,0,0,0.5766708317482311,True,35.29387,-120.667946,0.0,0.0,0.0,0.0
690fd7dd87825a48788a8a6e,2025-10-12 20:11:20.535,foothill,Car,12.990947,0.0,0.0,0.0,0.0,0.8483499884605408,-1.590932115762983e-15,533240859328512.0,0.0,180.0,1,0,0.98,True,35.294113,-120.66802,0.1,0.0,0.0,0.0
690fd7dd87825a48788a8a6e,2025-10-12 20:11:20.535,foothill,Car,12.990947,0.0,0.0,180.0,-180.0,0.8483499884605408,-1.590932115762983e-15,533240859328512.0,0.0,180.0,0,0,0.98,True,35.294106,-120.66802,0.0,0.0,0.0,0.0
690fd7dd87825a48788a8a6e,2025-10-12 20:11:20.535,foothill,Car,12.990947,0.0,0.0,114.6763,-65.3237,0.8483499884605408,11.804625511169434,inf,0.0,65.32369995117188,0,0,0.98,True,35.294098,-120.668015,0.0,0.0,0.0,0.0
690fd7dd87825a48788a8a6e,2025-10-12 20:11:20.535,foothill,Car,12.990947,0.0,0.0,180.0,65.3237,0.8483499884605408,11.804625511169434,inf,0.0,65.32369995117188,0,0,0.98,True,35.29409,-120.668015,0.0,0.0,0.0,0.0
690fd7dd87825a48788a8a6e,2025-10-12 20:11:20.535,foothill,Car,12.990947,0.0,0.0,180.0,0.0,0.8483499884605408,0.0,inf,0.0,0.0,0,0,0.98,True,35.294083,-120.66801,0.0,0.0,0.0,0.0
690fd7dd87825a48788a8a6e,2025-10-12 20:11:20.535,foothill,Car,12.990947,0.0,0.0,180.0,0.0,0.8483499884605408,0.0,inf,0.0,0.0,0,0,0.98,True,35.294075,-120.66801,0.0,0.0,0.0,0.0
690fd7dd87825a48788a8a6f,2025-10-12 20:11:20.535,foothill,Car,10.440629,0.0,0.0,0.0,0.0,0.4241749942302704,-1.278608304099865e-15,331747401138176.0,0.0,180.0,1,0,0.7361038961038959,True,35.29414,-120.668076,0.1,0.0,0.0,0.0
690fd7dd87825a48788a8a6f,2025-10-12 20:11:20.535,foothill,Car,10.440629,0.0,0.0,180.0,-180.0,0.4241749942302704,-1.278608304099865e-15,331747401138176.0,0.0,180.0,0,0,0.7361038961038959,True,35.294136,-120.668076,0.0,0.0,0.0,0.0
690fd7dd87825a48788a8a6f,2025-10-12 20:11:20.535,foothill,Car,10.440629,0.0,0.0,121.491516,-58.508484,0.8483499884605408,8.902907371520996,inf,0.0,58.50848388671875,0,0,0.7361038961038959,True,35.29413,-120.66807,0.0,0.0,0.0,0.0
690fd7dd87825a48788a8a6f,2025-10-12 20:11:20.535,foothill,Car,10.440629,0.0,0.0,180.0,58.508484,0.8483499884605408,8.902907371520996,inf,0.0,58.50848388671875,0,0,0.7361038961038959,True,35.29412,-120.66807,0.0,0.0,0.0,0.0
690fd7dd87825a48788a8a6f,2025-10-12 20:11:20.535,foothill,Car,10.440629,0.0,0.0,180.0,0.0,0.8483499884605408,0.0,inf,0.0,0.0,0,0,0.7361038961038959,True,35.294113,-120.66807,0.0,0.0,0.0,0.0
690fd7dd87825a48788a8a6f,2025-10-12 20:11:20.535,foothill,Car,10.440629,0.0,0.0,180.0,0.0,1.0950543880462646,0.0,inf,0.0,0.0,0,0,0.7361038961038959,True,35.294106,-120.66806,0.0,0.0,0.0,0.0
690fd7dd87825a48788a8a70,2025-10-12 20:11:20.535,foothill,Car,10.857578,0.0,0.0,0.0,0.0,0.8483499884605408,-1.3296698853800773e-15,638015512772608.0,0.0,180.0,1,0,0.99,True,35.293995,-120.66802,0.1,0.0,0.0,0.0
690fd7dd87825a48788a8a70,2025-10-12 20:11:20.535,foothill,Car,10.857578,0.0,0.0,180.0,-180.0,0.4241749942302704,1.3296698853800773e-15,inf,0.0,180.0,0,0,0.99,True,35.293987,-120.66802,0.0,0.0,0.0,0.0
690fd7dd87825a48788a8a70,2025-10-12 20:11:20.535,foothill,Car,10.857578,0.0,0.0,0.0,-180.0,0.4241749942302704,1.3296698853800773e-15,inf,0.0,180.0,0,0,0.99,True,35.293983,-120.66802,0.0,0.0,0.0,0.0
690fd7dd87825a48788a8a70,2025-10-12 20:11:20.535,foothill,Car,10.857578,0.0,0.0,180.0,-180.0,0.8483499884605408,-1.3296698853800773e-15,638015512772608.0,0.0,180.0,0,0,0.99,True,35.293976,-120.66802,0.0,0.0,0.0,0.0
690fd7dd87825a48788a8a70,2025-10-12 20:11:20.535,foothill,Car,10.857578,0.0,0.0,114.67627,-65.32373,1.095055103302002,-3.644169330596924,0.3004951179027557,0.0,65.32373046875,0,0,0.99,True,35.29397,-120.668015,0.0,0.0,0.0,0.0
690fd7dd87825a48788a8a71,2025-10-12 20:11:20.535,foothill,Car,2.5968993,0.0,0.0,0.0,0.0,0.4241749942302704,0.0,inf,0.0,0.0,1,0,0.8347936507936508,True,35.293705,-120.66781,0.1,0.0,0.0,0.0
690fd7dd87825a48788a8a71,2025-10-12 20:11:20.535,foothill,Car,2.5968993,0.0,0.0,0.0,0.0,0.4241749942302704,0.0,inf,0.0,0.0,0,0,0.8347936507936508,True,35.29371,-120.66781,0.0,0.0,0.0,0.0
690fd7dd87825a48788a8a71,2025-10-12 20:11:20.535,foothill,Car,2.5968993,0.0,0.0,0.0,0.0,0.0,0.0,inf,0.0,0.0,0,0,0.8347936507936508,True,35.293716,-120.66781,0.0,0.0,0.0,0.0
690fd7dd87825a48788a8a71,2025-10-12 20:11:20.535,foothill,Car,2.5968993,0.0,0.0,0.0,0.0,0.0,0.0,inf,0.0,0.0,0,0,0.8347936507936508,True,35.293716,-120.66781,0.0,0.0,0.0,0.0
690fd7dd87825a48788a8a71,2025-10-12 20:11:20.535,foothill,Car,2.5968993,0.0,0.0,0.0,0.0,0.4241749942302704,0.0,inf,0.0,0.0,0,0,0.8347936507936508,True,35.29372,-120.66781,0.0,0.0,0.0,0.0
690fd7dd87825a48788a8a72,2025-10-12 20:10:17.468,foothill,Car,1.6594871,0.0,0.0,0.0,0.0,0.4241749942302704,0.0,inf,0.0,0.0,1,0,0.9135426825148052,True,35.29374,-120.667854,0.1,0.0,0.0,0.0
690fd7dd87825a48788a8a72,2025-10-12 20:10:17.468,foothill,Car,1.6594871,0.0,0.0,0.0,0.0,0.0,0.0,inf,0.0,0.0,0,0,0.9135426825148052,True,35.293743,-120.667854,0.0,0.0,0.0,0.0
690fd7dd87825a48788a8a72,2025-10-12 20:10:17.468,foothill,Car,1.6594871,0.0,0.0,0.0,0.0,0.0,0.0,inf,0.0,0.0,0,0,0.9135426825148052,True,35.293743,-120.667854,0.0,0.0,0.0,0.0
690fd7dd87825a48788a8a72,2025-10-12 20:10:17.468,foothill,Car,1.6594871,0.0,0.0,0.0,0.0,0.4241749942302704,0.0,inf,0.0,0.0,0,0,0.9135426825148052,True,35.293747,-120.667854,0.0,0.0,0.0,0.0
690fd7dd87825a48788a8a72,2025-10-12 20:10:17.468,foothill,Car,1.6594871,0.0,0.0,0.0,0.0,0.0,0.0,inf,0.0,0.0,0,0,0.9135426825148052,True,35.29375,-120.667854,0.0,0.0,0.0,0.0
690fd7dd87825a48788a8a72,2025-10-12 20:10:17.468,foothill,Car,1.6594871,0.0,0.0,0.0,0.0,0.0,0.0,inf,0.0,0.0,0,0,0.9135426825148052,True,35.29375,-120.667854,0.0,0.0,0.0,0.0
690fd7dd87825a48788a8a72,2025-10-12 20:10:17.468,foothill,Car,1.6594871,0.0,0.0,0.0,0.0,0.4241749942302704,0.0,inf,0.0,0.0,0,0,0.9135426825148052,True,35.293755,-120.667854,0.0,0.0,0.0,0.0
690fd7dd87825a48788a8a72,2025-10-12 20:10:17.468,foothill,Car,1.6594871,0.0,0.0,0.0,0.0,0.4241749942302704,0.0,inf,0.0,0.0,0,0,0.9135426825148052,True,35.29376,-120.667854,0.0,0.0,0.0,0.0
690fd7dd87825a48788a8a72,2025-10-12 20:10:17.468,foothill,Car,1.6594871,0.0,0.0,0.0,0.0,0.4241749942302704,0.0,inf,0.0,0.0,0,0,0.9135426825148052,True,35.293762,-120.667854,0.0,0.0,0.0,0.0
690fd7dd87825a48788a8a72,2025-10-12 20:10:17.468,foothill,Car,1.6594871,0.0,0.0,0.0,0.0,0.4241749942302704,0.0,inf,0.0,0.0,0,0,0.9135426825148052,True,35.293766,-120.667854,0.0,0.0,0.0,0.0
690fd7dd87825a48788a8a72,2025-10-12 20:10:17.468,foothill,Car,1.6594871,0.0,0.0,0.0,0.0,0.0,0.0,inf,0.0,0.0,0,0,0.9135426825148052,True,35.29377,-120.667854,0.0,0.0,0.0,0.0
690fd7dd87825a48788a8a72,2025-10-12 20:10:17.468,foothill,Car,1.6594871,0.0,0.0,0.0,0.0,0.0,0.0,inf,0.0,0.0,0,0,0.9135426825148052,True,35.29377,-120.667854,0.0,0.0,0.0,0.0
690fd7dd87825a48788a8a72,2025-10-12 20:10:17.468,foothill,Car,1.6594871,0.0,0.0,0.0,0.0,0.0,0.0,inf,0.0,0.0,0,0,0.9135426825148052,True,35.293774,-120.667854,0.0,0.0,0.0,0.0
690fd7dd87825a48788a8a72,2025-10-12 20:10:17.468,foothill,Car,1.6594871,0.0,0.0,0.0,0.0,0.0,0.0,inf,0.0,0.0,0,0,0.9135426825148052,True,35.293774,-120.667854,0.0,0.0,0.0,0.0
690fd7dd87825a48788a8a72,2025-10-12 20:10:17.468,foothill,Car,1.6594871,0.0,0.0,0.0,0.0,0.4241749942302704,0.0,inf,0.0,0.0,0,0,0.9135426825148052,True,35.293777,-120.66786,0.0,0.0,0.0,0.0
690fd7dd87825a48788a8a72,2025-10-12 20:10:17.468,foothill,Car,1.6594871,0.0,0.0,0.0,0.0,0.4241749942302704,0.0,inf,0.0,0.0,0,0,0.9135426825148052,True,35.29378,-120.66786,0.0,0.0,0.0,0.0
690fd7dd87825a48788a8a72,2025-10-12 20:10:17.468,foothill,Car,1.6594871,0.0,0.0,0.0,0.0,0.0,0.0,inf,0.0,0.0,0,0,0.9135426825148052,True,35.293785,-120.66786,0.0,0.0,0.0,0.0
690fd7dd87825a48788a8a72,2025-10-12 20:10:17.468,foothill,Car,1.6594871,0.0,0.0,0.0,0.0,0.0,0.0,inf,0.0,0.0,0,0,0.9135426825148052,True,35.293785,-120.66786,0.0,0.0,0.0,0.0
690fd7dd87825a48788a8a72,2025-10-12 20:10:17.468,foothill,Car,1.6594871,0.0,0.0,0.0,0.0,0.4241749942302704,0.0,inf,0.0,0.0,0,0,0.9135426825148052,True,35.29379,-120.66786,0.0,0.0,0.0,0.0
690fd7dd87825a48788a8a72,2025-10-12 20:10:17.468,foothill,Car,1.6594871,0.0,0.0,0.0,0.0,0.0,0.0,inf,0.0,0.0,0,0,0.9135426825148052,True,35.293793,-120.66786,0.0,0.0,0.0,0.0
690fd7dd87825a48788a8a72,2025-10-12 20:10:17.468,foothill,Car,1.6594871,0.0,0.0,0.0,0.0,0.0,0.0,inf,0.0,0.0,0,0,0.9135426825148052,True,35.293793,-120.66786,0.0,0.0,0.0,0.0
690fd7dd87825a48788a8a72,2025-10-12 20:10:17.468,foothill,Car,1.6594871,0.0,0.0,0.0,0.0,0.0,0.0,inf,0.0,0.0,0,0,0.9135426825148052,True,35.293793,-120.66786,0.0,0.0,0.0,0.0
690fd7dd87825a48788a8a72,2025-10-12 20:10:17.468,foothill,Car,1.6594871,0.0,0.0,0.0,0.0,0.4241749942302704,0.0,inf,0.0,0.0,0,0,0.9135426825148052,True,35.293797,-120.66786,0.0,0.0,0.0,0.0
690fd7dd87825a48788a8a72,2025-10-12 20:10:17.468,foothill,Car,1.6594871,0.0,0.0,0.0,0.0,0.0,0.0,inf,0.0,0.0,0,0,0.9135426825148052,True,35.2938,-120.66786,0.0,0.0,0.0,0.0
690fd7dd87825a48788a8a72,2025-10-12 20:10:17.468,foothill,Car,1.6594871,0.0,0.0,0.0,0.0,0.0,0.0,inf,0.0,0.0,0,0,0.9135426825148052,True,35.2938,-120.66786,0.0,0.0,0.0,0.0
690fd7dd87825a48788a8a72,2025-10-12 20:10:17.468,foothill,Car,1.6594871,0.0,0.0,0.0,0.0,0.0,0.0,inf,0.0,0.0,0,0,0.9135426825148052,True,35.293804,-120.66786,0.0,0.0,0.0,0.0
690fd7dd87825a48788a8a72,2025-10-12 20:10:17.468,foothill,Car,1.6594871,0.0,0.0,0.0,0.0,0.0,0.0,inf,0.0,0.0,0,0,0.9135426825148052,True,35.293804,-120.66786,0.0,0.0,0.0,0.0
690fd7dd87825a48788a8a72,2025-10-12 20:10:17.468,foothill,Car,1.6594871,0.0,0.0,0.0,0.0,0.0,0.0,inf,0.0,0.0,0,0,0.9135426825148052,True,35.293808,-120.66786,0.0,0.0,0.0,0.0
690fd7dd87825a48788a8a72,2025-10-12 20:10:17.468,foothill,Car,1.6594871,0.0,0.0,0.0,0.0,0.0,0.0,inf,0.0,0.0,0,0,0.9135426825148052,True,35.293808,-120.66786,0.0,0.0,0.0,0.0
690fd7dd87825a48788a8a72,2025-10-12 20:10:17.468,foothill,Car,1.6594871,0.0,0.0,0.0,0.0,0.0,0.0,inf,0.0,0.0,0,0,0.9135426825148052,True,35.29381,-120.66786,0.0,0.0,0.0,0.0
690fd7dd87825a48788a8a72,2025-10-12 20:10:17.468,foothill,Car,1.6594871,0.0,0.0,0.0,0.0,0.0,0.0,inf,0.0,0.0,0,0,0.9135426825148052,True,35.29381,-120.66786,0.0,0.0,0.0,0.0
690fd7dd87825a48788a8a72,2025-10-12 20:10:17.468,foothill,Car,1.6594871,0.0,0.0,0.0,0.0,0.4241749942302704,0.0,inf,0.0,0.0,0,0,0.9135426825148052,True,35.293816,-120.66786,0.0,0.0,0.0,0.0
690fd7dd87825a48788a8a72,2025-10-12 20:10:17.468,foothill,Car,1.6594871,0.0,0.0,0.0,0.0,0.0,0.0,inf,0.0,0.0,0,0,0.9135426825148052,True,35.29382,-120.66786,0.0,0.0,0.0,0.0
690fd7dd87825a48788a8a72,2025-10-12 20:10:17.468,foothill,Car,1.6594871,0.0,0.0,0.0,0.0,0.0,0.0,inf,0.0,0.0,0,0,0.9135426825148052,True,35.29382,-120.66786,0.0,0.0,0.0,0.0
690fd7dd87825a48788a8a72,2025-10-12 20:10:17.468,foothill,Car,1.6594871,0.0,0.0,0.0,0.0,0.0,0.0,inf,0.0,0.0,0,0,0.9135426825148052,True,35.293823,-120.66786,0.0,0.0,0.0,0.0
690fd7dd87825a48788a8a72,2025-10-12 20:10:17.468,foothill,Car,1.6594871,0.0,0.0,0.0,0.0,0.0,0.0,inf,0.0,0.0,0,0,0.9135426825148052,True,35.293823,-120.66786,0.0,0.0,0.0,0.0
690fd7dd87825a48788a8a72,2025-10-12 20:10:17.468,foothill,Car,1.6594871,0.0,0.0,0.0,0.0,0.0,0.0,inf,0.0,0.0,0,0,0.9135426825148052,True,35.293827,-120.66786,0.0,0.0,0.0,0.0
690fd7dd87825a48788a8a72,2025-10-12 20:10:17.468,foothill,Car,1.6594871,0.0,0.0,0.0,0.0,0.0,0.0,inf,0.0,0.0,0,0,0.9135426825148052,True,35.293827,-120.66786,0.0,0.0,0.0,0.0
690fd7dd87825a48788a8a72,2025-10-12 20:10:17.468,foothill,Car,1.6594871,0.0,0.0,0.0,0.0,0.0,0.0,inf,0.0,0.0,0,0,0.9135426825148052,True,35.29383,-120.66786,0.0,0.0,0.0,0.0
690fd7dd87825a48788a8a72,2025-10-12 20:10:17.468,foothill,Car,1.6594871,0.0,0.0,0.0,0.0,0.0,0.0,inf,0.0,0.0,0,0,0.9135426825148052,True,35.29383,-120.66786,0.0,0.0,0.0,0.0
690fd7dd87825a48788a8a72,2025-10-12 20:10:17.468,foothill,Car,1.6594871,0.0,0.0,0.0,0.0,0.0,0.0,inf,0.0,0.0,0,0,0.9135426825148052,True,35.293835,-120.66786,0.0,0.0,0.0,0.0
690fd7dd87825a48788a8a72,2025-10-12 20:10:17.468,foothill,Car,1.6594871,0.0,0.0,0.0,0.0,0.0,0.0,inf,0.0,0.0,0,0,0.9135426825148052,True,35.293835,-120.66786,0.0,0.0,0.0,0.0
690fd7dd87825a48788a8a72,2025-10-12 20:10:17.468,foothill,Car,1.6594871,0.0,0.0,0.0,0.0,0.4241749942302704,0.0,inf,0.0,0.0,0,0,0.9135426825148052,True,35.29384,-120.66786,0.0,0.0,0.0,0.0
690fd7dd87825a48788a8a72,2025-10-12 20:10:17.468,foothill,Car,1.6594871,0.0,0.0,0.0,0.0,0.0,0.0,inf,0.0,0.0,0,0,0.9135426825148052,True,35.293842,-120.66786,0.0,0.0,0.0,0.0
690fd7dd87825a48788a8a72,2025-10-12 20:10:17.468,foothill,Car,1.6594871,0.0,0.0,0.0,0.0,0.0,0.0,inf,0.0,0.0,0,0,0.9135426825148052,True,35.293842,-120.66786,0.0,0.0,0.0,0.0
690fd7dd87825a48788a8a72,2025-10-12 20:10:17.468,foothill,Car,1.6594871,0.0,0.0,0.0,0.0,0.0,0.0,inf,0.0,0.0,0,0,0.9135426825148052,True,35.293842,-120.66786,0.0,0.0,0.0,0.0
690fd7dd87825a48788a8a72,2025-10-12 20:10:17.468,foothill,Car,1.6594871,0.0,0.0,0.0,0.0,0.4241749942302704,0.0,inf,0.0,0.0,0,0,0.9135426825148052,True,35.293846,-120.66786,0.0,0.0,0.0,0.0
690fd7dd87825a48788a8a72,2025-10-12 20:10:17.468,foothill,Car,1.6594871,0.0,0.0,294.67627,-65.32373,0.4241749942302704,1.5079447031021118,inf,0.0,65.32373046875,0,0,0.9135426825148052,True,35.29385,-120.66787,0.0,0.0,0.0,0.0
690fd7dd87825a48788a8a72,2025-10-12 20:10:17.468,foothill,Car,1.6594871,0.0,0.0,0.0,65.32373,0.0,0.0,inf,0.0,0.0,0,0,0.9135426825148052,True,35.293854,-120.66787,0.0,0.0,0.0,0.0
690fd7dd87825a48788a8a72,2025-10-12 20:10:17.468,foothill,Car,1.6594871,0.0,0.0,0.0,0.0,0.0,0.0,inf,0.0,0.0,0,0,0.9135426825148052,True,35.293854,-120.66787,0.0,0.0,0.0,0.0
690fd7dd87825a48788a8a72,2025-10-12 20:10:17.468,foothill,Car,1.6594871,0.0,0.0,0.0,0.0,0.0,0.0,inf,0.0,0.0,0,0,0.9135426825148052,True,35.293858,-120.66787,0.0,0.0,0.0,0.0
690fd7dd87825a48788a8a72,2025-10-12 20:10:17.468,foothill,Car,1.6594871,0.0,0.0,0.0,0.0,0.0,0.0,inf,0.0,0.0,0,0,0.9135426825148052,True,35.293858,-120.66787,0.0,0.0,0.0,0.0
690fd7dd87825a48788a8a72,2025-10-12 20:10:17.468,foothill,Car,1.6594871,0.0,0.0,0.0,0.0,0.0,0.0,inf,0.0,0.0,0,0,0.9135426825148052,True,35.293858,-120.66787,0.0,0.0,0.0,0.0
690fd7dd87825a48788a8a72,2025-10-12 20:10:17.468,foothill,Car,1.6594871,0.0,0.0,0.0,0.0,0.0,0.0,inf,0.0,0.0,0,0,0.9135426825148052,True,35.293858,-120.66787,0.0,0.0,0.0,0.0
690fd7dd87825a48788a8a72,2025-10-12 20:10:17.468,foothill,Car,1.6594871,0.0,0.0,0.0,0.0,0.0,0.0,inf,0.0,0.0,0,0,0.9135426825148052,True,35.29386,-120.66787,0.0,0.0,0.0,0.0
690fd7dd87825a48788a8a72,2025-10-12 20:10:17.468,foothill,Car,1.6594871,0.0,0.0,0.0,0.0,0.0,0.0,inf,0.0,0.0,0,0,0.9135426825148052,True,35.29386,-120.66787,0.0,0.0,0.0,0.0
690fd7dd87825a48788a8a72,2025-10-12 20:10:17.468,foothill,Car,1.6594871,0.0,0.0,0.0,0.0,0.0,0.0,inf,0.0,0.0,0,0,0.9135426825148052,True,35.293865,-120.66787,0.0,0.0,0.0,0.0
690fd7dd87825a48788a8a72,2025-10-12 20:10:17.468,foothill,Car,1.6594871,0.0,0.0,0.0,0.0,0.0,0.0,inf,0.0,0.0,0,0,0.9135426825148052,True,35.293865,-120.66787,0.0,0.0,0.0,0.0
690fd7dd87825a48788a8a72,2025-10-12 20:10:17.468,foothill,Car,1.6594871,0.0,0.0,0.0,0.0,0.0,0.0,inf,0.0,0.0,0,0,0.9135426825148052,True,35.29387,-120.66787,0.0,0.0,0.0,0.0
690fd7dd87825a48788a8a72,2025-10-12 20:10:17.468,foothill,Car,1.6594871,0.0,0.0,0.0,0.0,0.0,0.0,inf,0.0,0.0,0,0,0.9135426825148052,True,35.29387,-120.66787,0.0,0.0,0.0,0.0
690fd7dd87825a48788a8a72,2025-10-12 20:10:17.468,foothill,Car,1.6594871,0.0,0.0,0.0,0.0,0.0,0.0,inf,0.0,0.0,0,0,0.9135426825148052,True,35.29387,-120.66787,0.0,0.0,0.0,0.0
690fd7dd87825a48788a8a72,2025-10-12 20:10:17.468,foothill,Car,1.6594871,0.0,0.0,0.0,0.0,0.0,0.0,inf,0.0,0.0,0,0,0.9135426825148052,True,35.293873,-120.66787,0.0,0.0,0.0,0.0
690fd7dd87825a48788a8a72,2025-10-12 20:10:17.468,foothill,Car,1.6594871,0.0,0.0,0.0,0.0,0.0,0.0,inf,0.0,0.0,0,0,0.9135426825148052,True,35.293873,-120.66787,0.0,0.0,0.0,0.0
690fd7dd87825a48788a8a72,2025-10-12 20:10:17.468,foothill,Car,1.6594871,0.0,0.0,0.0,0.0,0.0,0.0,inf,0.0,0.0,0,0,0.9135426825148052,True,35.293873,-120.66787,0.0,0.0,0.0,0.0
690fd7dd87825a48788a8a72,2025-10-12 20:10:17.468,foothill,Car,1.6594871,0.0,0.0,0.0,0.0,0.0,0.0,inf,0.0,0.0,0,0,0.9135426825148052,True,35.293877,-120.66787,0.0,0.0,0.0,0.0
690fd7dd87825a48788a8a72,2025-10-12 20:10:17.468,foothill,Car,1.6594871,0.0,0.0,0.0,0.0,0.0,0.0,inf,0.0,0.0,0,0,0.9135426825148052,True,35.293877,-120.66787,0.0,0.0,0.0,0.0
690fd7dd87825a48788a8a72,2025-10-12 20:10:17.468,foothill,Car,1.6594871,0.0,0.0,0.0,0.0,0.0,0.0,inf,0.0,0.0,0,0,0.9135426825148052,True,35.29388,-120.66787,0.0,0.0,0.0,0.0
690fd7dd87825a48788a8a72,2025-10-12 20:10:17.468,foothill,Car,1.6594871,0.0,0.0,0.0,0.0,0.0,0.0,inf,0.0,0.0,0,0,0.9135426825148052,True,35.29388,-120.66787,0.0,0.0,0.0,0.0
690fd7dd87825a48788a8a72,2025-10-12 20:10:17.468,foothill,Car,1.6594871,0.0,0.0,0.0,0.0,0.0,0.0,inf,0.0,0.0,0,0,0.9135426825148052,True,35.29388,-120.66787,0.0,0.0,0.0,0.0
690fd7dd87825a48788a8a72,2025-10-12 20:10:17.468,foothill,Car,1.6594871,0.0,0.0,0.0,0.0,0.0,0.0,inf,0.0,0.0,0,0,0.9135426825148052,True,35.293884,-120.66787,0.0,0.0,0.0,0.0
690fd7dd87825a48788a8a72,2025-10-12 20:10:17.468,foothill,Car,1.6594871,0.0,0.0,0.0,0.0,0.0,0.0,inf,0.0,0.0,0,0,0.9135426825148052,True,35.293884,-120.66787,0.0,0.0,0.0,0.0
690fd7dd87825a48788a8a72,2025-10-12 20:10:17.468,foothill,Car,1.6594871,0.0,0.0,0.0,0.0,0.0,0.0,inf,0.0,0.0,0,0,0.9135426825148052,True,35.293884,-120.66787,0.0,0.0,0.0,0.0
690fd7dd87825a48788a8a72,2025-10-12 20:10:17.468,foothill,Car,1.6594871,0.0,0.0,0.0,0.0,0.0,0.0,inf,0.0,0.0,0,0,0.9135426825148052,True,35.293888,-120.66787,0.0,0.0,0.0,0.0
690fd7dd87825a48788a8a72,2025-10-12 20:10:17.468,foothill,Car,1.6594871,0.0,0.0,0.0,0.0,0.0,0.0,inf,0.0,0.0,0,0,0.9135426825148052,True,35.293888,-120.66787,0.0,0.0,0.0,0.0
690fd7dd87825a48788a8a72,2025-10-12 20:10:17.468,foothill,Car,1.6594871,0.0,0.0,0.0,0.0,0.0,0.0,inf,0.0,0.0,0,0,0.9135426825148052,True,35.293888,-120.66787,0.0,0.0,0.0,0.0
690fd7dd87825a48788a8a72,2025-10-12 20:10:17.468,foothill,Car,1.6594871,0.0,0.0,0.0,0.0,0.0,0.0,inf,0.0,0.0,0,0,0.9135426825148052,True,35.293888,-120.66787,0.0,0.0,0.0,0.0
690fd7dd87825a48788a8a72,2025-10-12 20:10:17.468,foothill,Car,1.6594871,0.0,0.0,0.0,0.0,0.0,0.0,inf,0.0,0.0,0,0,0.9135426825148052,True,35.293888,-120.66787,0.0,0.0,0.0,0.0
690fd7dd87825a48788a8a72,2025-10-12 20:10:17.468,foothill,Car,1.6594871,0.0,0.0,0.0,0.0,0.0,0.0,inf,0.0,0.0,0,0,0.9135426825148052,True,35.29389,-120.66787,0.0,0.0,0.0,0.0
690fd7dd87825a48788a8a72,2025-10-12 20:10:17.468,foothill,Car,1.6594871,0.0,0.0,0.0,0.0,0.0,0.0,inf,0.0,0.0,0,0,0.9135426825148052,True,35.29389,-120.66787,0.0,0.0,0.0,0.0
690fd7dd87825a48788a8a72,2025-10-12 20:10:17.468,foothill,Car,1.6594871,0.0,0.0,0.0,0.0,0.0,0.0,inf,0.0,0.0,0,0,0.9135426825148052,True,35.29389,-120.66787,0.0,0.0,0.0,0.0
690fd7dd87825a48788a8a72,2025-10-12 20:10:17.468,foothill,Car,1.6594871,0.0,0.0,0.0,0.0,0.0,0.0,inf,0.0,0.0,0,0,0.9135426825148052,True,35.29389,-120.66787,0.0,0.0,0.0,0.0
690fd7dd87825a48788a8a72,2025-10-12 20:10:17.468,foothill,Car,1.6594871,0.0,0.0,0.0,0.0,0.0,0.0,inf,0.0,0.0,0,0,0.9135426825148052,True,35.29389,-120.66787,0.0,0.0,0.0,0.0
690fd7dd87825a48788a8a72,2025-10-12 20:10:17.468,foothill,Car,1.6594871,0.0,0.0,0.0,0.0,0.0,0.0,inf,0.0,0.0,0,0,0.9135426825148052,True,35.29389,-120.66787,0.0,0.0,0.0,0.0
690fd7dd87825a48788a8a72,2025-10-12 20:10:17.468,foothill,Car,1.6594871,0.0,0.0,0.0,0.0,0.0,0.0,inf,0.0,0.0,0,0,0.9135426825148052,True,35.29389,-120.66787,0.0,0.0,0.0,0.0
690fd7dd87825a48788a8a72,2025-10-12 20:10:17.468,foothill,Car,1.6594871,0.0,0.0,0.0,0.0,0.0,0.0,inf,0.0,0.0,0,0,0.9135426825148052,True,35.293896,-120.66787,0.0,0.0,0.0,0.0
690fd7dd87825a48788a8a72,2025-10-12 20:10:17.468,foothill,Car,1.6594871,0.0,0.0,0.0,0.0,0.0,0.0,inf,0.0,0.0,0,0,0.9135426825148052,True,35.293896,-120.66787,0.0,0.0,0.0,0.0
690fd7dd87825a48788a8a72,2025-10-12 20:10:17.468,foothill,Car,1.6594871,0.0,0.0,0.0,0.0,0.0,0.0,inf,0.0,0.0,0,0,0.9135426825148052,True,35.293896,-120.66787,0.0,0.0,0.0,0.0
690fd7dd87825a48788a8a72,2025-10-12 20:10:17.468,foothill,Car,1.6594871,0.0,0.0,0.0,0.0,0.0,0.0,inf,0.0,0.0,0,0,0.9135426825148052,True,35.293896,-120.66787,0.0,0.0,0.0,0.0
690fd7dd87825a48788a8a72,2025-10-12 20:10:17.468,foothill,Car,1.6594871,0.0,0.0,0.0,0.0,0.0,0.0,inf,0.0,0.0,0,0,0.9135426825148052,True,35.293896,-120.66787,0.0,0.0,0.0,0.0
690fd7dd87825a48788a8a72,2025-10-12 20:10:17.468,foothill,Car,1.6594871,0.0,0.0,0.0,0.0,0.0,0.0,inf,0.0,0.0,0,0,0.9135426825148052,True,35.293896,-120.66787,0.0,0.0,0.0,0.0
690fd7dd87825a48788a8a72,2025-10-12 20:10:17.468,foothill,Car,1.6594871,0.0,0.0,0.0,0.0,0.0,0.0,inf,0.0,0.0,0,0,0.9135426825148052,True,35.293896,-120.66787,0.0,0.0,0.0,0.0
690fd7dd87825a48788a8a72,2025-10-12 20:10:17.468,foothill,Car,1.6594871,0.0,0.0,0.0,0.0,0.0,0.0,inf,0.0,0.0,0,0,0.9135426825148052,True,35.293896,-120.66787,0.0,0.0,0.0,0.0
690fd7dd87825a48788a8a72,2025-10-12 20:10:17.468,foothill,Car,1.6594871,0.0,0.0,0.0,0.0,0.0,0.0,inf,0.0,0.0,0,0,0.9135426825148052,True,35.293896,-120.66787,0.0,0.0,0.0,0.0
690fd7dd87825a48788a8a72,2025-10-12 20:10:17.468,foothill,Car,1.6594871,0.0,0.0,0.0,0.0,0.0,0.0,inf,0.0,0.0,0,0,0.9135426825148052,True,35.293896,-120.66787,0.0,0.0,0.0,0.0
690fd7dd87825a48788a8a72,2025-10-12 20:10:17.468,foothill,Car,1.6594871,0.0,0.0,0.0,0.0,0.0,0.0,inf,0.0,0.0,0,0,0.9135426825148052,True,35.293896,-120.66787,0.0,0.0,0.0,0.0
690fd7dd87825a48788a8a72,2025-10-12 20:10:17.468,foothill,Car,1.6594871,0.0,0.0,0.0,0.0,0.0,0.0,inf,0.0,0.0,0,0,0.9135426825148052,True,35.293896,-120.66787,0.0,0.0,0.0,0.0
690fd7dd87825a48788a8a72,2025-10-12 20:10:17.468,foothill,Car,1.6594871,0.0,0.0,0.0,0.0,0.0,0.0,inf,0.0,0.0,0,0,0.9135426825148052,True,35.293896,-120.66787,0.0,0.0,0.0,0.0
690fd7dd87825a48788a8a72,2025-10-12 20:10:17.468,foothill,Car,1.6594871,0.0,0.0,0.0,0.0,0.0,0.0,inf,0.0,0.0,0,0,0.9135426825148052,True,35.293896,-120.66787,0.0,0.0,0.0,0.0
690fd7dd87825a48788a8a72,2025-10-12 20:10:17.468,foothill,Car,1.6594871,0.0,0.0,0.0,0.0,0.0,0.0,inf,0.0,0.0,0,0,0.9135426825148052,True,35.293896,-120.66787,0.0,0.0,0.0,0.0
690fd7dd87825a48788a8a72,2025-10-12 20:10:17.468,foothill,Car,1.6594871,0.0,0.0,0.0,0.0,0.0,0.0,inf,0.0,0.0,0,0,0.9135426825148052,True,35.293896,-120.66787,0.0,0.0,0.0,0.0
690fd7dd87825a48788a8a72,2025-10-12 20:10:17.468,foothill,Car,1.6594871,0.0,0.0,0.0,0.0,0.0,0.0,inf,0.0,0.0,0,0,0.9135426825148052,True,35.293896,-120.66787,0.0,0.0,0.0,0.0
690fd7dd87825a48788a8a72,2025-10-12 20:10:17.468,foothill,Car,1.6594871,0.0,0.0,0.0,0.0,0.0,0.0,inf,0.0,0.0,0,0,0.9135426825148052,True,35.293896,-120.66787,0.0,0.0,0.0,0.0
690fd7dd87825a48788a8a72,2025-10-12 20:10:17.468,foothill,Car,1.6594871,0.0,0.0,0.0,0.0,0.0,0.0,inf,0.0,0.0,0,0,0.9135426825148052,True,35.293896,-120.66787,0.0,0.0,0.0,0.0
690fd7dd87825a48788a8a72,2025-10-12 20:10:17.468,foothill,Car,1.6594871,0.0,0.0,0.0,0.0,0.0,0.0,inf,0.0,0.0,0,0,0.9135426825148052,True,35.293896,-120.66787,0.0,0.0,0.0,0.0
690fd7dd87825a48788a8a72,2025-10-12 20:10:17.468,foothill,Car,1.6594871,0.0,0.0,0.0,0.0,0.0,0.0,inf,0.0,0.0,0,0,0.9135426825148052,True,35.293896,-120.66787,0.0,0.0,0.0,0.0
690fd7dd87825a48788a8a72,2025-10-12 20:10:17.468,foothill,Car,1.6594871,0.0,0.0,0.0,0.0,0.0,0.0,inf,0.0,0.0,0,0,0.9135426825148052,True,35.293896,-120.66787,0.0,0.0,0.0,0.0
690fd7dd87825a48788a8a72,2025-10-12 20:10:17.468,foothill,Car,1.6594871,0.0,0.0,0.0,0.0,0.0,0.0,inf,0.0,0.0,0,0,0.9135426825148052,True,35.293896,-120.66787,0.0,0.0,0.0,0.0
690fd7dd87825a48788a8a72,2025-10-12 20:10:17.468,foothill,Car,1.6594871,0.0,0.0,0.0,0.0,0.0,0.0,inf,0.0,0.0,0,0,0.9135426825148052,True,35.293896,-120.66787,0.0,0.0,0.0,0.0
690fd7dd87825a48788a8a72,2025-10-12 20:10:17.468,foothill,Car,1.6594871,0.0,0.0,0.0,0.0,0.0,0.0,inf,0.0,0.0,0,0,0.9135426825148052,True,35.293896,-120.66787,0.0,0.0,0.0,0.0
690fd7dd87825a48788a8a72,2025-10-12 20:10:17.468,foothill,Car,1.6594871,0.0,0.0,0.0,0.0,0.0,0.0,inf,0.0,0.0,0,0,0.9135426825148052,True,35.293896,-120.66787,0.0,0.0,0.0,0.0
690fd7dd87825a48788a8a72,2025-10-12 20:10:17.468,foothill,Car,1.6594871,0.0,0.0,0.0,0.0,0.0,0.0,inf,0.0,0.0,0,0,0.9135426825148052,True,35.293896,-120.66787,0.0,0.0,0.0,0.0
690fd7dd87825a48788a8a72,2025-10-12 20:10:17.468,foothill,Car,1.6594871,0.0,0.0,0.0,0.0,0.0,0.0,inf,0.0,0.0,0,0,0.9135426825148052,True,35.293896,-120.66787,0.0,0.0,0.0,0.0
690fd7dd87825a48788a8a72,2025-10-12 20:10:17.468,foothill,Car,1.6594871,0.0,0.0,0.0,0.0,0.0,0.0,inf,0.0,0.0,0,0,0.9135426825148052,True,35.293896,-120.66787,0.0,0.0,0.0,0.0
690fd7dd87825a48788a8a72,2025-10-12 20:10:17.468,foothill,Car,1.6594871,0.0,0.0,0.0,0.0,0.0,0.0,inf,0.0,0.0,0,0,0.9135426825148052,True,35.293896,-120.66787,0.0,0.0,0.0,0.0
690fd7dd87825a48788a8a72,2025-10-12 20:10:17.468,foothill,Car,1.6594871,0.0,0.0,0.0,0.0,0.0,0.0,inf,0.0,0.0,0,0,0.9135426825148052,True,35.293896,-120.66787,0.0,0.0,0.0,0.0
690fd7dd87825a48788a8a72,2025-10-12 20:10:17.468,foothill,Car,1.6594871,0.0,0.0,0.0,0.0,0.0,0.0,inf,0.0,0.0,0,0,0.9135426825148052,True,35.293896,-120.66787,0.0,0.0,0.0,0.0
690fd7dd87825a48788a8a72,2025-10-12 20:10:17.468,foothill,Car,1.6594871,0.0,0.0,0.0,0.0,0.0,0.0,inf,0.0,0.0,0,0,0.9135426825148052,True,35.293896,-120.66787,0.0,0.0,0.0,0.0
690fd7dd87825a48788a8a72,2025-10-12 20:10:17.468,foothill,Car,1.6594871,0.0,0.0,0.0,0.0,0.0,0.0,inf,0.0,0.0,0,0,0.9135426825148052,True,35.293896,-120.66787,0.0,0.0,0.0,0.0
690fd7dd87825a48788a8a72,2025-10-12 20:10:17.468,foothill,Car,1.6594871,0.0,0.0,0.0,0.0,0.0,0.0,inf,0.0,0.0,0,0,0.9135426825148052,True,35.293896,-120.66787,0.0,0.0,0.0,0.0
690fd7dd87825a48788a8a72,2025-10-12 20:10:17.468,foothill,Car,1.6594871,0.0,0.0,0.0,0.0,0.0,0.0,inf,0.0,0.0,0,0,0.9135426825148052,True,35.293896,-120.66787,0.0,0.0,0.0,0.0
690fd7dd87825a48788a8a72,2025-10-12 20:10:17.468,foothill,Car,1.6594871,0.0,0.0,0.0,0.0,0.0,0.0,inf,0.0,0.0,0,0,0.9135426825148052,True,35.293896,-120.66787,0.0,0.0,0.0,0.0
690fd7dd87825a48788a8a72,2025-10-12 20:10:17.468,foothill,Car,1.6594871,0.0,0.0,0.0,0.0,0.0,0.0,inf,0.0,0.0,0,0,0.9135426825148052,True,35.293896,-120.66787,0.0,0.0,0.0,0.0
690fd7dd87825a48788a8a72,2025-10-12 20:10:17.468,foothill,Car,1.6594871,0.0,0.0,0.0,0.0,0.0,0.0,inf,0.0,0.0,0,0,0.9135426825148052,True,35.293896,-120.66787,0.0,0.0,0.0,0.0
690fd7dd87825a48788a8a72,2025-10-12 20:10:17.468,foothill,Car,1.6594871,0.0,0.0,0.0,0.0,0.0,0.0,inf,0.0,0.0,0,0,0.9135426825148052,True,35.293896,-120.66787,0.0,0.0,0.0,0.0
690fd7dd87825a48788a8a72,2025-10-12 20:10:17.468,foothill,Car,1.6594871,0.0,0.0,0.0,0.0,0.0,0.0,inf,0.0,0.0,0,0,0.9135426825148052,True,35.293896,-120.66787,0.0,0.0,0.0,0.0
690fd7dd87825a48788a8a72,2025-10-12 20:10:17.468,foothill,Car,1.6594871,0.0,0.0,0.0,0.0,0.0,0.0,inf,0.0,0.0,0,0,0.9135426825148052,True,35.293896,-120.66787,0.0,0.0,0.0,0.0
690fd7dd87825a48788a8a72,2025-10-12 20:10:17.468,foothill,Car,1.6594871,0.0,0.0,0.0,0.0,0.0,0.0,inf,0.0,0.0,0,0,0.9135426825148052,True,35.293896,-120.66787,0.0,0.0,0.0,0.0
690fd7dd87825a48788a8a72,2025-10-12 20:10:17.468,foothill,Car,1.6594871,0.0,0.0,0.0,0.0,0.0,0.0,inf,0.0,0.0,0,0,0.9135426825148052,True,35.293896,-120.66787,0.0,0.0,0.0,0.0
690fd7dd87825a48788a8a72,2025-10-12 20:10:17.468,foothill,Car,1.6594871,0.0,0.0,0.0,0.0,0.0,0.0,inf,0.0,0.0,0,0,0.9135426825148052,True,35.293896,-120.66787,0.0,0.0,0.0,0.0
690fd7dd87825a48788a8a72,2025-10-12 20:10:17.468,foothill,Car,1.6594871,0.0,0.0,0.0,0.0,0.0,0.0,inf,0.0,0.0,0,0,0.9135426825148052,True,35.293896,-120.66787,0.0,0.0,0.0,0.0
690fd7dd87825a48788a8a72,2025-10-12 20:10:17.468,foothill,Car,1.6594871,0.0,0.0,0.0,0.0,0.0,0.0,inf,0.0,0.0,0,0,0.9135426825148052,True,35.293896,-120.66787,0.0,0.0,0.0,0.0
690fd7dd87825a48788a8a72,2025-10-12 20:10:17.468,foothill,Car,1.6594871,0.0,0.0,0.0,0.0,0.0,0.0,inf,0.0,0.0,0,0,0.9135426825148052,True,35.293896,-120.66787,0.0,0.0,0.0,0.0
690fd7dd87825a48788a8a72,2025-10-12 20:10:17.468,foothill,Car,1.6594871,0.0,0.0,0.0,0.0,0.0,0.0,inf,0.0,0.0,0,0,0.9135426825148052,True,35.293896,-120.66787,0.0,0.0,0.0,0.0
690fd7dd87825a48788a8a72,2025-10-12 20:10:17.468,foothill,Car,1.6594871,0.0,0.0,0.0,0.0,0.0,0.0,inf,0.0,0.0,0,0,0.9135426825148052,True,35.293896,-120.66787,0.0,0.0,0.0,0.0
690fd7dd87825a48788a8a72,2025-10-12 20:10:17.468,foothill,Car,1.6594871,0.0,0.0,0.0,0.0,0.0,0.0,inf,0.0,0.0,0,0,0.9135426825148052,True,35.293896,-120.66787,0.0,0.0,0.0,0.0
690fd7dd87825a48788a8a72,2025-10-12 20:10:17.468,foothill,Car,1.6594871,0.0,0.0,0.0,0.0,0.0,0.0,inf,0.0,0.0,0,0,0.9135426825148052,True,35.293896,-120.66787,0.0,0.0,0.0,0.0
690fd7dd87825a48788a8a72,2025-10-12 20:10:17.468,foothill,Car,1.6594871,0.0,0.0,0.0,0.0,0.0,0.0,inf,0.0,0.0,0,0,0.9135426825148052,True,35.293896,-120.66787,0.0,0.0,0.0,0.0
690fd7dd87825a48788a8a72,2025-10-12 20:10:17.468,foothill,Car,1.6594871,0.0,0.0,0.0,0.0,0.0,0.0,inf,0.0,0.0,0,0,0.9135426825148052,True,35.293896,-120.66787,0.0,0.0,0.0,0.0
690fd7dd87825a48788a8a72,2025-10-12 20:10:17.468,foothill,Car,1.6594871,0.0,0.0,0.0,0.0,0.0,0.0,inf,0.0,0.0,0,0,0.9135426825148052,True,35.293896,-120.66787,0.0,0.0,0.0,0.0
690fd7dd87825a48788a8a72,2025-10-12 20:10:17.468,foothill,Car,1.6594871,0.0,0.0,0.0,0.0,0.0,0.0,inf,0.0,0.0,0,0,0.9135426825148052,True,35.293896,-120.66787,0.0,0.0,0.0,0.0
690fd7dd87825a48788a8a72,2025-10-12 20:10:17.468,foothill,Car,1.6594871,0.0,0.0,0.0,0.0,0.0,0.0,inf,0.0,0.0,0,0,0.9135426825148052,True,35.293896,-120.66787,0.0,0.0,0.0,0.0
690fd7dd87825a48788a8a72,2025-10-12 20:10:17.468,foothill,Car,1.6594871,0.0,0.0,0.0,0.0,0.0,0.0,inf,0.0,0.0,0,0,0.9135426825148052,True,35.293896,-120.66787,0.0,0.0,0.0,0.0
690fd7dd87825a48788a8a72,2025-10-12 20:10:17.468,foothill,Car,1.6594871,0.0,0.0,0.0,0.0,0.0,0.0,inf,0.0,0.0,0,0,0.9135426825148052,True,35.293896,-120.66787,0.0,0.0,0.0,0.0
690fd7dd87825a48788a8a72,2025-10-12 20:10:17.468,foothill,Car,1.6594871,0.0,0.0,0.0,0.0,0.0,0.0,inf,0.0,0.0,0,0,0.9135426825148052,True,35.293896,-120.66787,0.0,0.0,0.0,0.0
690fd7dd87825a48788a8a72,2025-10-12 20:10:17.468,foothill,Car,1.6594871,0.0,0.0,0.0,0.0,0.0,0.0,inf,0.0,0.0,0,0,0.9135426825148052,True,35.293896,-120.66787,0.0,0.0,0.0,0.0
690fd7dd87825a48788a8a72,2025-10-12 20:10:17.468,foothill,Car,1.6594871,0.0,0.0,0.0,0.0,0.0,0.0,inf,0.0,0.0,0,0,0.9135426825148052,True,35.293896,-120.66787,0.0,0.0,0.0,0.0
690fd7dd87825a48788a8a72,2025-10-12 20:10:17.468,foothill,Car,1.6594871,0.0,0.0,0.0,0.0,0.0,0.0,inf,0.0,0.0,0,0,0.9135426825148052,True,35.293896,-120.66787,0.0,0.0,0.0,0.0
690fd7dd87825a48788a8a72,2025-10-12 20:10:17.468,foothill,Car,1.6594871,0.0,0.0,0.0,0.0,0.0,0.0,inf,0.0,0.0,0,0,0.9135426825148052,True,35.293896,-120.66787,0.0,0.0,0.0,0.0
690fd7dd87825a48788a8a72,2025-10-12 20:10:17.468,foothill,Car,1.6594871,0.0,0.0,0.0,0.0,0.0,0.0,inf,0.0,0.0,0,0,0.9135426825148052,True,35.293896,-120.66787,0.0,0.0,0.0,0.0
690fd7dd87825a48788a8a72,2025-10-12 20:10:17.468,foothill,Car,1.6594871,0.0,0.0,0.0,0.0,0.0,0.0,inf,0.0,0.0,0,0,0.9135426825148052,True,35.293896,-120.66787,0.0,0.0,0.0,0.0
690fd7dd87825a48788a8a72,2025-10-12 20:10:17.468,foothill,Car,1.6594871,0.0,0.0,0.0,0.0,0.0,0.0,inf,0.0,0.0,0,0,0.9135426825148052,True,35.293896,-120.66787,0.0,0.0,0.0,0.0
690fd7dd87825a48788a8a72,2025-10-12 20:10:17.468,foothill,Car,1.6594871,0.0,0.0,0.0,0.0,0.0,0.0,inf,0.0,0.0,0,0,0.9135426825148052,True,35.293896,-120.66787,0.0,0.0,0.0,0.0
690fd7dd87825a48788a8a72,2025-10-12 20:10:17.468,foothill,Car,1.6594871,0.0,0.0,0.0,0.0,0.0,0.0,inf,0.0,0.0,0,0,0.9135426825148052,True,35.293896,-120.66787,0.0,0.0,0.0,0.0
690fd7dd87825a48788a8a72,2025-10-12 20:10:17.468,foothill,Car,1.6594871,0.0,0.0,0.0,0.0,0.0,0.0,inf,0.0,0.0,0,0,0.9135426825148052,True,35.293896,-120.66787,0.0,0.0,0.0,0.0
690fd7dd87825a48788a8a72,2025-10-12 20:10:17.468,foothill,Car,1.6594871,0.0,0.0,0.0,0.0,0.0,0.0,inf,0.0,0.0,0,0,0.9135426825148052,True,35.293896,-120.66787,0.0,0.0,0.0,0.0
690fd7dd87825a48788a8a72,2025-10-12 20:10:17.468,foothill,Car,1.6594871,0.0,0.0,0.0,0.0,0.0,0.0,inf,0.0,0.0,0,0,0.9135426825148052,True,35.293896,-120.66787,0.0,0.0,0.0,0.0
690fd7dd87825a48788a8a72,2025-10-12 20:10:17.468,foothill,Car,1.6594871,0.0,0.0,0.0,0.0,0.0,0.0,inf,0.0,0.0,0,0,0.9135426825148052,True,35.293896,-120.66787,0.0,0.0,0.0,0.0
690fd7dd87825a48788a8a72,2025-10-12 20:10:17.468,foothill,Car,1.6594871,0.0,0.0,0.0,0.0,0.0,0.0,inf,0.0,0.0,0,0,0.9135426825148052,True,35.293896,-120.66787,0.0,0.0,0.0,0.0
690fd7dd87825a48788a8a72,2025-10-12 20:10:17.468,foothill,Car,1.6594871,0.0,0.0,0.0,0.0,0.0,0.0,inf,0.0,0.0,0,0,0.9135426825148052,True,35.293896,-120.66787,0.0,0.0,0.0,0.0
690fd7dd87825a48788a8a72,2025-10-12 20:10:17.468,foothill,Car,1.6594871,0.0,0.0,0.0,0.0,0.0,0.0,inf,0.0,0.0,0,0,0.9135426825148052,True,35.293896,-120.66787,0.0,0.0,0.0,0.0
690fd7dd87825a48788a8a72,2025-10-12 20:10:17.468,foothill,Car,1.6594871,0.0,0.0,0.0,0.0,0.0,0.0,inf,0.0,0.0,0,0,0.9135426825148052,True,35.293896,-120.66787,0.0,0.0,0.0,0.0
690fd7dd87825a48788a8a72,2025-10-12 20:10:17.468,foothill,Car,1.6594871,0.0,0.0,0.0,0.0,0.0,0.0,inf,0.0,0.0,0,0,0.9135426825148052,True,35.293896,-120.66787,0.0,0.0,0.0,0.0
690fd7dd87825a48788a8a72,2025-10-12 20:10:17.468,foothill,Car,1.6594871,0.0,0.0,0.0,0.0,0.0,0.0,inf,0.0,0.0,0,0,0.9135426825148052,True,35.293896,-120.66787,0.0,0.0,0.0,0.0
690fd7dd87825a48788a8a72,2025-10-12 20:10:17.468,foothill,Car,1.6594871,0.0,0.0,0.0,0.0,0.0,0.0,inf,0.0,0.0,0,0,0.9135426825148052,True,35.293896,-120.66787,0.0,0.0,0.0,0.0
690fd7dd87825a48788a8a72,2025-10-12 20:10:17.468,foothill,Car,1.6594871,0.0,0.0,0.0,0.0,0.0,0.0,inf,0.0,0.0,0,0,0.9135426825148052,True,35.293896,-120.66787,0.0,0.0,0.0,0.0
690fd7dd87825a48788a8a72,2025-10-12 20:10:17.468,foothill,Car,1.6594871,0.0,0.0,0.0,0.0,0.0,0.0,inf,0.0,0.0,0,0,0.9135426825148052,True,35.293896,-120.66787,0.0,0.0,0.0,0.0
690fd7dd87825a48788a8a72,2025-10-12 20:10:17.468,foothill,Car,1.6594871,0.0,0.0,0.0,0.0,0.0,0.0,inf,0.0,0.0,0,0,0.9135426825148052,True,35.293896,-120.66787,0.0,0.0,0.0,0.0
690fd7dd87825a48788a8a72,2025-10-12 20:10:17.468,foothill,Car,1.6594871,0.0,0.0,0.0,0.0,0.0,0.0,inf,0.0,0.0,0,0,0.9135426825148052,True,35.293896,-120.66787,0.0,0.0,0.0,0.0
690fd7dd87825a48788a8a72,2025-10-12 20:10:17.468,foothill,Car,1.6594871,0.0,0.0,0.0,0.0,0.0,0.0,inf,0.0,0.0,0,0,0.9135426825148052,True,35.293896,-120.66787,0.0,0.0,0.0,0.0
690fd7dd87825a48788a8a72,2025-10-12 20:10:17.468,foothill,Car,1.6594871,0.0,0.0,0.0,0.0,0.0,0.0,inf,0.0,0.0,0,0,0.9135426825148052,True,35.293896,-120.66787,0.0,0.0,0.0,0.0
690fd7dd87825a48788a8a72,2025-10-12 20:10:17.468,foothill,Car,1.6594871,0.0,0.0,0.0,0.0,0.0,0.0,inf,0.0,0.0,0,0,0.9135426825148052,True,35.293896,-120.66787,0.0,0.0,0.0,0.0
690fd7dd87825a48788a8a72,2025-10-12 20:10:17.468,foothill,Car,1.6594871,0.0,0.0,0.0,0.0,0.0,0.0,inf,0.0,0.0,0,0,0.9135426825148052,True,35.293896,-120.66787,0.0,0.0,0.0,0.0
690fd7dd87825a48788a8a72,2025-10-12 20:10:17.468,foothill,Car,1.6594871,0.0,0.0,0.0,0.0,0.0,0.0,inf,0.0,0.0,0,0,0.9135426825148052,True,35.293896,-120.66787,0.0,0.0,0.0,0.0
690fd7dd87825a48788a8a72,2025-10-12 20:10:17.468,foothill,Car,1.6594871,0.0,0.0,0.0,0.0,0.0,0.0,inf,0.0,0.0,0,0,0.9135426825148052,True,35.293896,-120.66787,0.0,0.0,0.0,0.0
690fd7dd87825a48788a8a72,2025-10-12 20:10:17.468,foothill,Car,1.6594871,0.0,0.0,0.0,0.0,0.0,0.0,inf,0.0,0.0,0,0,0.9135426825148052,True,35.293896,-120.66787,0.0,0.0,0.0,0.0
690fd7dd87825a48788a8a72,2025-10-12 20:10:17.468,foothill,Car,1.6594871,0.0,0.0,0.0,0.0,0.0,0.0,inf,0.0,0.0,0,0,0.9135426825148052,True,35.293896,-120.66787,0.0,0.0,0.0,0.0
690fd7dd87825a48788a8a72,2025-10-12 20:10:17.468,foothill,Car,1.6594871,0.0,0.0,0.0,0.0,0.0,0.0,inf,0.0,0.0,0,0,0.9135426825148052,True,35.293896,-120.66787,0.0,0.0,0.0,0.0
690fd7dd87825a48788a8a72,2025-10-12 20:10:17.468,foothill,Car,1.6594871,0.0,0.0,0.0,0.0,0.0,0.0,inf,0.0,0.0,0,0,0.9135426825148052,True,35.293896,-120.66787,0.0,0.0,0.0,0.0
690fd7dd87825a48788a8a72,2025-10-12 20:10:17.468,foothill,Car,1.6594871,0.0,0.0,0.0,0.0,0.0,0.0,inf,0.0,0.0,0,0,0.9135426825148052,True,35.293896,-120.66787,0.0,0.0,0.0,0.0
690fd7dd87825a48788a8a72,2025-10-12 20:10:17.468,foothill,Car,1.6594871,0.0,0.0,0.0,0.0,0.0,0.0,inf,0.0,0.0,0,0,0.9135426825148052,True,35.293896,-120.66787,0.0,0.0,0.0,0.0
690fd7dd87825a48788a8a72,2025-10-12 20:10:17.468,foothill,Car,1.6594871,0.0,0.0,0.0,0.0,0.0,0.0,inf,0.0,0.0,0,0,0.9135426825148052,True,35.293896,-120.66787,0.0,0.0,0.0,0.0
690fd7dd87825a48788a8a72,2025-10-12 20:10:17.468,foothill,Car,1.6594871,0.0,0.0,0.0,0.0,0.0,0.0,inf,0.0,0.0,0,0,0.9135426825148052,True,35.293896,-120.66787,0.0,0.0,0.0,0.0
690fd7dd87825a48788a8a72,2025-10-12 20:10:17.468,foothill,Car,1.6594871,0.0,0.0,0.0,0.0,0.0,0.0,inf,0.0,0.0,0,0,0.9135426825148052,True,35.293896,-120.66787,0.0,0.0,0.0,0.0
690fd7dd87825a48788a8a72,2025-10-12 20:10:17.468,foothill,Car,1.6594871,0.0,0.0,0.0,0.0,0.0,0.0,inf,0.0,0.0,0,0,0.9135426825148052,True,35.293896,-120.66787,0.0,0.0,0.0,0.0
690fd7dd87825a48788a8a72,2025-10-12 20:10:17.468,foothill,Car,1.6594871,0.0,0.0,0.0,0.0,0.0,0.0,inf,0.0,0.0,0,0,0.9135426825148052,True,35.293896,-120.66787,0.0,0.0,0.0,0.0
690fd7dd87825a48788a8a72,2025-10-12 20:10:17.468,foothill,Car,1.6594871,0.0,0.0,0.0,0.0,0.0,0.0,inf,0.0,0.0,0,0,0.9135426825148052,True,35.293896,-120.66787,0.0,0.0,0.0,0.0
690fd7dd87825a48788a8a72,2025-10-12 20:10:17.468,foothill,Car,1.6594871,0.0,0.0,0.0,0.0,0.0,0.0,inf,0.0,0.0,0,0,0.9135426825148052,True,35.293896,-120.66787,0.0,0.0,0.0,0.0
690fd7dd87825a48788a8a72,2025-10-12 20:10:17.468,foothill,Car,1.6594871,0.0,0.0,0.0,0.0,0.0,0.0,inf,0.0,0.0,0,0,0.9135426825148052,True,35.293896,-120.66787,0.0,0.0,0.0,0.0
690fd7dd87825a48788a8a72,2025-10-12 20:10:17.468,foothill,Car,1.6594871,0.0,0.0,0.0,0.0,0.0,0.0,inf,0.0,0.0,0,0,0.9135426825148052,True,35.293896,-120.66787,0.0,0.0,0.0,0.0
690fd7dd87825a48788a8a72,2025-10-12 20:10:17.468,foothill,Car,1.6594871,0.0,0.0,0.0,0.0,0.0,0.0,inf,0.0,0.0,0,0,0.9135426825148052,True,35.293896,-120.66787,0.0,0.0,0.0,0.0
690fd7dd87825a48788a8a72,2025-10-12 20:10:17.468,foothill,Car,1.6594871,0.0,0.0,0.0,0.0,0.0,0.0,inf,0.0,0.0,0,0,0.9135426825148052,True,35.293896,-120.66787,0.0,0.0,0.0,0.0
690fd7dd87825a48788a8a72,2025-10-12 20:10:17.468,foothill,Car,1.6594871,0.0,0.0,0.0,0.0,0.0,0.0,inf,0.0,0.0,0,0,0.9135426825148052,True,35.293896,-120.66787,0.0,0.0,0.0,0.0
690fd7dd87825a48788a8a72,2025-10-12 20:10:17.468,foothill,Car,1.6594871,0.0,0.0,0.0,0.0,0.0,0.0,inf,0.0,0.0,0,0,0.9135426825148052,True,35.293896,-120.66787,0.0,0.0,0.0,0.0
690fd7dd87825a48788a8a72,2025-10-12 20:10:17.468,foothill,Car,1.6594871,0.0,0.0,0.0,0.0,0.0,0.0,inf,0.0,0.0,0,0,0.9135426825148052,True,35.293896,-120.66787,0.0,0.0,0.0,0.0
690fd7dd87825a48788a8a72,2025-10-12 20:10:17.468,foothill,Car,1.6594871,0.0,0.0,0.0,0.0,0.0,0.0,inf,0.0,0.0,0,0,0.9135426825148052,True,35.293896,-120.66787,0.0,0.0,0.0,0.0
690fd7dd87825a48788a8a72,2025-10-12 20:10:17.468,foothill,Car,1.6594871,0.0,0.0,0.0,0.0,0.0,0.0,inf,0.0,0.0,0,0,0.9135426825148052,True,35.293896,-120.66787,0.0,0.0,0.0,0.0
690fd7dd87825a48788a8a72,2025-10-12 20:10:17.468,foothill,Car,1.6594871,0.0,0.0,0.0,0.0,0.0,0.0,inf,0.0,0.0,0,0,0.9135426825148052,True,35.293896,-120.66787,0.0,0.0,0.0,0.0
690fd7dd87825a48788a8a72,2025-10-12 20:10:17.468,foothill,Car,1.6594871,0.0,0.0,0.0,0.0,0.0,0.0,inf,0.0,0.0,0,0,0.9135426825148052,True,35.293896,-120.66787,0.0,0.0,0.0,0.0
690fd7dd87825a48788a8a72,2025-10-12 20:10:17.468,foothill,Car,1.6594871,0.0,0.0,0.0,0.0,0.0,0.0,inf,0.0,0.0,0,0,0.9135426825148052,True,35.293896,-120.66787,0.0,0.0,0.0,0.0
690fd7dd87825a48788a8a72,2025-10-12 20:10:17.468,foothill,Car,1.6594871,0.0,0.0,0.0,0.0,0.0,0.0,inf,0.0,0.0,0,0,0.9135426825148052,True,35.293896,-120.66787,0.0,0.0,0.0,0.0
690fd7dd87825a48788a8a72,2025-10-12 20:10:17.468,foothill,Car,1.6594871,0.0,0.0,0.0,0.0,0.0,0.0,inf,0.0,0.0,0,0,0.9135426825148052,True,35.293896,-120.66787,0.0,0.0,0.0,0.0
690fd7dd87825a48788a8a72,2025-10-12 20:10:17.468,foothill,Car,1.6594871,0.0,0.0,180.0,-180.0,0.0,0.0,inf,0.0,180.0,0,0,0.9135426825148052,True,35.29389,-120.66787,0.0,0.0,0.0,0.0
690fd7dd87825a48788a8a72,2025-10-12 20:10:17.468,foothill,Car,1.6594871,0.0,0.0,0.0,-180.0,0.0,0.0,inf,0.0,0.0,0,0,0.9135426825148052,True,35.29389,-120.66787,0.0,0.0,0.0,0.0
690fd7dd87825a48788a8a72,2025-10-12 20:10:17.468,foothill,Car,1.6594871,0.0,0.0,0.0,0.0,0.0,0.0,inf,0.0,0.0,0,0,0.9135426825148052,True,35.29389,-120.66787,0.0,0.0,0.0,0.0
690fd7dd87825a48788a8a72,2025-10-12 20:10:17.468,foothill,Car,1.6594871,0.0,0.0,0.0,0.0,0.0,0.0,inf,0.0,0.0,0,0,0.9135426825148052,True,35.29389,-120.66787,0.0,0.0,0.0,0.0
690fd7dd87825a48788a8a72,2025-10-12 20:10:17.468,foothill,Car,1.6594871,0.0,0.0,0.0,0.0,0.0,0.0,inf,0.0,0.0,0,0,0.9135426825148052,True,35.29389,-120.66787,0.0,0.0,0.0,0.0
690fd7dd87825a48788a8a72,2025-10-12 20:10:17.468,foothill,Car,1.6594871,0.0,0.0,0.0,0.0,0.0,0.0,inf,0.0,0.0,0,0,0.9135426825148052,True,35.29389,-120.66787,0.0,0.0,0.0,0.0
690fd7dd87825a48788a8a72,2025-10-12 20:10:17.468,foothill,Car,1.6594871,0.0,0.0,0.0,0.0,0.0,0.0,inf,0.0,0.0,0,0,0.9135426825148052,True,35.29389,-120.66787,0.0,0.0,0.0,0.0
690fd7dd87825a48788a8a72,2025-10-12 20:10:17.468,foothill,Car,1.6594871,0.0,0.0,0.0,0.0,0.0,0.0,inf,0.0,0.0,0,0,0.9135426825148052,True,35.293896,-120.66787,0.0,0.0,0.0,0.0
690fd7dd87825a48788a8a72,2025-10-12 20:10:17.468,foothill,Car,1.6594871,0.0,0.0,0.0,0.0,0.0,0.0,inf,0.0,0.0,0,0,0.9135426825148052,True,35.293896,-120.66787,0.0,0.0,0.0,0.0
690fd7dd87825a48788a8a72,2025-10-12 20:10:17.468,foothill,Car,1.6594871,0.0,0.0,0.0,0.0,0.0,0.0,inf,0.0,0.0,0,0,0.9135426825148052,True,35.293896,-120.66787,0.0,0.0,0.0,0.0
690fd7dd87825a48788a8a72,2025-10-12 20:10:17.468,foothill,Car,1.6594871,0.0,0.0,0.0,0.0,0.0,0.0,inf,0.0,0.0,0,0,0.9135426825148052,True,35.293896,-120.66787,0.0,0.0,0.0,0.0
690fd7dd87825a48788a8a72,2025-10-12 20:10:17.468,foothill,Car,1.6594871,0.0,0.0,0.0,0.0,0.0,0.0,inf,0.0,0.0,0,0,0.9135426825148052,True,35.293896,-120.66787,0.0,0.0,0.0,0.0
690fd7dd87825a48788a8a72,2025-10-12 20:10:17.468,foothill,Car,1.6594871,0.0,0.0,0.0,0.0,0.0,0.0,inf,0.0,0.0,0,0,0.9135426825148052,True,35.293896,-120.66787,0.0,0.0,0.0,0.0
690fd7dd87825a48788a8a72,2025-10-12 20:10:17.468,foothill,Car,1.6594871,0.0,0.0,0.0,0.0,0.0,0.0,inf,0.0,0.0,0,0,0.9135426825148052,True,35.293896,-120.66787,0.0,0.0,0.0,0.0
690fd7dd87825a48788a8a72,2025-10-12 20:10:17.468,foothill,Car,1.6594871,0.0,0.0,0.0,0.0,0.0,0.0,inf,0.0,0.0,0,0,0.9135426825148052,True,35.293896,-120.66787,0.0,0.0,0.0,0.0
690fd7dd87825a48788a8a72,2025-10-12 20:10:17.468,foothill,Car,1.6594871,0.0,0.0,0.0,0.0,0.0,0.0,inf,0.0,0.0,0,0,0.9135426825148052,True,35.293896,-120.66787,0.0,0.0,0.0,0.0
690fd7dd87825a48788a8a72,2025-10-12 20:10:17.468,foothill,Car,1.6594871,0.0,0.0,0.0,0.0,0.0,0.0,inf,0.0,0.0,0,0,0.9135426825148052,True,35.293896,-120.66787,0.0,0.0,0.0,0.0
690fd7dd87825a48788a8a72,2025-10-12 20:10:17.468,foothill,Car,1.6594871,0.0,0.0,0.0,0.0,0.0,0.0,inf,0.0,0.0,0,0,0.9135426825148052,True,35.293896,-120.66787,0.0,0.0,0.0,0.0
690fd7dd87825a48788a8a72,2025-10-12 20:10:17.468,foothill,Car,1.6594871,0.0,0.0,0.0,0.0,0.0,0.0,inf,0.0,0.0,0,0,0.9135426825148052,True,35.293896,-120.66787,0.0,0.0,0.0,0.0
690fd7dd87825a48788a8a72,2025-10-12 20:10:17.468,foothill,Car,1.6594871,0.0,0.0,0.0,0.0,0.0,0.0,inf,0.0,0.0,0,0,0.9135426825148052,True,35.293896,-120.66787,0.0,0.0,0.0,0.0
690fd7dd87825a48788a8a72,2025-10-12 20:10:17.468,foothill,Car,1.6594871,0.0,0.0,0.0,0.0,0.0,0.0,inf,0.0,0.0,0,0,0.9135426825148052,True,35.293896,-120.66787,0.0,0.0,0.0,0.0
690fd7dd87825a48788a8a72,2025-10-12 20:10:17.468,foothill,Car,1.6594871,0.0,0.0,0.0,0.0,0.0,0.0,inf,0.0,0.0,0,0,0.9135426825148052,True,35.293896,-120.66787,0.0,0.0,0.0,0.0
690fd7dd87825a48788a8a72,2025-10-12 20:10:17.468,foothill,Car,1.6594871,0.0,0.0,0.0,0.0,0.0,0.0,inf,0.0,0.0,0,0,0.9135426825148052,True,35.293896,-120.66787,0.0,0.0,0.0,0.0
690fd7dd87825a48788a8a72,2025-10-12 20:10:17.468,foothill,Car,1.6594871,0.0,0.0,0.0,0.0,0.0,0.0,inf,0.0,0.0,0,0,0.9135426825148052,True,35.293896,-120.66787,0.0,0.0,0.0,0.0
690fd7dd87825a48788a8a72,2025-10-12 20:10:17.468,foothill,Car,1.6594871,0.0,0.0,0.0,0.0,0.0,0.0,inf,0.0,0.0,0,0,0.9135426825148052,True,35.293896,-120.66787,0.0,0.0,0.0,0.0
690fd7dd87825a48788a8a72,2025-10-12 20:10:17.468,foothill,Car,1.6594871,0.0,0.0,0.0,0.0,0.0,0.0,inf,0.0,0.0,0,0,0.9135426825148052,True,35.293896,-120.66787,0.0,0.0,0.0,0.0
690fd7dd87825a48788a8a72,2025-10-12 20:10:17.468,foothill,Car,1.6594871,0.0,0.0,0.0,0.0,0.0,0.0,inf,0.0,0.0,0,0,0.9135426825148052,True,35.293896,-120.66787,0.0,0.0,0.0,0.0
690fd7dd87825a48788a8a72,2025-10-12 20:10:17.468,foothill,Car,1.6594871,0.0,0.0,0.0,0.0,0.0,0.0,inf,0.0,0.0,0,0,0.9135426825148052,True,35.293896,-120.66787,0.0,0.0,0.0,0.0
690fd7dd87825a48788a8a72,2025-10-12 20:10:17.468,foothill,Car,1.6594871,0.0,0.0,0.0,0.0,0.0,0.0,inf,0.0,0.0,0,0,0.9135426825148052,True,35.293896,-120.66787,0.0,0.0,0.0,0.0
690fd7dd87825a48788a8a72,2025-10-12 20:10:17.468,foothill,Car,1.6594871,0.0,0.0,0.0,0.0,0.0,0.0,inf,0.0,0.0,0,0,0.9135426825148052,True,35.293896,-120.66787,0.0,0.0,0.0,0.0
690fd7dd87825a48788a8a72,2025-10-12 20:10:17.468,foothill,Car,1.6594871,0.0,0.0,0.0,0.0,0.0,0.0,inf,0.0,0.0,0,0,0.9135426825148052,True,35.293896,-120.66787,0.0,0.0,0.0,0.0
690fd7dd87825a48788a8a72,2025-10-12 20:10:17.468,foothill,Car,1.6594871,0.0,0.0,0.0,0.0,0.0,0.0,inf,0.0,0.0,0,0,0.9135426825148052,True,35.293896,-120.66787,0.0,0.0,0.0,0.0
690fd7dd87825a48788a8a72,2025-10-12 20:10:17.468,foothill,Car,1.6594871,0.0,0.0,0.0,0.0,0.0,0.0,inf,0.0,0.0,0,0,0.9135426825148052,True,35.293896,-120.66787,0.0,0.0,0.0,0.0
690fd7dd87825a48788a8a72,2025-10-12 20:10:17.468,foothill,Car,1.6594871,0.0,0.0,0.0,0.0,0.0,0.0,inf,0.0,0.0,0,0,0.9135426825148052,True,35.293896,-120.66787,0.0,0.0,0.0,0.0
690fd7dd87825a48788a8a72,2025-10-12 20:10:17.468,foothill,Car,1.6594871,0.0,0.0,0.0,0.0,0.0,0.0,inf,0.0,0.0,0,0,0.9135426825148052,True,35.293896,-120.66787,0.0,0.0,0.0,0.0
690fd7dd87825a48788a8a72,2025-10-12 20:10:17.468,foothill,Car,1.6594871,0.0,0.0,0.0,0.0,0.0,0.0,inf,0.0,0.0,0,0,0.9135426825148052,True,35.293896,-120.66787,0.0,0.0,0.0,0.0
690fd7dd87825a48788a8a72,2025-10-12 20:10:17.468,foothill,Car,1.6594871,0.0,0.0,0.0,0.0,0.0,0.0,inf,0.0,0.0,0,0,0.9135426825148052,True,35.293896,-120.66787,0.0,0.0,0.0,0.0
690fd7dd87825a48788a8a72,2025-10-12 20:10:17.468,foothill,Car,1.6594871,0.0,0.0,0.0,0.0,0.0,0.0,inf,0.0,0.0,0,0,0.9135426825148052,True,35.293896,-120.66787,0.0,0.0,0.0,0.0
690fd7dd87825a48788a8a72,2025-10-12 20:10:17.468,foothill,Car,1.6594871,0.0,0.0,0.0,0.0,0.0,0.0,inf,0.0,0.0,0,0,0.9135426825148052,True,35.293896,-120.66787,0.0,0.0,0.0,0.0
690fd7dd87825a48788a8a72,2025-10-12 20:10:17.468,foothill,Car,1.6594871,0.0,0.0,0.0,0.0,0.0,0.0,inf,0.0,0.0,0,0,0.9135426825148052,True,35.293896,-120.66787,0.0,0.0,0.0,0.0
690fd7dd87825a48788a8a72,2025-10-12 20:10:17.468,foothill,Car,1.6594871,0.0,0.0,0.0,0.0,0.0,0.0,inf,0.0,0.0,0,0,0.9135426825148052,True,35.293896,-120.66787,0.0,0.0,0.0,0.0
690fd7dd87825a48788a8a72,2025-10-12 20:10:17.468,foothill,Car,1.6594871,0.0,0.0,0.0,0.0,0.0,0.0,inf,0.0,0.0,0,0,0.9135426825148052,True,35.293896,-120.66787,0.0,0.0,0.0,0.0
690fd7dd87825a48788a8a72,2025-10-12 20:10:17.468,foothill,Car,1.6594871,0.0,0.0,0.0,0.0,0.0,0.0,inf,0.0,0.0,0,0,0.9135426825148052,True,35.293896,-120.66787,0.0,0.0,0.0,0.0
690fd7dd87825a48788a8a72,2025-10-12 20:10:17.468,foothill,Car,1.6594871,0.0,0.0,0.0,0.0,0.0,0.0,inf,0.0,0.0,0,0,0.9135426825148052,True,35.293896,-120.66787,0.0,0.0,0.0,0.0
690fd7dd87825a48788a8a72,2025-10-12 20:10:17.468,foothill,Car,1.6594871,0.0,0.0,0.0,0.0,0.0,0.0,inf,0.0,0.0,0,0,0.9135426825148052,True,35.293896,-120.66787,0.0,0.0,0.0,0.0
690fd7dd87825a48788a8a72,2025-10-12 20:10:17.468,foothill,Car,1.6594871,0.0,0.0,0.0,0.0,0.0,0.0,inf,0.0,0.0,0,0,0.9135426825148052,True,35.293896,-120.66787,0.0,0.0,0.0,0.0
690fd7dd87825a48788a8a72,2025-10-12 20:10:17.468,foothill,Car,1.6594871,0.0,0.0,0.0,0.0,0.0,0.0,inf,0.0,0.0,0,0,0.9135426825148052,True,35.293896,-120.66787,0.0,0.0,0.0,0.0
690fd7dd87825a48788a8a72,2025-10-12 20:10:17.468,foothill,Car,1.6594871,0.0,0.0,0.0,0.0,0.0,0.0,inf,0.0,0.0,0,0,0.9135426825148052,True,35.293896,-120.66787,0.0,0.0,0.0,0.0
690fd7dd87825a48788a8a72,2025-10-12 20:10:17.468,foothill,Car,1.6594871,0.0,0.0,0.0,0.0,0.0,0.0,inf,0.0,0.0,0,0,0.9135426825148052,True,35.293896,-120.66787,0.0,0.0,0.0,0.0
690fd7dd87825a48788a8a72,2025-10-12 20:10:17.468,foothill,Car,1.6594871,0.0,0.0,0.0,0.0,0.0,0.0,inf,0.0,0.0,0,0,0.9135426825148052,True,35.293896,-120.66787,0.0,0.0,0.0,0.0
690fd7dd87825a48788a8a72,2025-10-12 20:10:17.468,foothill,Car,1.6594871,0.0,0.0,0.0,0.0,0.0,0.0,inf,0.0,0.0,0,0,0.9135426825148052,True,35.293896,-120.66787,0.0,0.0,0.0,0.0
690fd7dd87825a48788a8a72,2025-10-12 20:10:17.468,foothill,Car,1.6594871,0.0,0.0,0.0,0.0,0.0,0.0,inf,0.0,0.0,0,0,0.9135426825148052,True,35.293896,-120.66787,0.0,0.0,0.0,0.0
690fd7dd87825a48788a8a72,2025-10-12 20:10:17.468,foothill,Car,1.6594871,0.0,0.0,0.0,0.0,0.0,0.0,inf,0.0,0.0,0,0,0.9135426825148052,True,35.293896,-120.66787,0.0,0.0,0.0,0.0
690fd7dd87825a48788a8a72,2025-10-12 20:10:17.468,foothill,Car,1.6594871,0.0,0.0,0.0,0.0,0.0,0.0,inf,0.0,0.0,0,0,0.9135426825148052,True,35.293896,-120.66787,0.0,0.0,0.0,0.0
690fd7dd87825a48788a8a72,2025-10-12 20:10:17.468,foothill,Car,1.6594871,0.0,0.0,0.0,0.0,0.0,0.0,inf,0.0,0.0,0,0,0.9135426825148052,True,35.293896,-120.66787,0.0,0.0,0.0,0.0
690fd7dd87825a48788a8a72,2025-10-12 20:10:17.468,foothill,Car,1.6594871,0.0,0.0,0.0,0.0,0.0,0.0,inf,0.0,0.0,0,0,0.9135426825148052,True,35.293896,-120.66787,0.0,0.0,0.0,0.0
690fd7dd87825a48788a8a72,2025-10-12 20:10:17.468,foothill,Car,1.6594871,0.0,0.0,0.0,0.0,0.0,0.0,inf,0.0,0.0,0,0,0.9135426825148052,True,35.293896,-120.66787,0.0,0.0,0.0,0.0
690fd7dd87825a48788a8a72,2025-10-12 20:10:17.468,foothill,Car,1.6594871,0.0,0.0,0.0,0.0,0.0,0.0,inf,0.0,0.0,0,0,0.9135426825148052,True,35.293896,-120.66787,0.0,0.0,0.0,0.0
690fd7dd87825a48788a8a72,2025-10-12 20:10:17.468,foothill,Car,1.6594871,0.0,0.0,0.0,0.0,0.0,0.0,inf,0.0,0.0,0,0,0.9135426825148052,True,35.293896,-120.66787,0.0,0.0,0.0,0.0
690fd7dd87825a48788a8a72,2025-10-12 20:10:17.468,foothill,Car,1.6594871,0.0,0.0,0.0,0.0,0.0,0.0,inf,0.0,0.0,0,0,0.9135426825148052,True,35.293896,-120.66787,0.0,0.0,0.0,0.0
690fd7dd87825a48788a8a72,2025-10-12 20:10:17.468,foothill,Car,1.6594871,0.0,0.0,0.0,0.0,0.0,0.0,inf,0.0,0.0,0,0,0.9135426825148052,True,35.293896,-120.66787,0.0,0.0,0.0,0.0
690fd7dd87825a48788a8a72,2025-10-12 20:10:17.468,foothill,Car,1.6594871,0.0,0.0,0.0,0.0,0.0,0.0,inf,0.0,0.0,0,0,0.9135426825148052,True,35.293896,-120.66787,0.0,0.0,0.0,0.0
690fd7dd87825a48788a8a72,2025-10-12 20:10:17.468,foothill,Car,1.6594871,0.0,0.0,0.0,0.0,0.0,0.0,inf,0.0,0.0,0,0,0.9135426825148052,True,35.293896,-120.66787,0.0,0.0,0.0,0.0
690fd7dd87825a48788a8a72,2025-10-12 20:10:17.468,foothill,Car,1.6594871,0.0,0.0,0.0,0.0,0.0,0.0,inf,0.0,0.0,0,0,0.9135426825148052,True,35.293896,-120.66787,0.0,0.0,0.0,0.0
690fd7dd87825a48788a8a72,2025-10-12 20:10:17.468,foothill,Car,1.6594871,0.0,0.0,0.0,0.0,0.0,0.0,inf,0.0,0.0,0,0,0.9135426825148052,True,35.293896,-120.66787,0.0,0.0,0.0,0.0
690fd7dd87825a48788a8a72,2025-10-12 20:10:17.468,foothill,Car,1.6594871,0.0,0.0,0.0,0.0,0.0,0.0,inf,0.0,0.0,0,0,0.9135426825148052,True,35.293896,-120.66787,0.0,0.0,0.0,0.0
690fd7dd87825a48788a8a72,2025-10-12 20:10:17.468,foothill,Car,1.6594871,0.0,0.0,336.93365,-23.066345,11.86300277709961,0.1085777729749679,inf,0.0,23.06634521484375,0,0,0.9135426825148052,True,35.294052,-120.66795,0.0,0.0,0.0,0.0
690fd7dd87825a48788a8a72,2025-10-12 20:10:17.468,foothill,Car,1.6594871,0.0,0.0,291.37445,-45.559204,0.0,-0.0,inf,0.0,68.62554931640625,0,0,0.9135426825148052,True,35.29409,-120.668076,0.0,0.0,0.0,0.0
690fd7dd87825a48788a8a72,2025-10-12 20:10:17.468,foothill,Car,1.6594871,0.0,0.0,0.0,68.62555,0.0,0.0,inf,0.0,0.0,0,0,0.9135426825148052,True,35.29409,-120.668076,0.0,0.0,0.0,0.0
690fd7dd87825a48788a8a72,2025-10-12 20:10:17.468,foothill,Car,1.6594871,0.0,0.0,0.0,0.0,0.6924208402633667,0.0,inf,0.0,0.0,0,0,0.9135426825148052,True,35.29409,-120.66808,0.0,0.0,0.0,0.0
690fd7dd87825a48788a8a72,2025-10-12 20:10:17.468,foothill,Car,1.6594871,0.0,0.0,270.0,-90.0,0.6924208402633667,-1.6594871282577517,0.4172498881816864,0.0,90.0,0,0,0.9135426825148052,True,35.29409,-120.66809,0.0,0.0,0.0,0.0
690fd7dd87825a48788a8a72,2025-10-12 20:10:17.468,foothill,Car,1.6594871,0.0,0.0,0.0,90.0,0.0,0.0,inf,0.0,0.0,0,0,0.9135426825148052,True,35.29409,-120.6681,0.0,0.0,0.0,0.0
690fd7dd87825a48788a8a72,2025-10-12 20:10:17.468,foothill,Car,1.6594871,0.0,0.0,0.0,0.0,0.0,0.0,inf,0.0,0.0,0,0,0.9135426825148052,True,35.29409,-120.6681,0.0,0.0,0.0,0.0
690fd7dd87825a48788a8a72,2025-10-12 20:10:17.468,foothill,Car,1.6594871,0.0,0.0,270.0,-90.0,0.4241749942302704,1.6594871282577517,inf,0.0,90.0,0,0,0.9135426825148052,True,35.29409,-120.668106,0.0,0.0,0.0,0.0
690fd7dd87825a48788a8a72,2025-10-12 20:10:17.468,foothill,Car,1.6594871,0.0,0.0,0.0,90.0,0.4241749942302704,1.6594871282577517,inf,0.0,90.0,0,0,0.9135426825148052,True,35.294094,-120.668106,0.0,0.0,0.0,0.0
690fd7dd87825a48788a8a72,2025-10-12 20:10:17.468,foothill,Car,1.6594871,0.0,0.0,270.0,-90.0,0.6924208402633667,-1.6594871282577517,0.4172498881816864,0.0,90.0,0,0,0.9135426825148052,True,35.294094,-120.66811,0.0,0.0,0.0,0.0
690fd7dd87825a48788a8a72,2025-10-12 20:10:17.468,foothill,Car,1.6594871,0.0,0.0,180.0,-90.0,0.4241749942302704,-2.0322856209516508e-16,2087182038728704.0,0.0,180.0,0,0,0.9135426825148052,True,35.29409,-120.66812,0.0,0.0,0.0,0.0
690fd7dd87825a48788a8a72,2025-10-12 20:10:17.468,foothill,Car,1.6594871,0.0,0.0,0.0,-180.0,0.4241749942302704,-2.0322856209516508e-16,2087182038728704.0,0.0,180.0,0,0,0.9135426825148052,True,35.294094,-120.66812,0.0,0.0,0.0,0.0
690fd7dd87825a48788a8a72,2025-10-12 20:10:17.468,foothill,Car,1.6594871,0.0,0.0,270.0,-90.0,0.6924208402633667,1.6594871282577517,inf,0.0,90.0,0,0,0.9135426825148052,True,35.294094,-120.66813,0.0,0.0,0.0,0.0
690fd7dd87825a48788a8a72,2025-10-12 20:10:17.468,foothill,Car,1.6594871,0.0,0.0,0.0,90.0,0.6924208402633667,-1.6594871282577517,0.4172498881816864,0.0,90.0,0,0,0.9135426825148052,True,35.294094,-120.66814,0.0,0.0,0.0,0.0
690fd7dd87825a48788a8a73,2025-10-12 20:11:49.940,foothill,Car,4.821025,0.0,0.0,0.0,0.0,0.4241749942302704,-0.5505807399749756,0.7704138159751892,4.270443916320801,90.0,1,0,0.9899999999999998,True,35.294113,-120.66773,0.1,0.0,0.0,0.0
690fd7dd87825a48788a8a73,2025-10-12 20:11:49.940,foothill,Car,4.821025,0.0,0.0,308.80048,-51.199524,0.8120162487030029,0.427654504776001,inf,0.0,51.19952392578125,0,0,0.9899999999999998,True,35.294147,-120.667786,0.0,0.0,0.0,0.0
690fd7dd87825a48788a8a73,2025-10-12 20:11:49.940,foothill,Car,4.821025,0.0,0.0,0.0,51.199524,0.4241749942302704,0.0,inf,0.0,0.0,0,0,0.9899999999999998,True,35.29415,-120.66779,0.0,0.0,0.0,0.0
690fd7dd87825a48788a8a73,2025-10-12 20:11:49.940,foothill,Car,4.821025,0.0,0.0,0.0,0.0,0.4241749942302704,0.0,inf,0.0,0.0,0,0,0.9899999999999998,True,35.294155,-120.66779,0.0,0.0,0.0,0.0
690fd7dd87825a48788a8a73,2025-10-12 20:11:49.940,foothill,Car,4.821025,0.0,0.0,0.0,0.0,0.4241749942302704,0.0,inf,0.0,0.0,0,0,0.9899999999999998,True,35.29416,-120.66779,0.0,0.0,0.0,0.0
690fd7dd87825a48788a8a73,2025-10-12 20:11:49.940,foothill,Car,4.821025,0.0,0.0,294.67633,-65.32367,0.4241749942302704,4.380772590637207,inf,0.0,65.32366943359375,0,0,0.9899999999999998,True,35.294163,-120.6678,0.0,0.0,0.0,0.0
690fd7dd87825a48788a8a73,2025-10-12 20:11:49.940,foothill,Car,4.821025,0.0,0.0,0.0,65.32367,0.0,0.0,inf,0.0,0.0,0,0,0.9899999999999998,True,35.294167,-120.6678,0.0,0.0,0.0,0.0
690fd7dd87825a48788a8a73,2025-10-12 20:11:49.940,foothill,Car,4.821025,0.0,0.0,0.0,0.0,0.0,0.0,inf,0.0,0.0,0,0,0.9899999999999998,True,35.294167,-120.6678,0.0,0.0,0.0,0.0
690fd7dd87825a48788a8a73,2025-10-12 20:11:49.940,foothill,Car,4.821025,0.0,0.0,0.0,0.0,0.4241749942302704,0.0,inf,0.0,0.0,0,0,0.9899999999999998,True,35.29417,-120.66781,0.0,0.0,0.0,0.0
690fd7dd87825a48788a8a73,2025-10-12 20:11:49.940,foothill,Car,4.821025,0.0,0.0,0.0,0.0,0.4241749942302704,0.0,inf,0.0,0.0,0,0,0.9899999999999998,True,35.294174,-120.66781,0.0,0.0,0.0,0.0
690fd7dd87825a48788a8a73,2025-10-12 20:11:49.940,foothill,Car,4.821025,0.0,0.0,0.0,0.0,0.4241749942302704,0.0,inf,0.0,0.0,0,0,0.9899999999999998,True,35.294178,-120.66781,0.0,0.0,0.0,0.0
690fd7dd87825a48788a8a73,2025-10-12 20:11:49.940,foothill,Car,4.821025,0.0,0.0,307.443,-52.557007,0.4241749942302704,3.827694416046143,inf,0.0,52.5570068359375,0,0,0.9899999999999998,True,35.29418,-120.667816,0.0,0.0,0.0,0.0
690fd7dd87825a48788a8a73,2025-10-12 20:11:49.940,foothill,Car,4.821025,0.0,0.0,0.0,52.557007,0.4241749942302704,3.827694416046143,inf,0.0,52.5570068359375,0,0,0.9899999999999998,True,35.294186,-120.667816,0.0,0.0,0.0,0.0
690fd7dd87825a48788a8a73,2025-10-12 20:11:49.940,foothill,Car,4.821025,0.0,0.0,0.0,0.0,0.8483499884605408,0.0,inf,0.0,0.0,0,0,0.9899999999999998,True,35.294193,-120.667816,0.0,0.0,0.0,0.0
690fd7dd87825a48788a8a74,2025-10-12 20:11:20.670,foothill,Car,5.647583,0.0,0.0,0.0,0.0,0.8120189905166626,-9.631596565246582,0.0843078270554542,0.0,180.0,1,0,0.7502110942294525,True,35.29377,-120.66789,0.1,0.0,0.0,0.0
690fd7dd87825a48788a8a74,2025-10-12 20:11:20.670,foothill,Car,5.647583,0.0,0.0,180.0,-180.0,0.0,0.0,inf,0.0,0.0,0,0,0.7502110942294525,True,35.293766,-120.667885,0.0,0.0,0.0,0.0
690fd7dd87825a48788a8a74,2025-10-12 20:11:20.670,foothill,Car,5.647583,0.0,0.0,0.0,-180.0,0.0,0.0,inf,0.0,180.0,0,0,0.7502110942294525,True,35.293766,-120.667885,0.0,0.0,0.0,0.0
690fd7dd87825a48788a8a74,2025-10-12 20:11:20.670,foothill,Car,5.647583,0.0,0.0,344.57593,-15.424072,11.21909523010254,1.4248433113098145,inf,0.0,49.00054931640625,0,0,0.7502110942294525,True,35.29401,-120.66797,0.0,0.0,0.0,0.0
690fd7dd87825a48788a8a74,2025-10-12 20:11:20.670,foothill,Car,5.647583,0.0,0.0,295.57538,-49.00055,0.0,0.0,inf,0.0,0.0,0,0,0.7502110942294525,True,35.29405,-120.66808,0.0,0.0,0.0,0.0
690fd7dd87825a48788a8a74,2025-10-12 20:11:20.670,foothill,Car,5.647583,0.0,0.0,0.0,64.42462,0.0,0.0,inf,0.0,64.42462158203125,0,0,0.7502110942294525,True,35.29405,-120.66808,0.0,0.0,0.0,0.0
690fd7dd87825a48788a8a74,2025-10-12 20:11:20.670,foothill,Car,5.647583,0.0,0.0,278.70715,-81.29285,0.6924211978912354,-4.792627811431885,0.1444763094186782,0.0,81.2928466796875,0,0,0.7502110942294525,True,35.294052,-120.66809,0.0,0.0,0.0,0.0
690fd7dd87825a48788a8a74,2025-10-12 20:11:20.670,foothill,Car,5.647583,0.0,0.0,0.0,81.29285,0.0,0.0,inf,0.0,0.0,0,0,0.7502110942294525,True,35.294052,-120.6681,0.0,0.0,0.0,0.0
690fd7dd87825a48788a8a74,2025-10-12 20:11:20.670,foothill,Car,5.647583,0.0,0.0,0.0,0.0,0.0,0.0,inf,0.0,0.0,0,0,0.7502110942294525,True,35.294052,-120.6681,0.0,0.0,0.0,0.0
690fd7dd87825a48788a8a74,2025-10-12 20:11:20.670,foothill,Car,5.647583,0.0,0.0,270.0,-90.0,0.6924211978912354,5.6475830078125,inf,0.0,90.0,0,0,0.7502110942294525,True,35.294052,-120.668106,0.0,0.0,0.0,0.0
690fd7dd87825a48788a8a74,2025-10-12 20:11:20.670,foothill,Car,5.647583,0.0,0.0,270.0,0.0,0.4241749942302704,5.6475830078125,inf,0.0,90.0,0,0,0.7502110942294525,True,35.294052,-120.66811,0.0,0.0,0.0,0.0
690fd7dd87825a48788a8a74,2025-10-12 20:11:20.670,foothill,Car,5.647583,0.0,0.0,0.0,90.0,0.4241749942302704,5.6475830078125,inf,0.0,90.0,0,0,0.7502110942294525,True,35.294056,-120.66811,0.0,0.0,0.0,0.0
690fd7dd87825a48788a8a74,2025-10-12 20:11:20.670,foothill,Car,5.647583,0.0,0.0,0.0,0.0,0.6924211382865906,0.0,inf,0.0,0.0,0,0,0.7502110942294525,True,35.294056,-120.66812,0.0,0.0,0.0,0.0
690fd7dd87825a48788a8a74,2025-10-12 20:11:20.670,foothill,Car,5.647583,0.0,0.0,245.32372,-114.67627,0.0,0.0,inf,0.0,0.0,0,0,0.7502110942294525,True,35.294052,-120.66813,0.0,0.0,0.0,0.0
690fd7dd87825a48788a8a74,2025-10-12 20:11:20.670,foothill,Car,5.647583,0.0,0.0,0.0,114.67627,0.0,0.0,inf,0.0,114.67628479003906,0,0,0.7502110942294525,True,35.294052,-120.66813,0.0,0.0,0.0,0.0
690fd7dd87825a48788a8a74,2025-10-12 20:11:20.670,foothill,Car,5.647583,0.0,0.0,0.0,0.0,0.0,0.0,inf,0.0,0.0,0,0,0.7502110942294525,True,35.294052,-120.66814,0.0,0.0,0.0,0.0
690fd7dd87825a48788a8a74,2025-10-12 20:11:20.670,foothill,Car,5.647583,0.0,0.0,0.0,0.0,0.0,0.0,inf,0.0,0.0,0,0,0.7502110942294525,True,35.294052,-120.66814,0.0,0.0,0.0,0.0
690fd7dd87825a48788a8a74,2025-10-12 20:11:20.670,foothill,Car,5.647583,0.0,0.0,270.0,-90.0,0.0,0.0,inf,0.0,0.0,0,0,0.7502110942294525,True,35.294052,-120.668144,0.0,0.0,0.0,0.0
690fd7dd87825a48788a8a74,2025-10-12 20:11:20.670,foothill,Car,5.647583,0.0,0.0,0.0,90.0,0.0,0.0,inf,0.0,90.0,0,0,0.7502110942294525,True,35.294052,-120.668144,0.0,0.0,0.0,0.0
690fd7dd87825a48788a8a74,2025-10-12 20:11:20.670,foothill,Car,5.647583,0.0,0.0,0.0,0.0,0.6924211978912354,-5.6475830078125,0.122604876756668,0.0,90.0,0,0,0.7502110942294525,True,35.294052,-120.66815,0.0,0.0,0.0,0.0
690fd7dd87825a48788a8a75,2025-10-12 20:11:49.940,foothill,Car,4.6819735,0.0,0.0,0.0,0.0,5.474508285522461,-8.097175598144531,0.6761009693145752,0.0,119.86911010742188,1,0,0.9222632933150264,True,35.29397,-120.668076,0.1,0.0,0.0,0.0
690fd7dd87825a48788a8a75,2025-10-12 20:11:49.940,foothill,Car,4.6819735,0.0,0.0,119.86911,119.86911,0.8120177388191223,0.2199699282646179,inf,0.0,5.192840576171875,0,0,0.9222632933150264,True,35.293945,-120.66802,0.0,0.0,0.0,0.0
690fd7dd87825a48788a8a75,2025-10-12 20:11:49.940,foothill,Car,4.6819735,0.0,0.0,114.67627,-5.1928406,0.0,0.0,inf,0.0,0.0,0,0,0.9222632933150264,True,35.29394,-120.668015,0.0,0.0,0.0,0.0
690fd7dd87825a48788a8a75,2025-10-12 20:11:49.940,foothill,Car,4.6819735,0.0,0.0,0.0,-114.67627,0.0,0.0,inf,0.0,114.67626953125,0,0,0.9222632933150264,True,35.29394,-120.668015,0.0,0.0,0.0,0.0
690fd7dd87825a48788a8a75,2025-10-12 20:11:49.940,foothill,Car,4.6819735,0.0,0.0,0.0,0.0,0.0,0.0,inf,0.0,114.67626953125,0,0,0.9222632933150264,True,35.29394,-120.668015,0.0,0.0,0.0,0.0
690fd7dd87825a48788a8a75,2025-10-12 20:11:49.940,foothill,Car,4.6819735,0.0,0.0,180.0,-180.0,0.4241749942302704,4.254421234130859,inf,0.0,65.32373046875,0,0,0.9222632933150264,True,35.293938,-120.668015,0.0,0.0,0.0,0.0
690fd7dd87825a48788a8a75,2025-10-12 20:11:49.940,foothill,Car,4.6819735,0.0,0.0,180.0,0.0,0.4241749942302704,0.0,inf,0.0,0.0,0,0,0.9222632933150264,True,35.293934,-120.66801,0.0,0.0,0.0,0.0
690fd7dd87825a48788a8a75,2025-10-12 20:11:49.940,foothill,Car,4.6819735,0.0,0.0,180.0,0.0,0.4241749942302704,0.0,inf,0.0,0.0,0,0,0.9222632933150264,True,35.29393,-120.66801,0.0,0.0,0.0,0.0
690fd7dd87825a48788a8a75,2025-10-12 20:11:49.940,foothill,Car,4.6819735,0.0,0.0,180.0,0.0,0.4241749942302704,0.0,inf,0.0,0.0,0,0,0.9222632933150264,True,35.293926,-120.66801,0.0,0.0,0.0,0.0
690fd7dd87825a48788a8a75,2025-10-12 20:11:49.940,foothill,Car,4.6819735,0.0,0.0,180.0,0.0,0.4241749942302704,0.0,inf,0.0,0.0,0,0,0.9222632933150264,True,35.293922,-120.66801,0.0,0.0,0.0,0.0
690fd7dd87825a48788a8a75,2025-10-12 20:11:49.940,foothill,Car,4.6819735,0.0,0.0,90.0,-90.0,0.4241749942302704,4.681973457336426,inf,0.0,90.0,0,0,0.9222632933150264,True,35.293922,-120.668,0.0,0.0,0.0,0.0
690fd7dd87825a48788a8a75,2025-10-12 20:11:49.940,foothill,Car,4.6819735,0.0,0.0,180.0,90.0,0.4241749942302704,4.681973457336426,inf,0.0,90.0,0,0,0.9222632933150264,True,35.29392,-120.668,0.0,0.0,0.0,0.0
690fd7dd87825a48788a8a75,2025-10-12 20:11:49.940,foothill,Car,4.6819735,0.0,0.0,180.0,0.0,0.4241749942302704,0.0,inf,0.0,0.0,0,0,0.9222632933150264,True,35.293915,-120.668,0.0,0.0,0.0,0.0
690fd7dd87825a48788a8a75,2025-10-12 20:11:49.940,foothill,Car,4.6819735,0.0,0.0,180.0,0.0,0.4241749942302704,5.73376401391578e-16,inf,0.0,180.0,0,0,0.9222632933150264,True,35.29391,-120.66799,0.0,0.0,0.0,0.0
690fd7dd87825a48788a8a75,2025-10-12 20:11:49.940,foothill,Car,4.6819735,0.0,0.0,180.0,0.0,0.0,0.0,inf,0.0,180.0,0,0,0.9222632933150264,True,35.293907,-120.66799,0.0,0.0,0.0,0.0
690fd7dd87825a48788a8a75,2025-10-12 20:11:49.940,foothill,Car,4.6819735,0.0,0.0,0.0,-180.0,0.0,0.0,inf,0.0,0.0,0,0,0.9222632933150264,True,35.293907,-120.66799,0.0,0.0,0.0,0.0
690fd7dd87825a48788a8a75,2025-10-12 20:11:49.940,foothill,Car,4.6819735,0.0,0.0,180.0,-180.0,0.4241749942302704,-5.73376401391578e-16,739784561524736.0,0.0,180.0,0,0,0.9222632933150264,True,35.293903,-120.66799,0.0,0.0,0.0,0.0
690fd7dd87825a48788a8a75,2025-10-12 20:11:49.940,foothill,Car,4.6819735,0.0,0.0,180.0,0.0,0.4241749942302704,0.0,inf,0.0,0.0,0,0,0.9222632933150264,True,35.2939,-120.66799,0.0,0.0,0.0,0.0
690fd7dd87825a48788a8a75,2025-10-12 20:11:49.940,foothill,Car,4.6819735,0.0,0.0,107.029724,-72.970276,0.4241749942302704,4.476682662963867,inf,0.0,72.97027587890625,0,0,0.9222632933150264,True,35.293896,-120.667984,0.0,0.0,0.0,0.0
690fd7dd87825a48788a8a75,2025-10-12 20:11:49.940,foothill,Car,4.6819735,0.0,0.0,180.0,72.970276,0.4241749942302704,4.476682662963867,inf,0.0,72.97027587890625,0,0,0.9222632933150264,True,35.29389,-120.667984,0.0,0.0,0.0,0.0
690fd7dd87825a48788a8a75,2025-10-12 20:11:49.940,foothill,Car,4.6819735,0.0,0.0,180.0,0.0,0.0,0.0,inf,0.0,180.0,0,0,0.9222632933150264,True,35.293888,-120.667984,0.0,0.0,0.0,0.0
690fd7dd87825a48788a8a75,2025-10-12 20:11:49.940,foothill,Car,4.6819735,0.0,0.0,0.0,-180.0,0.0,0.0,inf,0.0,0.0,0,0,0.9222632933150264,True,35.293888,-120.667984,0.0,0.0,0.0,0.0
690fd7dd87825a48788a8a75,2025-10-12 20:11:49.940,foothill,Car,4.6819735,0.0,0.0,180.0,-180.0,0.4241749942302704,-5.73376401391578e-16,739784561524736.0,0.0,180.0,0,0,0.9222632933150264,True,35.293884,-120.667984,0.0,0.0,0.0,0.0
690fd7dd87825a48788a8a75,2025-10-12 20:11:49.940,foothill,Car,4.6819735,0.0,0.0,180.0,0.0,0.4241749942302704,0.0,inf,0.0,0.0,0,0,0.9222632933150264,True,35.29388,-120.667984,0.0,0.0,0.0,0.0
690fd7dd87825a48788a8a75,2025-10-12 20:11:49.940,foothill,Car,4.6819735,0.0,0.0,180.0,0.0,0.4241749942302704,0.0,inf,0.0,0.0,0,0,0.9222632933150264,True,35.293877,-120.667984,0.0,0.0,0.0,0.0
690fd7dd87825a48788a8a75,2025-10-12 20:11:49.940,foothill,Car,4.6819735,0.0,0.0,180.0,0.0,0.4241749942302704,0.0,inf,0.0,0.0,0,0,0.9222632933150264,True,35.293873,-120.667984,0.0,0.0,0.0,0.0
690fd7dd87825a48788a8a75,2025-10-12 20:11:49.940,foothill,Car,4.6819735,0.0,0.0,180.0,0.0,0.0,0.0,inf,0.0,180.0,0,0,0.9222632933150264,True,35.29387,-120.66798,0.0,0.0,0.0,0.0
690fd7dd87825a48788a8a75,2025-10-12 20:11:49.940,foothill,Car,4.6819735,0.0,0.0,0.0,-180.0,0.0,0.0,inf,0.0,0.0,0,0,0.9222632933150264,True,35.29387,-120.66798,0.0,0.0,0.0,0.0
690fd7dd87825a48788a8a75,2025-10-12 20:11:49.940,foothill,Car,4.6819735,0.0,0.0,180.0,-180.0,0.4241749942302704,-5.73376401391578e-16,739784561524736.0,0.0,180.0,0,0,0.9222632933150264,True,35.293865,-120.66798,0.0,0.0,0.0,0.0
690fd7dd87825a48788a8a75,2025-10-12 20:11:49.940,foothill,Car,4.6819735,0.0,0.0,180.0,0.0,0.4241749942302704,0.0,inf,0.0,0.0,0,0,0.9222632933150264,True,35.29386,-120.66798,0.0,0.0,0.0,0.0
690fd7dd87825a48788a8a75,2025-10-12 20:11:49.940,foothill,Car,4.6819735,0.0,0.0,180.0,0.0,0.4241749942302704,5.73376401391578e-16,inf,0.0,180.0,0,0,0.9222632933150264,True,35.293858,-120.66798,0.0,0.0,0.0,0.0
690fd7dd87825a48788a8a75,2025-10-12 20:11:49.940,foothill,Car,4.6819735,0.0,0.0,0.0,-180.0,0.4241749942302704,5.73376401391578e-16,inf,0.0,180.0,0,0,0.9222632933150264,True,35.293854,-120.66798,0.0,0.0,0.0,0.0
690fd7dd87825a48788a8a75,2025-10-12 20:11:49.940,foothill,Car,4.6819735,0.0,0.0,180.0,-180.0,0.4241749942302704,-5.73376401391578e-16,739784561524736.0,0.0,180.0,0,0,0.9222632933150264,True,35.29385,-120.66798,0.0,0.0,0.0,0.0
690fd7dd87825a48788a8a75,2025-10-12 20:11:49.940,foothill,Car,4.6819735,0.0,0.0,180.0,0.0,0.4241749942302704,0.0,inf,0.0,0.0,0,0,0.9222632933150264,True,35.293846,-120.66798,0.0,0.0,0.0,0.0
690fd7dd87825a48788a8a75,2025-10-12 20:11:49.940,foothill,Car,4.6819735,0.0,0.0,180.0,0.0,0.4241749942302704,0.0,inf,0.0,0.0,0,0,0.9222632933150264,True,35.293842,-120.66798,0.0,0.0,0.0,0.0
690fd7dd87825a48788a8a75,2025-10-12 20:11:49.940,foothill,Car,4.6819735,0.0,0.0,98.70712,-81.29288,0.4241749942302704,4.628014087677002,inf,0.0,81.29287719726562,0,0,0.9222632933150264,True,35.29384,-120.66797,0.0,0.0,0.0,0.0
690fd7dd87825a48788a8a75,2025-10-12 20:11:49.940,foothill,Car,4.6819735,0.0,0.0,180.0,81.29288,0.4241749942302704,0.0,inf,0.0,0.0,0,0,0.9222632933150264,True,35.293835,-120.66797,0.0,0.0,0.0,0.0
690fd7dd87825a48788a8a75,2025-10-12 20:11:49.940,foothill,Car,4.6819735,0.0,0.0,180.0,0.0,0.4241749942302704,0.0,inf,0.0,0.0,0,0,0.9222632933150264,True,35.29383,-120.66797,0.0,0.0,0.0,0.0
690fd7dd87825a48788a8a75,2025-10-12 20:11:49.940,foothill,Car,4.6819735,0.0,0.0,180.0,0.0,0.4241749942302704,0.0,inf,0.0,0.0,0,0,0.9222632933150264,True,35.293827,-120.66797,0.0,0.0,0.0,0.0
690fd7dd87825a48788a8a75,2025-10-12 20:11:49.940,foothill,Car,4.6819735,0.0,0.0,180.0,0.0,0.4241749942302704,0.0,inf,0.0,0.0,0,0,0.9222632933150264,True,35.293823,-120.66797,0.0,0.0,0.0,0.0
690fd7dd87825a48788a8a76,2025-10-12 20:11:12.869,foothill,Car,1.6334628,0.0,0.0,0.0,0.0,0.0,0.0,inf,0.0,0.0,1,0,0.976406431543252,True,35.293854,-120.66787,0.1,0.0,0.0,0.0
690fd7dd87825a48788a8a76,2025-10-12 20:11:12.869,foothill,Car,1.6334628,0.0,0.0,0.0,0.0,0.0,0.0,inf,0.0,0.0,0,0,0.976406431543252,True,35.293854,-120.66787,0.0,0.0,0.0,0.0
690fd7dd87825a48788a8a76,2025-10-12 20:11:12.869,foothill,Car,1.6334628,0.0,0.0,0.0,0.0,0.0,0.0,inf,0.0,0.0,0,0,0.976406431543252,True,35.293854,-120.66787,0.0,0.0,0.0,0.0
690fd7dd87825a48788a8a76,2025-10-12 20:11:12.869,foothill,Car,1.6334628,0.0,0.0,0.0,0.0,0.0,0.0,inf,0.0,0.0,0,0,0.976406431543252,True,35.293854,-120.66787,0.0,0.0,0.0,0.0
690fd7dd87825a48788a8a76,2025-10-12 20:11:12.869,foothill,Car,1.6334628,0.0,0.0,0.0,0.0,0.0,0.0,inf,0.0,0.0,0,0,0.976406431543252,True,35.293854,-120.66787,0.0,0.0,0.0,0.0
690fd7dd87825a48788a8a76,2025-10-12 20:11:12.869,foothill,Car,1.6334628,0.0,0.0,0.0,0.0,0.0,0.0,inf,0.0,0.0,0,0,0.976406431543252,True,35.293854,-120.66787,0.0,0.0,0.0,0.0
690fd7dd87825a48788a8a76,2025-10-12 20:11:12.869,foothill,Car,1.6334628,0.0,0.0,0.0,0.0,0.0,0.0,inf,0.0,0.0,0,0,0.976406431543252,True,35.293854,-120.66787,0.0,0.0,0.0,0.0
690fd7dd87825a48788a8a76,2025-10-12 20:11:12.869,foothill,Car,1.6334628,0.0,0.0,0.0,0.0,0.0,0.0,inf,0.0,0.0,0,0,0.976406431543252,True,35.293854,-120.66787,0.0,0.0,0.0,0.0
690fd7dd87825a48788a8a76,2025-10-12 20:11:12.869,foothill,Car,1.6334628,0.0,0.0,0.0,0.0,0.0,0.0,inf,0.0,0.0,0,0,0.976406431543252,True,35.293854,-120.66787,0.0,0.0,0.0,0.0
690fd7dd87825a48788a8a76,2025-10-12 20:11:12.869,foothill,Car,1.6334628,0.0,0.0,0.0,0.0,0.0,0.0,inf,0.0,0.0,0,0,0.976406431543252,True,35.293854,-120.66787,0.0,0.0,0.0,0.0
690fd7dd87825a48788a8a76,2025-10-12 20:11:12.869,foothill,Car,1.6334628,0.0,0.0,0.0,0.0,0.0,0.0,inf,0.0,0.0,0,0,0.976406431543252,True,35.293854,-120.66787,0.0,0.0,0.0,0.0
690fd7dd87825a48788a8a76,2025-10-12 20:11:12.869,foothill,Car,1.6334628,0.0,0.0,0.0,0.0,0.0,0.0,inf,0.0,0.0,0,0,0.976406431543252,True,35.293854,-120.66787,0.0,0.0,0.0,0.0
690fd7dd87825a48788a8a76,2025-10-12 20:11:12.869,foothill,Car,1.6334628,0.0,0.0,0.0,0.0,0.0,0.0,inf,0.0,0.0,0,0,0.976406431543252,True,35.293854,-120.66787,0.0,0.0,0.0,0.0
690fd7dd87825a48788a8a76,2025-10-12 20:11:12.869,foothill,Car,1.6334628,0.0,0.0,0.0,0.0,0.0,0.0,inf,0.0,0.0,0,0,0.976406431543252,True,35.293854,-120.66787,0.0,0.0,0.0,0.0
690fd7dd87825a48788a8a76,2025-10-12 20:11:12.869,foothill,Car,1.6334628,0.0,0.0,0.0,0.0,0.0,0.0,inf,0.0,0.0,0,0,0.976406431543252,True,35.293854,-120.66787,0.0,0.0,0.0,0.0
690fd7dd87825a48788a8a76,2025-10-12 20:11:12.869,foothill,Car,1.6334628,0.0,0.0,0.0,0.0,0.0,0.0,inf,0.0,0.0,0,0,0.976406431543252,True,35.293854,-120.66787,0.0,0.0,0.0,0.0
690fd7dd87825a48788a8a76,2025-10-12 20:11:12.869,foothill,Car,1.6334628,0.0,0.0,0.0,0.0,0.0,0.0,inf,0.0,0.0,0,0,0.976406431543252,True,35.293854,-120.66787,0.0,0.0,0.0,0.0
690fd7dd87825a48788a8a76,2025-10-12 20:11:12.869,foothill,Car,1.6334628,0.0,0.0,0.0,0.0,0.0,0.0,inf,0.0,0.0,0,0,0.976406431543252,True,35.293854,-120.66787,0.0,0.0,0.0,0.0
690fd7dd87825a48788a8a76,2025-10-12 20:11:12.869,foothill,Car,1.6334628,0.0,0.0,0.0,0.0,0.0,0.0,inf,0.0,0.0,0,0,0.976406431543252,True,35.293854,-120.66787,0.0,0.0,0.0,0.0
690fd7dd87825a48788a8a76,2025-10-12 20:11:12.869,foothill,Car,1.6334628,0.0,0.0,0.0,0.0,0.0,0.0,inf,0.0,0.0,0,0,0.976406431543252,True,35.293854,-120.66787,0.0,0.0,0.0,0.0
690fd7dd87825a48788a8a76,2025-10-12 20:11:12.869,foothill,Car,1.6334628,0.0,0.0,0.0,0.0,0.0,0.0,inf,0.0,0.0,0,0,0.976406431543252,True,35.293854,-120.66787,0.0,0.0,0.0,0.0
690fd7dd87825a48788a8a76,2025-10-12 20:11:12.869,foothill,Car,1.6334628,0.0,0.0,0.0,0.0,0.0,0.0,inf,0.0,0.0,0,0,0.976406431543252,True,35.293854,-120.66787,0.0,0.0,0.0,0.0
690fd7dd87825a48788a8a76,2025-10-12 20:11:12.869,foothill,Car,1.6334628,0.0,0.0,0.0,0.0,0.0,0.0,inf,0.0,0.0,0,0,0.976406431543252,True,35.293854,-120.66787,0.0,0.0,0.0,0.0
690fd7dd87825a48788a8a76,2025-10-12 20:11:12.869,foothill,Car,1.6334628,0.0,0.0,0.0,0.0,0.0,0.0,inf,0.0,0.0,0,0,0.976406431543252,True,35.293854,-120.66787,0.0,0.0,0.0,0.0
690fd7dd87825a48788a8a76,2025-10-12 20:11:12.869,foothill,Car,1.6334628,0.0,0.0,0.0,0.0,0.0,0.0,inf,0.0,0.0,0,0,0.976406431543252,True,35.293854,-120.66787,0.0,0.0,0.0,0.0
690fd7dd87825a48788a8a76,2025-10-12 20:11:12.869,foothill,Car,1.6334628,0.0,0.0,0.0,0.0,0.0,0.0,inf,0.0,0.0,0,0,0.976406431543252,True,35.293854,-120.66787,0.0,0.0,0.0,0.0
690fd7dd87825a48788a8a76,2025-10-12 20:11:12.869,foothill,Car,1.6334628,0.0,0.0,0.0,0.0,0.0,0.0,inf,0.0,0.0,0,0,0.976406431543252,True,35.293854,-120.66787,0.0,0.0,0.0,0.0
690fd7dd87825a48788a8a76,2025-10-12 20:11:12.869,foothill,Car,1.6334628,0.0,0.0,0.0,0.0,0.0,0.0,inf,0.0,0.0,0,0,0.976406431543252,True,35.293854,-120.66787,0.0,0.0,0.0,0.0
690fd7dd87825a48788a8a76,2025-10-12 20:11:12.869,foothill,Car,1.6334628,0.0,0.0,0.0,0.0,0.0,0.0,inf,0.0,0.0,0,0,0.976406431543252,True,35.293854,-120.66787,0.0,0.0,0.0,0.0
690fd7dd87825a48788a8a76,2025-10-12 20:11:12.869,foothill,Car,1.6334628,0.0,0.0,0.0,0.0,0.0,0.0,inf,0.0,0.0,0,0,0.976406431543252,True,35.293854,-120.66787,0.0,0.0,0.0,0.0
690fd7dd87825a48788a8a76,2025-10-12 20:11:12.869,foothill,Car,1.6334628,0.0,0.0,0.0,0.0,0.0,0.0,inf,0.0,0.0,0,0,0.976406431543252,True,35.293854,-120.66787,0.0,0.0,0.0,0.0
690fd7dd87825a48788a8a76,2025-10-12 20:11:12.869,foothill,Car,1.6334628,0.0,0.0,0.0,0.0,0.0,0.0,inf,0.0,0.0,0,0,0.976406431543252,True,35.293854,-120.66787,0.0,0.0,0.0,0.0
690fd7dd87825a48788a8a76,2025-10-12 20:11:12.869,foothill,Car,1.6334628,0.0,0.0,0.0,0.0,0.0,0.0,inf,0.0,0.0,0,0,0.976406431543252,True,35.293854,-120.66787,0.0,0.0,0.0,0.0
690fd7dd87825a48788a8a76,2025-10-12 20:11:12.869,foothill,Car,1.6334628,0.0,0.0,0.0,0.0,0.0,0.0,inf,0.0,0.0,0,0,0.976406431543252,True,35.293854,-120.66787,0.0,0.0,0.0,0.0
690fd7dd87825a48788a8a76,2025-10-12 20:11:12.869,foothill,Car,1.6334628,0.0,0.0,0.0,0.0,0.0,0.0,inf,0.0,0.0,0,0,0.976406431543252,True,35.293854,-120.66787,0.0,0.0,0.0,0.0
690fd7dd87825a48788a8a76,2025-10-12 20:11:12.869,foothill,Car,1.6334628,0.0,0.0,0.0,0.0,0.0,0.0,inf,0.0,0.0,0,0,0.976406431543252,True,35.293854,-120.66787,0.0,0.0,0.0,0.0
690fd7dd87825a48788a8a76,2025-10-12 20:11:12.869,foothill,Car,1.6334628,0.0,0.0,0.0,0.0,0.0,0.0,inf,0.0,0.0,0,0,0.976406431543252,True,35.293854,-120.66787,0.0,0.0,0.0,0.0
690fd7dd87825a48788a8a76,2025-10-12 20:11:12.869,foothill,Car,1.6334628,0.0,0.0,0.0,0.0,0.0,0.0,inf,0.0,0.0,0,0,0.976406431543252,True,35.293854,-120.66787,0.0,0.0,0.0,0.0
690fd7dd87825a48788a8a76,2025-10-12 20:11:12.869,foothill,Car,1.6334628,0.0,0.0,0.0,0.0,0.0,0.0,inf,0.0,0.0,0,0,0.976406431543252,True,35.293854,-120.66787,0.0,0.0,0.0,0.0
690fd7dd87825a48788a8a76,2025-10-12 20:11:12.869,foothill,Car,1.6334628,0.0,0.0,0.0,0.0,0.0,0.0,inf,0.0,0.0,0,0,0.976406431543252,True,35.293854,-120.66787,0.0,0.0,0.0,0.0
690fd7dd87825a48788a8a76,2025-10-12 20:11:12.869,foothill,Car,1.6334628,0.0,0.0,0.0,0.0,0.0,0.0,inf,0.0,0.0,0,0,0.976406431543252,True,35.293854,-120.66787,0.0,0.0,0.0,0.0
690fd7dd87825a48788a8a76,2025-10-12 20:11:12.869,foothill,Car,1.6334628,0.0,0.0,0.0,0.0,0.0,0.0,inf,0.0,0.0,0,0,0.976406431543252,True,35.293854,-120.66787,0.0,0.0,0.0,0.0
690fd7dd87825a48788a8a76,2025-10-12 20:11:12.869,foothill,Car,1.6334628,0.0,0.0,0.0,0.0,0.0,0.0,inf,0.0,0.0,0,0,0.976406431543252,True,35.293854,-120.66787,0.0,0.0,0.0,0.0
690fd7dd87825a48788a8a76,2025-10-12 20:11:12.869,foothill,Car,1.6334628,0.0,0.0,0.0,0.0,0.0,0.0,inf,0.0,0.0,0,0,0.976406431543252,True,35.293854,-120.66787,0.0,0.0,0.0,0.0
690fd7dd87825a48788a8a76,2025-10-12 20:11:12.869,foothill,Car,1.6334628,0.0,0.0,0.0,0.0,0.0,0.0,inf,0.0,0.0,0,0,0.976406431543252,True,35.293854,-120.66787,0.0,0.0,0.0,0.0
690fd7dd87825a48788a8a76,2025-10-12 20:11:12.869,foothill,Car,1.6334628,0.0,0.0,0.0,0.0,0.0,0.0,inf,0.0,0.0,0,0,0.976406431543252,True,35.293854,-120.66787,0.0,0.0,0.0,0.0
690fd7dd87825a48788a8a76,2025-10-12 20:11:12.869,foothill,Car,1.6334628,0.0,0.0,0.0,0.0,0.0,0.0,inf,0.0,0.0,0,0,0.976406431543252,True,35.293854,-120.66787,0.0,0.0,0.0,0.0
690fd7dd87825a48788a8a76,2025-10-12 20:11:12.869,foothill,Car,1.6334628,0.0,0.0,0.0,0.0,0.0,0.0,inf,0.0,0.0,0,0,0.976406431543252,True,35.293854,-120.66787,0.0,0.0,0.0,0.0
690fd7dd87825a48788a8a76,2025-10-12 20:11:12.869,foothill,Car,1.6334628,0.0,0.0,0.0,0.0,0.0,0.0,inf,0.0,0.0,0,0,0.976406431543252,True,35.293854,-120.66787,0.0,0.0,0.0,0.0
690fd7dd87825a48788a8a76,2025-10-12 20:11:12.869,foothill,Car,1.6334628,0.0,0.0,0.0,0.0,0.0,0.0,inf,0.0,0.0,0,0,0.976406431543252,True,35.293854,-120.66787,0.0,0.0,0.0,0.0
690fd7dd87825a48788a8a76,2025-10-12 20:11:12.869,foothill,Car,1.6334628,0.0,0.0,0.0,0.0,0.0,0.0,inf,0.0,0.0,0,0,0.976406431543252,True,35.293854,-120.66787,0.0,0.0,0.0,0.0
690fd7dd87825a48788a8a76,2025-10-12 20:11:12.869,foothill,Car,1.6334628,0.0,0.0,0.0,0.0,0.0,0.0,inf,0.0,0.0,0,0,0.976406431543252,True,35.293854,-120.66787,0.0,0.0,0.0,0.0
690fd7dd87825a48788a8a76,2025-10-12 20:11:12.869,foothill,Car,1.6334628,0.0,0.0,0.0,0.0,0.0,0.0,inf,0.0,0.0,0,0,0.976406431543252,True,35.293854,-120.66787,0.0,0.0,0.0,0.0
690fd7dd87825a48788a8a76,2025-10-12 20:11:12.869,foothill,Car,1.6334628,0.0,0.0,0.0,0.0,0.0,0.0,inf,0.0,0.0,0,0,0.976406431543252,True,35.293854,-120.66787,0.0,0.0,0.0,0.0
690fd7dd87825a48788a8a76,2025-10-12 20:11:12.869,foothill,Car,1.6334628,0.0,0.0,0.0,0.0,0.0,0.0,inf,0.0,0.0,0,0,0.976406431543252,True,35.293854,-120.66787,0.0,0.0,0.0,0.0
690fd7dd87825a48788a8a76,2025-10-12 20:11:12.869,foothill,Car,1.6334628,0.0,0.0,0.0,0.0,0.0,0.0,inf,0.0,0.0,0,0,0.976406431543252,True,35.293854,-120.66787,0.0,0.0,0.0,0.0
690fd7dd87825a48788a8a76,2025-10-12 20:11:12.869,foothill,Car,1.6334628,0.0,0.0,0.0,0.0,0.0,0.0,inf,0.0,0.0,0,0,0.976406431543252,True,35.293854,-120.66787,0.0,0.0,0.0,0.0
690fd7dd87825a48788a8a76,2025-10-12 20:11:12.869,foothill,Car,1.6334628,0.0,0.0,0.0,0.0,0.0,0.0,inf,0.0,0.0,0,0,0.976406431543252,True,35.293854,-120.66787,0.0,0.0,0.0,0.0
690fd7dd87825a48788a8a76,2025-10-12 20:11:12.869,foothill,Car,1.6334628,0.0,0.0,0.0,0.0,0.0,0.0,inf,0.0,0.0,0,0,0.976406431543252,True,35.293854,-120.66787,0.0,0.0,0.0,0.0
690fd7dd87825a48788a8a76,2025-10-12 20:11:12.869,foothill,Car,1.6334628,0.0,0.0,0.0,0.0,0.0,0.0,inf,0.0,0.0,0,0,0.976406431543252,True,35.293854,-120.66787,0.0,0.0,0.0,0.0
690fd7dd87825a48788a8a76,2025-10-12 20:11:12.869,foothill,Car,1.6334628,0.0,0.0,0.0,0.0,0.0,0.0,inf,0.0,0.0,0,0,0.976406431543252,True,35.293854,-120.66787,0.0,0.0,0.0,0.0
690fd7dd87825a48788a8a76,2025-10-12 20:11:12.869,foothill,Car,1.6334628,0.0,0.0,0.0,0.0,0.0,0.0,inf,0.0,0.0,0,0,0.976406431543252,True,35.293854,-120.66787,0.0,0.0,0.0,0.0
690fd7dd87825a48788a8a76,2025-10-12 20:11:12.869,foothill,Car,1.6334628,0.0,0.0,0.0,0.0,0.0,0.0,inf,0.0,0.0,0,0,0.976406431543252,True,35.293854,-120.66787,0.0,0.0,0.0,0.0
690fd7dd87825a48788a8a76,2025-10-12 20:11:12.869,foothill,Car,1.6334628,0.0,0.0,0.0,0.0,0.0,0.0,inf,0.0,0.0,0,0,0.976406431543252,True,35.293854,-120.66787,0.0,0.0,0.0,0.0
690fd7dd87825a48788a8a76,2025-10-12 20:11:12.869,foothill,Car,1.6334628,0.0,0.0,0.0,0.0,0.0,0.0,inf,0.0,0.0,0,0,0.976406431543252,True,35.293854,-120.66787,0.0,0.0,0.0,0.0
690fd7dd87825a48788a8a76,2025-10-12 20:11:12.869,foothill,Car,1.6334628,0.0,0.0,0.0,0.0,0.0,0.0,inf,0.0,0.0,0,0,0.976406431543252,True,35.293854,-120.66787,0.0,0.0,0.0,0.0
690fd7dd87825a48788a8a76,2025-10-12 20:11:12.869,foothill,Car,1.6334628,0.0,0.0,354.34995,-5.6500244,6.903013706207275,-1.374800682067871,5.021101474761963,7.978207588195801,104.357177734375,0,0,0.976406431543252,True,35.293972,-120.66789,0.0,0.0,0.0,0.0
690fd7dd87825a48788a8a76,2025-10-12 20:11:12.869,foothill,Car,1.6334628,0.0,0.0,318.5756,-35.774353,0.0,-0.0,inf,0.0,41.424407958984375,0,0,0.976406431543252,True,35.294033,-120.66795,0.0,0.0,0.0,0.0
690fd7dd87825a48788a8a76,2025-10-12 20:11:12.869,foothill,Car,1.6334628,0.0,0.0,0.0,41.424408,0.0,0.0,inf,0.0,0.0,0,0,0.976406431543252,True,35.294033,-120.66795,0.0,0.0,0.0,0.0
690fd7dd87825a48788a8a76,2025-10-12 20:11:12.869,foothill,Car,1.6334628,0.0,0.0,0.0,0.0,0.4241749942302704,0.0,inf,0.0,0.0,0,0,0.976406431543252,True,35.294037,-120.66795,0.0,0.0,0.0,0.0
690fd7dd87825a48788a8a76,2025-10-12 20:11:12.869,foothill,Car,1.6334628,0.0,0.0,0.0,0.0,0.4241749942302704,0.0,inf,0.0,0.0,0,0,0.976406431543252,True,35.294037,-120.66796,0.0,0.0,0.0,0.0
690fd7dd87825a48788a8a76,2025-10-12 20:11:12.869,foothill,Car,1.6334628,0.0,0.0,0.0,0.0,0.4241749942302704,0.0,inf,0.0,0.0,0,0,0.976406431543252,True,35.29404,-120.66796,0.0,0.0,0.0,0.0
690fd7dd87825a48788a8a76,2025-10-12 20:11:12.869,foothill,Car,1.6334628,0.0,0.0,270.0,-90.0,0.4241749942302704,1.6334627866744995,inf,0.0,90.0,0,0,0.976406431543252,True,35.29404,-120.66797,0.0,0.0,0.0,0.0
690fd7dd87825a48788a8a76,2025-10-12 20:11:12.869,foothill,Car,1.6334628,0.0,0.0,0.0,90.0,0.4241749942302704,1.6334627866744995,inf,0.0,90.0,0,0,0.976406431543252,True,35.294044,-120.66797,0.0,0.0,0.0,0.0
690fd7dd87825a48788a8a76,2025-10-12 20:11:12.869,foothill,Car,1.6334628,0.0,0.0,270.0,-90.0,0.4241749942302704,1.6334627866744995,inf,0.0,90.0,0,0,0.976406431543252,True,35.294044,-120.66798,0.0,0.0,0.0,0.0
690fd7dd87825a48788a8a76,2025-10-12 20:11:12.869,foothill,Car,1.6334628,0.0,0.0,0.0,90.0,0.4241749942302704,1.6334627866744995,inf,0.0,90.0,0,0,0.976406431543252,True,35.29405,-120.66798,0.0,0.0,0.0,0.0
690fd7dd87825a48788a8a76,2025-10-12 20:11:12.869,foothill,Car,1.6334628,0.0,0.0,0.0,0.0,0.4241749942302704,0.0,inf,0.0,0.0,0,0,0.976406431543252,True,35.29405,-120.667984,0.0,0.0,0.0,0.0
690fd7dd87825a48788a8a76,2025-10-12 20:11:12.869,foothill,Car,1.6334628,0.0,0.0,0.0,0.0,0.4241749942302704,0.0,inf,0.0,0.0,0,0,0.976406431543252,True,35.294052,-120.667984,0.0,0.0,0.0,0.0
690fd7dd87825a48788a8a76,2025-10-12 20:11:12.869,foothill,Car,1.6334628,0.0,0.0,270.0,-90.0,0.0,0.0,inf,0.0,0.0,0,0,0.976406431543252,True,35.294052,-120.66799,0.0,0.0,0.0,0.0
690fd7dd87825a48788a8a76,2025-10-12 20:11:12.869,foothill,Car,1.6334628,0.0,0.0,0.0,90.0,0.0,0.0,inf,0.0,90.0,0,0,0.976406431543252,True,35.294052,-120.66799,0.0,0.0,0.0,0.0
690fd7dd87825a48788a8a76,2025-10-12 20:11:12.869,foothill,Car,1.6334628,0.0,0.0,0.0,0.0,0.0,0.0,inf,0.0,0.0,0,0,0.976406431543252,True,35.294056,-120.668,0.0,0.0,0.0,0.0
690fd7dd87825a48788a8a76,2025-10-12 20:11:12.869,foothill,Car,1.6334628,0.0,0.0,0.0,0.0,0.0,0.0,inf,0.0,0.0,0,0,0.976406431543252,True,35.294056,-120.668,0.0,0.0,0.0,0.0
690fd7dd87825a48788a8a76,2025-10-12 20:11:12.869,foothill,Car,1.6334628,0.0,0.0,287.02975,-72.970245,0.0,0.0,inf,8.77967357635498,107.02975463867188,0,0,0.976406431543252,True,35.29406,-120.66801,0.0,0.0,0.0,0.0
690fd7dd87825a48788a8a76,2025-10-12 20:11:12.869,foothill,Car,1.6334628,0.0,0.0,0.0,72.970245,0.0,0.0,inf,8.77967357635498,180.0,0,0,0.976406431543252,True,35.29406,-120.66801,0.0,0.0,0.0,0.0
690fd7dd87825a48788a8a76,2025-10-12 20:11:12.869,foothill,Car,1.6334628,0.0,0.0,0.0,0.0,0.6924211382865906,-12.046598434448242,0.0574785619974136,8.77967357635498,180.0,0,0,0.976406431543252,True,35.29406,-120.668015,0.0,0.0,0.0,0.0
690fd7dd87825a48788a8a76,2025-10-12 20:11:12.869,foothill,Car,1.6334628,0.0,0.0,287.02975,-72.970245,0.0,0.0,inf,0.0,0.0,0,0,0.976406431543252,True,35.294064,-120.66802,0.0,0.0,0.0,0.0
690fd7dd87825a48788a8a76,2025-10-12 20:11:12.869,foothill,Car,1.6334628,0.0,0.0,0.0,72.970245,0.0,0.0,inf,0.0,72.97024536132812,0,0,0.976406431543252,True,35.294064,-120.66802,0.0,0.0,0.0,0.0
690fd7dd87825a48788a8a76,2025-10-12 20:11:12.869,foothill,Car,1.6334628,0.0,0.0,0.0,0.0,0.4241749942302704,0.0,inf,0.0,0.0,0,0,0.976406431543252,True,35.294064,-120.66803,0.0,0.0,0.0,0.0
690fd7dd87825a48788a8a76,2025-10-12 20:11:12.869,foothill,Car,1.6334628,0.0,0.0,0.0,0.0,0.4241749942302704,0.0,inf,0.0,0.0,0,0,0.976406431543252,True,35.294067,-120.66803,0.0,0.0,0.0,0.0
690fd7dd87825a48788a8a76,2025-10-12 20:11:12.869,foothill,Car,1.6334628,0.0,0.0,270.0,-90.0,0.0,0.0,inf,0.0,0.0,0,0,0.976406431543252,True,35.294067,-120.66804,0.0,0.0,0.0,0.0
690fd7dd87825a48788a8a76,2025-10-12 20:11:12.869,foothill,Car,1.6334628,0.0,0.0,0.0,90.0,0.0,0.0,inf,0.0,90.0,0,0,0.976406431543252,True,35.294067,-120.66804,0.0,0.0,0.0,0.0
690fd7dd87825a48788a8a76,2025-10-12 20:11:12.869,foothill,Car,1.6334628,0.0,0.0,294.6763,-65.3237,0.4241749942302704,-1.4842965602874756,0.2857750952243805,8.51984691619873,114.67630004882812,0,0,0.976406431543252,True,35.29407,-120.668045,0.0,0.0,0.0,0.0
690fd7dd87825a48788a8a76,2025-10-12 20:11:12.869,foothill,Car,1.6334628,0.0,0.0,0.0,65.3237,0.0,0.0,inf,0.0,0.0,0,0,0.976406431543252,True,35.29407,-120.66805,0.0,0.0,0.0,0.0
690fd7dd87825a48788a8a76,2025-10-12 20:11:12.869,foothill,Car,1.6334628,0.0,0.0,0.0,0.0,0.0,0.0,inf,0.0,0.0,0,0,0.976406431543252,True,35.29407,-120.66805,0.0,0.0,0.0,0.0
690fd7dd87825a48788a8a76,2025-10-12 20:11:12.869,foothill,Car,1.6334628,0.0,0.0,270.0,-90.0,0.4241749942302704,1.6334627866744995,inf,0.0,90.0,0,0,0.976406431543252,True,35.29407,-120.66806,0.0,0.0,0.0,0.0
690fd7dd87825a48788a8a76,2025-10-12 20:11:12.869,foothill,Car,1.6334628,0.0,0.0,0.0,90.0,0.4241749942302704,1.6334627866744995,inf,0.0,90.0,0,0,0.976406431543252,True,35.294075,-120.66806,0.0,0.0,0.0,0.0
690fd7dd87825a48788a8a76,2025-10-12 20:11:12.869,foothill,Car,1.6334628,0.0,0.0,0.0,0.0,0.6924209594726562,1.6334627866744995,inf,0.0,90.0,0,0,0.976406431543252,True,35.294075,-120.66807,0.0,0.0,0.0,0.0
690fd7dd87825a48788a8a76,2025-10-12 20:11:12.869,foothill,Car,1.6334628,0.0,0.0,270.0,-90.0,0.0,0.0,inf,0.0,0.0,0,0,0.976406431543252,True,35.294075,-120.668076,0.0,0.0,0.0,0.0
690fd7dd87825a48788a8a76,2025-10-12 20:11:12.869,foothill,Car,1.6334628,0.0,0.0,0.0,90.0,0.0,0.0,inf,0.0,90.0,0,0,0.976406431543252,True,35.294075,-120.668076,0.0,0.0,0.0,0.0
690fd7dd87825a48788a8a76,2025-10-12 20:11:12.869,foothill,Car,1.6334628,0.0,0.0,0.0,0.0,0.6924209594726562,-1.6334627866744995,0.4238975942134857,0.0,90.0,0,0,0.976406431543252,True,35.294075,-120.66808,0.0,0.0,0.0,0.0
690fd7dd87825a48788a8a76,2025-10-12 20:11:12.869,foothill,Car,1.6334628,0.0,0.0,287.02975,-72.970245,0.0,-0.0,inf,0.0,72.97024536132812,0,0,0.976406431543252,True,35.29408,-120.66809,0.0,0.0,0.0,0.0
690fd7dd87825a48788a8a76,2025-10-12 20:11:12.869,foothill,Car,1.6334628,0.0,0.0,0.0,72.970245,0.0,0.0,inf,0.0,0.0,0,0,0.976406431543252,True,35.29408,-120.66809,0.0,0.0,0.0,0.0
690fd7dd87825a48788a8a76,2025-10-12 20:11:12.869,foothill,Car,1.6334628,0.0,0.0,0.0,0.0,0.6924209594726562,0.0,inf,0.0,0.0,0,0,0.976406431543252,True,35.29408,-120.6681,0.0,0.0,0.0,0.0
690fd7dd87825a48788a8a76,2025-10-12 20:11:12.869,foothill,Car,1.6334628,0.0,0.0,270.0,-90.0,0.0,-0.0,inf,0.0,90.0,0,0,0.976406431543252,True,35.29408,-120.668106,0.0,0.0,0.0,0.0
690fd7dd87825a48788a8a76,2025-10-12 20:11:12.869,foothill,Car,1.6334628,0.0,0.0,0.0,90.0,0.0,0.0,inf,0.0,0.0,0,0,0.976406431543252,True,35.29408,-120.668106,0.0,0.0,0.0,0.0
690fd7dd87825a48788a8a76,2025-10-12 20:11:12.869,foothill,Car,1.6334628,0.0,0.0,270.0,-90.0,0.0,-0.0,inf,0.0,90.0,0,0,0.976406431543252,True,35.29408,-120.66811,0.0,0.0,0.0,0.0
690fd7dd87825a48788a8a76,2025-10-12 20:11:12.869,foothill,Car,1.6334628,0.0,0.0,0.0,90.0,0.0,0.0,inf,0.0,0.0,0,0,0.976406431543252,True,35.29408,-120.66811,0.0,0.0,0.0,0.0
690fd7dd87825a48788a8a76,2025-10-12 20:11:12.869,foothill,Car,1.6334628,0.0,0.0,0.0,0.0,0.0,0.0,inf,0.0,0.0,0,0,0.976406431543252,True,35.29408,-120.66812,0.0,0.0,0.0,0.0
690fd7dd87825a48788a8a76,2025-10-12 20:11:12.869,foothill,Car,1.6334628,0.0,0.0,0.0,0.0,0.0,0.0,inf,0.0,0.0,0,0,0.976406431543252,True,35.29408,-120.66812,0.0,0.0,0.0,0.0
690fd7dd87825a48788a8a76,2025-10-12 20:11:12.869,foothill,Car,1.6334628,0.0,0.0,294.67633,-65.32367,0.0,-0.0,inf,0.0,65.32366943359375,0,0,0.976406431543252,True,35.294083,-120.66813,0.0,0.0,0.0,0.0
690fd7dd87825a48788a8a76,2025-10-12 20:11:12.869,foothill,Car,1.6334628,0.0,0.0,0.0,65.32367,0.0,0.0,inf,0.0,0.0,0,0,0.976406431543252,True,35.294083,-120.66813,0.0,0.0,0.0,0.0
690fd7dd87825a48788a8a76,2025-10-12 20:11:12.869,foothill,Car,1.6334628,0.0,0.0,0.0,0.0,0.6924208998680115,1.6334627866744995,inf,0.0,90.0,0,0,0.976406431543252,True,35.294083,-120.66814,0.0,0.0,0.0,0.0
690fd7dd87825a48788a8a76,2025-10-12 20:11:12.869,foothill,Car,1.6334628,0.0,0.0,270.0,-90.0,0.6924208998680115,1.6334627866744995,inf,0.0,90.0,0,0,0.976406431543252,True,35.294083,-120.668144,0.0,0.0,0.0,0.0
690fd7dd87825a48788a8a77,2025-10-12 20:11:49.940,foothill,Car,4.910513,0.0,0.0,0.0,0.0,6.511589050292969,-0.8861967921257019,7.3477911949157715,0.0,10.871124267578123,1,0,0.9900000000000004,True,35.29387,-120.66786,0.1,0.0,0.0,0.0
690fd7dd87825a48788a8a77,2025-10-12 20:11:49.940,foothill,Car,4.910513,0.0,0.0,349.12888,-10.871094,0.0,0.0,inf,0.0,0.0,0,0,0.9900000000000004,True,35.293926,-120.66788,0.0,0.0,0.0,0.0
690fd7dd87825a48788a8a77,2025-10-12 20:11:49.940,foothill,Car,4.910513,0.0,0.0,0.0,10.871124,0.0,0.0,inf,0.0,10.871124267578123,0,0,0.9900000000000004,True,35.293926,-120.66788,0.0,0.0,0.0,0.0
690fd7dd87825a48788a8a77,2025-10-12 20:11:49.940,foothill,Car,4.910513,0.0,0.0,0.0,0.0,0.4241749942302704,0.9261253476142884,inf,0.0,10.871124267578123,0,0,0.9900000000000004,True,35.29393,-120.66788,0.0,0.0,0.0,0.0
690fd7dd87825a48788a8a77,2025-10-12 20:11:49.940,foothill,Car,4.910513,0.0,0.0,0.0,0.0,0.4241749942302704,0.0,inf,0.0,0.0,0,0,0.9900000000000004,True,35.293934,-120.66788,0.0,0.0,0.0,0.0
690fd7dd87825a48788a8a77,2025-10-12 20:11:49.940,foothill,Car,4.910513,0.0,0.0,0.0,0.0,0.0,0.0,inf,0.0,0.0,0,0,0.9900000000000004,True,35.293938,-120.66788,0.0,0.0,0.0,0.0
690fd7dd87825a48788a8a77,2025-10-12 20:11:49.940,foothill,Car,4.910513,0.0,0.0,0.0,0.0,0.0,0.0,inf,0.0,0.0,0,0,0.9900000000000004,True,35.293938,-120.66788,0.0,0.0,0.0,0.0
690fd7dd87825a48788a8a77,2025-10-12 20:11:49.940,foothill,Car,4.910513,0.0,0.0,0.0,0.0,0.4241749942302704,0.0,inf,0.0,0.0,0,0,0.9900000000000004,True,35.29394,-120.66788,0.0,0.0,0.0,0.0
690fd7dd87825a48788a8a77,2025-10-12 20:11:49.940,foothill,Car,4.910513,0.0,0.0,0.0,0.0,0.0,0.0,inf,0.0,0.0,0,0,0.9900000000000004,True,35.293945,-120.66788,0.0,0.0,0.0,0.0
690fd7dd87825a48788a8a77,2025-10-12 20:11:49.940,foothill,Car,4.910513,0.0,0.0,0.0,0.0,0.0,0.0,inf,0.0,0.0,0,0,0.9900000000000004,True,35.293945,-120.66788,0.0,0.0,0.0,0.0
690fd7dd87825a48788a8a77,2025-10-12 20:11:49.940,foothill,Car,4.910513,0.0,0.0,278.70715,-81.29285,0.4241749942302704,4.85391902923584,inf,0.0,81.2928466796875,0,0,0.9900000000000004,True,35.29395,-120.667885,0.0,0.0,0.0,0.0
690fd7dd87825a48788a8a77,2025-10-12 20:11:49.940,foothill,Car,4.910513,0.0,0.0,0.0,81.29285,0.4241749942302704,4.85391902923584,inf,0.0,81.2928466796875,0,0,0.9900000000000004,True,35.293953,-120.667885,0.0,0.0,0.0,0.0
690fd7dd87825a48788a8a77,2025-10-12 20:11:49.940,foothill,Car,4.910513,0.0,0.0,0.0,0.0,0.0,0.0,inf,0.0,0.0,0,0,0.9900000000000004,True,35.293957,-120.667885,0.0,0.0,0.0,0.0
690fd7dd87825a48788a8a77,2025-10-12 20:11:49.940,foothill,Car,4.910513,0.0,0.0,0.0,0.0,0.0,0.0,inf,0.0,0.0,0,0,0.9900000000000004,True,35.293957,-120.667885,0.0,0.0,0.0,0.0
690fd7dd87825a48788a8a77,2025-10-12 20:11:49.940,foothill,Car,4.910513,0.0,0.0,0.0,0.0,0.0,0.0,inf,4.728242874145508,123.570068359375,0,0,0.9900000000000004,True,35.29396,-120.667885,0.0,0.0,0.0,0.0
690fd7dd87825a48788a8a77,2025-10-12 20:11:49.940,foothill,Car,4.910513,0.0,0.0,0.0,0.0,0.4241749942302704,0.1518691629171371,inf,4.728242874145508,123.570068359375,0,0,0.9900000000000004,True,35.293964,-120.667885,0.0,0.0,0.0,0.0
690fd7dd87825a48788a8a77,2025-10-12 20:11:49.940,foothill,Car,4.910513,0.0,0.0,0.0,0.0,0.4241749942302704,0.0,inf,0.0,0.0,0,0,0.9900000000000004,True,35.29397,-120.66789,0.0,0.0,0.0,0.0
690fd7dd87825a48788a8a77,2025-10-12 20:11:49.940,foothill,Car,4.910513,0.0,0.0,0.0,0.0,0.0,0.0,inf,0.0,0.0,0,0,0.9900000000000004,True,35.293972,-120.66789,0.0,0.0,0.0,0.0
690fd7dd87825a48788a8a77,2025-10-12 20:11:49.940,foothill,Car,4.910513,0.0,0.0,0.0,0.0,0.0,0.0,inf,0.0,0.0,0,0,0.9900000000000004,True,35.293972,-120.66789,0.0,0.0,0.0,0.0
690fd7dd87825a48788a8a77,2025-10-12 20:11:49.940,foothill,Car,4.910513,0.0,0.0,0.0,0.0,0.4241749942302704,0.0,inf,0.0,0.0,0,0,0.9900000000000004,True,35.293976,-120.66789,0.0,0.0,0.0,0.0
690fd7dd87825a48788a8a77,2025-10-12 20:11:49.940,foothill,Car,4.910513,0.0,0.0,0.0,0.0,0.4241749942302704,0.0,inf,0.0,0.0,0,0,0.9900000000000004,True,35.29398,-120.66789,0.0,0.0,0.0,0.0
690fd7dd87825a48788a8a77,2025-10-12 20:11:49.940,foothill,Car,4.910513,0.0,0.0,307.44293,-52.557068,0.0,0.0,inf,0.0,0.0,0,0,0.9900000000000004,True,35.293983,-120.6679,0.0,0.0,0.0,0.0
690fd7dd87825a48788a8a77,2025-10-12 20:11:49.940,foothill,Car,4.910513,0.0,0.0,0.0,52.557068,0.0,0.0,inf,0.0,52.55706787109375,0,0,0.9900000000000004,True,35.293983,-120.6679,0.0,0.0,0.0,0.0
690fd7dd87825a48788a8a77,2025-10-12 20:11:49.940,foothill,Car,4.910513,0.0,0.0,0.0,0.0,0.4241749942302704,3.898747444152832,inf,0.0,52.55706787109375,0,0,0.9900000000000004,True,35.293987,-120.6679,0.0,0.0,0.0,0.0
690fd7dd87825a48788a8a77,2025-10-12 20:11:49.940,foothill,Car,4.910513,0.0,0.0,0.0,0.0,0.0,0.0,inf,0.0,0.0,0,0,0.9900000000000004,True,35.29399,-120.6679,0.0,0.0,0.0,0.0
690fd7dd87825a48788a8a77,2025-10-12 20:11:49.940,foothill,Car,4.910513,0.0,0.0,0.0,0.0,0.0,0.0,inf,0.0,0.0,0,0,0.9900000000000004,True,35.29399,-120.6679,0.0,0.0,0.0,0.0
690fd7dd87825a48788a8a77,2025-10-12 20:11:49.940,foothill,Car,4.910513,0.0,0.0,0.0,0.0,0.4241749942302704,0.0,inf,0.0,0.0,0,0,0.9900000000000004,True,35.293995,-120.66791,0.0,0.0,0.0,0.0
690fd7dd87825a48788a8a77,2025-10-12 20:11:49.940,foothill,Car,4.910513,0.0,0.0,0.0,0.0,0.0,0.0,inf,0.0,0.0,0,0,0.9900000000000004,True,35.294,-120.66791,0.0,0.0,0.0,0.0
690fd7dd87825a48788a8a77,2025-10-12 20:11:49.940,foothill,Car,4.910513,0.0,0.0,0.0,0.0,0.0,0.0,inf,0.0,0.0,0,0,0.9900000000000004,True,35.294,-120.66791,0.0,0.0,0.0,0.0
690fd7dd87825a48788a8a77,2025-10-12 20:11:49.940,foothill,Car,4.910513,0.0,0.0,278.70715,-81.29285,0.4241749942302704,4.85391902923584,inf,0.0,81.2928466796875,0,0,0.9900000000000004,True,35.294003,-120.667915,0.0,0.0,0.0,0.0
690fd7dd87825a48788a8a77,2025-10-12 20:11:49.940,foothill,Car,4.910513,0.0,0.0,0.0,81.29285,0.4241749942302704,4.85391902923584,inf,0.0,81.2928466796875,0,0,0.9900000000000004,True,35.294006,-120.667915,0.0,0.0,0.0,0.0
690fd7dd87825a48788a8a77,2025-10-12 20:11:49.940,foothill,Car,4.910513,0.0,0.0,0.0,0.0,0.4241749942302704,0.0,inf,0.0,0.0,0,0,0.9900000000000004,True,35.29401,-120.667915,0.0,0.0,0.0,0.0
690fd7dd87825a48788a8a77,2025-10-12 20:11:49.940,foothill,Car,4.910513,0.0,0.0,270.0,-90.0,0.4241749942302704,4.910512924194336,inf,0.0,90.0,0,0,0.9900000000000004,True,35.29401,-120.66792,0.0,0.0,0.0,0.0
690fd7dd87825a48788a8a77,2025-10-12 20:11:49.940,foothill,Car,4.910513,0.0,0.0,0.0,90.0,0.4241749942302704,4.910512924194336,inf,0.0,90.0,0,0,0.9900000000000004,True,35.294014,-120.66792,0.0,0.0,0.0,0.0
690fd7dd87825a48788a8a77,2025-10-12 20:11:49.940,foothill,Car,4.910513,0.0,0.0,0.0,0.0,0.0,0.0,inf,0.0,0.0,0,0,0.9900000000000004,True,35.294018,-120.66793,0.0,0.0,0.0,0.0
690fd7dd87825a48788a8a77,2025-10-12 20:11:49.940,foothill,Car,4.910513,0.0,0.0,0.0,0.0,0.0,0.0,inf,0.0,0.0,0,0,0.9900000000000004,True,35.294018,-120.66793,0.0,0.0,0.0,0.0
690fd7dd87825a48788a8a77,2025-10-12 20:11:49.940,foothill,Car,4.910513,0.0,0.0,0.0,0.0,0.4241749942302704,0.0,inf,0.0,0.0,0,0,0.9900000000000004,True,35.29402,-120.66793,0.0,0.0,0.0,0.0
690fd7dd87825a48788a8a77,2025-10-12 20:11:49.940,foothill,Car,4.910513,0.0,0.0,278.70715,-81.29285,0.0,0.0,inf,0.0,0.0,0,0,0.9900000000000004,True,35.294025,-120.66794,0.0,0.0,0.0,0.0
690fd7dd87825a48788a8a77,2025-10-12 20:11:49.940,foothill,Car,4.910513,0.0,0.0,0.0,81.29285,0.0,0.0,inf,0.0,81.2928466796875,0,0,0.9900000000000004,True,35.294025,-120.66794,0.0,0.0,0.0,0.0
690fd7dd87825a48788a8a77,2025-10-12 20:11:49.940,foothill,Car,4.910513,0.0,0.0,0.0,0.0,0.8120170831680298,0.1082575321197509,inf,0.0,65.32369995117188,0,0,0.9900000000000004,True,35.29403,-120.667946,0.0,0.0,0.0,0.0
690fd7dd87825a48788a8a77,2025-10-12 20:11:49.940,foothill,Car,4.910513,0.0,0.0,294.6763,-65.3237,0.0,0.0,inf,0.0,0.0,0,0,0.9900000000000004,True,35.294033,-120.66795,0.0,0.0,0.0,0.0
690fd7dd87825a48788a8a77,2025-10-12 20:11:49.940,foothill,Car,4.910513,0.0,0.0,0.0,65.3237,0.0,0.0,inf,0.0,65.32369995117188,0,0,0.9900000000000004,True,35.294033,-120.66795,0.0,0.0,0.0,0.0
690fd7dd87825a48788a8a77,2025-10-12 20:11:49.940,foothill,Car,4.910513,0.0,0.0,0.0,0.0,0.4241749942302704,4.462089538574219,inf,0.0,65.32369995117188,0,0,0.9900000000000004,True,35.294037,-120.66795,0.0,0.0,0.0,0.0
690fd7dd87825a48788a8a77,2025-10-12 20:11:49.940,foothill,Car,4.910513,0.0,0.0,0.0,0.0,0.6924212574958801,4.910512924194336,inf,0.0,90.0,0,0,0.9900000000000004,True,35.29404,-120.66796,0.0,0.0,0.0,0.0
690fd7dd87825a48788a8a77,2025-10-12 20:11:49.940,foothill,Car,4.910513,0.0,0.0,270.0,-90.0,0.4241749942302704,4.910512924194336,inf,0.0,90.0,0,0,0.9900000000000004,True,35.29404,-120.66797,0.0,0.0,0.0,0.0
690fd7dd87825a48788a8a77,2025-10-12 20:11:49.940,foothill,Car,4.910513,0.0,0.0,0.0,90.0,0.4241749942302704,4.910512924194336,inf,0.0,90.0,0,0,0.9900000000000004,True,35.294044,-120.66797,0.0,0.0,0.0,0.0
690fd7dd87825a48788a8a77,2025-10-12 20:11:49.940,foothill,Car,4.910513,0.0,0.0,270.0,-90.0,0.4241749942302704,4.910512924194336,inf,0.0,90.0,0,0,0.9900000000000004,True,35.294044,-120.66798,0.0,0.0,0.0,0.0
690fd7dd87825a48788a8a77,2025-10-12 20:11:49.940,foothill,Car,4.910513,0.0,0.0,0.0,90.0,0.4241749942302704,4.910512924194336,inf,0.0,90.0,0,0,0.9900000000000004,True,35.29405,-120.66798,0.0,0.0,0.0,0.0
690fd7dd87825a48788a8a77,2025-10-12 20:11:49.940,foothill,Car,4.910513,0.0,0.0,0.0,0.0,0.4241749942302704,0.0,inf,0.0,0.0,0,0,0.9900000000000004,True,35.29405,-120.667984,0.0,0.0,0.0,0.0
690fd7dd87825a48788a8a77,2025-10-12 20:11:49.940,foothill,Car,4.910513,0.0,0.0,0.0,0.0,0.4241749942302704,0.0,inf,0.0,0.0,0,0,0.9900000000000004,True,35.294052,-120.667984,0.0,0.0,0.0,0.0
690fd7dd87825a48788a8a77,2025-10-12 20:11:49.940,foothill,Car,4.910513,0.0,0.0,270.0,-90.0,0.0,0.0,inf,0.0,0.0,0,0,0.9900000000000004,True,35.294052,-120.66799,0.0,0.0,0.0,0.0
690fd7dd87825a48788a8a77,2025-10-12 20:11:49.940,foothill,Car,4.910513,0.0,0.0,0.0,90.0,0.0,0.0,inf,0.0,90.0,0,0,0.9900000000000004,True,35.294052,-120.66799,0.0,0.0,0.0,0.0
690fd7dd87825a48788a8a77,2025-10-12 20:11:49.940,foothill,Car,4.910513,0.0,0.0,0.0,0.0,0.0,0.0,inf,0.0,0.0,0,0,0.9900000000000004,True,35.294056,-120.668,0.0,0.0,0.0,0.0
690fd7dd87825a48788a8a77,2025-10-12 20:11:49.940,foothill,Car,4.910513,0.0,0.0,0.0,0.0,0.0,0.0,inf,0.0,0.0,0,0,0.9900000000000004,True,35.294056,-120.668,0.0,0.0,0.0,0.0
690fd7dd87825a48788a8a77,2025-10-12 20:11:49.940,foothill,Car,4.910513,0.0,0.0,287.02975,-72.970245,0.6924211382865906,-3.472379207611084,0.1994082778692245,0.0,72.97024536132812,0,0,0.9900000000000004,True,35.29406,-120.66801,0.0,0.0,0.0,0.0
690fd7dd87825a48788a8a77,2025-10-12 20:11:49.940,foothill,Car,4.910513,0.0,0.0,0.0,72.970245,0.4241749942302704,0.0,inf,0.0,0.0,0,0,0.9900000000000004,True,35.29406,-120.668015,0.0,0.0,0.0,0.0
690fd7dd87825a48788a8a77,2025-10-12 20:11:49.940,foothill,Car,4.910513,0.0,0.0,0.0,0.0,0.4241749942302704,0.0,inf,0.0,0.0,0,0,0.9900000000000004,True,35.294064,-120.668015,0.0,0.0,0.0,0.0
690fd7dd87825a48788a8a77,2025-10-12 20:11:49.940,foothill,Car,4.910513,0.0,0.0,270.0,-90.0,0.6924210786819458,4.910512924194336,inf,0.0,90.0,0,0,0.9900000000000004,True,35.294064,-120.66802,0.0,0.0,0.0,0.0
690fd7dd87825a48788a8a77,2025-10-12 20:11:49.940,foothill,Car,4.910513,0.0,0.0,0.0,90.0,0.0,0.0,inf,0.0,0.0,0,0,0.9900000000000004,True,35.294067,-120.66803,0.0,0.0,0.0,0.0
690fd7dd87825a48788a8a77,2025-10-12 20:11:49.940,foothill,Car,4.910513,0.0,0.0,0.0,0.0,0.0,0.0,inf,0.0,0.0,0,0,0.9900000000000004,True,35.294067,-120.66803,0.0,0.0,0.0,0.0
690fd7dd87825a48788a8a77,2025-10-12 20:11:49.940,foothill,Car,4.910513,0.0,0.0,270.0,-90.0,0.0,-0.0,inf,0.0,90.0,0,0,0.9900000000000004,True,35.294067,-120.66804,0.0,0.0,0.0,0.0
690fd7dd87825a48788a8a77,2025-10-12 20:11:49.940,foothill,Car,4.910513,0.0,0.0,0.0,90.0,0.0,0.0,inf,0.0,0.0,0,0,0.9900000000000004,True,35.294067,-120.66804,0.0,0.0,0.0,0.0
690fd7dd87825a48788a8a77,2025-10-12 20:11:49.940,foothill,Car,4.910513,0.0,0.0,270.0,-90.0,0.6924210786819458,4.910512447357178,inf,0.0,90.0,0,0,0.9900000000000004,True,35.294067,-120.668045,0.0,0.0,0.0,0.0
690fd7dd87825a48788a8a77,2025-10-12 20:11:49.940,foothill,Car,4.910513,0.0,0.0,0.0,90.0,0.0,0.0,inf,0.0,0.0,0,0,0.9900000000000004,True,35.29407,-120.66805,0.0,0.0,0.0,0.0
690fd7dd87825a48788a8a77,2025-10-12 20:11:49.940,foothill,Car,4.910513,0.0,0.0,0.0,0.0,0.0,0.0,inf,0.0,0.0,0,0,0.9900000000000004,True,35.29407,-120.66805,0.0,0.0,0.0,0.0
690fd7dd87825a48788a8a77,2025-10-12 20:11:49.940,foothill,Car,4.910513,0.0,0.0,294.67633,-65.32367,0.6924209594726562,-2.860414505004883,0.2420701533555984,0.0,65.32366943359375,0,0,0.9900000000000004,True,35.294075,-120.66806,0.0,0.0,0.0,0.0
690fd7dd87825a48788a8a77,2025-10-12 20:11:49.940,foothill,Car,4.910513,0.0,0.0,0.0,65.32367,0.0,0.0,inf,0.0,0.0,0,0,0.9900000000000004,True,35.294075,-120.66807,0.0,0.0,0.0,0.0
690fd7dd87825a48788a8a77,2025-10-12 20:11:49.940,foothill,Car,4.910513,0.0,0.0,0.0,0.0,0.0,0.0,inf,0.0,0.0,0,0,0.9900000000000004,True,35.294075,-120.66807,0.0,0.0,0.0,0.0
690fd7dd87825a48788a8a77,2025-10-12 20:11:49.940,foothill,Car,4.910513,0.0,0.0,270.0,-90.0,0.6924209594726562,4.910512924194336,inf,0.0,90.0,0,0,0.9900000000000004,True,35.294075,-120.668076,0.0,0.0,0.0,0.0
690fd7dd87825a48788a8a78,2025-10-12 20:11:49.940,foothill,Car,0.55058074,0.0,0.0,0.0,0.0,1.4487119913101196,0.3249234855175018,inf,0.4825371503829956,93.7552490234375,1,0,0.840618284622181,True,35.294106,-120.66763,0.1,0.0,0.0,0.0
690fd7dd87825a48788a8a78,2025-10-12 20:11:49.940,foothill,Car,0.55058074,0.0,0.0,270.0,-90.0,0.6924207210540771,-0.5505807399749756,1.2576189041137695,0.0,90.0,0,0,0.840618284622181,True,35.294106,-120.66766,0.0,0.0,0.0,0.0
690fd7dd87825a48788a8a78,2025-10-12 20:11:49.940,foothill,Car,0.55058074,0.0,0.0,0.0,90.0,0.0,0.0,inf,0.0,0.0,0,0,0.840618284622181,True,35.294106,-120.66767,0.0,0.0,0.0,0.0
690fd7dd87825a48788a8a78,2025-10-12 20:11:49.940,foothill,Car,0.55058074,0.0,0.0,0.0,0.0,0.0,0.0,inf,0.0,0.0,0,0,0.840618284622181,True,35.294106,-120.66767,0.0,0.0,0.0,0.0
690fd7dd87825a48788a8a78,2025-10-12 20:11:49.940,foothill,Car,0.55058074,0.0,0.0,0.0,0.0,0.0,0.0,inf,0.0,0.0,0,0,0.840618284622181,True,35.294106,-120.66767,0.0,0.0,0.0,0.0
690fd7dd87825a48788a8a78,2025-10-12 20:11:49.940,foothill,Car,0.55058074,0.0,0.0,0.0,0.0,0.0,0.0,inf,0.0,0.0,0,0,0.840618284622181,True,35.294106,-120.66767,0.0,0.0,0.0,0.0
690fd7dd87825a48788a8a78,2025-10-12 20:11:49.940,foothill,Car,0.55058074,0.0,0.0,0.0,0.0,0.0,0.0,inf,0.0,0.0,0,0,0.840618284622181,True,35.294106,-120.66767,0.0,0.0,0.0,0.0
690fd7dd87825a48788a8a78,2025-10-12 20:11:49.940,foothill,Car,0.55058074,0.0,0.0,0.0,0.0,0.0,0.0,inf,0.0,0.0,0,0,0.840618284622181,True,35.294106,-120.66767,0.0,0.0,0.0,0.0
690fd7dd87825a48788a8a78,2025-10-12 20:11:49.940,foothill,Car,0.55058074,0.0,0.0,270.0,-90.0,0.0,0.0,inf,0.0,0.0,0,0,0.840618284622181,True,35.294106,-120.66768,0.0,0.0,0.0,0.0
690fd7dd87825a48788a8a78,2025-10-12 20:11:49.940,foothill,Car,0.55058074,0.0,0.0,0.0,90.0,0.0,0.0,inf,0.0,90.0,0,0,0.840618284622181,True,35.294106,-120.66768,0.0,0.0,0.0,0.0
690fd7dd87825a48788a8a78,2025-10-12 20:11:49.940,foothill,Car,0.55058074,0.0,0.0,0.0,0.0,0.0,0.0,inf,0.0,0.0,0,0,0.840618284622181,True,35.29411,-120.66768,0.0,0.0,0.0,0.0
690fd7dd87825a48788a8a78,2025-10-12 20:11:49.940,foothill,Car,0.55058074,0.0,0.0,0.0,0.0,0.0,0.0,inf,0.0,0.0,0,0,0.840618284622181,True,35.29411,-120.66768,0.0,0.0,0.0,0.0
690fd7dd87825a48788a8a78,2025-10-12 20:11:49.940,foothill,Car,0.55058074,0.0,0.0,0.0,0.0,0.0,0.0,inf,0.0,0.0,0,0,0.840618284622181,True,35.29411,-120.66769,0.0,0.0,0.0,0.0
690fd7dd87825a48788a8a78,2025-10-12 20:11:49.940,foothill,Car,0.55058074,0.0,0.0,0.0,0.0,0.0,0.0,inf,0.0,0.0,0,0,0.840618284622181,True,35.29411,-120.66769,0.0,0.0,0.0,0.0
690fd7dd87825a48788a8a78,2025-10-12 20:11:49.940,foothill,Car,0.55058074,0.0,0.0,0.0,0.0,0.0,0.0,inf,0.0,0.0,0,0,0.840618284622181,True,35.29411,-120.66769,0.0,0.0,0.0,0.0
690fd7dd87825a48788a8a78,2025-10-12 20:11:49.940,foothill,Car,0.55058074,0.0,0.0,0.0,0.0,0.0,0.0,inf,0.0,0.0,0,0,0.840618284622181,True,35.29411,-120.66769,0.0,0.0,0.0,0.0
690fd7dd87825a48788a8a78,2025-10-12 20:11:49.940,foothill,Car,0.55058074,0.0,0.0,0.0,0.0,0.0,0.0,inf,0.0,0.0,0,0,0.840618284622181,True,35.29411,-120.66769,0.0,0.0,0.0,0.0
690fd7dd87825a48788a8a78,2025-10-12 20:11:49.940,foothill,Car,0.55058074,0.0,0.0,0.0,0.0,0.0,0.0,inf,0.0,0.0,0,0,0.840618284622181,True,35.29411,-120.66769,0.0,0.0,0.0,0.0
690fd7dd87825a48788a8a78,2025-10-12 20:11:49.940,foothill,Car,0.55058074,0.0,0.0,0.0,0.0,0.0,0.0,inf,0.0,0.0,0,0,0.840618284622181,True,35.29411,-120.66769,0.0,0.0,0.0,0.0
690fd7dd87825a48788a8a78,2025-10-12 20:11:49.940,foothill,Car,0.55058074,0.0,0.0,270.0,-90.0,0.0,0.0,inf,0.0,0.0,0,0,0.840618284622181,True,35.29411,-120.667694,0.0,0.0,0.0,0.0
690fd7dd87825a48788a8a78,2025-10-12 20:11:49.940,foothill,Car,0.55058074,0.0,0.0,0.0,90.0,0.0,0.0,inf,0.0,90.0,0,0,0.840618284622181,True,35.29411,-120.667694,0.0,0.0,0.0,0.0
690fd7dd87825a48788a8a78,2025-10-12 20:11:49.940,foothill,Car,0.55058074,0.0,0.0,0.0,0.0,0.0,0.0,inf,0.0,90.0,0,0,0.840618284622181,True,35.29411,-120.667694,0.0,0.0,0.0,0.0
690fd7dd87825a48788a8a78,2025-10-12 20:11:49.940,foothill,Car,0.55058074,0.0,0.0,0.0,0.0,0.0,0.0,inf,0.0,90.0,0,0,0.840618284622181,True,35.29411,-120.667694,0.0,0.0,0.0,0.0
690fd7dd87825a48788a8a78,2025-10-12 20:11:49.940,foothill,Car,0.55058074,0.0,0.0,0.0,0.0,0.0,0.0,inf,0.0,90.0,0,0,0.840618284622181,True,35.29411,-120.667694,0.0,0.0,0.0,0.0
690fd7dd87825a48788a8a78,2025-10-12 20:11:49.940,foothill,Car,0.55058074,0.0,0.0,0.0,0.0,0.0,0.0,inf,0.0,0.0,0,0,0.840618284622181,True,35.29411,-120.6677,0.0,0.0,0.0,0.0
690fd7dd87825a48788a8a78,2025-10-12 20:11:49.940,foothill,Car,0.55058074,0.0,0.0,0.0,0.0,0.0,0.0,inf,0.0,0.0,0,0,0.840618284622181,True,35.29411,-120.6677,0.0,0.0,0.0,0.0
690fd7dd87825a48788a8a78,2025-10-12 20:11:49.940,foothill,Car,0.55058074,0.0,0.0,0.0,0.0,0.0,0.0,inf,0.0,0.0,0,0,0.840618284622181,True,35.29411,-120.6677,0.0,0.0,0.0,0.0
690fd7dd87825a48788a8a78,2025-10-12 20:11:49.940,foothill,Car,0.55058074,0.0,0.0,0.0,0.0,0.0,0.0,inf,0.0,0.0,0,0,0.840618284622181,True,35.29411,-120.6677,0.0,0.0,0.0,0.0
690fd7dd87825a48788a8a78,2025-10-12 20:11:49.940,foothill,Car,0.55058074,0.0,0.0,0.0,0.0,0.0,0.0,inf,0.0,0.0,0,0,0.840618284622181,True,35.29411,-120.6677,0.0,0.0,0.0,0.0
690fd7dd87825a48788a8a78,2025-10-12 20:11:49.940,foothill,Car,0.55058074,0.0,0.0,0.0,0.0,0.0,0.0,inf,0.0,0.0,0,0,0.840618284622181,True,35.29411,-120.6677,0.0,0.0,0.0,0.0
690fd7dd87825a48788a8a78,2025-10-12 20:11:49.940,foothill,Car,0.55058074,0.0,0.0,270.0,-90.0,0.4241749942302704,0.5505807399749756,inf,0.0,90.0,0,0,0.840618284622181,True,35.29411,-120.66771,0.0,0.0,0.0,0.0
690fd7dd87825a48788a8a78,2025-10-12 20:11:49.940,foothill,Car,0.55058074,0.0,0.0,0.0,90.0,0.0,0.0,inf,0.0,0.0,0,0,0.840618284622181,True,35.294113,-120.66771,0.0,0.0,0.0,0.0
690fd7dd87825a48788a8a78,2025-10-12 20:11:49.940,foothill,Car,0.55058074,0.0,0.0,0.0,0.0,0.0,0.0,inf,0.0,0.0,0,0,0.840618284622181,True,35.294113,-120.66771,0.0,0.0,0.0,0.0
690fd7dd87825a48788a8a78,2025-10-12 20:11:49.940,foothill,Car,0.55058074,0.0,0.0,270.0,-90.0,0.0,0.0,inf,0.0,0.0,0,0,0.840618284622181,True,35.294113,-120.66772,0.0,0.0,0.0,0.0
690fd7dd87825a48788a8a78,2025-10-12 20:11:49.940,foothill,Car,0.55058074,0.0,0.0,0.0,90.0,0.0,0.0,inf,0.0,90.0,0,0,0.840618284622181,True,35.294113,-120.66772,0.0,0.0,0.0,0.0
690fd7dd87825a48788a8a78,2025-10-12 20:11:49.940,foothill,Car,0.55058074,0.0,0.0,0.0,0.0,0.0,0.0,inf,0.0,90.0,0,0,0.840618284622181,True,35.294113,-120.66772,0.0,0.0,0.0,0.0
690fd7dd87825a48788a8a78,2025-10-12 20:11:49.940,foothill,Car,0.55058074,0.0,0.0,0.0,0.0,0.0,0.0,inf,0.0,90.0,0,0,0.840618284622181,True,35.294113,-120.66772,0.0,0.0,0.0,0.0
690fd7dd87825a48788a8a78,2025-10-12 20:11:49.940,foothill,Car,0.55058074,0.0,0.0,0.0,0.0,0.0,0.0,inf,0.0,90.0,0,0,0.840618284622181,True,35.294113,-120.66772,0.0,0.0,0.0,0.0
690fd7dd87825a48788a8a78,2025-10-12 20:11:49.940,foothill,Car,0.55058074,0.0,0.0,0.0,0.0,0.0,0.0,inf,0.0,90.0,0,0,0.840618284622181,True,35.294113,-120.66772,0.0,0.0,0.0,0.0
690fd7dd87825a48788a8a78,2025-10-12 20:11:49.940,foothill,Car,0.55058074,0.0,0.0,0.0,0.0,0.0,0.0,inf,0.0,90.0,0,0,0.840618284622181,True,35.294113,-120.66772,0.0,0.0,0.0,0.0
690fd7dd87825a48788a8a78,2025-10-12 20:11:49.940,foothill,Car,0.55058074,0.0,0.0,0.0,0.0,0.0,0.0,inf,0.0,0.0,0,0,0.840618284622181,True,35.294113,-120.667725,0.0,0.0,0.0,0.0
690fd7dd87825a48788a8a78,2025-10-12 20:11:49.940,foothill,Car,0.55058074,0.0,0.0,0.0,0.0,0.0,0.0,inf,0.0,0.0,0,0,0.840618284622181,True,35.294113,-120.667725,0.0,0.0,0.0,0.0
690fd7dd87825a48788a8a78,2025-10-12 20:11:49.940,foothill,Car,0.55058074,0.0,0.0,0.0,0.0,0.0,0.0,inf,0.0,0.0,0,0,0.840618284622181,True,35.294113,-120.667725,0.0,0.0,0.0,0.0
690fd7dd87825a48788a8a78,2025-10-12 20:11:49.940,foothill,Car,0.55058074,0.0,0.0,0.0,0.0,0.0,0.0,inf,0.0,0.0,0,0,0.840618284622181,True,35.294113,-120.667725,0.0,0.0,0.0,0.0
690fd7dd87825a48788a8a78,2025-10-12 20:11:49.940,foothill,Car,0.55058074,0.0,0.0,0.0,0.0,0.0,0.0,inf,0.0,0.0,0,0,0.840618284622181,True,35.294113,-120.667725,0.0,0.0,0.0,0.0
690fd7dd87825a48788a8a78,2025-10-12 20:11:49.940,foothill,Car,0.55058074,0.0,0.0,0.0,0.0,0.0,0.0,inf,0.0,0.0,0,0,0.840618284622181,True,35.294113,-120.667725,0.0,0.0,0.0,0.0
690fd7dd87825a48788a8a78,2025-10-12 20:11:49.940,foothill,Car,0.55058074,0.0,0.0,0.0,0.0,0.0,0.0,inf,0.0,0.0,0,0,0.840618284622181,True,35.294117,-120.667725,0.0,0.0,0.0,0.0
690fd7dd87825a48788a8a78,2025-10-12 20:11:49.940,foothill,Car,0.55058074,0.0,0.0,0.0,0.0,0.0,0.0,inf,0.0,0.0,0,0,0.840618284622181,True,35.294117,-120.667725,0.0,0.0,0.0,0.0
690fd7dd87825a48788a8a78,2025-10-12 20:11:49.940,foothill,Car,0.55058074,0.0,0.0,270.0,-90.0,0.0,0.0,inf,0.0,0.0,0,0,0.840618284622181,True,35.294117,-120.66773,0.0,0.0,0.0,0.0
690fd7dd87825a48788a8a78,2025-10-12 20:11:49.940,foothill,Car,0.55058074,0.0,0.0,0.0,90.0,0.0,0.0,inf,0.0,90.0,0,0,0.840618284622181,True,35.294117,-120.66773,0.0,0.0,0.0,0.0
690fd7dd87825a48788a8a78,2025-10-12 20:11:49.940,foothill,Car,0.55058074,0.0,0.0,0.0,0.0,0.0,0.0,inf,0.0,90.0,0,0,0.840618284622181,True,35.294117,-120.66773,0.0,0.0,0.0,0.0
690fd7dd87825a48788a8a78,2025-10-12 20:11:49.940,foothill,Car,0.55058074,0.0,0.0,0.0,0.0,0.0,0.0,inf,0.0,90.0,0,0,0.840618284622181,True,35.294117,-120.66773,0.0,0.0,0.0,0.0
690fd7dd87825a48788a8a78,2025-10-12 20:11:49.940,foothill,Car,0.55058074,0.0,0.0,0.0,0.0,0.0,0.0,inf,0.0,90.0,0,0,0.840618284622181,True,35.294117,-120.66773,0.0,0.0,0.0,0.0
690fd7dd87825a48788a8a78,2025-10-12 20:11:49.940,foothill,Car,0.55058074,0.0,0.0,0.0,0.0,0.0,0.0,inf,0.0,90.0,0,0,0.840618284622181,True,35.294117,-120.66773,0.0,0.0,0.0,0.0
690fd7dd87825a48788a8a78,2025-10-12 20:11:49.940,foothill,Car,0.55058074,0.0,0.0,0.0,0.0,0.0,0.0,inf,0.0,90.0,0,0,0.840618284622181,True,35.294117,-120.66773,0.0,0.0,0.0,0.0
690fd7dd87825a48788a8a78,2025-10-12 20:11:49.940,foothill,Car,0.55058074,0.0,0.0,0.0,0.0,0.0,0.0,inf,0.0,90.0,0,0,0.840618284622181,True,35.294117,-120.66773,0.0,0.0,0.0,0.0
690fd7dd87825a48788a8a78,2025-10-12 20:11:49.940,foothill,Car,0.55058074,0.0,0.0,0.0,0.0,0.0,0.0,inf,0.0,90.0,0,0,0.840618284622181,True,35.294117,-120.66773,0.0,0.0,0.0,0.0
690fd7dd87825a48788a8a78,2025-10-12 20:11:49.940,foothill,Car,0.55058074,0.0,0.0,0.0,0.0,0.0,0.0,inf,0.0,90.0,0,0,0.840618284622181,True,35.294117,-120.66773,0.0,0.0,0.0,0.0
690fd7dd87825a48788a8a78,2025-10-12 20:11:49.940,foothill,Car,0.55058074,0.0,0.0,0.0,0.0,0.4241749942302704,0.5505807399749756,inf,0.0,90.0,0,0,0.840618284622181,True,35.29412,-120.66773,0.0,0.0,0.0,0.0
690fd7dd87825a48788a8a78,2025-10-12 20:11:49.940,foothill,Car,0.55058074,0.0,0.0,0.0,0.0,0.0,0.0,inf,0.0,0.0,0,0,0.840618284622181,True,35.29412,-120.66774,0.0,0.0,0.0,0.0
690fd7dd87825a48788a8a78,2025-10-12 20:11:49.940,foothill,Car,0.55058074,0.0,0.0,0.0,0.0,0.0,0.0,inf,0.0,0.0,0,0,0.840618284622181,True,35.29412,-120.66774,0.0,0.0,0.0,0.0
690fd7dd87825a48788a8a78,2025-10-12 20:11:49.940,foothill,Car,0.55058074,0.0,0.0,0.0,0.0,0.0,0.0,inf,0.0,0.0,0,0,0.840618284622181,True,35.29412,-120.66774,0.0,0.0,0.0,0.0
690fd7dd87825a48788a8a78,2025-10-12 20:11:49.940,foothill,Car,0.55058074,0.0,0.0,0.0,0.0,0.0,0.0,inf,0.0,0.0,0,0,0.840618284622181,True,35.29412,-120.66774,0.0,0.0,0.0,0.0
690fd7dd87825a48788a8a78,2025-10-12 20:11:49.940,foothill,Car,0.55058074,0.0,0.0,0.0,0.0,0.0,0.0,inf,0.0,0.0,0,0,0.840618284622181,True,35.29412,-120.66774,0.0,0.0,0.0,0.0
690fd7dd87825a48788a8a78,2025-10-12 20:11:49.940,foothill,Car,0.55058074,0.0,0.0,270.0,-90.0,0.4241749942302704,0.5505807399749756,inf,0.0,90.0,0,0,0.840618284622181,True,35.29412,-120.66775,0.0,0.0,0.0,0.0
690fd7dd87825a48788a8a78,2025-10-12 20:11:49.940,foothill,Car,0.55058074,0.0,0.0,0.0,90.0,0.0,0.0,inf,0.0,0.0,0,0,0.840618284622181,True,35.294125,-120.66775,0.0,0.0,0.0,0.0
690fd7dd87825a48788a8a78,2025-10-12 20:11:49.940,foothill,Car,0.55058074,0.0,0.0,0.0,0.0,0.0,0.0,inf,0.0,0.0,0,0,0.840618284622181,True,35.294125,-120.66775,0.0,0.0,0.0,0.0
690fd7dd87825a48788a8a79,2025-10-12 20:12:05.870,foothill,Car,0.0,0.0,0.0,0.0,0.0,0.0,0.0,inf,0.0,0.0,1,0,0.8334332391064413,True,35.294094,-120.66753,0.1,0.0,0.0,0.0
690fd7dd87825a48788a8a79,2025-10-12 20:12:05.870,foothill,Car,0.0,0.0,0.0,0.0,0.0,0.0,0.0,inf,0.0,0.0,0,0,0.8334332391064413,True,35.294094,-120.66753,0.0,0.0,0.0,0.0
690fd7dd87825a48788a8a79,2025-10-12 20:12:05.870,foothill,Car,0.0,0.0,0.0,0.0,0.0,0.0,0.0,inf,0.0,0.0,0,0,0.8334332391064413,True,35.294094,-120.66753,0.0,0.0,0.0,0.0
690fd7dd87825a48788a8a79,2025-10-12 20:12:05.870,foothill,Car,0.0,0.0,0.0,0.0,0.0,0.0,0.0,inf,0.0,0.0,0,0,0.8334332391064413,True,35.294094,-120.66753,0.0,0.0,0.0,0.0
690fd7dd87825a48788a8a79,2025-10-12 20:12:05.870,foothill,Car,0.0,0.0,0.0,0.0,0.0,0.0,0.0,inf,0.0,0.0,0,0,0.8334332391064413,True,35.294094,-120.66753,0.0,0.0,0.0,0.0
690fd7dd87825a48788a8a79,2025-10-12 20:12:05.870,foothill,Car,0.0,0.0,0.0,0.0,0.0,0.0,0.0,inf,0.0,0.0,0,0,0.8334332391064413,True,35.294094,-120.66753,0.0,0.0,0.0,0.0
690fd7dd87825a48788a8a79,2025-10-12 20:12:05.870,foothill,Car,0.0,0.0,0.0,0.0,0.0,0.0,0.0,inf,0.0,0.0,0,0,0.8334332391064413,True,35.294094,-120.66753,0.0,0.0,0.0,0.0
690fd7dd87825a48788a8a79,2025-10-12 20:12:05.870,foothill,Car,0.0,0.0,0.0,0.0,0.0,0.0,0.0,inf,0.0,0.0,0,0,0.8334332391064413,True,35.294094,-120.66753,0.0,0.0,0.0,0.0
690fd7dd87825a48788a8a79,2025-10-12 20:12:05.870,foothill,Car,0.0,0.0,0.0,0.0,0.0,0.0,0.0,inf,0.0,0.0,0,0,0.8334332391064413,True,35.294094,-120.66753,0.0,0.0,0.0,0.0
690fd7dd87825a48788a8a79,2025-10-12 20:12:05.870,foothill,Car,0.0,0.0,0.0,0.0,0.0,0.0,0.0,inf,0.0,0.0,0,0,0.8334332391064413,True,35.294094,-120.66753,0.0,0.0,0.0,0.0
690fd7dd87825a48788a8a79,2025-10-12 20:12:05.870,foothill,Car,0.0,0.0,0.0,0.0,0.0,0.0,0.0,inf,0.0,0.0,0,0,0.8334332391064413,True,35.294094,-120.66753,0.0,0.0,0.0,0.0
690fd7dd87825a48788a8a79,2025-10-12 20:12:05.870,foothill,Car,0.0,0.0,0.0,0.0,0.0,0.0,0.0,inf,0.0,0.0,0,0,0.8334332391064413,True,35.294094,-120.66753,0.0,0.0,0.0,0.0
690fd7dd87825a48788a8a79,2025-10-12 20:12:05.870,foothill,Car,0.0,0.0,0.0,0.0,0.0,0.0,0.0,inf,0.0,0.0,0,0,0.8334332391064413,True,35.294094,-120.66753,0.0,0.0,0.0,0.0
690fd7dd87825a48788a8a79,2025-10-12 20:12:05.870,foothill,Car,0.0,0.0,0.0,0.0,0.0,0.0,0.0,inf,0.0,0.0,0,0,0.8334332391064413,True,35.294094,-120.667534,0.0,0.0,0.0,0.0
690fd7dd87825a48788a8a79,2025-10-12 20:12:05.870,foothill,Car,0.0,0.0,0.0,0.0,0.0,0.0,0.0,inf,0.0,0.0,0,0,0.8334332391064413,True,35.294094,-120.667534,0.0,0.0,0.0,0.0
690fd7dd87825a48788a8a7a,2025-10-12 20:12:05.870,foothill,Car,4.407476,0.0,0.0,0.0,0.0,0.0,0.0,inf,0.0,0.0,1,0,0.99,True,35.293907,-120.66799,0.1,0.0,0.0,0.0
690fd7dd87825a48788a8a7a,2025-10-12 20:12:05.870,foothill,Car,4.407476,0.0,0.0,0.0,0.0,0.0,0.0,inf,0.0,0.0,0,0,0.99,True,35.293907,-120.66799,0.0,0.0,0.0,0.0
690fd7dd87825a48788a8a7a,2025-10-12 20:12:05.870,foothill,Car,4.407476,0.0,0.0,180.0,-180.0,0.4241749942302704,-5.397601518743373e-16,785858286321664.0,0.0,180.0,0,0,0.99,True,35.293903,-120.66799,0.0,0.0,0.0,0.0
690fd7dd87825a48788a8a7a,2025-10-12 20:12:05.870,foothill,Car,4.407476,0.0,0.0,180.0,0.0,0.0,0.0,inf,0.0,0.0,0,0,0.99,True,35.2939,-120.66799,0.0,0.0,0.0,0.0
690fd7dd87825a48788a8a7a,2025-10-12 20:12:05.870,foothill,Car,4.407476,0.0,0.0,0.0,-180.0,0.0,0.0,inf,0.0,180.0,0,0,0.99,True,35.2939,-120.66799,0.0,0.0,0.0,0.0
690fd7dd87825a48788a8a7a,2025-10-12 20:12:05.870,foothill,Car,4.407476,0.0,0.0,180.0,-180.0,0.4241749942302704,0.0,inf,0.0,0.0,0,0,0.99,True,35.293896,-120.66799,0.0,0.0,0.0,0.0
690fd7dd87825a48788a8a7a,2025-10-12 20:12:05.870,foothill,Car,4.407476,0.0,0.0,180.0,0.0,0.4241749942302704,0.0,inf,0.0,0.0,0,0,0.99,True,35.29389,-120.66799,0.0,0.0,0.0,0.0
690fd7dd87825a48788a8a7a,2025-10-12 20:12:05.870,foothill,Car,4.407476,0.0,0.0,114.67624,-65.32376,0.4241749942302704,4.00499153137207,inf,0.0,65.32376098632812,0,0,0.99,True,35.293888,-120.667984,0.0,0.0,0.0,0.0
690fd7dd87825a48788a8a7a,2025-10-12 20:12:05.870,foothill,Car,4.407476,0.0,0.0,180.0,65.32376,0.0,0.0,inf,0.0,0.0,0,0,0.99,True,35.293884,-120.667984,0.0,0.0,0.0,0.0
690fd7dd87825a48788a8a7a,2025-10-12 20:12:05.870,foothill,Car,4.407476,0.0,0.0,0.0,-180.0,0.0,0.0,inf,0.0,180.0,0,0,0.99,True,35.293884,-120.667984,0.0,0.0,0.0,0.0
690fd7dd87825a48788a8a7a,2025-10-12 20:12:05.870,foothill,Car,4.407476,0.0,0.0,180.0,-180.0,0.4241749942302704,0.0,inf,0.0,0.0,0,0,0.99,True,35.29388,-120.667984,0.0,0.0,0.0,0.0
690fd7dd87825a48788a8a7a,2025-10-12 20:12:05.870,foothill,Car,4.407476,0.0,0.0,180.0,0.0,0.0,0.0,inf,0.0,0.0,0,0,0.99,True,35.293877,-120.667984,0.0,0.0,0.0,0.0
690fd7dd87825a48788a8a7a,2025-10-12 20:12:05.870,foothill,Car,4.407476,0.0,0.0,0.0,-180.0,0.0,0.0,inf,0.0,180.0,0,0,0.99,True,35.293877,-120.667984,0.0,0.0,0.0,0.0
690fd7dd87825a48788a8a7a,2025-10-12 20:12:05.870,foothill,Car,4.407476,0.0,0.0,180.0,-180.0,0.4241749942302704,0.0,inf,0.0,0.0,0,0,0.99,True,35.293873,-120.667984,0.0,0.0,0.0,0.0
690fd7dd87825a48788a8a7a,2025-10-12 20:12:05.870,foothill,Car,4.407476,0.0,0.0,180.0,0.0,0.4241749942302704,0.0,inf,0.0,0.0,0,0,0.99,True,35.29387,-120.667984,0.0,0.0,0.0,0.0
690fd7dd87825a48788a8a7a,2025-10-12 20:12:05.870,foothill,Car,4.407476,0.0,0.0,180.0,0.0,0.0,0.0,inf,0.0,0.0,0,0,0.99,True,35.293865,-120.66798,0.0,0.0,0.0,0.0
690fd7dd87825a48788a8a7a,2025-10-12 20:12:05.870,foothill,Car,4.407476,0.0,0.0,0.0,-180.0,0.0,0.0,inf,0.0,180.0,0,0,0.99,True,35.293865,-120.66798,0.0,0.0,0.0,0.0
690fd7dd87825a48788a8a7a,2025-10-12 20:12:05.870,foothill,Car,4.407476,0.0,0.0,180.0,-180.0,0.4241749942302704,0.0,inf,0.0,0.0,0,0,0.99,True,35.29386,-120.66798,0.0,0.0,0.0,0.0
690fd7dd87825a48788a8a7a,2025-10-12 20:12:05.870,foothill,Car,4.407476,0.0,0.0,180.0,0.0,0.4241749942302704,5.397601518743373e-16,inf,0.0,180.0,0,0,0.99,True,35.293858,-120.66798,0.0,0.0,0.0,0.0
690fd7dd87825a48788a8a7a,2025-10-12 20:12:05.870,foothill,Car,4.407476,0.0,0.0,0.0,-180.0,0.4241749942302704,5.397601518743373e-16,inf,0.0,180.0,0,0,0.99,True,35.293854,-120.66798,0.0,0.0,0.0,0.0
690fd7dd87825a48788a8a7a,2025-10-12 20:12:05.870,foothill,Car,4.407476,0.0,0.0,180.0,-180.0,0.4241749942302704,-5.397601518743373e-16,785858286321664.0,0.0,180.0,0,0,0.99,True,35.29385,-120.66798,0.0,0.0,0.0,0.0
690fd7dd87825a48788a8a7a,2025-10-12 20:12:05.870,foothill,Car,4.407476,0.0,0.0,180.0,0.0,0.0,0.0,inf,0.0,0.0,0,0,0.99,True,35.293846,-120.66798,0.0,0.0,0.0,0.0
690fd7dd87825a48788a8a7a,2025-10-12 20:12:05.870,foothill,Car,4.407476,0.0,0.0,0.0,-180.0,0.0,0.0,inf,0.0,180.0,0,0,0.99,True,35.293846,-120.66798,0.0,0.0,0.0,0.0
690fd7dd87825a48788a8a7a,2025-10-12 20:12:05.870,foothill,Car,4.407476,0.0,0.0,180.0,-180.0,0.4241749942302704,0.0,inf,0.0,0.0,0,0,0.99,True,35.293842,-120.66798,0.0,0.0,0.0,0.0
690fd7dd87825a48788a8a7a,2025-10-12 20:12:05.870,foothill,Car,4.407476,0.0,0.0,180.0,0.0,0.4241749942302704,0.0,inf,0.0,0.0,0,0,0.99,True,35.29384,-120.66798,0.0,0.0,0.0,0.0
690fd7dd87825a48788a8a7a,2025-10-12 20:12:05.870,foothill,Car,4.407476,0.0,0.0,114.67624,-65.32376,0.4241749942302704,4.00499153137207,inf,0.0,65.32376098632812,0,0,0.99,True,35.293835,-120.66797,0.0,0.0,0.0,0.0
690fd7dd87825a48788a8a7a,2025-10-12 20:12:05.870,foothill,Car,4.407476,0.0,0.0,180.0,65.32376,0.4241749942302704,4.00499153137207,inf,0.0,65.32376098632812,0,0,0.99,True,35.29383,-120.66797,0.0,0.0,0.0,0.0
690fd7dd87825a48788a8a7b,2025-10-12 20:12:05.870,foothill,Car,6.203144,0.0,0.0,0.0,0.0,0.6924211978912354,-6.203144073486328,0.1116242334246635,0.0,90.0,1,0,0.9900000000000004,True,35.294052,-120.668045,0.1,0.0,0.0,0.0
690fd7dd87825a48788a8a7b,2025-10-12 20:12:05.870,foothill,Car,6.203144,0.0,0.0,90.0,90.0,0.4241749942302704,-6.203144073486328,0.0683806464076042,0.0,90.0,0,0,0.9900000000000004,True,35.294052,-120.66804,0.0,0.0,0.0,0.0
690fd7dd87825a48788a8a7b,2025-10-12 20:12:05.870,foothill,Car,6.203144,0.0,0.0,0.0,-90.0,0.0,0.0,inf,0.0,0.0,0,0,0.9900000000000004,True,35.294056,-120.66804,0.0,0.0,0.0,0.0
690fd7dd87825a48788a8a7b,2025-10-12 20:12:05.870,foothill,Car,6.203144,0.0,0.0,0.0,0.0,0.0,0.0,inf,0.0,0.0,0,0,0.9900000000000004,True,35.294056,-120.66804,0.0,0.0,0.0,0.0
690fd7dd87825a48788a8a7b,2025-10-12 20:12:05.870,foothill,Car,6.203144,0.0,0.0,90.0,90.0,0.4241749942302704,-6.203144073486328,0.0683806464076042,0.0,90.0,0,0,0.9900000000000004,True,35.294056,-120.66803,0.0,0.0,0.0,0.0
690fd7dd87825a48788a8a7b,2025-10-12 20:12:05.870,foothill,Car,6.203144,0.0,0.0,0.0,-90.0,0.4241749942302704,-6.203144073486328,0.0683806464076042,0.0,90.0,0,0,0.9900000000000004,True,35.29406,-120.66803,0.0,0.0,0.0,0.0
690fd7dd87825a48788a8a7b,2025-10-12 20:12:05.870,foothill,Car,6.203144,0.0,0.0,0.0,0.0,0.4241749942302704,0.0,inf,0.0,0.0,0,0,0.9900000000000004,True,35.29406,-120.66802,0.0,0.0,0.0,0.0
690fd7dd87825a48788a8a7b,2025-10-12 20:12:05.870,foothill,Car,6.203144,0.0,0.0,0.0,0.0,0.4241749942302704,0.0,inf,0.0,0.0,0,0,0.9900000000000004,True,35.294064,-120.66802,0.0,0.0,0.0,0.0
690fd7dd87825a48788a8a7b,2025-10-12 20:12:05.870,foothill,Car,6.203144,0.0,0.0,90.0,90.0,0.4241749942302704,-6.203144073486328,0.0683806464076042,0.0,90.0,0,0,0.9900000000000004,True,35.294064,-120.668015,0.0,0.0,0.0,0.0
690fd7dd87825a48788a8a7b,2025-10-12 20:12:05.870,foothill,Car,6.203144,0.0,0.0,0.0,-90.0,0.0,0.0,inf,0.0,0.0,0,0,0.9900000000000004,True,35.294067,-120.668015,0.0,0.0,0.0,0.0
690fd7dd87825a48788a8a7b,2025-10-12 20:12:05.870,foothill,Car,6.203144,0.0,0.0,0.0,0.0,0.0,0.0,inf,0.0,0.0,0,0,0.9900000000000004,True,35.294067,-120.668015,0.0,0.0,0.0,0.0
690fd7dd87825a48788a8a7b,2025-10-12 20:12:05.870,foothill,Car,6.203144,0.0,0.0,0.0,0.0,0.0,0.0,inf,0.0,0.0,0,0,0.9900000000000004,True,35.29407,-120.66801,0.0,0.0,0.0,0.0
690fd7dd87825a48788a8a7b,2025-10-12 20:12:05.870,foothill,Car,6.203144,0.0,0.0,0.0,0.0,0.0,0.0,inf,0.0,0.0,0,0,0.9900000000000004,True,35.29407,-120.66801,0.0,0.0,0.0,0.0
690fd7dd87825a48788a8a7b,2025-10-12 20:12:05.870,foothill,Car,6.203144,0.0,0.0,65.32367,65.32367,0.0,0.0,inf,0.0,0.0,0,0,0.9900000000000004,True,35.294075,-120.668,0.0,0.0,0.0,0.0
690fd7dd87825a48788a8a7b,2025-10-12 20:12:05.870,foothill,Car,6.203144,0.0,0.0,0.0,-65.32367,0.0,0.0,inf,0.0,65.32366943359375,0,0,0.9900000000000004,True,35.294075,-120.668,0.0,0.0,0.0,0.0
690fd7dd87825a48788a8a7b,2025-10-12 20:12:05.870,foothill,Car,6.203144,0.0,0.0,0.0,0.0,0.0,0.0,inf,0.0,0.0,0,0,0.9900000000000004,True,35.29408,-120.66799,0.0,0.0,0.0,0.0
690fd7dd87825a48788a8a7b,2025-10-12 20:12:05.870,foothill,Car,6.203144,0.0,0.0,0.0,0.0,0.0,0.0,inf,0.0,0.0,0,0,0.9900000000000004,True,35.29408,-120.66799,0.0,0.0,0.0,0.0
690fd7dd87825a48788a8a7b,2025-10-12 20:12:05.870,foothill,Car,6.203144,0.0,0.0,0.0,0.0,0.4241749942302704,0.0,inf,0.0,0.0,0,0,0.9900000000000004,True,35.294083,-120.66799,0.0,0.0,0.0,0.0
690fd7dd87825a48788a8a7b,2025-10-12 20:12:05.870,foothill,Car,6.203144,0.0,0.0,65.32367,65.32367,0.0,0.0,inf,0.0,0.0,0,0,0.9900000000000004,True,35.294086,-120.667984,0.0,0.0,0.0,0.0
690fd7dd87825a48788a8a7b,2025-10-12 20:12:05.870,foothill,Car,6.203144,0.0,0.0,0.0,-65.32367,0.0,0.0,inf,0.0,65.32366943359375,0,0,0.9900000000000004,True,35.294086,-120.667984,0.0,0.0,0.0,0.0
690fd7dd87825a48788a8a7b,2025-10-12 20:12:05.870,foothill,Car,6.203144,0.0,0.0,0.0,0.0,0.4241749942302704,0.0,inf,0.0,0.0,0,0,0.9900000000000004,True,35.29409,-120.66798,0.0,0.0,0.0,0.0
690fd7dd87825a48788a8a7b,2025-10-12 20:12:05.870,foothill,Car,6.203144,0.0,0.0,0.0,0.0,0.4241749942302704,0.0,inf,0.0,0.0,0,0,0.9900000000000004,True,35.294094,-120.66798,0.0,0.0,0.0,0.0
690fd7dd87825a48788a8a7b,2025-10-12 20:12:05.870,foothill,Car,6.203144,0.0,0.0,90.0,90.0,0.4241749942302704,-6.203144073486328,0.0683806464076042,0.0,90.0,0,0,0.9900000000000004,True,35.294094,-120.66797,0.0,0.0,0.0,0.0
690fd7dd87825a48788a8a7b,2025-10-12 20:12:05.870,foothill,Car,6.203144,0.0,0.0,0.0,-90.0,0.4241749942302704,-6.203144073486328,0.0683806464076042,0.0,90.0,0,0,0.9900000000000004,True,35.294098,-120.66797,0.0,0.0,0.0,0.0
690fd7dd87825a48788a8a7b,2025-10-12 20:12:05.870,foothill,Car,6.203144,0.0,0.0,0.0,0.0,0.4241749942302704,0.0,inf,0.0,0.0,0,0,0.9900000000000004,True,35.2941,-120.66797,0.0,0.0,0.0,0.0
690fd7dd87825a48788a8a7b,2025-10-12 20:12:05.870,foothill,Car,6.203144,0.0,0.0,65.32367,65.32367,0.4241749942302704,-5.636677265167236,0.0752526670694351,0.0,65.32366943359375,0,0,0.9900000000000004,True,35.294106,-120.66796,0.0,0.0,0.0,0.0
690fd7dd87825a48788a8a7b,2025-10-12 20:12:05.870,foothill,Car,6.203144,0.0,0.0,0.0,-65.32367,0.0,0.0,inf,0.0,0.0,0,0,0.9900000000000004,True,35.29411,-120.66796,0.0,0.0,0.0,0.0
690fd7dd87825a48788a8a7b,2025-10-12 20:12:05.870,foothill,Car,6.203144,0.0,0.0,0.0,0.0,0.0,0.0,inf,0.0,0.0,0,0,0.9900000000000004,True,35.29411,-120.66796,0.0,0.0,0.0,0.0
690fd7dd87825a48788a8a7b,2025-10-12 20:12:05.870,foothill,Car,6.203144,0.0,0.0,0.0,0.0,0.4241749942302704,0.0,inf,0.0,0.0,0,0,0.9900000000000004,True,35.294113,-120.66795,0.0,0.0,0.0,0.0
690fd7dd87825a48788a8a7b,2025-10-12 20:12:05.870,foothill,Car,6.203144,0.0,0.0,0.0,0.0,0.4241749942302704,0.0,inf,0.0,0.0,0,0,0.9900000000000004,True,35.294117,-120.66795,0.0,0.0,0.0,0.0
690fd7dd87825a48788a8a7b,2025-10-12 20:12:05.870,foothill,Car,6.203144,0.0,0.0,0.0,0.0,0.4241749942302704,0.0,inf,0.0,0.0,0,0,0.9900000000000004,True,35.29412,-120.66795,0.0,0.0,0.0,0.0
690fd7dd87825a48788a8a7b,2025-10-12 20:12:05.870,foothill,Car,6.203144,0.0,0.0,81.29285,81.29285,0.4241749942302704,-6.13165283203125,0.0691779181361198,0.0,81.2928466796875,0,0,0.9900000000000004,True,35.294125,-120.667946,0.0,0.0,0.0,0.0
690fd7dd87825a48788a8a7b,2025-10-12 20:12:05.870,foothill,Car,6.203144,0.0,0.0,0.0,-81.29285,0.4241749942302704,-6.13165283203125,0.0691779181361198,0.0,81.2928466796875,0,0,0.9900000000000004,True,35.29413,-120.667946,0.0,0.0,0.0,0.0
690fd7dd87825a48788a8a7b,2025-10-12 20:12:05.870,foothill,Car,6.203144,0.0,0.0,0.0,0.0,0.4241749942302704,0.0,inf,0.0,0.0,0,0,0.9900000000000004,True,35.294132,-120.667946,0.0,0.0,0.0,0.0
690fd7dd87825a48788a8a7b,2025-10-12 20:12:05.870,foothill,Car,6.203144,0.0,0.0,0.0,0.0,0.0,0.0,inf,0.0,0.0,0,0,0.9900000000000004,True,35.294136,-120.667946,0.0,0.0,0.0,0.0
690fd7dd87825a48788a8a7b,2025-10-12 20:12:05.870,foothill,Car,6.203144,0.0,0.0,0.0,0.0,0.0,0.0,inf,0.0,0.0,0,0,0.9900000000000004,True,35.294136,-120.667946,0.0,0.0,0.0,0.0
690fd7dd87825a48788a8a7b,2025-10-12 20:12:05.870,foothill,Car,6.203144,0.0,0.0,0.0,0.0,0.4241749942302704,0.0,inf,0.0,0.0,0,0,0.9900000000000004,True,35.29414,-120.66794,0.0,0.0,0.0,0.0
690fd7dd87825a48788a8a7b,2025-10-12 20:12:05.870,foothill,Car,6.203144,0.0,0.0,0.0,0.0,0.4241749942302704,0.0,inf,0.0,0.0,0,0,0.9900000000000004,True,35.294144,-120.66794,0.0,0.0,0.0,0.0
690fd7dd87825a48788a8a7b,2025-10-12 20:12:05.870,foothill,Car,6.203144,0.0,0.0,0.0,0.0,0.4241749942302704,0.0,inf,0.0,0.0,0,0,0.9900000000000004,True,35.294147,-120.66794,0.0,0.0,0.0,0.0
690fd7dd87825a48788a8a7b,2025-10-12 20:12:05.870,foothill,Car,6.203144,0.0,0.0,0.0,0.0,0.4241749942302704,0.0,inf,0.0,0.0,0,0,0.9900000000000004,True,35.29415,-120.66794,0.0,0.0,0.0,0.0
690fd7dd87825a48788a8a7b,2025-10-12 20:12:05.870,foothill,Car,6.203144,0.0,0.0,0.0,0.0,0.4241749942302704,0.0,inf,0.0,0.0,0,0,0.9900000000000004,True,35.294155,-120.66794,0.0,0.0,0.0,0.0
690fd7dd87825a48788a8a7b,2025-10-12 20:12:05.870,foothill,Car,6.203144,0.0,0.0,0.0,0.0,0.4241749942302704,0.0,inf,0.0,0.0,0,0,0.9900000000000004,True,35.29416,-120.66794,0.0,0.0,0.0,0.0
690fd7dd87825a48788a8a7b,2025-10-12 20:12:05.870,foothill,Car,6.203144,0.0,0.0,0.0,0.0,0.4241749942302704,0.0,inf,0.0,0.0,0,0,0.9900000000000004,True,35.294163,-120.66794,0.0,0.0,0.0,0.0
690fd7dd87825a48788a8a7b,2025-10-12 20:12:05.870,foothill,Car,6.203144,0.0,0.0,72.970215,72.970215,0.4241749942302704,-5.93115234375,0.0715164542198181,0.0,72.97021484375,0,0,0.9900000000000004,True,35.294167,-120.66793,0.0,0.0,0.0,0.0
690fd7dd87825a48788a8a7b,2025-10-12 20:12:05.870,foothill,Car,6.203144,0.0,0.0,0.0,-72.970215,0.4241749942302704,-5.93115234375,0.0715164542198181,0.0,72.97021484375,0,0,0.9900000000000004,True,35.29417,-120.66793,0.0,0.0,0.0,0.0
690fd7dd87825a48788a8a7b,2025-10-12 20:12:05.870,foothill,Car,6.203144,0.0,0.0,0.0,0.0,0.4241749942302704,0.0,inf,0.0,0.0,0,0,0.9900000000000004,True,35.294174,-120.66793,0.0,0.0,0.0,0.0
690fd7dd87825a48788a8a7b,2025-10-12 20:12:05.870,foothill,Car,6.203144,0.0,0.0,0.0,0.0,0.4241749942302704,0.0,inf,0.0,0.0,0,0,0.9900000000000004,True,35.294178,-120.66793,0.0,0.0,0.0,0.0
690fd7dd87825a48788a8a7b,2025-10-12 20:12:05.870,foothill,Car,6.203144,0.0,0.0,0.0,0.0,0.4241749942302704,0.0,inf,0.0,0.0,0,0,0.9900000000000004,True,35.29418,-120.66793,0.0,0.0,0.0,0.0
690fd7dd87825a48788a8a7b,2025-10-12 20:12:05.870,foothill,Car,6.203144,0.0,0.0,0.0,0.0,0.4241749942302704,0.0,inf,0.0,0.0,0,0,0.9900000000000004,True,35.294186,-120.66793,0.0,0.0,0.0,0.0
690fd7dd87825a48788a8a7b,2025-10-12 20:12:05.870,foothill,Car,6.203144,0.0,0.0,0.0,0.0,0.4241749942302704,0.0,inf,0.0,0.0,0,0,0.9900000000000004,True,35.29419,-120.66793,0.0,0.0,0.0,0.0
690fd7dd87825a48788a8a7c,2025-10-12 20:12:05.870,foothill,Car,8.803997,0.0,0.0,0.0,0.0,0.0,0.0,inf,0.0,0.0,1,0,0.9900000000000004,True,35.294,-120.66793,0.1,0.0,0.0,0.0
690fd7dd87825a48788a8a7c,2025-10-12 20:12:05.870,foothill,Car,8.803997,0.0,0.0,0.0,0.0,0.0,0.0,inf,0.0,0.0,0,0,0.9900000000000004,True,35.294,-120.66792,0.0,0.0,0.0,0.0
690fd7dd87825a48788a8a7c,2025-10-12 20:12:05.870,foothill,Car,8.803997,0.0,0.0,90.0,90.0,0.0,0.0,inf,0.0,0.0,0,0,0.9900000000000004,True,35.294,-120.667915,0.0,0.0,0.0,0.0
690fd7dd87825a48788a8a7c,2025-10-12 20:12:05.870,foothill,Car,8.803997,0.0,0.0,0.0,-90.0,0.0,0.0,inf,0.0,90.0,0,0,0.9900000000000004,True,35.294,-120.667915,0.0,0.0,0.0,0.0
690fd7dd87825a48788a8a7c,2025-10-12 20:12:05.870,foothill,Car,8.803997,0.0,0.0,90.0,90.0,0.0,0.0,inf,0.0,0.0,0,0,0.9900000000000004,True,35.294,-120.66791,0.0,0.0,0.0,0.0
690fd7dd87825a48788a8a7c,2025-10-12 20:12:05.870,foothill,Car,8.803997,0.0,0.0,0.0,-90.0,0.0,0.0,inf,0.0,0.0,0,0,0.9900000000000004,True,35.294,-120.6679,0.0,0.0,0.0,0.0
690fd7dd87825a48788a8a7c,2025-10-12 20:12:05.870,foothill,Car,8.803997,0.0,0.0,0.0,0.0,0.0,0.0,inf,0.0,0.0,0,0,0.9900000000000004,True,35.294,-120.6679,0.0,0.0,0.0,0.0
690fd7dd87825a48788a8a7c,2025-10-12 20:12:05.870,foothill,Car,8.803997,0.0,0.0,90.0,90.0,0.0,0.0,inf,0.0,0.0,0,0,0.9900000000000004,True,35.294,-120.66789,0.0,0.0,0.0,0.0
690fd7dd87825a48788a8a7c,2025-10-12 20:12:05.870,foothill,Car,8.803997,0.0,0.0,0.0,-90.0,0.0,0.0,inf,0.239262580871582,0.0,0,0,0.9900000000000004,True,35.294,-120.667885,0.0,0.0,0.0,0.0
690fd7dd87825a48788a8a7c,2025-10-12 20:12:05.870,foothill,Car,8.803997,0.0,0.0,0.0,0.0,0.0,0.0,inf,0.239262580871582,0.0,0,0,0.9900000000000004,True,35.294,-120.667885,0.0,0.0,0.0,0.0
690fd7dd87825a48788a8a7c,2025-10-12 20:12:05.870,foothill,Car,8.803997,0.0,0.0,90.0,90.0,0.0,-0.0,inf,0.239262580871582,0.0,0,0,0.9900000000000004,True,35.294,-120.66788,0.0,0.0,0.0,0.0
690fd7dd87825a48788a8a7c,2025-10-12 20:12:05.870,foothill,Car,8.803997,0.0,0.0,0.0,-90.0,0.0,0.0,inf,0.239262580871582,0.0,0,0,0.9900000000000004,True,35.294,-120.66787,0.0,0.0,0.0,0.0
690fd7dd87825a48788a8a7c,2025-10-12 20:12:05.870,foothill,Car,8.803997,0.0,0.0,0.0,0.0,0.0,0.0,inf,0.239262580871582,0.0,0,0,0.9900000000000004,True,35.294,-120.66787,0.0,0.0,0.0,0.0
690fd7dd87825a48788a8a7c,2025-10-12 20:12:05.870,foothill,Car,8.803997,0.0,0.0,90.0,90.0,0.0,-0.0,inf,0.239262580871582,0.0,0,0,0.9900000000000004,True,35.294,-120.66786,0.0,0.0,0.0,0.0
690fd7dd87825a48788a8a7c,2025-10-12 20:12:05.870,foothill,Car,8.803997,0.0,0.0,0.0,-90.0,0.0,0.0,inf,0.0,0.0,0,0,0.9900000000000004,True,35.294,-120.667854,0.0,0.0,0.0,0.0
690fd7dd87825a48788a8a7c,2025-10-12 20:12:05.870,foothill,Car,8.803997,0.0,0.0,0.0,0.0,0.0,0.0,inf,0.0,0.0,0,0,0.9900000000000004,True,35.294,-120.667854,0.0,0.0,0.0,0.0
690fd7dd87825a48788a8a7c,2025-10-12 20:12:05.870,foothill,Car,8.803997,0.0,0.0,90.0,90.0,0.0,0.0,inf,0.0,0.0,0,0,0.9900000000000004,True,35.294,-120.66785,0.0,0.0,0.0,0.0
690fd7dd87825a48788a8a7c,2025-10-12 20:12:05.870,foothill,Car,8.803997,0.0,0.0,90.0,0.0,0.0,0.0,inf,0.0,0.0,0,0,0.9900000000000004,True,35.294,-120.66784,0.0,0.0,0.0,0.0
690fd7dd87825a48788a8a7c,2025-10-12 20:12:05.870,foothill,Car,8.803997,0.0,0.0,0.0,-90.0,0.4241749942302704,-8.803997039794922,0.0481798201799392,0.0,90.0,0,0,0.9900000000000004,True,35.294003,-120.66784,0.0,0.0,0.0,0.0
690fd7dd87825a48788a8a7c,2025-10-12 20:12:05.870,foothill,Car,8.803997,0.0,0.0,0.0,0.0,0.0,0.0,inf,0.0,0.0,0,0,0.9900000000000004,True,35.294003,-120.66783,0.0,0.0,0.0,0.0
690fd7dd87825a48788a8a7c,2025-10-12 20:12:05.870,foothill,Car,8.803997,0.0,0.0,0.0,0.0,0.0,0.0,inf,0.0,0.0,0,0,0.9900000000000004,True,35.294003,-120.66783,0.0,0.0,0.0,0.0
690fd7dd87825a48788a8a7c,2025-10-12 20:12:05.870,foothill,Car,8.803997,0.0,0.0,90.0,90.0,0.4241749942302704,-0.239262580871582,1.7728430032730105,0.239262580871582,0.0,0,0,0.9900000000000004,True,35.294003,-120.66782,0.0,0.0,0.0,0.0
690fd7dd87825a48788a8a7c,2025-10-12 20:12:05.870,foothill,Car,8.803997,0.0,0.0,0.0,-90.0,0.0,0.0,inf,0.0,0.0,0,0,0.9900000000000004,True,35.294003,-120.667816,0.0,0.0,0.0,0.0
690fd7dd87825a48788a8a7c,2025-10-12 20:12:05.870,foothill,Car,8.803997,0.0,0.0,90.0,90.0,0.0,0.0,inf,0.0,0.0,0,0,0.9900000000000004,True,35.294003,-120.66781,0.0,0.0,0.0,0.0
690fd7dd87825a48788a8a7c,2025-10-12 20:12:05.870,foothill,Car,8.803997,0.0,0.0,0.0,-90.0,0.0,0.0,inf,0.0,90.0,0,0,0.9900000000000004,True,35.294003,-120.66781,0.0,0.0,0.0,0.0
690fd7dd87825a48788a8a7c,2025-10-12 20:12:05.870,foothill,Car,8.803997,0.0,0.0,0.0,0.0,0.0,0.0,inf,0.0,0.0,0,0,0.9900000000000004,True,35.294003,-120.6678,0.0,0.0,0.0,0.0
690fd7dd87825a48788a8a7c,2025-10-12 20:12:05.870,foothill,Car,8.803997,0.0,0.0,65.3237,65.3237,0.0,0.0,inf,0.0,0.0,0,0,0.9900000000000004,True,35.294006,-120.66779,0.0,0.0,0.0,0.0
690fd7dd87825a48788a8a7c,2025-10-12 20:12:05.870,foothill,Car,8.803997,0.0,0.0,0.0,-65.3237,0.0,0.0,inf,0.0,65.32369995117188,0,0,0.9900000000000004,True,35.294006,-120.66779,0.0,0.0,0.0,0.0
690fd7dd87825a48788a8a7c,2025-10-12 20:12:05.870,foothill,Car,8.803997,0.0,0.0,0.0,0.0,0.4241749942302704,0.0,inf,0.239262580871582,0.0,0,0,0.9900000000000004,True,35.294006,-120.667786,0.0,0.0,0.0,0.0
690fd7dd87825a48788a8a7c,2025-10-12 20:12:05.870,foothill,Car,8.803997,0.0,0.0,90.0,90.0,0.0,0.0,inf,0.0,0.0,0,0,0.9900000000000004,True,35.294006,-120.66778,0.0,0.0,0.0,0.0
690fd7dd87825a48788a8a7c,2025-10-12 20:12:05.870,foothill,Car,8.803997,0.0,0.0,0.0,-90.0,0.0,0.0,inf,0.0,90.0,0,0,0.9900000000000004,True,35.294006,-120.66778,0.0,0.0,0.0,0.0
690fd7dd87825a48788a8a7c,2025-10-12 20:12:05.870,foothill,Car,8.803997,0.0,0.0,90.0,90.0,0.4241749942302704,-0.239262580871582,1.7728430032730105,0.239262580871582,0.0,0,0,0.9900000000000004,True,35.294006,-120.66777,0.0,0.0,0.0,0.0
690fd7dd87825a48788a8a7c,2025-10-12 20:12:05.870,foothill,Car,8.803997,0.0,0.0,0.0,-90.0,0.4241749942302704,0.0,inf,0.239262580871582,0.0,0,0,0.9900000000000004,True,35.294006,-120.66776,0.0,0.0,0.0,0.0
690fd7dd87825a48788a8a7c,2025-10-12 20:12:05.870,foothill,Car,8.803997,0.0,0.0,90.0,90.0,0.4241749942302704,-0.239262580871582,1.7728430032730105,0.239262580871582,0.0,0,0,0.9900000000000004,True,35.294006,-120.667755,0.0,0.0,0.0,0.0
690fd7dd87825a48788a8a7c,2025-10-12 20:12:05.870,foothill,Car,8.803997,0.0,0.0,0.0,-90.0,0.0,0.0,inf,0.239262580871582,0.0,0,0,0.9900000000000004,True,35.294006,-120.66775,0.0,0.0,0.0,0.0
690fd7dd87825a48788a8a7c,2025-10-12 20:12:05.870,foothill,Car,8.803997,0.0,0.0,0.0,0.0,0.0,0.0,inf,0.239262580871582,0.0,0,0,0.9900000000000004,True,35.294006,-120.66775,0.0,0.0,0.0,0.0
690fd7dd87825a48788a8a7c,2025-10-12 20:12:05.870,foothill,Car,8.803997,0.0,0.0,90.0,90.0,0.0,0.0,inf,0.0,90.0,0,0,0.9900000000000004,True,35.294006,-120.66774,0.0,0.0,0.0,0.0
690fd7dd87825a48788a8a7c,2025-10-12 20:12:05.870,foothill,Car,8.803997,0.0,0.0,0.0,-90.0,0.0,0.0,inf,0.0,0.0,0,0,0.9900000000000004,True,35.294006,-120.66774,0.0,0.0,0.0,0.0
690fd7dd87825a48788a8a7c,2025-10-12 20:12:05.870,foothill,Car,8.803997,0.0,0.0,0.0,0.0,0.0,0.0,inf,0.0,0.0,0,0,0.9900000000000004,True,35.294006,-120.66773,0.0,0.0,0.0,0.0
690fd7dd87825a48788a8a7c,2025-10-12 20:12:05.870,foothill,Car,8.803997,0.0,0.0,90.0,90.0,0.0,0.0,inf,0.0,0.0,0,0,0.9900000000000004,True,35.294006,-120.667725,0.0,0.0,0.0,0.0
690fd7dd87825a48788a8a7c,2025-10-12 20:12:05.870,foothill,Car,8.803997,0.0,0.0,0.0,-90.0,0.0,0.0,inf,0.0,0.0,0,0,0.9900000000000004,True,35.294006,-120.66772,0.0,0.0,0.0,0.0
690fd7dd87825a48788a8a7c,2025-10-12 20:12:05.870,foothill,Car,8.803997,0.0,0.0,90.0,90.0,0.0,0.0,inf,0.0,0.0,0,0,0.9900000000000004,True,35.294006,-120.66771,0.0,0.0,0.0,0.0
690fd7dd87825a48788a8a7c,2025-10-12 20:12:05.870,foothill,Car,8.803997,0.0,0.0,0.0,-90.0,0.0,0.0,inf,0.0,90.0,0,0,0.9900000000000004,True,35.294006,-120.66771,0.0,0.0,0.0,0.0
690fd7dd87825a48788a8a7c,2025-10-12 20:12:05.870,foothill,Car,8.803997,0.0,0.0,90.0,90.0,0.0,0.0,inf,0.0,0.0,0,0,0.9900000000000004,True,35.294006,-120.6677,0.0,0.0,0.0,0.0
690fd7dd87825a48788a8a7c,2025-10-12 20:12:05.870,foothill,Car,8.803997,0.0,0.0,0.0,-90.0,0.0,0.0,inf,0.0,0.0,0,0,0.9900000000000004,True,35.294006,-120.667694,0.0,0.0,0.0,0.0
690fd7dd87825a48788a8a7c,2025-10-12 20:12:05.870,foothill,Car,8.803997,0.0,0.0,0.0,0.0,0.0,0.0,inf,0.0,0.0,0,0,0.9900000000000004,True,35.294006,-120.667694,0.0,0.0,0.0,0.0
690fd7dd87825a48788a8a7c,2025-10-12 20:12:05.870,foothill,Car,8.803997,0.0,0.0,90.0,90.0,0.0,-0.0,inf,0.239262580871582,0.0,0,0,0.9900000000000004,True,35.294006,-120.66769,0.0,0.0,0.0,0.0
690fd7dd87825a48788a8a7c,2025-10-12 20:12:05.870,foothill,Car,8.803997,0.0,0.0,0.0,-90.0,0.0,0.0,inf,0.0,0.0,0,0,0.9900000000000004,True,35.294006,-120.66768,0.0,0.0,0.0,0.0
690fd7dd87825a48788a8a7c,2025-10-12 20:12:05.870,foothill,Car,8.803997,0.0,0.0,90.0,90.0,0.0,-0.0,inf,0.239262580871582,0.0,0,0,0.9900000000000004,True,35.294006,-120.66767,0.0,0.0,0.0,0.0
690fd7dd87825a48788a8a7c,2025-10-12 20:12:05.870,foothill,Car,8.803997,0.0,0.0,0.0,-90.0,0.0,0.0,inf,0.239262580871582,0.0,0,0,0.9900000000000004,True,35.294006,-120.66766,0.0,0.0,0.0,0.0
690fd7dd87825a48788a8a7c,2025-10-12 20:12:05.870,foothill,Car,8.803997,0.0,0.0,90.0,90.0,0.0,-0.0,inf,0.239262580871582,0.0,0,0,0.9900000000000004,True,35.294006,-120.667656,0.0,0.0,0.0,0.0
690fd7dd87825a48788a8a7c,2025-10-12 20:12:05.870,foothill,Car,8.803997,0.0,0.0,90.0,0.0,0.0,-0.0,inf,0.239262580871582,0.0,0,0,0.9900000000000004,True,35.294006,-120.66765,0.0,0.0,0.0,0.0
690fd7dd87825a48788a8a7c,2025-10-12 20:12:05.870,foothill,Car,8.803997,0.0,0.0,0.0,-90.0,0.0,0.0,inf,0.0,0.0,0,0,0.9900000000000004,True,35.294006,-120.66764,0.0,0.0,0.0,0.0
690fd7dd87825a48788a8a7c,2025-10-12 20:12:05.870,foothill,Car,8.803997,0.0,0.0,0.0,0.0,0.0,0.0,inf,0.0,0.0,0,0,0.9900000000000004,True,35.294006,-120.66764,0.0,0.0,0.0,0.0
690fd7dd87825a48788a8a7c,2025-10-12 20:12:05.870,foothill,Car,8.803997,0.0,0.0,90.0,90.0,0.0,0.0,inf,0.0,0.0,0,0,0.9900000000000004,True,35.294006,-120.66763,0.0,0.0,0.0,0.0
690fd7dd87825a48788a8a7c,2025-10-12 20:12:05.870,foothill,Car,8.803997,0.0,0.0,0.0,-90.0,0.0,0.0,inf,0.0,0.0,0,0,0.9900000000000004,True,35.294006,-120.667625,0.0,0.0,0.0,0.0
690fd7dd87825a48788a8a7c,2025-10-12 20:12:05.870,foothill,Car,8.803997,0.0,0.0,90.0,90.0,0.0,0.0,inf,0.0,0.0,0,0,0.9900000000000004,True,35.294006,-120.66762,0.0,0.0,0.0,0.0
690fd7dd87825a48788a8a7c,2025-10-12 20:12:05.870,foothill,Car,8.803997,0.0,0.0,0.0,-90.0,0.0,0.0,inf,0.0,0.0,0,0,0.9900000000000004,True,35.294006,-120.66761,0.0,0.0,0.0,0.0
690fd7dd87825a48788a8a7c,2025-10-12 20:12:05.870,foothill,Car,8.803997,0.0,0.0,90.0,90.0,0.0,0.0,inf,0.0,0.0,0,0,0.9900000000000004,True,35.294006,-120.6676,0.0,0.0,0.0,0.0
690fd7dd87825a48788a8a7c,2025-10-12 20:12:05.870,foothill,Car,8.803997,0.0,0.0,0.0,-90.0,0.0,0.0,inf,0.0,0.0,0,0,0.9900000000000004,True,35.294006,-120.667595,0.0,0.0,0.0,0.0
690fd7dd87825a48788a8a7c,2025-10-12 20:12:05.870,foothill,Car,8.803997,0.0,0.0,90.0,90.0,0.0,0.0,inf,0.0,0.0,0,0,0.9900000000000004,True,35.294006,-120.66759,0.0,0.0,0.0,0.0
690fd7dd87825a48788a8a7c,2025-10-12 20:12:05.870,foothill,Car,8.803997,0.0,0.0,90.0,0.0,0.0,0.0,inf,0.0,0.0,0,0,0.9900000000000004,True,35.294006,-120.66758,0.0,0.0,0.0,0.0
690fd7dd87825a48788a8a7c,2025-10-12 20:12:05.870,foothill,Car,8.803997,0.0,0.0,0.0,-90.0,0.0,0.0,inf,0.0,0.0,0,0,0.9900000000000004,True,35.294006,-120.66757,0.0,0.0,0.0,0.0
690fd7dd87825a48788a8a7c,2025-10-12 20:12:05.870,foothill,Car,8.803997,0.0,0.0,90.0,90.0,0.0,0.0,inf,0.0,0.0,0,0,0.9900000000000004,True,35.294006,-120.667564,0.0,0.0,0.0,0.0
690fd7dd87825a48788a8a7c,2025-10-12 20:12:05.870,foothill,Car,8.803997,0.0,0.0,0.0,-90.0,0.0,0.0,inf,0.0,0.0,0,0,0.9900000000000004,True,35.294006,-120.66756,0.0,0.0,0.0,0.0
690fd7dd87825a48788a8a7c,2025-10-12 20:12:05.870,foothill,Car,8.803997,0.0,0.0,90.0,90.0,0.0,0.0,inf,0.0,0.0,0,0,0.9900000000000004,True,35.294006,-120.66755,0.0,0.0,0.0,0.0
690fd7dd87825a48788a8a7c,2025-10-12 20:12:05.870,foothill,Car,8.803997,0.0,0.0,0.0,-90.0,0.0,0.0,inf,0.0,90.0,0,0,0.9900000000000004,True,35.294006,-120.66755,0.0,0.0,0.0,0.0
690fd7dd87825a48788a8a7c,2025-10-12 20:12:05.870,foothill,Car,8.803997,0.0,0.0,0.0,0.0,0.4241749942302704,-0.0,inf,0.239262580871582,0.0,0,0,0.9900000000000004,True,35.294006,-120.66754,0.0,0.0,0.0,0.0
690fd7dd87825a48788a8a7c,2025-10-12 20:12:05.870,foothill,Car,8.803997,0.0,0.0,90.0,90.0,0.0,0.0,inf,0.0,90.0,0,0,0.9900000000000004,True,35.294006,-120.667534,0.0,0.0,0.0,0.0
690fd7dd87825a48788a8a7c,2025-10-12 20:12:05.870,foothill,Car,8.803997,0.0,0.0,0.0,-90.0,0.0,0.0,inf,0.0,0.0,0,0,0.9900000000000004,True,35.294006,-120.667534,0.0,0.0,0.0,0.0
690fd7dd87825a48788a8a7c,2025-10-12 20:12:05.870,foothill,Car,8.803997,0.0,0.0,0.0,0.0,0.4241749942302704,-0.0,inf,0.239262580871582,0.0,0,0,0.9900000000000004,True,35.294006,-120.66753,0.0,0.0,0.0,0.0
690fd7dd87825a48788a8a7c,2025-10-12 20:12:05.870,foothill,Car,8.803997,0.0,0.0,90.0,90.0,0.4241749942302704,0.239262580871582,inf,0.239262580871582,0.0,0,0,0.9900000000000004,True,35.294006,-120.66752,0.0,0.0,0.0,0.0
690fd7dd87825a48788a8a7c,2025-10-12 20:12:05.870,foothill,Car,8.803997,0.0,0.0,90.0,0.0,0.0,0.0,inf,0.0,90.0,0,0,0.9900000000000004,True,35.294006,-120.66751,0.0,0.0,0.0,0.0
690fd7dd87825a48788a8a7c,2025-10-12 20:12:05.870,foothill,Car,8.803997,0.0,0.0,0.0,-90.0,0.0,0.0,inf,0.0,0.0,0,0,0.9900000000000004,True,35.294006,-120.66751,0.0,0.0,0.0,0.0
690fd7dd87825a48788a8a7c,2025-10-12 20:12:05.870,foothill,Car,8.803997,0.0,0.0,0.0,0.0,0.692421555519104,0.0,inf,0.0,0.0,0,0,0.9900000000000004,True,35.294006,-120.6675,0.0,0.0,0.0,0.0
690fd7de87825a48788a8a7d,2025-10-12 20:12:10.934,foothill,Car,2.646361,0.0,0.0,0.0,0.0,0.0,0.0,inf,0.0,0.0,1,0,0.0682857142857142,False,35.294094,-120.66759,0.1,0.0,0.0,0.0
690fd7de87825a48788a8a7d,2025-10-12 20:12:10.934,foothill,Car,2.646361,0.0,0.0,0.0,0.0,0.0,0.0,inf,0.0,0.0,0,0,0.0682857142857142,False,35.294094,-120.66759,0.0,0.0,0.0,0.0
690fd7de87825a48788a8a7d,2025-10-12 20:12:10.934,foothill,Car,2.646361,0.0,0.0,270.0,-90.0,0.0,0.0,inf,0.0,0.0,0,0,0.0682857142857142,False,35.294094,-120.667595,0.0,0.0,0.0,0.0
690fd7de87825a48788a8a7d,2025-10-12 20:12:10.934,foothill,Car,2.646361,0.0,0.0,0.0,90.0,0.0,0.0,inf,0.0,90.0,0,0,0.0682857142857142,False,35.294094,-120.667595,0.0,0.0,0.0,0.0
690fd7de87825a48788a8a7e,2025-10-12 20:12:06.407,foothill,Car,5.210564,0.0,0.0,0.0,0.0,0.8120170831680298,-0.0,inf,0.0,0.0,1,0,0.7487263227381532,True,35.29403,-120.66814,0.1,0.0,0.0,0.0
690fd7de87825a48788a8a7e,2025-10-12 20:12:06.407,foothill,Car,5.210564,0.0,0.0,0.0,0.0,0.0,0.0,inf,0.0,0.0,0,0,0.7487263227381532,True,35.294033,-120.66813,0.0,0.0,0.0,0.0
690fd7de87825a48788a8a7e,2025-10-12 20:12:06.407,foothill,Car,5.210564,0.0,0.0,0.0,0.0,0.0,0.0,inf,0.0,0.0,0,0,0.7487263227381532,True,35.294033,-120.66813,0.0,0.0,0.0,0.0
690fd7de87825a48788a8a7e,2025-10-12 20:12:06.407,foothill,Car,5.210564,0.0,0.0,0.0,0.0,0.0,0.0,inf,0.0,0.0,0,0,0.7487263227381532,True,35.294037,-120.66813,0.0,0.0,0.0,0.0
690fd7de87825a48788a8a7e,2025-10-12 20:12:06.407,foothill,Car,5.210564,0.0,0.0,0.0,0.0,0.0,0.0,inf,0.0,0.0,0,0,0.7487263227381532,True,35.294037,-120.66813,0.0,0.0,0.0,0.0
690fd7de87825a48788a8a7e,2025-10-12 20:12:06.407,foothill,Car,5.210564,0.0,0.0,90.0,90.0,0.0,0.0,inf,0.0,0.0,0,0,0.7487263227381532,True,35.294037,-120.66812,0.0,0.0,0.0,0.0
690fd7de87825a48788a8a7e,2025-10-12 20:12:06.407,foothill,Car,5.210564,0.0,0.0,0.0,-90.0,0.0,0.0,inf,0.0,90.0,0,0,0.7487263227381532,True,35.294037,-120.66812,0.0,0.0,0.0,0.0
690fd7de87825a48788a8a7e,2025-10-12 20:12:06.407,foothill,Car,5.210564,0.0,0.0,0.0,0.0,0.0,0.0,inf,0.0,0.0,0,0,0.7487263227381532,True,35.294037,-120.66811,0.0,0.0,0.0,0.0
690fd7de87825a48788a8a7e,2025-10-12 20:12:06.407,foothill,Car,5.210564,0.0,0.0,0.0,0.0,0.0,0.0,inf,0.0,0.0,0,0,0.7487263227381532,True,35.294037,-120.66811,0.0,0.0,0.0,0.0
690fd7de87825a48788a8a7e,2025-10-12 20:12:06.407,foothill,Car,5.210564,0.0,0.0,0.0,0.0,0.0,0.0,inf,0.0,0.0,0,0,0.7487263227381532,True,35.294037,-120.66811,0.0,0.0,0.0,0.0
690fd7de87825a48788a8a7e,2025-10-12 20:12:06.407,foothill,Car,5.210564,0.0,0.0,90.0,90.0,0.6924213171005249,0.0,inf,0.0,0.0,0,0,0.7487263227381532,True,35.294037,-120.668106,0.0,0.0,0.0,0.0
690fd7de87825a48788a8a7e,2025-10-12 20:12:06.407,foothill,Car,5.210564,0.0,0.0,90.0,0.0,0.4241749942302704,-5.210564136505127,0.0814067348837852,0.0,90.0,0,0,0.7487263227381532,True,35.294037,-120.6681,0.0,0.0,0.0,0.0
690fd7de87825a48788a8a7e,2025-10-12 20:12:06.407,foothill,Car,5.210564,0.0,0.0,0.0,-90.0,0.0,0.0,inf,0.0,0.0,0,0,0.7487263227381532,True,35.29404,-120.6681,0.0,0.0,0.0,0.0
690fd7de87825a48788a8a7e,2025-10-12 20:12:06.407,foothill,Car,5.210564,0.0,0.0,0.0,0.0,0.0,0.0,inf,0.0,0.0,0,0,0.7487263227381532,True,35.29404,-120.6681,0.0,0.0,0.0,0.0
690fd7de87825a48788a8a7e,2025-10-12 20:12:06.407,foothill,Car,5.210564,0.0,0.0,0.0,0.0,0.0,0.0,inf,0.0,0.0,0,0,0.7487263227381532,True,35.29404,-120.66809,0.0,0.0,0.0,0.0
690fd7de87825a48788a8a7e,2025-10-12 20:12:06.407,foothill,Car,5.210564,0.0,0.0,0.0,0.0,0.0,0.0,inf,0.0,0.0,0,0,0.7487263227381532,True,35.29404,-120.66809,0.0,0.0,0.0,0.0
690fd7de87825a48788a8a7e,2025-10-12 20:12:06.407,foothill,Car,5.210564,0.0,0.0,90.0,90.0,0.0,0.0,inf,0.0,0.0,0,0,0.7487263227381532,True,35.29404,-120.66808,0.0,0.0,0.0,0.0
690fd7de87825a48788a8a7e,2025-10-12 20:12:06.407,foothill,Car,5.210564,0.0,0.0,0.0,-90.0,0.0,0.0,inf,0.0,90.0,0,0,0.7487263227381532,True,35.29404,-120.66808,0.0,0.0,0.0,0.0
690fd7de87825a48788a8a7e,2025-10-12 20:12:06.407,foothill,Car,5.210564,0.0,0.0,0.0,0.0,0.4241749942302704,0.0,inf,0.0,0.0,0,0,0.7487263227381532,True,35.29404,-120.668076,0.0,0.0,0.0,0.0
690fd7de87825a48788a8a7e,2025-10-12 20:12:06.407,foothill,Car,5.210564,0.0,0.0,0.0,0.0,0.4241749942302704,0.0,inf,0.0,0.0,0,0,0.7487263227381532,True,35.294044,-120.668076,0.0,0.0,0.0,0.0
690fd7de87825a48788a8a7e,2025-10-12 20:12:06.407,foothill,Car,5.210564,0.0,0.0,90.0,90.0,0.0,0.0,inf,0.0,0.0,0,0,0.7487263227381532,True,35.294044,-120.66807,0.0,0.0,0.0,0.0
690fd7de87825a48788a8a7e,2025-10-12 20:12:06.407,foothill,Car,5.210564,0.0,0.0,0.0,-90.0,0.0,0.0,inf,0.0,90.0,0,0,0.7487263227381532,True,35.294044,-120.66807,0.0,0.0,0.0,0.0
690fd7de87825a48788a8a7e,2025-10-12 20:12:06.407,foothill,Car,5.210564,0.0,0.0,0.0,0.0,0.4241749942302704,0.0,inf,0.0,0.0,0,0,0.7487263227381532,True,35.294044,-120.66806,0.0,0.0,0.0,0.0
690fd7de87825a48788a8a7e,2025-10-12 20:12:06.407,foothill,Car,5.210564,0.0,0.0,0.0,0.0,0.4241749942302704,0.0,inf,0.0,0.0,0,0,0.7487263227381532,True,35.29405,-120.66806,0.0,0.0,0.0,0.0
690fd7de87825a48788a8a7e,2025-10-12 20:12:06.407,foothill,Car,5.210564,0.0,0.0,90.0,90.0,0.0,0.0,inf,0.0,0.0,0,0,0.7487263227381532,True,35.29405,-120.66805,0.0,0.0,0.0,0.0
690fd7de87825a48788a8a7e,2025-10-12 20:12:06.407,foothill,Car,5.210564,0.0,0.0,0.0,-90.0,0.0,0.0,inf,0.0,90.0,0,0,0.7487263227381532,True,35.29405,-120.66805,0.0,0.0,0.0,0.0
690fd7de87825a48788a8a7e,2025-10-12 20:12:06.407,foothill,Car,5.210564,0.0,0.0,0.0,0.0,0.0,0.0,inf,0.0,0.0,0,0,0.7487263227381532,True,35.294052,-120.668045,0.0,0.0,0.0,0.0
690fd7de87825a48788a8a7e,2025-10-12 20:12:06.407,foothill,Car,5.210564,0.0,0.0,0.0,0.0,0.0,0.0,inf,0.0,0.0,0,0,0.7487263227381532,True,35.294052,-120.668045,0.0,0.0,0.0,0.0
690fd7de87825a48788a8a7e,2025-10-12 20:12:06.407,foothill,Car,5.210564,0.0,0.0,0.0,0.0,0.4241749942302704,0.0,inf,0.0,0.0,0,0,0.7487263227381532,True,35.294056,-120.668045,0.0,0.0,0.0,0.0
690fd7de87825a48788a8a7e,2025-10-12 20:12:06.407,foothill,Car,5.210564,0.0,0.0,90.0,90.0,0.0,0.0,inf,0.0,0.0,0,0,0.7487263227381532,True,35.294056,-120.66804,0.0,0.0,0.0,0.0
690fd7de87825a48788a8a7e,2025-10-12 20:12:06.407,foothill,Car,5.210564,0.0,0.0,0.0,-90.0,0.0,0.0,inf,0.0,90.0,0,0,0.7487263227381532,True,35.294056,-120.66804,0.0,0.0,0.0,0.0
690fd7de87825a48788a8a7e,2025-10-12 20:12:06.407,foothill,Car,5.210564,0.0,0.0,90.0,90.0,0.4241749942302704,-5.210564136505127,0.0814067348837852,0.0,90.0,0,0,0.7487263227381532,True,35.294056,-120.66803,0.0,0.0,0.0,0.0
690fd7de87825a48788a8a7e,2025-10-12 20:12:06.407,foothill,Car,5.210564,0.0,0.0,0.0,-90.0,0.4241749942302704,-5.210564136505127,0.0814067348837852,0.0,90.0,0,0,0.7487263227381532,True,35.29406,-120.66803,0.0,0.0,0.0,0.0
690fd7de87825a48788a8a7e,2025-10-12 20:12:06.407,foothill,Car,5.210564,0.0,0.0,0.0,0.0,0.0,0.0,inf,0.0,0.0,0,0,0.7487263227381532,True,35.29406,-120.66802,0.0,0.0,0.0,0.0
690fd7de87825a48788a8a7e,2025-10-12 20:12:06.407,foothill,Car,5.210564,0.0,0.0,0.0,0.0,0.0,0.0,inf,0.0,0.0,0,0,0.7487263227381532,True,35.29406,-120.66802,0.0,0.0,0.0,0.0
690fd7de87825a48788a8a7e,2025-10-12 20:12:06.407,foothill,Car,5.210564,0.0,0.0,0.0,0.0,0.4241749942302704,0.0,inf,0.0,0.0,0,0,0.7487263227381532,True,35.294064,-120.66802,0.0,0.0,0.0,0.0
690fd7de87825a48788a8a7e,2025-10-12 20:12:06.407,foothill,Car,5.210564,0.0,0.0,90.0,90.0,0.4241749942302704,-5.210564136505127,0.0814067348837852,0.0,90.0,0,0,0.7487263227381532,True,35.294064,-120.668015,0.0,0.0,0.0,0.0
690fd7de87825a48788a8a7e,2025-10-12 20:12:06.407,foothill,Car,5.210564,0.0,0.0,0.0,-90.0,0.4241749942302704,-5.210564136505127,0.0814067348837852,0.0,90.0,0,0,0.7487263227381532,True,35.294067,-120.668015,0.0,0.0,0.0,0.0
690fd7de87825a48788a8a7e,2025-10-12 20:12:06.407,foothill,Car,5.210564,0.0,0.0,0.0,0.0,0.4241749942302704,0.0,inf,0.0,0.0,0,0,0.7487263227381532,True,35.294067,-120.66801,0.0,0.0,0.0,0.0
690fd7de87825a48788a8a7e,2025-10-12 20:12:06.407,foothill,Car,5.210564,0.0,0.0,0.0,0.0,0.4241749942302704,0.0,inf,0.0,0.0,0,0,0.7487263227381532,True,35.29407,-120.66801,0.0,0.0,0.0,0.0
690fd7de87825a48788a8a7e,2025-10-12 20:12:06.407,foothill,Car,5.210564,0.0,0.0,90.0,90.0,0.4241749942302704,-5.210564136505127,0.0814067348837852,0.0,90.0,0,0,0.7487263227381532,True,35.29407,-120.668,0.0,0.0,0.0,0.0
690fd7de87825a48788a8a7e,2025-10-12 20:12:06.407,foothill,Car,5.210564,0.0,0.0,0.0,-90.0,0.0,0.0,inf,0.0,0.0,0,0,0.7487263227381532,True,35.294075,-120.668,0.0,0.0,0.0,0.0
690fd7de87825a48788a8a7e,2025-10-12 20:12:06.407,foothill,Car,5.210564,0.0,0.0,0.0,0.0,0.0,0.0,inf,0.0,0.0,0,0,0.7487263227381532,True,35.294075,-120.668,0.0,0.0,0.0,0.0
690fd7de87825a48788a8a7e,2025-10-12 20:12:06.407,foothill,Car,5.210564,0.0,0.0,0.0,0.0,0.4241749942302704,0.0,inf,0.0,0.0,0,0,0.7487263227381532,True,35.294075,-120.66799,0.0,0.0,0.0,0.0
690fd7de87825a48788a8a7e,2025-10-12 20:12:06.407,foothill,Car,5.210564,0.0,0.0,0.0,0.0,0.4241749942302704,0.0,inf,0.0,0.0,0,0,0.7487263227381532,True,35.29408,-120.66799,0.0,0.0,0.0,0.0
690fd7de87825a48788a8a7e,2025-10-12 20:12:06.407,foothill,Car,5.210564,0.0,0.0,0.0,0.0,0.4241749942302704,0.0,inf,0.0,0.0,0,0,0.7487263227381532,True,35.294083,-120.66799,0.0,0.0,0.0,0.0
690fd7de87825a48788a8a7e,2025-10-12 20:12:06.407,foothill,Car,5.210564,0.0,0.0,90.0,90.0,0.4241749942302704,-5.210564136505127,0.0814067348837852,0.0,90.0,0,0,0.7487263227381532,True,35.294083,-120.667984,0.0,0.0,0.0,0.0
690fd7de87825a48788a8a7e,2025-10-12 20:12:06.407,foothill,Car,5.210564,0.0,0.0,0.0,-90.0,0.4241749942302704,-5.210564136505127,0.0814067348837852,0.0,90.0,0,0,0.7487263227381532,True,35.294086,-120.667984,0.0,0.0,0.0,0.0
690fd7de87825a48788a8a7e,2025-10-12 20:12:06.407,foothill,Car,5.210564,0.0,0.0,0.0,0.0,0.4241749942302704,0.0,inf,0.0,0.0,0,0,0.7487263227381532,True,35.294086,-120.66798,0.0,0.0,0.0,0.0
690fd7de87825a48788a8a7e,2025-10-12 20:12:06.407,foothill,Car,5.210564,0.0,0.0,0.0,0.0,0.4241749942302704,0.0,inf,0.0,0.0,0,0,0.7487263227381532,True,35.29409,-120.66798,0.0,0.0,0.0,0.0
690fd7de87825a48788a8a7e,2025-10-12 20:12:06.407,foothill,Car,5.210564,0.0,0.0,0.0,0.0,0.4241749942302704,0.0,inf,0.0,0.0,0,0,0.7487263227381532,True,35.294094,-120.66798,0.0,0.0,0.0,0.0
690fd7de87825a48788a8a7e,2025-10-12 20:12:06.407,foothill,Car,5.210564,0.0,0.0,90.0,90.0,0.4241749942302704,-5.210564136505127,0.0814067348837852,0.0,90.0,0,0,0.7487263227381532,True,35.294094,-120.66797,0.0,0.0,0.0,0.0
690fd7de87825a48788a8a7e,2025-10-12 20:12:06.407,foothill,Car,5.210564,0.0,0.0,0.0,-90.0,0.0,0.0,inf,0.0,0.0,0,0,0.7487263227381532,True,35.294098,-120.66797,0.0,0.0,0.0,0.0
690fd7de87825a48788a8a7e,2025-10-12 20:12:06.407,foothill,Car,5.210564,0.0,0.0,0.0,0.0,0.0,0.0,inf,0.0,0.0,0,0,0.7487263227381532,True,35.294098,-120.66797,0.0,0.0,0.0,0.0
690fd7de87825a48788a8a7e,2025-10-12 20:12:06.407,foothill,Car,5.210564,0.0,0.0,90.0,90.0,0.4241749942302704,-5.210564136505127,0.0814067348837852,0.0,90.0,0,0,0.7487263227381532,True,35.2941,-120.66796,0.0,0.0,0.0,0.0
690fd7de87825a48788a8a7e,2025-10-12 20:12:06.407,foothill,Car,5.210564,0.0,0.0,0.0,-90.0,0.4241749942302704,-5.210564136505127,0.0814067348837852,0.0,90.0,0,0,0.7487263227381532,True,35.294106,-120.66796,0.0,0.0,0.0,0.0
690fd7de87825a48788a8a7e,2025-10-12 20:12:06.407,foothill,Car,5.210564,0.0,0.0,0.0,0.0,0.4241749942302704,0.0,inf,0.0,0.0,0,0,0.7487263227381532,True,35.29411,-120.66796,0.0,0.0,0.0,0.0
690fd7de87825a48788a8a7e,2025-10-12 20:12:06.407,foothill,Car,5.210564,0.0,0.0,0.0,0.0,0.4241749942302704,0.0,inf,0.0,0.0,0,0,0.7487263227381532,True,35.29411,-120.66795,0.0,0.0,0.0,0.0
690fd7de87825a48788a8a7e,2025-10-12 20:12:06.407,foothill,Car,5.210564,0.0,0.0,0.0,0.0,0.4241749942302704,0.0,inf,0.0,0.0,0,0,0.7487263227381532,True,35.294113,-120.66795,0.0,0.0,0.0,0.0
690fd7de87825a48788a8a7e,2025-10-12 20:12:06.407,foothill,Car,5.210564,0.0,0.0,0.0,0.0,0.4241749942302704,0.0,inf,0.0,0.0,0,0,0.7487263227381532,True,35.294117,-120.66795,0.0,0.0,0.0,0.0
690fd7de87825a48788a8a7e,2025-10-12 20:12:06.407,foothill,Car,5.210564,0.0,0.0,81.29285,81.29285,0.0,0.0,inf,0.0,0.0,0,0,0.7487263227381532,True,35.29412,-120.667946,0.0,0.0,0.0,0.0
690fd7de87825a48788a8a7e,2025-10-12 20:12:06.407,foothill,Car,5.210564,0.0,0.0,0.0,-81.29285,0.0,0.0,inf,0.0,81.2928466796875,0,0,0.7487263227381532,True,35.29412,-120.667946,0.0,0.0,0.0,0.0
690fd7de87825a48788a8a7e,2025-10-12 20:12:06.407,foothill,Car,5.210564,0.0,0.0,0.0,0.0,0.4241749942302704,-5.150512218475342,0.0823558866977691,0.0,81.2928466796875,0,0,0.7487263227381532,True,35.294125,-120.667946,0.0,0.0,0.0,0.0
690fd7de87825a48788a8a7e,2025-10-12 20:12:06.407,foothill,Car,5.210564,0.0,0.0,0.0,0.0,0.4241749942302704,0.0,inf,0.0,0.0,0,0,0.7487263227381532,True,35.29413,-120.667946,0.0,0.0,0.0,0.0
690fd7de87825a48788a8a7e,2025-10-12 20:12:06.407,foothill,Car,5.210564,0.0,0.0,0.0,0.0,0.4241749942302704,0.0,inf,0.0,0.0,0,0,0.7487263227381532,True,35.294132,-120.66794,0.0,0.0,0.0,0.0
690fd7de87825a48788a8a7e,2025-10-12 20:12:06.407,foothill,Car,5.210564,0.0,0.0,0.0,0.0,0.4241749942302704,0.0,inf,0.0,0.0,0,0,0.7487263227381532,True,35.294136,-120.66794,0.0,0.0,0.0,0.0
690fd7de87825a48788a8a7e,2025-10-12 20:12:06.407,foothill,Car,5.210564,0.0,0.0,0.0,0.0,0.4241749942302704,0.0,inf,0.0,0.0,0,0,0.7487263227381532,True,35.29414,-120.66794,0.0,0.0,0.0,0.0
690fd7de87825a48788a8a7e,2025-10-12 20:12:06.407,foothill,Car,5.210564,0.0,0.0,0.0,0.0,0.4241749942302704,0.0,inf,0.0,0.0,0,0,0.7487263227381532,True,35.294144,-120.66794,0.0,0.0,0.0,0.0
690fd7de87825a48788a8a7e,2025-10-12 20:12:06.407,foothill,Car,5.210564,0.0,0.0,0.0,0.0,0.4241749942302704,0.0,inf,0.0,0.0,0,0,0.7487263227381532,True,35.294147,-120.66794,0.0,0.0,0.0,0.0
690fd7de87825a48788a8a7e,2025-10-12 20:12:06.407,foothill,Car,5.210564,0.0,0.0,0.0,0.0,0.4241749942302704,0.0,inf,0.0,0.0,0,0,0.7487263227381532,True,35.29415,-120.66794,0.0,0.0,0.0,0.0
690fd7de87825a48788a8a7e,2025-10-12 20:12:06.407,foothill,Car,5.210564,0.0,0.0,90.0,90.0,0.4241749942302704,-5.210564136505127,0.0814067348837852,0.0,90.0,0,0,0.7487263227381532,True,35.294155,-120.66793,0.0,0.0,0.0,0.0
690fd7de87825a48788a8a7e,2025-10-12 20:12:06.407,foothill,Car,5.210564,0.0,0.0,0.0,-90.0,0.4241749942302704,-5.210564136505127,0.0814067348837852,0.0,90.0,0,0,0.7487263227381532,True,35.29416,-120.66793,0.0,0.0,0.0,0.0
690fd7de87825a48788a8a7e,2025-10-12 20:12:06.407,foothill,Car,5.210564,0.0,0.0,294.67633,-65.32367,0.8120161294937134,4.522090911865234,inf,0.0,138.29388427734375,0,0,0.7487263227381532,True,35.294163,-120.66794,0.0,0.0,0.0,0.0
690fd7de87825a48788a8a7e,2025-10-12 20:12:06.407,foothill,Car,5.210564,0.0,0.0,72.970215,138.29388,0.4241749942302704,-4.982094764709473,0.0851398855447769,0.0,72.97021484375,0,0,0.7487263227381532,True,35.294167,-120.66793,0.0,0.0,0.0,0.0
690fd7de87825a48788a8a7e,2025-10-12 20:12:06.407,foothill,Car,5.210564,0.0,0.0,0.0,-72.970215,0.0,0.0,inf,0.0,0.0,0,0,0.7487263227381532,True,35.29417,-120.66793,0.0,0.0,0.0,0.0
690fd7de87825a48788a8a7e,2025-10-12 20:12:06.407,foothill,Car,5.210564,0.0,0.0,0.0,0.0,0.0,0.0,inf,0.0,0.0,0,0,0.7487263227381532,True,35.29417,-120.66793,0.0,0.0,0.0,0.0
690fd7de87825a48788a8a7e,2025-10-12 20:12:06.407,foothill,Car,5.210564,0.0,0.0,0.0,0.0,0.4241749942302704,0.0,inf,0.0,0.0,0,0,0.7487263227381532,True,35.294178,-120.66793,0.0,0.0,0.0,0.0
690fd7de87825a48788a8a7e,2025-10-12 20:12:06.407,foothill,Car,5.210564,0.0,0.0,0.0,0.0,0.4241749942302704,0.0,inf,0.0,0.0,0,0,0.7487263227381532,True,35.29418,-120.66793,0.0,0.0,0.0,0.0
690fd7de87825a48788a8a7e,2025-10-12 20:12:06.407,foothill,Car,5.210564,0.0,0.0,0.0,0.0,0.4241749942302704,0.0,inf,0.0,0.0,0,0,0.7487263227381532,True,35.294186,-120.66793,0.0,0.0,0.0,0.0
690fd7de87825a48788a8a7e,2025-10-12 20:12:06.407,foothill,Car,5.210564,0.0,0.0,0.0,0.0,0.4241749942302704,0.0,inf,0.0,0.0,0,0,0.7487263227381532,True,35.29419,-120.66793,0.0,0.0,0.0,0.0
690fd7de87825a48788a8a7f,2025-10-12 20:12:05.870,foothill,Car,9.04326,0.0,0.0,0.0,0.0,0.6924216151237488,-9.043259620666504,0.0765677019953727,0.0,90.0,1,0,0.9247427796994198,True,35.294003,-120.668076,0.1,0.0,0.0,0.0
690fd7de87825a48788a8a7f,2025-10-12 20:12:05.870,foothill,Car,9.04326,0.0,0.0,90.0,90.0,0.0,0.0,inf,0.0,0.0,0,0,0.9247427796994198,True,35.294003,-120.66807,0.0,0.0,0.0,0.0
690fd7de87825a48788a8a7f,2025-10-12 20:12:05.870,foothill,Car,9.04326,0.0,0.0,0.0,-90.0,0.0,0.0,inf,0.0,90.0,0,0,0.9247427796994198,True,35.294003,-120.66807,0.0,0.0,0.0,0.0
690fd7de87825a48788a8a7f,2025-10-12 20:12:05.870,foothill,Car,9.04326,0.0,0.0,0.0,0.0,0.6924216151237488,-9.043259620666504,0.0765677019953727,0.0,90.0,0,0,0.9247427796994198,True,35.294003,-120.66806,0.0,0.0,0.0,0.0
690fd7de87825a48788a8a7f,2025-10-12 20:12:05.870,foothill,Car,9.04326,0.0,0.0,90.0,90.0,0.4241749942302704,9.043259620666504,inf,0.0,90.0,0,0,0.9247427796994198,True,35.294003,-120.66805,0.0,0.0,0.0,0.0
690fd7de87825a48788a8a7f,2025-10-12 20:12:05.870,foothill,Car,9.04326,0.0,0.0,180.0,90.0,0.4241749942302704,9.043259620666504,inf,0.0,90.0,0,0,0.9247427796994198,True,35.294,-120.66805,0.0,0.0,0.0,0.0
690fd7de87825a48788a8a7f,2025-10-12 20:12:05.870,foothill,Car,9.04326,0.0,0.0,0.0,-180.0,0.6924216151237488,18.086519241333008,inf,0.0,180.0,0,0,0.9247427796994198,True,35.294,-120.668045,0.0,0.0,0.0,0.0
690fd7de87825a48788a8a7f,2025-10-12 20:12:05.870,foothill,Car,9.04326,0.0,0.0,90.0,90.0,0.0,0.0,inf,0.0,90.0,0,0,0.9247427796994198,True,35.294,-120.66804,0.0,0.0,0.0,0.0
690fd7de87825a48788a8a7f,2025-10-12 20:12:05.870,foothill,Car,9.04326,0.0,0.0,0.0,-90.0,0.0,0.0,inf,0.0,0.0,0,0,0.9247427796994198,True,35.294,-120.66804,0.0,0.0,0.0,0.0
690fd7de87825a48788a8a7f,2025-10-12 20:12:05.870,foothill,Car,9.04326,0.0,0.0,90.0,90.0,0.6924216151237488,9.043259620666504,inf,0.0,90.0,0,0,0.9247427796994198,True,35.294,-120.66803,0.0,0.0,0.0,0.0
690fd7de87825a48788a8a7f,2025-10-12 20:12:05.870,foothill,Car,9.04326,0.0,0.0,0.0,-90.0,0.6924216151237488,9.043259620666504,inf,0.0,90.0,0,0,0.9247427796994198,True,35.294,-120.66802,0.0,0.0,0.0,0.0
690fd7de87825a48788a8a7f,2025-10-12 20:12:05.870,foothill,Car,9.04326,0.0,0.0,90.0,90.0,0.0,0.0,inf,0.0,0.0,0,0,0.9247427796994198,True,35.294,-120.668015,0.0,0.0,0.0,0.0
690fd7de87825a48788a8a7f,2025-10-12 20:12:05.870,foothill,Car,9.04326,0.0,0.0,0.0,-90.0,0.0,0.0,inf,0.0,90.0,0,0,0.9247427796994198,True,35.294,-120.668015,0.0,0.0,0.0,0.0
690fd7de87825a48788a8a7f,2025-10-12 20:12:05.870,foothill,Car,9.04326,0.0,0.0,0.0,0.0,0.6924216151237488,-9.043259620666504,0.0765677019953727,0.0,90.0,0,0,0.9247427796994198,True,35.294,-120.66801,0.0,0.0,0.0,0.0
690fd7de87825a48788a8a7f,2025-10-12 20:12:05.870,foothill,Car,9.04326,0.0,0.0,90.0,90.0,0.6924216151237488,-9.043259620666504,0.0765677019953727,0.0,90.0,0,0,0.9247427796994198,True,35.294,-120.668,0.0,0.0,0.0,0.0
690fd7de87825a48788a8a7f,2025-10-12 20:12:05.870,foothill,Car,9.04326,0.0,0.0,0.0,-90.0,0.0,0.0,inf,0.0,0.0,0,0,0.9247427796994198,True,35.294,-120.66799,0.0,0.0,0.0,0.0
690fd7de87825a48788a8a7f,2025-10-12 20:12:05.870,foothill,Car,9.04326,0.0,0.0,0.0,0.0,0.0,0.0,inf,0.0,0.0,0,0,0.9247427796994198,True,35.294,-120.66799,0.0,0.0,0.0,0.0
690fd7de87825a48788a8a7f,2025-10-12 20:12:05.870,foothill,Car,9.04326,0.0,0.0,90.0,90.0,0.6924216151237488,-9.043259620666504,0.0765677019953727,0.0,90.0,0,0,0.9247427796994198,True,35.294,-120.667984,0.0,0.0,0.0,0.0
690fd7de87825a48788a8a7f,2025-10-12 20:12:05.870,foothill,Car,9.04326,0.0,0.0,0.0,-90.0,0.6924216151237488,9.043259620666504,inf,0.0,90.0,0,0,0.9247427796994198,True,35.294,-120.66798,0.0,0.0,0.0,0.0
690fd7de87825a48788a8a7f,2025-10-12 20:12:05.870,foothill,Car,9.04326,0.0,0.0,90.0,90.0,0.0,0.0,inf,0.0,0.0,0,0,0.9247427796994198,True,35.294,-120.66797,0.0,0.0,0.0,0.0
690fd7de87825a48788a8a7f,2025-10-12 20:12:05.870,foothill,Car,9.04326,0.0,0.0,0.0,-90.0,0.0,0.0,inf,0.0,90.0,0,0,0.9247427796994198,True,35.294,-120.66797,0.0,0.0,0.0,0.0
690fd7de87825a48788a8a7f,2025-10-12 20:12:05.870,foothill,Car,9.04326,0.0,0.0,90.0,90.0,0.6924216151237488,0.0,inf,0.0,0.0,0,0,0.9247427796994198,True,35.294,-120.66796,0.0,0.0,0.0,0.0
690fd7de87825a48788a8a7f,2025-10-12 20:12:05.870,foothill,Car,9.04326,0.0,0.0,0.0,-90.0,0.0,0.0,inf,0.0,0.0,0,0,0.9247427796994198,True,35.294,-120.66795,0.0,0.0,0.0,0.0
690fd7de87825a48788a8a7f,2025-10-12 20:12:05.870,foothill,Car,9.04326,0.0,0.0,0.0,0.0,0.0,0.0,inf,0.0,0.0,0,0,0.9247427796994198,True,35.294,-120.66795,0.0,0.0,0.0,0.0
690fd7de87825a48788a8a7f,2025-10-12 20:12:05.870,foothill,Car,9.04326,0.0,0.0,90.0,90.0,0.6924216151237488,-9.043259620666504,0.0765677019953727,0.0,90.0,0,0,0.9247427796994198,True,35.294,-120.667946,0.0,0.0,0.0,0.0
690fd7de87825a48788a8a7f,2025-10-12 20:12:05.870,foothill,Car,9.04326,0.0,0.0,0.0,-90.0,0.6924216151237488,-0.239262580871582,2.893982172012329,0.239262580871582,0.0,0,0,0.9247427796994198,True,35.294,-120.66794,0.0,0.0,0.0,0.0
690fd7de87825a48788a8a7f,2025-10-12 20:12:05.870,foothill,Car,9.04326,0.0,0.0,90.0,90.0,0.0,0.0,inf,0.239262580871582,90.0,0,0,0.9247427796994198,True,35.294,-120.66793,0.0,0.0,0.0,0.0
690fd7de87825a48788a8a7f,2025-10-12 20:12:05.870,foothill,Car,9.04326,0.0,0.0,0.0,-90.0,0.0,0.0,inf,0.239262580871582,0.0,0,0,0.9247427796994198,True,35.294,-120.66793,0.0,0.0,0.0,0.0
690fd7de87825a48788a8a7f,2025-10-12 20:12:05.870,foothill,Car,9.04326,0.0,0.0,0.0,0.0,0.0,0.0,inf,0.239262580871582,0.0,0,0,0.9247427796994198,True,35.294,-120.66792,0.0,0.0,0.0,0.0
690fd7de87825a48788a8a7f,2025-10-12 20:12:05.870,foothill,Car,9.04326,0.0,0.0,90.0,90.0,0.0,0.0,inf,0.239262580871582,0.0,0,0,0.9247427796994198,True,35.294,-120.667915,0.0,0.0,0.0,0.0
690fd7de87825a48788a8a7f,2025-10-12 20:12:05.870,foothill,Car,9.04326,0.0,0.0,90.0,0.0,0.0,0.0,inf,0.239262580871582,0.0,0,0,0.9247427796994198,True,35.294,-120.66791,0.0,0.0,0.0,0.0
690fd7de87825a48788a8a7f,2025-10-12 20:12:05.870,foothill,Car,9.04326,0.0,0.0,0.0,-90.0,0.0,0.0,inf,0.239262580871582,0.0,0,0,0.9247427796994198,True,35.294,-120.6679,0.0,0.0,0.0,0.0
690fd7de87825a48788a8a7f,2025-10-12 20:12:05.870,foothill,Car,9.04326,0.0,0.0,0.0,0.0,0.0,0.0,inf,0.239262580871582,0.0,0,0,0.9247427796994198,True,35.294,-120.6679,0.0,0.0,0.0,0.0
690fd7de87825a48788a8a7f,2025-10-12 20:12:05.870,foothill,Car,9.04326,0.0,0.0,90.0,90.0,0.0,0.0,inf,0.239262580871582,0.0,0,0,0.9247427796994198,True,35.294,-120.66789,0.0,0.0,0.0,0.0
690fd7de87825a48788a8a7f,2025-10-12 20:12:05.870,foothill,Car,9.04326,0.0,0.0,0.0,-90.0,0.0,0.0,inf,0.0,0.0,0,0,0.9247427796994198,True,35.294,-120.667885,0.0,0.0,0.0,0.0
690fd7de87825a48788a8a7f,2025-10-12 20:12:05.870,foothill,Car,9.04326,0.0,0.0,90.0,90.0,0.0,0.0,inf,0.0,0.0,0,0,0.9247427796994198,True,35.294,-120.66788,0.0,0.0,0.0,0.0
690fd7de87825a48788a8a7f,2025-10-12 20:12:05.870,foothill,Car,9.04326,0.0,0.0,0.0,-90.0,0.0,0.0,inf,0.0,90.0,0,0,0.9247427796994198,True,35.294,-120.66788,0.0,0.0,0.0,0.0
690fd7de87825a48788a8a7f,2025-10-12 20:12:05.870,foothill,Car,9.04326,0.0,0.0,0.0,0.0,0.0,0.0,inf,0.0,0.0,0,0,0.9247427796994198,True,35.294,-120.66787,0.0,0.0,0.0,0.0
690fd7de87825a48788a8a7f,2025-10-12 20:12:05.870,foothill,Car,9.04326,0.0,0.0,90.0,90.0,0.0,0.0,inf,0.0,0.0,0,0,0.9247427796994198,True,35.294,-120.66786,0.0,0.0,0.0,0.0
690fd7de87825a48788a8a7f,2025-10-12 20:12:05.870,foothill,Car,9.04326,0.0,0.0,0.0,-90.0,0.0,0.0,inf,0.239262580871582,0.0,0,0,0.9247427796994198,True,35.294,-120.667854,0.0,0.0,0.0,0.0
690fd7de87825a48788a8a7f,2025-10-12 20:12:05.870,foothill,Car,9.04326,0.0,0.0,90.0,90.0,0.0,0.0,inf,0.239262580871582,0.0,0,0,0.9247427796994198,True,35.294,-120.66785,0.0,0.0,0.0,0.0
690fd7de87825a48788a8a7f,2025-10-12 20:12:05.870,foothill,Car,9.04326,0.0,0.0,0.0,-90.0,0.0,0.0,inf,0.239262580871582,90.0,0,0,0.9247427796994198,True,35.294,-120.66785,0.0,0.0,0.0,0.0
690fd7de87825a48788a8a7f,2025-10-12 20:12:05.870,foothill,Car,9.04326,0.0,0.0,90.0,90.0,0.0,0.0,inf,0.239262580871582,0.0,0,0,0.9247427796994198,True,35.294,-120.66784,0.0,0.0,0.0,0.0
690fd7de87825a48788a8a7f,2025-10-12 20:12:05.870,foothill,Car,9.04326,0.0,0.0,0.0,-90.0,0.4241749942302704,0.0,inf,0.239262580871582,0.0,0,0,0.9247427796994198,True,35.294,-120.66783,0.0,0.0,0.0,0.0
690fd7de87825a48788a8a7f,2025-10-12 20:12:05.870,foothill,Car,9.04326,0.0,0.0,90.0,90.0,0.0,0.0,inf,0.0,0.0,0,0,0.9247427796994198,True,35.294,-120.66782,0.0,0.0,0.0,0.0
690fd7de87825a48788a8a7f,2025-10-12 20:12:05.870,foothill,Car,9.04326,0.0,0.0,0.0,-90.0,0.0,0.0,inf,0.0,90.0,0,0,0.9247427796994198,True,35.294,-120.66782,0.0,0.0,0.0,0.0
690fd7de87825a48788a8a7f,2025-10-12 20:12:05.870,foothill,Car,9.04326,0.0,0.0,0.0,0.0,0.0,0.0,inf,0.239262580871582,0.0,0,0,0.9247427796994198,True,35.294003,-120.667816,0.0,0.0,0.0,0.0
690fd7de87825a48788a8a7f,2025-10-12 20:12:05.870,foothill,Car,9.04326,0.0,0.0,90.0,90.0,0.0,0.0,inf,0.239262580871582,0.0,0,0,0.9247427796994198,True,35.294003,-120.66781,0.0,0.0,0.0,0.0
690fd7de87825a48788a8a7f,2025-10-12 20:12:05.870,foothill,Car,9.04326,0.0,0.0,0.0,-90.0,0.0,0.0,inf,0.239262580871582,90.0,0,0,0.9247427796994198,True,35.294003,-120.66781,0.0,0.0,0.0,0.0
690fd7de87825a48788a8a7f,2025-10-12 20:12:05.870,foothill,Car,9.04326,0.0,0.0,0.0,0.0,0.0,0.0,inf,0.239262580871582,0.0,0,0,0.9247427796994198,True,35.294003,-120.6678,0.0,0.0,0.0,0.0
690fd7de87825a48788a8a7f,2025-10-12 20:12:05.870,foothill,Car,9.04326,0.0,0.0,90.0,90.0,0.4241749942302704,-1.0432353019714355,0.4065957069396972,0.239262580871582,24.676300048828125,0,0,0.9247427796994198,True,35.294003,-120.66779,0.0,0.0,0.0,0.0
690fd7de87825a48788a8a7f,2025-10-12 20:12:05.870,foothill,Car,9.04326,0.0,0.0,0.0,-90.0,0.0,0.0,inf,0.0,0.0,0,0,0.9247427796994198,True,35.294003,-120.667786,0.0,0.0,0.0,0.0
690fd7de87825a48788a8a7f,2025-10-12 20:12:05.870,foothill,Car,9.04326,0.0,0.0,0.0,0.0,0.0,0.0,inf,0.0,0.0,0,0,0.9247427796994198,True,35.294003,-120.667786,0.0,0.0,0.0,0.0
690fd7de87825a48788a8a7f,2025-10-12 20:12:05.870,foothill,Car,9.04326,0.0,0.0,90.0,90.0,0.4241749942302704,-0.239262580871582,1.7728430032730105,0.239262580871582,0.0,0,0,0.9247427796994198,True,35.294003,-120.66778,0.0,0.0,0.0,0.0
690fd7de87825a48788a8a7f,2025-10-12 20:12:05.870,foothill,Car,9.04326,0.0,0.0,90.0,0.0,0.0,0.0,inf,0.0,0.0,0,0,0.9247427796994198,True,35.294003,-120.66777,0.0,0.0,0.0,0.0
690fd7de87825a48788a8a7f,2025-10-12 20:12:05.870,foothill,Car,9.04326,0.0,0.0,0.0,-90.0,0.0,0.0,inf,0.0,90.0,0,0,0.9247427796994198,True,35.294003,-120.66777,0.0,0.0,0.0,0.0
690fd7de87825a48788a8a7f,2025-10-12 20:12:05.870,foothill,Car,9.04326,0.0,0.0,0.0,0.0,0.4241749942302704,0.0,inf,0.239262580871582,0.0,0,0,0.9247427796994198,True,35.294003,-120.66776,0.0,0.0,0.0,0.0
690fd7de87825a48788a8a7f,2025-10-12 20:12:05.870,foothill,Car,9.04326,0.0,0.0,90.0,90.0,0.4241749942302704,-0.239262580871582,1.7728430032730105,0.239262580871582,0.0,0,0,0.9247427796994198,True,35.294003,-120.667755,0.0,0.0,0.0,0.0
690fd7de87825a48788a8a7f,2025-10-12 20:12:05.870,foothill,Car,9.04326,0.0,0.0,0.0,-90.0,0.4241749942302704,0.0,inf,0.0,0.0,0,0,0.9247427796994198,True,35.294003,-120.66775,0.0,0.0,0.0,0.0
690fd7de87825a48788a8a7f,2025-10-12 20:12:05.870,foothill,Car,9.04326,0.0,0.0,0.0,0.0,0.0,0.0,inf,0.0,0.0,0,0,0.9247427796994198,True,35.294006,-120.66775,0.0,0.0,0.0,0.0
690fd7de87825a48788a8a7f,2025-10-12 20:12:05.870,foothill,Car,9.04326,0.0,0.0,90.0,90.0,0.0,0.0,inf,0.239262580871582,90.0,0,0,0.9247427796994198,True,35.294006,-120.66774,0.0,0.0,0.0,0.0
690fd7de87825a48788a8a7f,2025-10-12 20:12:05.870,foothill,Car,9.04326,0.0,0.0,0.0,-90.0,0.0,0.0,inf,0.239262580871582,0.0,0,0,0.9247427796994198,True,35.294006,-120.66773,0.0,0.0,0.0,0.0
690fd7de87825a48788a8a7f,2025-10-12 20:12:05.870,foothill,Car,9.04326,0.0,0.0,0.0,0.0,0.0,0.0,inf,0.239262580871582,0.0,0,0,0.9247427796994198,True,35.294006,-120.66773,0.0,0.0,0.0,0.0
690fd7de87825a48788a8a7f,2025-10-12 20:12:05.870,foothill,Car,9.04326,0.0,0.0,90.0,90.0,0.0,0.0,inf,0.239262580871582,0.0,0,0,0.9247427796994198,True,35.294006,-120.667725,0.0,0.0,0.0,0.0
690fd7de87825a48788a8a7f,2025-10-12 20:12:05.870,foothill,Car,9.04326,0.0,0.0,0.0,-90.0,0.0,0.0,inf,0.239262580871582,0.0,0,0,0.9247427796994198,True,35.294006,-120.66772,0.0,0.0,0.0,0.0
690fd7de87825a48788a8a7f,2025-10-12 20:12:05.870,foothill,Car,9.04326,0.0,0.0,90.0,90.0,0.0,0.0,inf,0.239262580871582,0.0,0,0,0.9247427796994198,True,35.294006,-120.66771,0.0,0.0,0.0,0.0
690fd7de87825a48788a8a7f,2025-10-12 20:12:05.870,foothill,Car,9.04326,0.0,0.0,0.0,-90.0,0.0,0.0,inf,0.239262580871582,90.0,0,0,0.9247427796994198,True,35.294006,-120.66771,0.0,0.0,0.0,0.0
690fd7de87825a48788a8a7f,2025-10-12 20:12:05.870,foothill,Car,9.04326,0.0,0.0,90.0,90.0,0.0,0.0,inf,0.239262580871582,0.0,0,0,0.9247427796994198,True,35.294006,-120.6677,0.0,0.0,0.0,0.0
690fd7de87825a48788a8a7f,2025-10-12 20:12:05.870,foothill,Car,9.04326,0.0,0.0,0.0,-90.0,0.0,0.0,inf,0.239262580871582,0.0,0,0,0.9247427796994198,True,35.294006,-120.667694,0.0,0.0,0.0,0.0
690fd7de87825a48788a8a7f,2025-10-12 20:12:05.870,foothill,Car,9.04326,0.0,0.0,90.0,90.0,0.0,0.0,inf,0.0,0.0,0,0,0.9247427796994198,True,35.294006,-120.66769,0.0,0.0,0.0,0.0
690fd7de87825a48788a8a7f,2025-10-12 20:12:05.870,foothill,Car,9.04326,0.0,0.0,0.0,-90.0,0.0,0.0,inf,0.239262580871582,0.0,0,0,0.9247427796994198,True,35.294006,-120.66768,0.0,0.0,0.0,0.0
690fd7de87825a48788a8a7f,2025-10-12 20:12:05.870,foothill,Car,9.04326,0.0,0.0,90.0,90.0,0.0,0.0,inf,0.0,0.0,0,0,0.9247427796994198,True,35.294006,-120.66767,0.0,0.0,0.0,0.0
690fd7de87825a48788a8a7f,2025-10-12 20:12:05.870,foothill,Car,9.04326,0.0,0.0,0.0,-90.0,0.0,0.0,inf,0.0,0.0,0,0,0.9247427796994198,True,35.294006,-120.66766,0.0,0.0,0.0,0.0
690fd7de87825a48788a8a7f,2025-10-12 20:12:05.870,foothill,Car,9.04326,0.0,0.0,90.0,90.0,0.0,0.0,inf,0.0,0.0,0,0,0.9247427796994198,True,35.294006,-120.667656,0.0,0.0,0.0,0.0
690fd7de87825a48788a8a7f,2025-10-12 20:12:05.870,foothill,Car,9.04326,0.0,0.0,0.0,-90.0,0.0,0.0,inf,0.0,90.0,0,0,0.9247427796994198,True,35.294006,-120.667656,0.0,0.0,0.0,0.0
690fd7de87825a48788a8a7f,2025-10-12 20:12:05.870,foothill,Car,9.04326,0.0,0.0,90.0,90.0,0.0,0.0,inf,0.0,0.0,0,0,0.9247427796994198,True,35.294006,-120.66765,0.0,0.0,0.0,0.0
690fd7de87825a48788a8a7f,2025-10-12 20:12:05.870,foothill,Car,9.04326,0.0,0.0,0.0,-90.0,0.0,0.0,inf,0.239262580871582,0.0,0,0,0.9247427796994198,True,35.294006,-120.66764,0.0,0.0,0.0,0.0
690fd7de87825a48788a8a7f,2025-10-12 20:12:05.870,foothill,Car,9.04326,0.0,0.0,90.0,90.0,0.0,0.0,inf,0.239262580871582,0.0,0,0,0.9247427796994198,True,35.294006,-120.66763,0.0,0.0,0.0,0.0
690fd7de87825a48788a8a7f,2025-10-12 20:12:05.870,foothill,Car,9.04326,0.0,0.0,0.0,-90.0,0.0,0.0,inf,0.239262580871582,0.0,0,0,0.9247427796994198,True,35.294006,-120.667625,0.0,0.0,0.0,0.0
690fd7de87825a48788a8a7f,2025-10-12 20:12:05.870,foothill,Car,9.04326,0.0,0.0,90.0,90.0,0.0,0.0,inf,0.239262580871582,0.0,0,0,0.9247427796994198,True,35.294006,-120.66762,0.0,0.0,0.0,0.0
690fd7de87825a48788a8a7f,2025-10-12 20:12:05.870,foothill,Car,9.04326,0.0,0.0,0.0,-90.0,0.0,0.0,inf,0.239262580871582,0.0,0,0,0.9247427796994198,True,35.294006,-120.66761,0.0,0.0,0.0,0.0
690fd7de87825a48788a8a7f,2025-10-12 20:12:05.870,foothill,Car,9.04326,0.0,0.0,90.0,90.0,0.0,0.0,inf,0.239262580871582,0.0,0,0,0.9247427796994198,True,35.294006,-120.6676,0.0,0.0,0.0,0.0
690fd7de87825a48788a8a7f,2025-10-12 20:12:05.870,foothill,Car,9.04326,0.0,0.0,0.0,-90.0,0.0,0.0,inf,0.239262580871582,0.0,0,0,0.9247427796994198,True,35.294006,-120.667595,0.0,0.0,0.0,0.0
690fd7de87825a48788a8a7f,2025-10-12 20:12:05.870,foothill,Car,9.04326,0.0,0.0,90.0,90.0,0.0,0.0,inf,0.239262580871582,0.0,0,0,0.9247427796994198,True,35.294006,-120.66759,0.0,0.0,0.0,0.0
690fd7de87825a48788a8a7f,2025-10-12 20:12:05.870,foothill,Car,9.04326,0.0,0.0,90.0,0.0,0.0,0.0,inf,0.239262580871582,0.0,0,0,0.9247427796994198,True,35.294006,-120.66758,0.0,0.0,0.0,0.0
690fd7de87825a48788a8a7f,2025-10-12 20:12:05.870,foothill,Car,9.04326,0.0,0.0,0.0,-90.0,0.0,0.0,inf,0.239262580871582,0.0,0,0,0.9247427796994198,True,35.294006,-120.66757,0.0,0.0,0.0,0.0
690fd7de87825a48788a8a7f,2025-10-12 20:12:05.870,foothill,Car,9.04326,0.0,0.0,90.0,90.0,0.0,0.0,inf,0.239262580871582,0.0,0,0,0.9247427796994198,True,35.294006,-120.667564,0.0,0.0,0.0,0.0
690fd7de87825a48788a8a7f,2025-10-12 20:12:05.870,foothill,Car,9.04326,0.0,0.0,0.0,-90.0,0.0,0.0,inf,0.239262580871582,90.0,0,0,0.9247427796994198,True,35.294006,-120.667564,0.0,0.0,0.0,0.0
690fd7de87825a48788a8a7f,2025-10-12 20:12:05.870,foothill,Car,9.04326,0.0,0.0,0.0,0.0,0.0,0.0,inf,0.239262580871582,0.0,0,0,0.9247427796994198,True,35.294006,-120.66756,0.0,0.0,0.0,0.0
690fd7de87825a48788a8a7f,2025-10-12 20:12:05.870,foothill,Car,9.04326,0.0,0.0,81.29285,81.29285,0.4241749942302704,0.1350389569997787,inf,0.239262580871582,8.7071533203125,0,0,0.9247427796994198,True,35.29401,-120.66755,0.0,0.0,0.0,0.0
690fd7de87825a48788a8a7f,2025-10-12 20:12:05.870,foothill,Car,9.04326,0.0,0.0,0.0,-81.29285,0.4241749942302704,0.0,inf,0.239262580871582,0.0,0,0,0.9247427796994198,True,35.29401,-120.66754,0.0,0.0,0.0,0.0
690fd7de87825a48788a8a7f,2025-10-12 20:12:05.870,foothill,Car,9.04326,0.0,0.0,90.0,90.0,0.4241749942302704,9.043259620666504,inf,0.239262580871582,90.0,0,0,0.9247427796994198,True,35.29401,-120.667534,0.0,0.0,0.0,0.0
690fd7de87825a48788a8a7f,2025-10-12 20:12:05.870,foothill,Car,9.04326,0.0,0.0,0.0,-90.0,0.0,0.0,inf,0.0,0.0,0,0,0.9247427796994198,True,35.29401,-120.66753,0.0,0.0,0.0,0.0
690fd7de87825a48788a8a7f,2025-10-12 20:12:05.870,foothill,Car,9.04326,0.0,0.0,0.0,0.0,0.0,0.0,inf,0.0,0.0,0,0,0.9247427796994198,True,35.29401,-120.66753,0.0,0.0,0.0,0.0
690fd7de87825a48788a8a7f,2025-10-12 20:12:05.870,foothill,Car,9.04326,0.0,0.0,90.0,90.0,0.4241749942302704,0.239262580871582,inf,0.239262580871582,0.0,0,0,0.9247427796994198,True,35.29401,-120.66752,0.0,0.0,0.0,0.0
690fd7de87825a48788a8a7f,2025-10-12 20:12:05.870,foothill,Car,9.04326,0.0,0.0,90.0,0.0,0.4241749942302704,9.043259620666504,inf,0.239262580871582,90.0,0,0,0.9247427796994198,True,35.29401,-120.66751,0.0,0.0,0.0,0.0
690fd7de87825a48788a8a7f,2025-10-12 20:12:05.870,foothill,Car,9.04326,0.0,0.0,0.0,-90.0,0.0,0.0,inf,0.0,0.0,0,0,0.9247427796994198,True,35.294014,-120.6675,0.0,0.0,0.0,0.0
690fd7de87825a48788a8a7f,2025-10-12 20:12:05.870,foothill,Car,9.04326,0.0,0.0,0.0,0.0,0.0,0.0,inf,0.0,0.0,0,0,0.9247427796994198,True,35.294014,-120.6675,0.0,0.0,0.0,0.0
690fd7de87825a48788a8a7f,2025-10-12 20:12:05.870,foothill,Car,9.04326,0.0,0.0,90.0,90.0,0.6924214959144592,-9.043259620666504,0.0765676870942115,0.0,90.0,0,0,0.9247427796994198,True,35.294014,-120.667496,0.0,0.0,0.0,0.0
690fd7de87825a48788a8a80,2025-10-12 20:12:09.404,foothill,Car,5.7585297,0.0,0.0,0.0,0.0,0.6924213767051697,-5.7585296630859375,0.1202427372336387,0.0,90.0,1,0,0.8052691805600116,True,35.29403,-120.668106,0.1,0.0,0.0,0.0
690fd7de87825a48788a8a80,2025-10-12 20:12:09.404,foothill,Car,5.7585297,0.0,0.0,90.0,90.0,0.0,0.0,inf,0.0,0.0,0,0,0.8052691805600116,True,35.29403,-120.6681,0.0,0.0,0.0,0.0
690fd7de87825a48788a8a80,2025-10-12 20:12:09.404,foothill,Car,5.7585297,0.0,0.0,0.0,-90.0,0.0,0.0,inf,0.0,90.0,0,0,0.8052691805600116,True,35.29403,-120.6681,0.0,0.0,0.0,0.0
690fd7de87825a48788a8a80,2025-10-12 20:12:09.404,foothill,Car,5.7585297,0.0,0.0,0.0,0.0,0.0,0.0,inf,0.0,0.0,0,0,0.8052691805600116,True,35.29403,-120.66809,0.0,0.0,0.0,0.0
690fd7de87825a48788a8a80,2025-10-12 20:12:09.404,foothill,Car,5.7585297,0.0,0.0,0.0,0.0,0.0,0.0,inf,0.0,0.0,0,0,0.8052691805600116,True,35.29403,-120.66809,0.0,0.0,0.0,0.0
690fd7de87825a48788a8a80,2025-10-12 20:12:09.404,foothill,Car,5.7585297,0.0,0.0,0.0,0.0,0.0,0.0,inf,0.0,0.0,0,0,0.8052691805600116,True,35.29403,-120.66809,0.0,0.0,0.0,0.0
690fd7de87825a48788a8a80,2025-10-12 20:12:09.404,foothill,Car,5.7585297,0.0,0.0,90.0,90.0,0.4241749942302704,-5.7585296630859375,0.0736602917313575,0.0,90.0,0,0,0.8052691805600116,True,35.29403,-120.66808,0.0,0.0,0.0,0.0
690fd7de87825a48788a8a80,2025-10-12 20:12:09.404,foothill,Car,5.7585297,0.0,0.0,0.0,-90.0,0.4241749942302704,-5.7585296630859375,0.0736602917313575,0.0,90.0,0,0,0.8052691805600116,True,35.294033,-120.66808,0.0,0.0,0.0,0.0
690fd7de87825a48788a8a80,2025-10-12 20:12:09.404,foothill,Car,5.7585297,0.0,0.0,0.0,0.0,0.0,0.0,inf,0.0,0.0,0,0,0.8052691805600116,True,35.294033,-120.668076,0.0,0.0,0.0,0.0
690fd7de87825a48788a8a80,2025-10-12 20:12:09.404,foothill,Car,5.7585297,0.0,0.0,0.0,0.0,0.0,0.0,inf,0.0,0.0,0,0,0.8052691805600116,True,35.294033,-120.668076,0.0,0.0,0.0,0.0
690fd7de87825a48788a8a80,2025-10-12 20:12:09.404,foothill,Car,5.7585297,0.0,0.0,90.0,90.0,0.0,0.0,inf,0.0,0.0,0,0,0.8052691805600116,True,35.294033,-120.66807,0.0,0.0,0.0,0.0
690fd7de87825a48788a8a80,2025-10-12 20:12:09.404,foothill,Car,5.7585297,0.0,0.0,0.0,-90.0,0.0,0.0,inf,0.0,90.0,0,0,0.8052691805600116,True,35.294033,-120.66807,0.0,0.0,0.0,0.0
690fd7de87825a48788a8a80,2025-10-12 20:12:09.404,foothill,Car,5.7585297,0.0,0.0,0.0,0.0,0.0,0.0,inf,0.0,0.0,0,0,0.8052691805600116,True,35.294037,-120.66806,0.0,0.0,0.0,0.0
690fd7de87825a48788a8a80,2025-10-12 20:12:09.404,foothill,Car,5.7585297,0.0,0.0,0.0,0.0,0.0,0.0,inf,0.0,0.0,0,0,0.8052691805600116,True,35.294037,-120.66806,0.0,0.0,0.0,0.0
690fd7de87825a48788a8a80,2025-10-12 20:12:09.404,foothill,Car,5.7585297,0.0,0.0,90.0,90.0,0.0,0.0,inf,0.0,0.0,0,0,0.8052691805600116,True,35.294037,-120.66805,0.0,0.0,0.0,0.0
690fd7de87825a48788a8a80,2025-10-12 20:12:09.404,foothill,Car,5.7585297,0.0,0.0,0.0,-90.0,0.0,0.0,inf,0.0,90.0,0,0,0.8052691805600116,True,35.294037,-120.66805,0.0,0.0,0.0,0.0
690fd7de87825a48788a8a80,2025-10-12 20:12:09.404,foothill,Car,5.7585297,0.0,0.0,0.0,0.0,0.0,0.0,inf,0.0,0.0,0,0,0.8052691805600116,True,35.29404,-120.668045,0.0,0.0,0.0,0.0
690fd7de87825a48788a8a80,2025-10-12 20:12:09.404,foothill,Car,5.7585297,0.0,0.0,0.0,0.0,0.0,0.0,inf,0.0,0.0,0,0,0.8052691805600116,True,35.29404,-120.668045,0.0,0.0,0.0,0.0
690fd7de87825a48788a8a80,2025-10-12 20:12:09.404,foothill,Car,5.7585297,0.0,0.0,90.0,90.0,0.0,0.0,inf,0.0,0.0,0,0,0.8052691805600116,True,35.29404,-120.66804,0.0,0.0,0.0,0.0
690fd7de87825a48788a8a80,2025-10-12 20:12:09.404,foothill,Car,5.7585297,0.0,0.0,0.0,-90.0,0.0,0.0,inf,0.0,90.0,0,0,0.8052691805600116,True,35.29404,-120.66804,0.0,0.0,0.0,0.0
690fd7de87825a48788a8a80,2025-10-12 20:12:09.404,foothill,Car,5.7585297,0.0,0.0,72.970245,72.970245,0.0,0.0,inf,0.0,0.0,0,0,0.8052691805600116,True,35.294044,-120.66803,0.0,0.0,0.0,0.0
690fd7de87825a48788a8a80,2025-10-12 20:12:09.404,foothill,Car,5.7585297,0.0,0.0,0.0,-72.970245,0.0,0.0,inf,0.0,72.97024536132812,0,0,0.8052691805600116,True,35.294044,-120.66803,0.0,0.0,0.0,0.0
690fd7de87825a48788a8a80,2025-10-12 20:12:09.404,foothill,Car,5.7585297,0.0,0.0,0.0,0.0,0.0,0.0,inf,0.0,0.0,0,0,0.8052691805600116,True,35.29405,-120.66802,0.0,0.0,0.0,0.0
690fd7de87825a48788a8a80,2025-10-12 20:12:09.404,foothill,Car,5.7585297,0.0,0.0,0.0,0.0,0.0,0.0,inf,0.0,0.0,0,0,0.8052691805600116,True,35.29405,-120.66802,0.0,0.0,0.0,0.0
690fd7de87825a48788a8a80,2025-10-12 20:12:09.404,foothill,Car,5.7585297,0.0,0.0,90.0,90.0,0.4241749942302704,-5.7585296630859375,0.0736602917313575,0.0,90.0,0,0,0.8052691805600116,True,35.29405,-120.668015,0.0,0.0,0.0,0.0
690fd7de87825a48788a8a80,2025-10-12 20:12:09.404,foothill,Car,5.7585297,0.0,0.0,0.0,-90.0,0.0,0.0,inf,0.0,0.0,0,0,0.8052691805600116,True,35.294052,-120.668015,0.0,0.0,0.0,0.0
690fd7de87825a48788a8a80,2025-10-12 20:12:09.404,foothill,Car,5.7585297,0.0,0.0,0.0,0.0,0.0,0.0,inf,0.0,0.0,0,0,0.8052691805600116,True,35.294052,-120.668015,0.0,0.0,0.0,0.0
690fd7de87825a48788a8a80,2025-10-12 20:12:09.404,foothill,Car,5.7585297,0.0,0.0,0.0,0.0,0.0,0.0,inf,0.0,0.0,0,0,0.8052691805600116,True,35.294056,-120.66801,0.0,0.0,0.0,0.0
690fd7de87825a48788a8a80,2025-10-12 20:12:09.404,foothill,Car,5.7585297,0.0,0.0,0.0,0.0,0.0,0.0,inf,0.0,0.0,0,0,0.8052691805600116,True,35.294056,-120.66801,0.0,0.0,0.0,0.0
690fd7de87825a48788a8a80,2025-10-12 20:12:09.404,foothill,Car,5.7585297,0.0,0.0,72.970245,72.970245,0.0,0.0,inf,0.0,0.0,0,0,0.8052691805600116,True,35.29406,-120.668,0.0,0.0,0.0,0.0
690fd7de87825a48788a8a80,2025-10-12 20:12:09.404,foothill,Car,5.7585297,0.0,0.0,0.0,-72.970245,0.0,0.0,inf,0.0,72.97024536132812,0,0,0.8052691805600116,True,35.29406,-120.668,0.0,0.0,0.0,0.0
690fd7de87825a48788a8a80,2025-10-12 20:12:09.404,foothill,Car,5.7585297,0.0,0.0,0.0,0.0,0.4241749942302704,-5.5060343742370605,0.0770382061600685,0.0,72.97024536132812,0,0,0.8052691805600116,True,35.294064,-120.668,0.0,0.0,0.0,0.0
690fd7de87825a48788a8a80,2025-10-12 20:12:09.404,foothill,Car,5.7585297,0.0,0.0,0.0,0.0,0.4241749942302704,0.0,inf,0.0,0.0,0,0,0.8052691805600116,True,35.294064,-120.66799,0.0,0.0,0.0,0.0
690fd7de87825a48788a8a80,2025-10-12 20:12:09.404,foothill,Car,5.7585297,0.0,0.0,0.0,0.0,0.4241749942302704,0.0,inf,0.0,0.0,0,0,0.8052691805600116,True,35.294067,-120.66799,0.0,0.0,0.0,0.0
690fd7de87825a48788a8a80,2025-10-12 20:12:09.404,foothill,Car,5.7585297,0.0,0.0,90.0,90.0,0.0,0.0,inf,0.0,0.0,0,0,0.8052691805600116,True,35.294067,-120.667984,0.0,0.0,0.0,0.0
690fd7de87825a48788a8a80,2025-10-12 20:12:09.404,foothill,Car,5.7585297,0.0,0.0,0.0,-90.0,0.0,0.0,inf,0.0,90.0,0,0,0.8052691805600116,True,35.294067,-120.667984,0.0,0.0,0.0,0.0
690fd7de87825a48788a8a80,2025-10-12 20:12:09.404,foothill,Car,5.7585297,0.0,0.0,0.0,0.0,0.0,0.0,inf,0.0,0.0,0,0,0.8052691805600116,True,35.29407,-120.66798,0.0,0.0,0.0,0.0
690fd7de87825a48788a8a80,2025-10-12 20:12:09.404,foothill,Car,5.7585297,0.0,0.0,0.0,0.0,0.0,0.0,inf,0.0,0.0,0,0,0.8052691805600116,True,35.29407,-120.66798,0.0,0.0,0.0,0.0
690fd7de87825a48788a8a80,2025-10-12 20:12:09.404,foothill,Car,5.7585297,0.0,0.0,0.0,0.0,0.4241749942302704,0.0,inf,0.0,0.0,0,0,0.8052691805600116,True,35.294075,-120.66798,0.0,0.0,0.0,0.0
690fd7de87825a48788a8a80,2025-10-12 20:12:09.404,foothill,Car,5.7585297,0.0,0.0,90.0,90.0,0.4241749942302704,-5.7585296630859375,0.0736602917313575,0.0,90.0,0,0,0.8052691805600116,True,35.294075,-120.66797,0.0,0.0,0.0,0.0
690fd7de87825a48788a8a80,2025-10-12 20:12:09.404,foothill,Car,5.7585297,0.0,0.0,0.0,-90.0,0.4241749942302704,-5.7585296630859375,0.0736602917313575,0.0,90.0,0,0,0.8052691805600116,True,35.29408,-120.66797,0.0,0.0,0.0,0.0
690fd7de87825a48788a8a80,2025-10-12 20:12:09.404,foothill,Car,5.7585297,0.0,0.0,65.32367,65.32367,0.0,0.0,inf,0.0,0.0,0,0,0.8052691805600116,True,35.294083,-120.66796,0.0,0.0,0.0,0.0
690fd7de87825a48788a8a80,2025-10-12 20:12:09.404,foothill,Car,5.7585297,0.0,0.0,0.0,-65.32367,0.0,0.0,inf,0.0,65.32366943359375,0,0,0.8052691805600116,True,35.294083,-120.66796,0.0,0.0,0.0,0.0
690fd7de87825a48788a8a80,2025-10-12 20:12:09.404,foothill,Car,5.7585297,0.0,0.0,0.0,0.0,0.4241749942302704,-5.232665061950684,0.0810628980398178,0.0,65.32366943359375,0,0,0.8052691805600116,True,35.294086,-120.66796,0.0,0.0,0.0,0.0
690fd7de87825a48788a8a80,2025-10-12 20:12:09.404,foothill,Car,5.7585297,0.0,0.0,0.0,0.0,0.0,0.0,inf,0.0,0.0,0,0,0.8052691805600116,True,35.29409,-120.66795,0.0,0.0,0.0,0.0
690fd7de87825a48788a8a80,2025-10-12 20:12:09.404,foothill,Car,5.7585297,0.0,0.0,0.0,0.0,0.0,0.0,inf,0.0,0.0,0,0,0.8052691805600116,True,35.29409,-120.66795,0.0,0.0,0.0,0.0
690fd7de87825a48788a8a80,2025-10-12 20:12:09.404,foothill,Car,5.7585297,0.0,0.0,0.0,0.0,0.4241749942302704,0.0,inf,0.0,0.0,0,0,0.8052691805600116,True,35.294094,-120.66795,0.0,0.0,0.0,0.0
690fd7de87825a48788a8a80,2025-10-12 20:12:09.404,foothill,Car,5.7585297,0.0,0.0,65.32367,65.32367,0.4241749942302704,-5.232665061950684,0.0810628980398178,0.0,65.32366943359375,0,0,0.8052691805600116,True,35.294098,-120.667946,0.0,0.0,0.0,0.0
690fd7de87825a48788a8a80,2025-10-12 20:12:09.404,foothill,Car,5.7585297,0.0,0.0,0.0,-65.32367,0.0,0.0,inf,0.0,0.0,0,0,0.8052691805600116,True,35.2941,-120.667946,0.0,0.0,0.0,0.0
690fd7de87825a48788a8a80,2025-10-12 20:12:09.404,foothill,Car,5.7585297,0.0,0.0,0.0,0.0,0.0,0.0,inf,0.0,0.0,0,0,0.8052691805600116,True,35.2941,-120.667946,0.0,0.0,0.0,0.0
690fd7de87825a48788a8a80,2025-10-12 20:12:09.404,foothill,Car,5.7585297,0.0,0.0,0.0,0.0,0.4241749942302704,0.0,inf,0.0,0.0,0,0,0.8052691805600116,True,35.294106,-120.66794,0.0,0.0,0.0,0.0
690fd7de87825a48788a8a80,2025-10-12 20:12:09.404,foothill,Car,5.7585297,0.0,0.0,0.0,0.0,0.4241749942302704,0.0,inf,0.0,0.0,0,0,0.8052691805600116,True,35.29411,-120.66794,0.0,0.0,0.0,0.0
690fd7de87825a48788a8a80,2025-10-12 20:12:09.404,foothill,Car,5.7585297,0.0,0.0,0.0,0.0,0.4241749942302704,0.0,inf,0.0,0.0,0,0,0.8052691805600116,True,35.294113,-120.66794,0.0,0.0,0.0,0.0
690fd7de87825a48788a8a80,2025-10-12 20:12:09.404,foothill,Car,5.7585297,0.0,0.0,0.0,0.0,0.4241749942302704,0.0,inf,0.0,0.0,0,0,0.8052691805600116,True,35.294117,-120.66794,0.0,0.0,0.0,0.0
690fd7de87825a48788a8a80,2025-10-12 20:12:09.404,foothill,Car,5.7585297,0.0,0.0,0.0,0.0,0.4241749942302704,0.0,inf,0.0,0.0,0,0,0.8052691805600116,True,35.29412,-120.66794,0.0,0.0,0.0,0.0
690fd7de87825a48788a8a80,2025-10-12 20:12:09.404,foothill,Car,5.7585297,0.0,0.0,0.0,0.0,0.4241749942302704,0.0,inf,0.0,0.0,0,0,0.8052691805600116,True,35.294125,-120.66794,0.0,0.0,0.0,0.0
690fd7de87825a48788a8a80,2025-10-12 20:12:09.404,foothill,Car,5.7585297,0.0,0.0,65.32367,65.32367,0.0,0.0,inf,0.0,0.0,0,0,0.8052691805600116,True,35.29413,-120.66793,0.0,0.0,0.0,0.0
690fd7de87825a48788a8a80,2025-10-12 20:12:09.404,foothill,Car,5.7585297,0.0,0.0,0.0,-65.32367,0.0,0.0,inf,0.0,65.32366943359375,0,0,0.8052691805600116,True,35.29413,-120.66793,0.0,0.0,0.0,0.0
690fd7de87825a48788a8a80,2025-10-12 20:12:09.404,foothill,Car,5.7585297,0.0,0.0,0.0,0.0,0.4241749942302704,0.0,inf,0.0,0.0,0,0,0.8052691805600116,True,35.294132,-120.66793,0.0,0.0,0.0,0.0
690fd7de87825a48788a8a80,2025-10-12 20:12:09.404,foothill,Car,5.7585297,0.0,0.0,0.0,0.0,0.4241749942302704,0.0,inf,0.0,0.0,0,0,0.8052691805600116,True,35.294136,-120.66793,0.0,0.0,0.0,0.0
690fd7de87825a48788a8a80,2025-10-12 20:12:09.404,foothill,Car,5.7585297,0.0,0.0,0.0,0.0,0.8120163083076477,0.0,inf,0.0,0.0,0,0,0.8052691805600116,True,35.29414,-120.66792,0.0,0.0,0.0,0.0
690fd7de87825a48788a8a80,2025-10-12 20:12:09.404,foothill,Car,5.7585297,0.0,0.0,0.0,0.0,0.4241749942302704,0.0,inf,0.0,0.0,0,0,0.8052691805600116,True,35.294144,-120.66793,0.0,0.0,0.0,0.0
690fd7de87825a48788a8a80,2025-10-12 20:12:09.404,foothill,Car,5.7585297,0.0,0.0,0.0,0.0,0.4241749942302704,0.0,inf,0.0,0.0,0,0,0.8052691805600116,True,35.294147,-120.66793,0.0,0.0,0.0,0.0
690fd7de87825a48788a8a80,2025-10-12 20:12:09.404,foothill,Car,5.7585297,0.0,0.0,0.0,0.0,0.4241749942302704,0.0,inf,0.0,0.0,0,0,0.8052691805600116,True,35.29415,-120.66792,0.0,0.0,0.0,0.0
690fd7de87825a48788a8a80,2025-10-12 20:12:09.404,foothill,Car,5.7585297,0.0,0.0,0.0,0.0,0.4241749942302704,0.0,inf,0.0,0.0,0,0,0.8052691805600116,True,35.294155,-120.66792,0.0,0.0,0.0,0.0
690fd7de87825a48788a8a80,2025-10-12 20:12:09.404,foothill,Car,5.7585297,0.0,0.0,0.0,0.0,0.4241749942302704,0.0,inf,0.0,0.0,0,0,0.8052691805600116,True,35.29416,-120.66792,0.0,0.0,0.0,0.0
690fd7de87825a48788a8a80,2025-10-12 20:12:09.404,foothill,Car,5.7585297,0.0,0.0,0.0,0.0,0.4241749942302704,0.0,inf,0.0,0.0,0,0,0.8052691805600116,True,35.294163,-120.66792,0.0,0.0,0.0,0.0
690fd7de87825a48788a8a80,2025-10-12 20:12:09.404,foothill,Car,5.7585297,0.0,0.0,0.0,0.0,0.4241749942302704,0.0,inf,0.0,0.0,0,0,0.8052691805600116,True,35.29417,-120.66792,0.0,0.0,0.0,0.0
690fd7de87825a48788a8a80,2025-10-12 20:12:09.404,foothill,Car,5.7585297,0.0,0.0,0.0,0.0,0.4241749942302704,0.0,inf,0.0,0.0,0,0,0.8052691805600116,True,35.294174,-120.66792,0.0,0.0,0.0,0.0
690fd7de87825a48788a8a80,2025-10-12 20:12:09.404,foothill,Car,5.7585297,0.0,0.0,0.0,0.0,0.4241749942302704,0.0,inf,0.0,0.0,0,0,0.8052691805600116,True,35.294178,-120.66792,0.0,0.0,0.0,0.0
690fd7de87825a48788a8a80,2025-10-12 20:12:09.404,foothill,Car,5.7585297,0.0,0.0,52.557007,52.557007,0.8120160102844238,-4.186373710632324,0.1939664483070373,0.0,117.88067626953124,0,0,0.8052691805600116,True,35.29418,-120.667915,0.0,0.0,0.0,0.0
690fd7de87825a48788a8a80,2025-10-12 20:12:09.404,foothill,Car,5.7585297,0.0,0.0,294.67633,-117.88068,0.4241749942302704,5.232665061950684,inf,0.0,65.32366943359375,0,0,0.8052691805600116,True,35.294186,-120.66792,0.0,0.0,0.0,0.0
690fd7de87825a48788a8a80,2025-10-12 20:12:09.404,foothill,Car,5.7585297,0.0,0.0,0.0,65.32367,0.4241749942302704,5.232665061950684,inf,0.0,65.32366943359375,0,0,0.8052691805600116,True,35.29419,-120.66792,0.0,0.0,0.0,0.0
690fd7de87825a48788a8a81,2025-10-12 20:12:08.614,foothill,Car,7.551456,0.0,0.0,0.0,0.0,0.0,0.0,inf,0.0,0.0,1,0,0.6677175795353251,True,35.29399,-120.6681,0.1,0.0,0.0,0.0
690fd7de87825a48788a8a81,2025-10-12 20:12:08.614,foothill,Car,7.551456,0.0,0.0,0.0,0.0,0.0,0.0,inf,0.0,0.0,0,0,0.6677175795353251,True,35.29399,-120.6681,0.0,0.0,0.0,0.0
690fd7de87825a48788a8a81,2025-10-12 20:12:08.614,foothill,Car,7.551456,0.0,0.0,0.0,0.0,0.4241749942302704,0.0,inf,0.0,0.0,0,0,0.6677175795353251,True,35.293995,-120.6681,0.0,0.0,0.0,0.0
690fd7de87825a48788a8a81,2025-10-12 20:12:08.614,foothill,Car,7.551456,0.0,0.0,316.99133,-43.008667,0.8483499884605408,5.15091609954834,inf,0.0,43.0086669921875,0,0,0.6677175795353251,True,35.294006,-120.668106,0.0,0.0,0.0,0.0
690fd7de87825a48788a8a81,2025-10-12 20:12:08.614,foothill,Car,7.551456,0.0,0.0,0.0,43.008667,0.4241749942302704,0.0,inf,0.0,0.0,0,0,0.6677175795353251,True,35.294014,-120.668106,0.0,0.0,0.0,0.0
690fd7de87825a48788a8a81,2025-10-12 20:12:08.614,foothill,Car,7.551456,0.0,0.0,0.0,0.0,0.0,0.0,inf,0.0,0.0,0,0,0.6677175795353251,True,35.294018,-120.668106,0.0,0.0,0.0,0.0
690fd7de87825a48788a8a81,2025-10-12 20:12:08.614,foothill,Car,7.551456,0.0,0.0,0.0,0.0,0.0,0.0,inf,0.0,0.0,0,0,0.6677175795353251,True,35.294018,-120.668106,0.0,0.0,0.0,0.0
690fd7de87825a48788a8a81,2025-10-12 20:12:08.614,foothill,Car,7.551456,0.0,0.0,0.0,0.0,0.4241749942302704,0.0,inf,0.0,0.0,0,0,0.6677175795353251,True,35.29402,-120.668106,0.0,0.0,0.0,0.0
690fd7de87825a48788a8a81,2025-10-12 20:12:08.614,foothill,Car,7.551456,0.0,0.0,144.03876,144.03876,0.0,0.0,inf,0.0,0.0,0,0,0.6677175795353251,True,35.29401,-120.66809,0.0,0.0,0.0,0.0
690fd7de87825a48788a8a81,2025-10-12 20:12:08.614,foothill,Car,7.551456,0.0,0.0,0.0,-144.03876,0.0,0.0,inf,0.0,144.03875732421875,0,0,0.6677175795353251,True,35.29401,-120.66809,0.0,0.0,0.0,0.0
690fd7de87825a48788a8a81,2025-10-12 20:12:08.614,foothill,Car,7.551456,0.0,0.0,98.70715,98.70715,0.692421555519104,8.69462776184082,inf,0.0,98.7071533203125,0,0,0.6677175795353251,True,35.294006,-120.66808,0.0,0.0,0.0,0.0
690fd7de87825a48788a8a81,2025-10-12 20:12:08.614,foothill,Car,7.551456,0.0,0.0,0.0,-98.70715,0.4241749942302704,-9.24786654284864e-16,458673348411392.0,0.0,180.0,0,0,0.6677175795353251,True,35.294006,-120.668076,0.0,0.0,0.0,0.0
690fd7de87825a48788a8a81,2025-10-12 20:12:08.614,foothill,Car,7.551456,0.0,0.0,180.0,-180.0,0.4241749942302704,-9.24786654284864e-16,458673348411392.0,0.0,180.0,0,0,0.6677175795353251,True,35.294003,-120.668076,0.0,0.0,0.0,0.0
690fd7de87825a48788a8a81,2025-10-12 20:12:08.614,foothill,Car,7.551456,0.0,0.0,90.0,-90.0,0.6924216151237488,7.551455974578857,inf,0.0,90.0,0,0,0.6677175795353251,True,35.294003,-120.66807,0.0,0.0,0.0,0.0
690fd7de87825a48788a8a81,2025-10-12 20:12:08.614,foothill,Car,7.551456,0.0,0.0,0.0,-90.0,0.6924216151237488,7.551455974578857,inf,0.0,90.0,0,0,0.6677175795353251,True,35.294003,-120.66806,0.0,0.0,0.0,0.0
690fd7de87825a48788a8a81,2025-10-12 20:12:08.614,foothill,Car,7.551456,0.0,0.0,98.70715,98.70715,0.6924216151237488,8.69462776184082,inf,0.0,98.7071533203125,0,0,0.6677175795353251,True,35.294,-120.66805,0.0,0.0,0.0,0.0
690fd7de87825a48788a8a81,2025-10-12 20:12:08.614,foothill,Car,7.551456,0.0,0.0,0.0,-98.70715,0.0,0.0,inf,0.0,0.0,0,0,0.6677175795353251,True,35.294,-120.668045,0.0,0.0,0.0,0.0
690fd7de87825a48788a8a81,2025-10-12 20:12:08.614,foothill,Car,7.551456,0.0,0.0,0.0,0.0,0.0,0.0,inf,0.0,0.0,0,0,0.6677175795353251,True,35.294,-120.668045,0.0,0.0,0.0,0.0
690fd7de87825a48788a8a81,2025-10-12 20:12:08.614,foothill,Car,7.551456,0.0,0.0,90.0,90.0,0.6924216151237488,0.0,inf,0.0,0.0,0,0,0.6677175795353251,True,35.294,-120.66804,0.0,0.0,0.0,0.0
690fd7de87825a48788a8a81,2025-10-12 20:12:08.614,foothill,Car,7.551456,0.0,0.0,90.0,0.0,0.0,0.0,inf,0.0,0.0,0,0,0.6677175795353251,True,35.294,-120.66803,0.0,0.0,0.0,0.0
690fd7de87825a48788a8a81,2025-10-12 20:12:08.614,foothill,Car,7.551456,0.0,0.0,0.0,-90.0,0.0,0.0,inf,0.0,90.0,0,0,0.6677175795353251,True,35.294,-120.66803,0.0,0.0,0.0,0.0
690fd7de87825a48788a8a81,2025-10-12 20:12:08.614,foothill,Car,7.551456,0.0,0.0,0.0,0.0,0.6924216151237488,7.551455974578857,inf,0.0,90.0,0,0,0.6677175795353251,True,35.294,-120.66802,0.0,0.0,0.0,0.0
690fd7de87825a48788a8a81,2025-10-12 20:12:08.614,foothill,Car,7.551456,0.0,0.0,90.0,90.0,0.0,0.0,inf,0.0,0.0,0,0,0.6677175795353251,True,35.294,-120.668015,0.0,0.0,0.0,0.0
690fd7de87825a48788a8a81,2025-10-12 20:12:08.614,foothill,Car,7.551456,0.0,0.0,0.0,-90.0,0.0,0.0,inf,0.0,90.0,0,0,0.6677175795353251,True,35.294,-120.668015,0.0,0.0,0.0,0.0
690fd7de87825a48788a8a81,2025-10-12 20:12:08.614,foothill,Car,7.551456,0.0,0.0,0.0,0.0,0.6924216151237488,7.551455974578857,inf,0.0,90.0,0,0,0.6677175795353251,True,35.294,-120.66801,0.0,0.0,0.0,0.0
690fd7de87825a48788a8a81,2025-10-12 20:12:08.614,foothill,Car,7.551456,0.0,0.0,90.0,90.0,0.0,0.0,inf,0.0,0.0,0,0,0.6677175795353251,True,35.294,-120.668,0.0,0.0,0.0,0.0
690fd7de87825a48788a8a81,2025-10-12 20:12:08.614,foothill,Car,7.551456,0.0,0.0,0.0,-90.0,0.0,0.0,inf,0.0,90.0,0,0,0.6677175795353251,True,35.294,-120.668,0.0,0.0,0.0,0.0
690fd7de87825a48788a8a81,2025-10-12 20:12:08.614,foothill,Car,7.551456,0.0,0.0,0.0,0.0,0.6924216151237488,-7.551455974578857,0.0916937887668609,0.0,90.0,0,0,0.6677175795353251,True,35.294,-120.66799,0.0,0.0,0.0,0.0
690fd7de87825a48788a8a81,2025-10-12 20:12:08.614,foothill,Car,7.551456,0.0,0.0,90.0,90.0,0.6924216151237488,-7.551455974578857,0.0916937887668609,0.0,90.0,0,0,0.6677175795353251,True,35.294,-120.667984,0.0,0.0,0.0,0.0
690fd7de87825a48788a8a81,2025-10-12 20:12:08.614,foothill,Car,7.551456,0.0,0.0,0.0,-90.0,0.0,0.0,inf,0.0,0.0,0,0,0.6677175795353251,True,35.294,-120.66798,0.0,0.0,0.0,0.0
690fd7de87825a48788a8a81,2025-10-12 20:12:08.614,foothill,Car,7.551456,0.0,0.0,0.0,0.0,0.0,0.0,inf,0.0,0.0,0,0,0.6677175795353251,True,35.294,-120.66798,0.0,0.0,0.0,0.0
690fd7de87825a48788a8a81,2025-10-12 20:12:08.614,foothill,Car,7.551456,0.0,0.0,90.0,90.0,0.6924216151237488,0.0,inf,0.0,0.0,0,0,0.6677175795353251,True,35.294,-120.66797,0.0,0.0,0.0,0.0
690fd7de87825a48788a8a81,2025-10-12 20:12:08.614,foothill,Car,7.551456,0.0,0.0,90.0,0.0,0.0,0.0,inf,0.0,0.0,0,0,0.6677175795353251,True,35.294,-120.66796,0.0,0.0,0.0,0.0
690fd7de87825a48788a8a81,2025-10-12 20:12:08.614,foothill,Car,7.551456,0.0,0.0,0.0,-90.0,0.0,0.0,inf,0.0,90.0,0,0,0.6677175795353251,True,35.294,-120.66796,0.0,0.0,0.0,0.0
690fd7de87825a48788a8a81,2025-10-12 20:12:08.614,foothill,Car,7.551456,0.0,0.0,0.0,0.0,0.6924216151237488,-7.551455974578857,0.0916937887668609,0.0,90.0,0,0,0.6677175795353251,True,35.294003,-120.66795,0.0,0.0,0.0,0.0
690fd7de87825a48788a8a81,2025-10-12 20:12:08.614,foothill,Car,7.551456,0.0,0.0,90.0,90.0,0.6924216151237488,-7.551455974578857,0.0916937887668609,0.0,90.0,0,0,0.6677175795353251,True,35.294003,-120.667946,0.0,0.0,0.0,0.0
690fd7de87825a48788a8a81,2025-10-12 20:12:08.614,foothill,Car,7.551456,0.0,0.0,0.0,-90.0,0.4241749942302704,-9.24786654284864e-16,458673348411392.0,0.0,180.0,0,0,0.6677175795353251,True,35.294003,-120.66794,0.0,0.0,0.0,0.0
690fd7de87825a48788a8a81,2025-10-12 20:12:08.614,foothill,Car,7.551456,0.0,0.0,180.0,-180.0,0.4241749942302704,-9.24786654284864e-16,458673348411392.0,0.0,180.0,0,0,0.6677175795353251,True,35.294,-120.66794,0.0,0.0,0.0,0.0
690fd7de87825a48788a8a81,2025-10-12 20:12:08.614,foothill,Car,7.551456,0.0,0.0,90.0,-90.0,0.6924216151237488,7.551455974578857,inf,0.0,90.0,0,0,0.6677175795353251,True,35.294,-120.66793,0.0,0.0,0.0,0.0
690fd7de87825a48788a8a81,2025-10-12 20:12:08.614,foothill,Car,7.551456,0.0,0.0,0.0,-90.0,0.6924216151237488,7.551455974578857,inf,0.0,90.0,0,0,0.6677175795353251,True,35.294,-120.66792,0.0,0.0,0.0,0.0
690fd7de87825a48788a8a81,2025-10-12 20:12:08.614,foothill,Car,7.551456,0.0,0.0,90.0,90.0,0.6924216151237488,0.0,inf,0.0,0.0,0,0,0.6677175795353251,True,35.294,-120.667915,0.0,0.0,0.0,0.0
690fd7de87825a48788a8a81,2025-10-12 20:12:08.614,foothill,Car,7.551456,0.0,0.0,90.0,0.0,0.6924216151237488,0.0,inf,0.0,0.0,0,0,0.6677175795353251,True,35.294,-120.66791,0.0,0.0,0.0,0.0
690fd7de87825a48788a8a81,2025-10-12 20:12:08.614,foothill,Car,7.551456,0.0,0.0,0.0,-90.0,0.0,0.0,inf,0.0,0.0,0,0,0.6677175795353251,True,35.294,-120.6679,0.0,0.0,0.0,0.0
690fd7de87825a48788a8a81,2025-10-12 20:12:08.614,foothill,Car,7.551456,0.0,0.0,0.0,0.0,0.0,0.0,inf,0.0,0.0,0,0,0.6677175795353251,True,35.294,-120.6679,0.0,0.0,0.0,0.0
690fd7de87825a48788a8a81,2025-10-12 20:12:08.614,foothill,Car,7.551456,0.0,0.0,90.0,90.0,0.6924216151237488,7.551455974578857,inf,0.0,90.0,0,0,0.6677175795353251,True,35.294,-120.66789,0.0,0.0,0.0,0.0
690fd7de87825a48788a8a81,2025-10-12 20:12:08.614,foothill,Car,7.551456,0.0,0.0,0.0,-90.0,0.6924216151237488,7.551455974578857,inf,0.0,90.0,0,0,0.6677175795353251,True,35.294,-120.667885,0.0,0.0,0.0,0.0
690fd7de87825a48788a8a81,2025-10-12 20:12:08.614,foothill,Car,7.551456,0.0,0.0,90.0,90.0,0.0,0.0,inf,0.0,0.0,0,0,0.6677175795353251,True,35.294,-120.66788,0.0,0.0,0.0,0.0
690fd7de87825a48788a8a81,2025-10-12 20:12:08.614,foothill,Car,7.551456,0.0,0.0,0.0,-90.0,0.0,0.0,inf,0.0,90.0,0,0,0.6677175795353251,True,35.294,-120.66788,0.0,0.0,0.0,0.0
690fd7de87825a48788a8a81,2025-10-12 20:12:08.614,foothill,Car,7.551456,0.0,0.0,0.0,0.0,0.6924216151237488,-7.551455974578857,0.0916937887668609,0.0,90.0,0,0,0.6677175795353251,True,35.294,-120.66787,0.0,0.0,0.0,0.0
690fd7de87825a48788a8a81,2025-10-12 20:12:08.614,foothill,Car,7.551456,0.0,0.0,90.0,90.0,0.6924216151237488,-7.551455974578857,0.0916937887668609,0.0,90.0,0,0,0.6677175795353251,True,35.294,-120.66786,0.0,0.0,0.0,0.0
690fd7de87825a48788a8a81,2025-10-12 20:12:08.614,foothill,Car,7.551456,0.0,0.0,0.0,-90.0,0.0,0.0,inf,0.0,0.0,0,0,0.6677175795353251,True,35.294003,-120.667854,0.0,0.0,0.0,0.0
690fd7de87825a48788a8a81,2025-10-12 20:12:08.614,foothill,Car,7.551456,0.0,0.0,0.0,0.0,0.0,0.0,inf,0.0,0.0,0,0,0.6677175795353251,True,35.294003,-120.667854,0.0,0.0,0.0,0.0
690fd7de87825a48788a8a81,2025-10-12 20:12:08.614,foothill,Car,7.551456,0.0,0.0,90.0,90.0,0.6924216151237488,0.0,inf,0.0,0.0,0,0,0.6677175795353251,True,35.294003,-120.66785,0.0,0.0,0.0,0.0
690fd7de87825a48788a8a81,2025-10-12 20:12:08.614,foothill,Car,7.551456,0.0,0.0,90.0,0.0,0.6924216151237488,0.0,inf,0.0,0.0,0,0,0.6677175795353251,True,35.294003,-120.66784,0.0,0.0,0.0,0.0
690fd7de87825a48788a8a81,2025-10-12 20:12:08.614,foothill,Car,7.551456,0.0,0.0,0.0,-90.0,0.6924216151237488,7.551455974578857,inf,0.0,90.0,0,0,0.6677175795353251,True,35.294003,-120.66783,0.0,0.0,0.0,0.0
690fd7de87825a48788a8a81,2025-10-12 20:12:08.614,foothill,Car,7.551456,0.0,0.0,90.0,90.0,0.0,0.0,inf,0.0,0.0,0,0,0.6677175795353251,True,35.294003,-120.66782,0.0,0.0,0.0,0.0
690fd7de87825a48788a8a81,2025-10-12 20:12:08.614,foothill,Car,7.551456,0.0,0.0,0.0,-90.0,0.0,0.0,inf,0.0,90.0,0,0,0.6677175795353251,True,35.294003,-120.66782,0.0,0.0,0.0,0.0
690fd7de87825a48788a8a81,2025-10-12 20:12:08.614,foothill,Car,7.551456,0.0,0.0,0.0,0.0,0.6924216151237488,7.551455974578857,inf,0.0,90.0,0,0,0.6677175795353251,True,35.294003,-120.667816,0.0,0.0,0.0,0.0
690fd7de87825a48788a8a81,2025-10-12 20:12:08.614,foothill,Car,7.551456,0.0,0.0,90.0,90.0,0.6924216151237488,-7.551455974578857,0.0916937887668609,0.0,90.0,0,0,0.6677175795353251,True,35.294003,-120.66781,0.0,0.0,0.0,0.0
690fd7de87825a48788a8a81,2025-10-12 20:12:08.614,foothill,Car,7.551456,0.0,0.0,0.0,-90.0,0.0,0.0,inf,0.0,0.0,0,0,0.6677175795353251,True,35.294003,-120.6678,0.0,0.0,0.0,0.0
690fd7de87825a48788a8a81,2025-10-12 20:12:08.614,foothill,Car,7.551456,0.0,0.0,0.0,0.0,0.0,0.0,inf,0.0,0.0,0,0,0.6677175795353251,True,35.294003,-120.6678,0.0,0.0,0.0,0.0
690fd7de87825a48788a8a81,2025-10-12 20:12:08.614,foothill,Car,7.551456,0.0,0.0,90.0,90.0,0.6924216151237488,-7.551455974578857,0.0916937887668609,0.0,90.0,0,0,0.6677175795353251,True,35.294003,-120.66779,0.0,0.0,0.0,0.0
690fd7de87825a48788a8a81,2025-10-12 20:12:08.614,foothill,Car,7.551456,0.0,0.0,0.0,-90.0,0.6924216151237488,7.551455974578857,inf,0.0,90.0,0,0,0.6677175795353251,True,35.294003,-120.667786,0.0,0.0,0.0,0.0
690fd7de87825a48788a8a81,2025-10-12 20:12:08.614,foothill,Car,7.551456,0.0,0.0,65.3237,65.3237,0.692421555519104,-3.1526668071746826,0.2196304202079773,0.0,24.676300048828125,0,0,0.6677175795353251,True,35.294006,-120.66778,0.0,0.0,0.0,0.0
690fd7de87825a48788a8a81,2025-10-12 20:12:08.614,foothill,Car,7.551456,0.0,0.0,90.0,24.6763,0.0,0.0,inf,0.0,0.0,0,0,0.6677175795353251,True,35.294006,-120.66777,0.0,0.0,0.0,0.0
690fd7de87825a48788a8a81,2025-10-12 20:12:08.614,foothill,Car,7.551456,0.0,0.0,0.0,-90.0,0.0,0.0,inf,0.0,90.0,0,0,0.6677175795353251,True,35.294006,-120.66777,0.0,0.0,0.0,0.0
690fd7de87825a48788a8a81,2025-10-12 20:12:08.614,foothill,Car,7.551456,0.0,0.0,0.0,0.0,0.692421555519104,7.551455974578857,inf,0.0,90.0,0,0,0.6677175795353251,True,35.294006,-120.66776,0.0,0.0,0.0,0.0
690fd7de87825a48788a8a81,2025-10-12 20:12:08.614,foothill,Car,7.551456,0.0,0.0,90.0,90.0,0.692421555519104,7.551455974578857,inf,0.0,90.0,0,0,0.6677175795353251,True,35.294006,-120.667755,0.0,0.0,0.0,0.0
690fd7de87825a48788a8a81,2025-10-12 20:12:08.614,foothill,Car,7.551456,0.0,0.0,0.0,-90.0,0.692421555519104,7.551455974578857,inf,0.0,90.0,0,0,0.6677175795353251,True,35.294006,-120.66775,0.0,0.0,0.0,0.0
690fd7de87825a48788a8a81,2025-10-12 20:12:08.614,foothill,Car,7.551456,0.0,0.0,90.0,90.0,0.692421555519104,-7.551455974578857,0.0916937813162803,0.0,90.0,0,0,0.6677175795353251,True,35.294006,-120.66774,0.0,0.0,0.0,0.0
690fd7de87825a48788a8a81,2025-10-12 20:12:08.614,foothill,Car,7.551456,0.0,0.0,0.0,-90.0,0.0,0.0,inf,0.0,0.0,0,0,0.6677175795353251,True,35.294006,-120.66773,0.0,0.0,0.0,0.0
690fd7de87825a48788a8a81,2025-10-12 20:12:08.614,foothill,Car,7.551456,0.0,0.0,0.0,0.0,0.0,0.0,inf,0.0,0.0,0,0,0.6677175795353251,True,35.294006,-120.66773,0.0,0.0,0.0,0.0
690fd7de87825a48788a8a81,2025-10-12 20:12:08.614,foothill,Car,7.551456,0.0,0.0,81.29285,81.29285,0.0,0.0,inf,0.0,0.0,0,0,0.6677175795353251,True,35.29401,-120.667725,0.0,0.0,0.0,0.0
690fd7de87825a48788a8a81,2025-10-12 20:12:08.614,foothill,Car,7.551456,0.0,0.0,0.0,-81.29285,0.0,0.0,inf,0.0,81.2928466796875,0,0,0.6677175795353251,True,35.29401,-120.667725,0.0,0.0,0.0,0.0
690fd7de87825a48788a8a81,2025-10-12 20:12:08.614,foothill,Car,7.551456,0.0,0.0,0.0,0.0,0.692421555519104,6.408284664154053,inf,0.0,81.2928466796875,0,0,0.6677175795353251,True,35.29401,-120.66772,0.0,0.0,0.0,0.0
690fd7de87825a48788a8a81,2025-10-12 20:12:08.614,foothill,Car,7.551456,0.0,0.0,90.0,90.0,0.692421555519104,-7.551455974578857,0.0916937813162803,0.0,90.0,0,0,0.6677175795353251,True,35.29401,-120.66771,0.0,0.0,0.0,0.0
690fd7de87825a48788a8a81,2025-10-12 20:12:08.614,foothill,Car,7.551456,0.0,0.0,90.0,0.0,0.692421555519104,7.551455974578857,inf,0.0,90.0,0,0,0.6677175795353251,True,35.29401,-120.6677,0.0,0.0,0.0,0.0
690fd7de87825a48788a8a81,2025-10-12 20:12:08.614,foothill,Car,7.551456,0.0,0.0,0.0,-90.0,0.692421555519104,7.551455974578857,inf,0.0,90.0,0,0,0.6677175795353251,True,35.29401,-120.667694,0.0,0.0,0.0,0.0
690fd7de87825a48788a8a81,2025-10-12 20:12:08.614,foothill,Car,7.551456,0.0,0.0,90.0,90.0,0.692421555519104,-7.551455974578857,0.0916937813162803,0.0,90.0,0,0,0.6677175795353251,True,35.29401,-120.66769,0.0,0.0,0.0,0.0
690fd7de87825a48788a8a81,2025-10-12 20:12:08.614,foothill,Car,7.551456,0.0,0.0,0.0,-90.0,0.692421555519104,-7.551455974578857,0.0916937813162803,0.0,90.0,0,0,0.6677175795353251,True,35.29401,-120.66768,0.0,0.0,0.0,0.0
690fd7de87825a48788a8a81,2025-10-12 20:12:08.614,foothill,Car,7.551456,0.0,0.0,90.0,90.0,0.692421555519104,-7.551455974578857,0.0916937813162803,0.0,90.0,0,0,0.6677175795353251,True,35.29401,-120.66767,0.0,0.0,0.0,0.0
690fd7de87825a48788a8a81,2025-10-12 20:12:08.614,foothill,Car,7.551456,0.0,0.0,0.0,-90.0,0.692421555519104,7.551455974578857,inf,0.0,90.0,0,0,0.6677175795353251,True,35.29401,-120.66766,0.0,0.0,0.0,0.0
690fd7de87825a48788a8a81,2025-10-12 20:12:08.614,foothill,Car,7.551456,0.0,0.0,90.0,90.0,0.0,0.0,inf,0.0,0.0,0,0,0.6677175795353251,True,35.29401,-120.667656,0.0,0.0,0.0,0.0
690fd7de87825a48788a8a81,2025-10-12 20:12:08.614,foothill,Car,7.551456,0.0,0.0,0.0,-90.0,0.0,0.0,inf,0.0,90.0,0,0,0.6677175795353251,True,35.29401,-120.667656,0.0,0.0,0.0,0.0
690fd7de87825a48788a8a81,2025-10-12 20:12:08.614,foothill,Car,7.551456,0.0,0.0,90.0,90.0,0.692421555519104,0.0,inf,0.0,0.0,0,0,0.6677175795353251,True,35.29401,-120.66765,0.0,0.0,0.0,0.0
690fd7de87825a48788a8a81,2025-10-12 20:12:08.614,foothill,Car,7.551456,0.0,0.0,0.0,-90.0,0.692421555519104,7.551455974578857,inf,0.0,90.0,0,0,0.6677175795353251,True,35.29401,-120.66764,0.0,0.0,0.0,0.0
690fd7de87825a48788a8a81,2025-10-12 20:12:08.614,foothill,Car,7.551456,0.0,0.0,90.0,90.0,0.692421555519104,7.551455974578857,inf,0.0,90.0,0,0,0.6677175795353251,True,35.29401,-120.66763,0.0,0.0,0.0,0.0
690fd7de87825a48788a8a81,2025-10-12 20:12:08.614,foothill,Car,7.551456,0.0,0.0,0.0,-90.0,0.4241749942302704,0.0,inf,0.0,0.0,0,0,0.6677175795353251,True,35.29401,-120.667625,0.0,0.0,0.0,0.0
690fd7de87825a48788a8a81,2025-10-12 20:12:08.614,foothill,Car,7.551456,0.0,0.0,0.0,0.0,0.4241749942302704,0.0,inf,0.0,0.0,0,0,0.6677175795353251,True,35.294014,-120.667625,0.0,0.0,0.0,0.0
690fd7de87825a48788a8a81,2025-10-12 20:12:08.614,foothill,Car,7.551456,0.0,0.0,90.0,90.0,0.6924214959144592,-7.551455974578857,0.0916937738656997,0.0,90.0,0,0,0.6677175795353251,True,35.294014,-120.66762,0.0,0.0,0.0,0.0
690fd7de87825a48788a8a81,2025-10-12 20:12:08.614,foothill,Car,7.551456,0.0,0.0,0.0,-90.0,0.6924214959144592,-7.551455974578857,0.0916937738656997,0.0,90.0,0,0,0.6677175795353251,True,35.294014,-120.66761,0.0,0.0,0.0,0.0
690fd7de87825a48788a8a81,2025-10-12 20:12:08.614,foothill,Car,7.551456,0.0,0.0,90.0,90.0,0.0,0.0,inf,0.0,0.0,0,0,0.6677175795353251,True,35.294014,-120.6676,0.0,0.0,0.0,0.0
690fd7de87825a48788a8a81,2025-10-12 20:12:08.614,foothill,Car,7.551456,0.0,0.0,0.0,-90.0,0.0,0.0,inf,0.0,90.0,0,0,0.6677175795353251,True,35.294014,-120.6676,0.0,0.0,0.0,0.0
690fd7de87825a48788a8a82,2025-10-12 20:12:15.603,foothill,Car,9.063909,0.0,0.0,0.0,0.0,1.3848429918289185,-9.063908576965332,0.1527865082025528,0.0,90.0,1,0,0.97,True,35.294018,-120.667534,0.1,0.0,0.0,0.0
690fd7de87825a48788a8a82,2025-10-12 20:12:15.603,foothill,Car,9.063909,0.0,0.0,90.0,90.0,0.6924214959144592,0.0,inf,0.0,0.0,0,0,0.97,True,35.294018,-120.66752,0.0,0.0,0.0,0.0
690fd7de87825a48788a8a82,2025-10-12 20:12:15.603,foothill,Car,9.063909,0.0,0.0,90.0,0.0,0.0,0.0,inf,0.0,0.0,0,0,0.97,True,35.294018,-120.66751,0.0,0.0,0.0,0.0
690fd7de87825a48788a8a82,2025-10-12 20:12:15.603,foothill,Car,9.063909,0.0,0.0,0.0,-90.0,0.0,0.0,inf,0.0,90.0,0,0,0.97,True,35.294018,-120.66751,0.0,0.0,0.0,0.0
690fd7de87825a48788a8a82,2025-10-12 20:12:15.603,foothill,Car,9.063909,0.0,0.0,0.0,0.0,0.6924214959144592,9.063908576965332,inf,0.0,90.0,0,0,0.97,True,35.294018,-120.6675,0.0,0.0,0.0,0.0
690fd7de87825a48788a8a83,2025-10-12 20:12:11.668,foothill,Car,8.892615,0.0,0.0,0.0,0.0,0.6924216747283936,-8.89261531829834,0.077864795923233,0.0,90.0,1,0,0.7643721413642679,True,35.29399,-120.668106,0.1,0.0,0.0,0.0
690fd7de87825a48788a8a83,2025-10-12 20:12:11.668,foothill,Car,8.892615,0.0,0.0,90.0,90.0,0.6924216747283936,-8.89261531829834,0.077864795923233,0.0,90.0,0,0,0.7643721413642679,True,35.29399,-120.6681,0.0,0.0,0.0,0.0
690fd7de87825a48788a8a83,2025-10-12 20:12:11.668,foothill,Car,8.892615,0.0,0.0,307.44293,-142.55707,0.6924216151237488,-5.40645170211792,0.1280732154846191,0.0,142.55706787109375,0,0,0.7643721413642679,True,35.294,-120.668106,0.0,0.0,0.0,0.0
690fd7de87825a48788a8a83,2025-10-12 20:12:11.668,foothill,Car,8.892615,0.0,0.0,90.0,142.55707,0.4241749942302704,-8.89261531829834,0.0476996898651123,0.0,90.0,0,0,0.7643721413642679,True,35.294,-120.6681,0.0,0.0,0.0,0.0
690fd7de87825a48788a8a83,2025-10-12 20:12:11.668,foothill,Car,8.892615,0.0,0.0,0.0,-90.0,0.4241749942302704,-8.89261531829834,0.0476996898651123,0.0,90.0,0,0,0.7643721413642679,True,35.294003,-120.6681,0.0,0.0,0.0,0.0
690fd7de87825a48788a8a83,2025-10-12 20:12:11.668,foothill,Car,8.892615,0.0,0.0,0.0,0.0,0.0,0.0,inf,0.0,0.0,0,0,0.7643721413642679,True,35.294006,-120.66809,0.0,0.0,0.0,0.0
690fd7de87825a48788a8a83,2025-10-12 20:12:11.668,foothill,Car,8.892615,0.0,0.0,0.0,0.0,0.0,0.0,inf,0.0,0.0,0,0,0.7643721413642679,True,35.294006,-120.66809,0.0,0.0,0.0,0.0
690fd7de87825a48788a8a83,2025-10-12 20:12:11.668,foothill,Car,8.892615,0.0,0.0,0.0,0.0,0.0,0.0,inf,0.0,0.0,0,0,0.7643721413642679,True,35.294006,-120.66809,0.0,0.0,0.0,0.0
690fd7de87825a48788a8a83,2025-10-12 20:12:11.668,foothill,Car,8.892615,0.0,0.0,114.67627,114.67627,0.6924216151237488,12.605199813842772,inf,0.0,114.67626953125,0,0,0.7643721413642679,True,35.294003,-120.66808,0.0,0.0,0.0,0.0
690fd7de87825a48788a8a83,2025-10-12 20:12:11.668,foothill,Car,8.892615,0.0,0.0,0.0,-114.67627,0.6924216151237488,12.605199813842772,inf,0.0,114.67626953125,0,0,0.7643721413642679,True,35.294003,-120.668076,0.0,0.0,0.0,0.0
690fd7de87825a48788a8a83,2025-10-12 20:12:11.668,foothill,Car,8.892615,0.0,0.0,90.0,90.0,0.4241749942302704,8.89261531829834,inf,0.0,90.0,0,0,0.7643721413642679,True,35.294003,-120.66807,0.0,0.0,0.0,0.0
690fd7de87825a48788a8a83,2025-10-12 20:12:11.668,foothill,Car,8.892615,0.0,0.0,180.0,90.0,0.4241749942302704,8.89261531829834,inf,0.0,90.0,0,0,0.7643721413642679,True,35.294,-120.66807,0.0,0.0,0.0,0.0
690fd7de87825a48788a8a83,2025-10-12 20:12:11.668,foothill,Car,8.892615,0.0,0.0,0.0,-180.0,0.6924216151237488,17.78523063659668,inf,0.0,180.0,0,0,0.7643721413642679,True,35.294,-120.66806,0.0,0.0,0.0,0.0
690fd7de87825a48788a8a83,2025-10-12 20:12:11.668,foothill,Car,8.892615,0.0,0.0,81.29285,81.29285,0.6924216151237488,7.546413421630859,inf,0.0,81.2928466796875,0,0,0.7643721413642679,True,35.294003,-120.66805,0.0,0.0,0.0,0.0
690fd7de87825a48788a8a83,2025-10-12 20:12:11.668,foothill,Car,8.892615,0.0,0.0,0.0,-81.29285,0.0,0.0,inf,0.0,0.0,0,0,0.7643721413642679,True,35.294003,-120.668045,0.0,0.0,0.0,0.0
690fd7de87825a48788a8a83,2025-10-12 20:12:11.668,foothill,Car,8.892615,0.0,0.0,0.0,0.0,0.0,0.0,inf,0.0,0.0,0,0,0.7643721413642679,True,35.294003,-120.668045,0.0,0.0,0.0,0.0
690fd7de87825a48788a8a83,2025-10-12 20:12:11.668,foothill,Car,8.892615,0.0,0.0,90.0,90.0,0.6924216151237488,0.0,inf,0.0,0.0,0,0,0.7643721413642679,True,35.294003,-120.66804,0.0,0.0,0.0,0.0
690fd7de87825a48788a8a83,2025-10-12 20:12:11.668,foothill,Car,8.892615,0.0,0.0,90.0,0.0,0.6924216151237488,0.0,inf,0.0,0.0,0,0,0.7643721413642679,True,35.294003,-120.66803,0.0,0.0,0.0,0.0
690fd7de87825a48788a8a83,2025-10-12 20:12:11.668,foothill,Car,8.892615,0.0,0.0,0.0,-90.0,0.0,0.0,inf,0.0,0.0,0,0,0.7643721413642679,True,35.294003,-120.66802,0.0,0.0,0.0,0.0
690fd7de87825a48788a8a83,2025-10-12 20:12:11.668,foothill,Car,8.892615,0.0,0.0,0.0,0.0,0.0,0.0,inf,0.0,0.0,0,0,0.7643721413642679,True,35.294003,-120.66802,0.0,0.0,0.0,0.0
690fd7de87825a48788a8a83,2025-10-12 20:12:11.668,foothill,Car,8.892615,0.0,0.0,90.0,90.0,0.6924216151237488,8.89261531829834,inf,0.0,90.0,0,0,0.7643721413642679,True,35.294003,-120.668015,0.0,0.0,0.0,0.0
690fd7de87825a48788a8a83,2025-10-12 20:12:11.668,foothill,Car,8.892615,0.0,0.0,0.0,-90.0,0.6924216151237488,8.89261531829834,inf,0.0,90.0,0,0,0.7643721413642679,True,35.294003,-120.66801,0.0,0.0,0.0,0.0
690fd7de87825a48788a8a83,2025-10-12 20:12:11.668,foothill,Car,8.892615,0.0,0.0,90.0,90.0,0.6924216151237488,-8.89261531829834,0.0778647884726524,0.0,90.0,0,0,0.7643721413642679,True,35.294003,-120.668,0.0,0.0,0.0,0.0
690fd7de87825a48788a8a83,2025-10-12 20:12:11.668,foothill,Car,8.892615,0.0,0.0,0.0,-90.0,0.6924216151237488,8.89261531829834,inf,0.0,90.0,0,0,0.7643721413642679,True,35.294003,-120.66799,0.0,0.0,0.0,0.0
690fd7de87825a48788a8a83,2025-10-12 20:12:11.668,foothill,Car,8.892615,0.0,0.0,98.70715,98.70715,0.0,0.0,inf,0.0,0.0,0,0,0.7643721413642679,True,35.294,-120.667984,0.0,0.0,0.0,0.0
690fd7de87825a48788a8a83,2025-10-12 20:12:11.668,foothill,Car,8.892615,0.0,0.0,0.0,-98.70715,0.0,0.0,inf,0.0,98.7071533203125,0,0,0.7643721413642679,True,35.294,-120.667984,0.0,0.0,0.0,0.0
690fd7de87825a48788a8a83,2025-10-12 20:12:11.668,foothill,Car,8.892615,0.0,0.0,0.0,0.0,0.6924216151237488,10.23881721496582,inf,0.0,98.7071533203125,0,0,0.7643721413642679,True,35.294,-120.66798,0.0,0.0,0.0,0.0
690fd7de87825a48788a8a83,2025-10-12 20:12:11.668,foothill,Car,8.892615,0.0,0.0,90.0,90.0,0.6924216151237488,0.0,inf,0.0,0.0,0,0,0.7643721413642679,True,35.294,-120.66797,0.0,0.0,0.0,0.0
690fd7de87825a48788a8a83,2025-10-12 20:12:11.668,foothill,Car,8.892615,0.0,0.0,90.0,0.0,0.6924216151237488,0.0,inf,0.0,0.0,0,0,0.7643721413642679,True,35.294,-120.66796,0.0,0.0,0.0,0.0
690fd7de87825a48788a8a83,2025-10-12 20:12:11.668,foothill,Car,8.892615,0.0,0.0,0.0,-90.0,0.6924216151237488,8.89261531829834,inf,0.0,90.0,0,0,0.7643721413642679,True,35.294,-120.66795,0.0,0.0,0.0,0.0
690fd7de87825a48788a8a83,2025-10-12 20:12:11.668,foothill,Car,8.892615,0.0,0.0,90.0,90.0,0.0,0.0,inf,0.0,0.0,0,0,0.7643721413642679,True,35.294,-120.667946,0.0,0.0,0.0,0.0
690fd7de87825a48788a8a83,2025-10-12 20:12:11.668,foothill,Car,8.892615,0.0,0.0,0.0,-90.0,0.0,0.0,inf,0.0,90.0,0,0,0.7643721413642679,True,35.294,-120.667946,0.0,0.0,0.0,0.0
690fd7de87825a48788a8a83,2025-10-12 20:12:11.668,foothill,Car,8.892615,0.0,0.0,90.0,90.0,0.6924216151237488,8.89261531829834,inf,0.0,90.0,0,0,0.7643721413642679,True,35.294,-120.66793,0.0,0.0,0.0,0.0
690fd7de87825a48788a8a83,2025-10-12 20:12:11.668,foothill,Car,8.892615,0.0,0.0,0.0,-90.0,0.0,0.0,inf,0.0,0.0,0,0,0.7643721413642679,True,35.294,-120.66792,0.0,0.0,0.0,0.0
690fd7de87825a48788a8a83,2025-10-12 20:12:11.668,foothill,Car,8.892615,0.0,0.0,0.0,0.0,0.0,0.0,inf,0.0,0.0,0,0,0.7643721413642679,True,35.294,-120.66792,0.0,0.0,0.0,0.0
690fd7de87825a48788a8a83,2025-10-12 20:12:11.668,foothill,Car,8.892615,0.0,0.0,90.0,90.0,0.6924216151237488,0.0,inf,0.0,0.0,0,0,0.7643721413642679,True,35.294,-120.667915,0.0,0.0,0.0,0.0
690fd7de87825a48788a8a83,2025-10-12 20:12:11.668,foothill,Car,8.892615,0.0,0.0,90.0,0.0,0.6924216151237488,0.0,inf,0.0,0.0,0,0,0.7643721413642679,True,35.294,-120.66791,0.0,0.0,0.0,0.0
690fd7de87825a48788a8a83,2025-10-12 20:12:11.668,foothill,Car,8.892615,0.0,0.0,0.0,-90.0,0.6924216151237488,8.89261531829834,inf,0.0,90.0,0,0,0.7643721413642679,True,35.294,-120.6679,0.0,0.0,0.0,0.0
690fd7de87825a48788a8a83,2025-10-12 20:12:11.668,foothill,Car,8.892615,0.0,0.0,90.0,90.0,0.6924216151237488,8.89261531829834,inf,0.0,90.0,0,0,0.7643721413642679,True,35.294,-120.66789,0.0,0.0,0.0,0.0
690fd7de87825a48788a8a83,2025-10-12 20:12:11.668,foothill,Car,8.892615,0.0,0.0,0.0,-90.0,0.6924216151237488,8.89261531829834,inf,0.0,90.0,0,0,0.7643721413642679,True,35.294,-120.667885,0.0,0.0,0.0,0.0
690fd7de87825a48788a8a83,2025-10-12 20:12:11.668,foothill,Car,8.892615,0.0,0.0,90.0,90.0,0.6924216151237488,-8.89261531829834,0.0778647884726524,0.0,90.0,0,0,0.7643721413642679,True,35.294,-120.66788,0.0,0.0,0.0,0.0
690fd7de87825a48788a8a83,2025-10-12 20:12:11.668,foothill,Car,8.892615,0.0,0.0,0.0,-90.0,0.0,0.0,inf,0.0,0.0,0,0,0.7643721413642679,True,35.294,-120.66787,0.0,0.0,0.0,0.0
690fd7de87825a48788a8a83,2025-10-12 20:12:11.668,foothill,Car,8.892615,0.0,0.0,0.0,0.0,0.0,0.0,inf,0.0,0.0,0,0,0.7643721413642679,True,35.294,-120.66787,0.0,0.0,0.0,0.0
690fd7de87825a48788a8a83,2025-10-12 20:12:11.668,foothill,Car,8.892615,0.0,0.0,90.0,90.0,0.6924216151237488,-8.89261531829834,0.0778647884726524,0.0,90.0,0,0,0.7643721413642679,True,35.294,-120.66786,0.0,0.0,0.0,0.0
690fd7de87825a48788a8a83,2025-10-12 20:12:11.668,foothill,Car,8.892615,0.0,0.0,0.0,-90.0,0.6924216151237488,8.89261531829834,inf,0.0,90.0,0,0,0.7643721413642679,True,35.294,-120.667854,0.0,0.0,0.0,0.0
690fd7de87825a48788a8a83,2025-10-12 20:12:11.668,foothill,Car,8.892615,0.0,0.0,90.0,90.0,0.6924216151237488,0.0,inf,0.0,0.0,0,0,0.7643721413642679,True,35.294,-120.66785,0.0,0.0,0.0,0.0
690fd7de87825a48788a8a83,2025-10-12 20:12:11.668,foothill,Car,8.892615,0.0,0.0,90.0,0.0,0.6924216151237488,0.0,inf,0.0,0.0,0,0,0.7643721413642679,True,35.294,-120.66784,0.0,0.0,0.0,0.0
690fd7de87825a48788a8a83,2025-10-12 20:12:11.668,foothill,Car,8.892615,0.0,0.0,0.0,-90.0,0.0,0.0,inf,0.0,0.0,0,0,0.7643721413642679,True,35.294,-120.66783,0.0,0.0,0.0,0.0
690fd7de87825a48788a8a83,2025-10-12 20:12:11.668,foothill,Car,8.892615,0.0,0.0,0.0,0.0,0.0,0.0,inf,0.0,0.0,0,0,0.7643721413642679,True,35.294,-120.66783,0.0,0.0,0.0,0.0
690fd7de87825a48788a8a83,2025-10-12 20:12:11.668,foothill,Car,8.892615,0.0,0.0,90.0,90.0,0.6924216151237488,8.89261531829834,inf,0.0,90.0,0,0,0.7643721413642679,True,35.294,-120.66782,0.0,0.0,0.0,0.0
690fd7de87825a48788a8a83,2025-10-12 20:12:11.668,foothill,Car,8.892615,0.0,0.0,0.0,-90.0,0.6924216151237488,8.89261531829834,inf,0.0,90.0,0,0,0.7643721413642679,True,35.294,-120.667816,0.0,0.0,0.0,0.0
690fd7de87825a48788a8a83,2025-10-12 20:12:11.668,foothill,Car,8.892615,0.0,0.0,90.0,90.0,0.0,0.0,inf,0.0,0.0,0,0,0.7643721413642679,True,35.294,-120.66781,0.0,0.0,0.0,0.0
690fd7de87825a48788a8a83,2025-10-12 20:12:11.668,foothill,Car,8.892615,0.0,0.0,0.0,-90.0,0.0,0.0,inf,0.0,90.0,0,0,0.7643721413642679,True,35.294,-120.66781,0.0,0.0,0.0,0.0
690fd7de87825a48788a8a83,2025-10-12 20:12:11.668,foothill,Car,8.892615,0.0,0.0,0.0,0.0,0.6924216151237488,-8.89261531829834,0.0778647884726524,0.0,90.0,0,0,0.7643721413642679,True,35.294003,-120.6678,0.0,0.0,0.0,0.0
690fd7de87825a48788a8a83,2025-10-12 20:12:11.668,foothill,Car,8.892615,0.0,0.0,90.0,90.0,0.6924216151237488,-8.89261531829834,0.0778647884726524,0.0,90.0,0,0,0.7643721413642679,True,35.294003,-120.66779,0.0,0.0,0.0,0.0
690fd7de87825a48788a8a83,2025-10-12 20:12:11.668,foothill,Car,8.892615,0.0,0.0,0.0,-90.0,0.6924216151237488,8.89261531829834,inf,0.0,90.0,0,0,0.7643721413642679,True,35.294003,-120.667786,0.0,0.0,0.0,0.0
690fd7de87825a48788a8a83,2025-10-12 20:12:11.668,foothill,Car,8.892615,0.0,0.0,90.0,90.0,0.0,0.0,inf,0.0,0.0,0,0,0.7643721413642679,True,35.294003,-120.66778,0.0,0.0,0.0,0.0
690fd7de87825a48788a8a83,2025-10-12 20:12:11.668,foothill,Car,8.892615,0.0,0.0,0.0,-90.0,0.0,0.0,inf,0.0,90.0,0,0,0.7643721413642679,True,35.294003,-120.66778,0.0,0.0,0.0,0.0
690fd7de87825a48788a8a83,2025-10-12 20:12:11.668,foothill,Car,8.892615,0.0,0.0,90.0,90.0,0.6924216151237488,0.0,inf,0.0,0.0,0,0,0.7643721413642679,True,35.294003,-120.66777,0.0,0.0,0.0,0.0
690fd7de87825a48788a8a83,2025-10-12 20:12:11.668,foothill,Car,8.892615,0.0,0.0,90.0,0.0,0.0,0.0,inf,0.0,0.0,0,0,0.7643721413642679,True,35.294003,-120.667755,0.0,0.0,0.0,0.0
690fd7de87825a48788a8a83,2025-10-12 20:12:11.668,foothill,Car,8.892615,0.0,0.0,0.0,-90.0,0.0,0.0,inf,0.0,90.0,0,0,0.7643721413642679,True,35.294003,-120.667755,0.0,0.0,0.0,0.0
690fd7de87825a48788a8a83,2025-10-12 20:12:11.668,foothill,Car,8.892615,0.0,0.0,0.0,0.0,0.6924216151237488,8.89261531829834,inf,0.0,90.0,0,0,0.7643721413642679,True,35.294003,-120.66775,0.0,0.0,0.0,0.0
690fd7de87825a48788a8a83,2025-10-12 20:12:11.668,foothill,Car,8.892615,0.0,0.0,90.0,90.0,0.6924216151237488,-8.89261531829834,0.0778647884726524,0.0,90.0,0,0,0.7643721413642679,True,35.294003,-120.66774,0.0,0.0,0.0,0.0
690fd7de87825a48788a8a83,2025-10-12 20:12:11.668,foothill,Car,8.892615,0.0,0.0,0.0,-90.0,0.6924216151237488,-8.89261531829834,0.0778647884726524,0.0,90.0,0,0,0.7643721413642679,True,35.294003,-120.66773,0.0,0.0,0.0,0.0
690fd7de87825a48788a8a83,2025-10-12 20:12:11.668,foothill,Car,8.892615,0.0,0.0,90.0,90.0,0.6924216151237488,-8.89261531829834,0.0778647884726524,0.0,90.0,0,0,0.7643721413642679,True,35.294003,-120.667725,0.0,0.0,0.0,0.0
690fd7de87825a48788a8a83,2025-10-12 20:12:11.668,foothill,Car,8.892615,0.0,0.0,0.0,-90.0,0.6924216151237488,8.89261531829834,inf,0.0,90.0,0,0,0.7643721413642679,True,35.294003,-120.66772,0.0,0.0,0.0,0.0
690fd7de87825a48788a8a83,2025-10-12 20:12:11.668,foothill,Car,8.892615,0.0,0.0,65.3237,65.3237,0.0,0.0,inf,0.0,0.0,0,0,0.7643721413642679,True,35.294006,-120.66771,0.0,0.0,0.0,0.0
690fd7de87825a48788a8a83,2025-10-12 20:12:11.668,foothill,Car,8.892615,0.0,0.0,0.0,-65.3237,0.0,0.0,inf,0.0,65.32369995117188,0,0,0.7643721413642679,True,35.294006,-120.66771,0.0,0.0,0.0,0.0
690fd7de87825a48788a8a83,2025-10-12 20:12:11.668,foothill,Car,8.892615,0.0,0.0,90.0,90.0,0.692421555519104,8.89261531829834,inf,0.0,90.0,0,0,0.7643721413642679,True,35.294006,-120.6677,0.0,0.0,0.0,0.0
690fd7de87825a48788a8a83,2025-10-12 20:12:11.668,foothill,Car,8.892615,0.0,0.0,0.0,-90.0,0.692421555519104,8.89261531829834,inf,0.0,90.0,0,0,0.7643721413642679,True,35.294006,-120.667694,0.0,0.0,0.0,0.0
690fd7de87825a48788a8a83,2025-10-12 20:12:11.668,foothill,Car,8.892615,0.0,0.0,90.0,90.0,0.692421555519104,-8.89261531829834,0.0778647810220718,0.0,90.0,0,0,0.7643721413642679,True,35.294006,-120.66769,0.0,0.0,0.0,0.0
690fd7de87825a48788a8a83,2025-10-12 20:12:11.668,foothill,Car,8.892615,0.0,0.0,0.0,-90.0,0.692421555519104,-8.89261531829834,0.0778647810220718,0.0,90.0,0,0,0.7643721413642679,True,35.294006,-120.66768,0.0,0.0,0.0,0.0
690fd7de87825a48788a8a83,2025-10-12 20:12:11.668,foothill,Car,8.892615,0.0,0.0,90.0,90.0,0.692421555519104,-8.89261531829834,0.0778647810220718,0.0,90.0,0,0,0.7643721413642679,True,35.294006,-120.66767,0.0,0.0,0.0,0.0
690fd7de87825a48788a8a83,2025-10-12 20:12:11.668,foothill,Car,8.892615,0.0,0.0,0.0,-90.0,0.692421555519104,8.89261531829834,inf,0.0,90.0,0,0,0.7643721413642679,True,35.294006,-120.66766,0.0,0.0,0.0,0.0
690fd7de87825a48788a8a83,2025-10-12 20:12:11.668,foothill,Car,8.892615,0.0,0.0,90.0,90.0,0.692421555519104,0.0,inf,0.0,0.0,0,0,0.7643721413642679,True,35.294006,-120.667656,0.0,0.0,0.0,0.0
690fd7de87825a48788a8a83,2025-10-12 20:12:11.668,foothill,Car,8.892615,0.0,0.0,90.0,0.0,0.692421555519104,0.0,inf,0.0,0.0,0,0,0.7643721413642679,True,35.294006,-120.66765,0.0,0.0,0.0,0.0
690fd7de87825a48788a8a83,2025-10-12 20:12:11.668,foothill,Car,8.892615,0.0,0.0,0.0,-90.0,0.0,0.0,inf,0.0,0.0,0,0,0.7643721413642679,True,35.294006,-120.66764,0.0,0.0,0.0,0.0
690fd7de87825a48788a8a83,2025-10-12 20:12:11.668,foothill,Car,8.892615,0.0,0.0,0.0,0.0,0.0,0.0,inf,0.0,0.0,0,0,0.7643721413642679,True,35.294006,-120.66764,0.0,0.0,0.0,0.0
690fd7de87825a48788a8a83,2025-10-12 20:12:11.668,foothill,Car,8.892615,0.0,0.0,90.0,90.0,0.692421555519104,8.89261531829834,inf,0.0,90.0,0,0,0.7643721413642679,True,35.294006,-120.66763,0.0,0.0,0.0,0.0
690fd7de87825a48788a8a83,2025-10-12 20:12:11.668,foothill,Car,8.892615,0.0,0.0,0.0,-90.0,0.692421555519104,8.89261531829834,inf,0.0,90.0,0,0,0.7643721413642679,True,35.294006,-120.667625,0.0,0.0,0.0,0.0
690fd7de87825a48788a8a83,2025-10-12 20:12:11.668,foothill,Car,8.892615,0.0,0.0,90.0,90.0,0.692421555519104,-8.89261531829834,0.0778647810220718,0.0,90.0,0,0,0.7643721413642679,True,35.294006,-120.66762,0.0,0.0,0.0,0.0
690fd7de87825a48788a8a83,2025-10-12 20:12:11.668,foothill,Car,8.892615,0.0,0.0,0.0,-90.0,0.692421555519104,-8.89261531829834,0.0778647810220718,0.0,90.0,0,0,0.7643721413642679,True,35.294006,-120.66761,0.0,0.0,0.0,0.0
690fd7de87825a48788a8a83,2025-10-12 20:12:11.668,foothill,Car,8.892615,0.0,0.0,90.0,90.0,0.692421555519104,-8.89261531829834,0.0778647810220718,0.0,90.0,0,0,0.7643721413642679,True,35.294006,-120.6676,0.0,0.0,0.0,0.0
690fd7de87825a48788a8a83,2025-10-12 20:12:11.668,foothill,Car,8.892615,0.0,0.0,0.0,-90.0,0.692421555519104,8.89261531829834,inf,0.0,90.0,0,0,0.7643721413642679,True,35.294006,-120.667595,0.0,0.0,0.0,0.0
690fd7de87825a48788a8a83,2025-10-12 20:12:11.668,foothill,Car,8.892615,0.0,0.0,90.0,90.0,0.692421555519104,0.0,inf,0.0,0.0,0,0,0.7643721413642679,True,35.294006,-120.66759,0.0,0.0,0.0,0.0
690fd7de87825a48788a8a83,2025-10-12 20:12:11.668,foothill,Car,8.892615,0.0,0.0,90.0,0.0,0.692421555519104,0.0,inf,0.0,0.0,0,0,0.7643721413642679,True,35.294006,-120.66758,0.0,0.0,0.0,0.0
690fd7de87825a48788a8a83,2025-10-12 20:12:11.668,foothill,Car,8.892615,0.0,0.0,0.0,-90.0,0.0,0.0,inf,0.0,0.0,0,0,0.7643721413642679,True,35.294006,-120.66757,0.0,0.0,0.0,0.0
690fd7de87825a48788a8a83,2025-10-12 20:12:11.668,foothill,Car,8.892615,0.0,0.0,0.0,0.0,0.0,0.0,inf,0.0,0.0,0,0,0.7643721413642679,True,35.294006,-120.66757,0.0,0.0,0.0,0.0
690fd7de87825a48788a8a83,2025-10-12 20:12:11.668,foothill,Car,8.892615,0.0,0.0,90.0,90.0,0.692421555519104,8.89261531829834,inf,0.0,90.0,0,0,0.7643721413642679,True,35.294006,-120.667564,0.0,0.0,0.0,0.0
690fd7de87825a48788a8a83,2025-10-12 20:12:11.668,foothill,Car,8.892615,0.0,0.0,0.0,-90.0,0.4241749942302704,0.0,inf,0.0,0.0,0,0,0.7643721413642679,True,35.294006,-120.66756,0.0,0.0,0.0,0.0
690fd7de87825a48788a8a83,2025-10-12 20:12:11.668,foothill,Car,8.892615,0.0,0.0,0.0,0.0,0.4241749942302704,0.0,inf,0.0,0.0,0,0,0.7643721413642679,True,35.29401,-120.66756,0.0,0.0,0.0,0.0
690fd7de87825a48788a8a84,2025-10-12 20:12:18.343,foothill,Car,8.66958,0.0,0.0,0.0,0.0,0.6924214959144592,-8.669580459594727,0.0798679366707801,0.0,90.0,1,0,0.97,True,35.294014,-120.66752,0.1,0.0,0.0,0.0
690fd7de87825a48788a8a84,2025-10-12 20:12:18.343,foothill,Car,8.66958,0.0,0.0,90.0,90.0,0.0,0.0,inf,0.0,0.0,0,0,0.97,True,35.294014,-120.66751,0.0,0.0,0.0,0.0
690fd7de87825a48788a8a84,2025-10-12 20:12:18.343,foothill,Car,8.66958,0.0,0.0,0.0,-90.0,0.0,0.0,inf,0.0,90.0,0,0,0.97,True,35.294014,-120.66751,0.0,0.0,0.0,0.0
690fd7de87825a48788a8a85,2025-10-12 20:12:14.005,foothill,Car,4.255122,0.0,0.0,0.0,0.0,0.812017560005188,-0.0938115119934082,8.655840873718262,0.0,65.32373046875,1,0,0.7218093913430668,True,35.293964,-120.66809,0.1,0.0,0.0,0.0
690fd7de87825a48788a8a85,2025-10-12 20:12:14.005,foothill,Car,4.255122,0.0,0.0,65.32373,65.32373,0.0,0.0,inf,0.0,0.0,0,0,0.7218093913430668,True,35.29397,-120.66808,0.0,0.0,0.0,0.0
690fd7de87825a48788a8a85,2025-10-12 20:12:14.005,foothill,Car,4.255122,0.0,0.0,0.0,-65.32373,0.0,0.0,inf,0.0,65.32373046875,0,0,0.7218093913430668,True,35.29397,-120.66808,0.0,0.0,0.0,0.0
690fd7de87825a48788a8a85,2025-10-12 20:12:14.005,foothill,Car,4.255122,0.0,0.0,0.0,0.0,0.0,0.0,inf,0.0,65.32373046875,0,0,0.7218093913430668,True,35.29397,-120.66808,0.0,0.0,0.0,0.0
690fd7de87825a48788a8a85,2025-10-12 20:12:14.005,foothill,Car,4.255122,0.0,0.0,0.0,0.0,0.0,0.0,inf,0.0,0.0,0,0,0.7218093913430668,True,35.293972,-120.668076,0.0,0.0,0.0,0.0
690fd7de87825a48788a8a85,2025-10-12 20:12:14.005,foothill,Car,4.255122,0.0,0.0,0.0,0.0,0.0,0.0,inf,0.0,0.0,0,0,0.7218093913430668,True,35.293972,-120.668076,0.0,0.0,0.0,0.0
690fd7de87825a48788a8a85,2025-10-12 20:12:14.005,foothill,Car,4.255122,0.0,0.0,90.0,90.0,0.0,0.0,inf,0.0,0.0,0,0,0.7218093913430668,True,35.293972,-120.66807,0.0,0.0,0.0,0.0
690fd7de87825a48788a8a85,2025-10-12 20:12:14.005,foothill,Car,4.255122,0.0,0.0,0.0,-90.0,0.0,0.0,inf,0.0,90.0,0,0,0.7218093913430668,True,35.293972,-120.66807,0.0,0.0,0.0,0.0
690fd7de87825a48788a8a85,2025-10-12 20:12:14.005,foothill,Car,4.255122,0.0,0.0,0.0,0.0,0.4241749942302704,4.255122184753418,inf,0.0,90.0,0,0,0.7218093913430668,True,35.29397,-120.66807,0.0,0.0,0.0,0.0
690fd7de87825a48788a8a85,2025-10-12 20:12:14.005,foothill,Car,4.255122,0.0,0.0,0.0,0.0,0.0,0.0,inf,0.0,0.0,0,0,0.7218093913430668,True,35.29397,-120.66806,0.0,0.0,0.0,0.0
690fd7de87825a48788a8a85,2025-10-12 20:12:14.005,foothill,Car,4.255122,0.0,0.0,0.0,0.0,0.0,0.0,inf,0.0,0.0,0,0,0.7218093913430668,True,35.29397,-120.66806,0.0,0.0,0.0,0.0
690fd7de87825a48788a8a85,2025-10-12 20:12:14.005,foothill,Car,4.255122,0.0,0.0,90.0,90.0,0.0,0.0,inf,0.0,0.0,0,0,0.7218093913430668,True,35.29397,-120.66805,0.0,0.0,0.0,0.0
690fd7de87825a48788a8a85,2025-10-12 20:12:14.005,foothill,Car,4.255122,0.0,0.0,0.0,-90.0,0.0,0.0,inf,0.0,90.0,0,0,0.7218093913430668,True,35.29397,-120.66805,0.0,0.0,0.0,0.0
690fd7de87825a48788a8a85,2025-10-12 20:12:14.005,foothill,Car,4.255122,0.0,0.0,180.0,-180.0,0.0,0.0,inf,0.0,0.0,0,0,0.7218093913430668,True,35.293964,-120.668045,0.0,0.0,0.0,0.0
690fd7de87825a48788a8a85,2025-10-12 20:12:14.005,foothill,Car,4.255122,0.0,0.0,0.0,-180.0,0.0,0.0,inf,0.0,180.0,0,0,0.7218093913430668,True,35.293964,-120.668045,0.0,0.0,0.0,0.0
690fd7de87825a48788a8a85,2025-10-12 20:12:14.005,foothill,Car,4.255122,0.0,0.0,90.0,90.0,0.0,0.0,inf,0.0,0.0,0,0,0.7218093913430668,True,35.293964,-120.66804,0.0,0.0,0.0,0.0
690fd7de87825a48788a8a85,2025-10-12 20:12:14.005,foothill,Car,4.255122,0.0,0.0,0.0,-90.0,0.0,0.0,inf,0.0,90.0,0,0,0.7218093913430668,True,35.293964,-120.66804,0.0,0.0,0.0,0.0
690fd7de87825a48788a8a85,2025-10-12 20:12:14.005,foothill,Car,4.255122,0.0,0.0,180.0,-180.0,0.0,0.0,inf,0.0,0.0,0,0,0.7218093913430668,True,35.29396,-120.66804,0.0,0.0,0.0,0.0
690fd7de87825a48788a8a85,2025-10-12 20:12:14.005,foothill,Car,4.255122,0.0,0.0,0.0,-180.0,0.0,0.0,inf,0.0,180.0,0,0,0.7218093913430668,True,35.29396,-120.66804,0.0,0.0,0.0,0.0
690fd7de87825a48788a8a85,2025-10-12 20:12:14.005,foothill,Car,4.255122,0.0,0.0,90.0,90.0,0.4241749942302704,4.255122184753418,inf,0.0,90.0,0,0,0.7218093913430668,True,35.29396,-120.66803,0.0,0.0,0.0,0.0
690fd7de87825a48788a8a85,2025-10-12 20:12:14.005,foothill,Car,4.255122,0.0,0.0,180.0,90.0,0.4241749942302704,4.255122184753418,inf,0.0,90.0,0,0,0.7218093913430668,True,35.293957,-120.66803,0.0,0.0,0.0,0.0
690fd7de87825a48788a8a85,2025-10-12 20:12:14.005,foothill,Car,4.255122,0.0,0.0,0.0,-180.0,0.4241749942302704,-5.2110218656825245e-16,813995825037312.0,0.0,180.0,0,0,0.7218093913430668,True,35.293957,-120.66802,0.0,0.0,0.0,0.0
690fd7de87825a48788a8a85,2025-10-12 20:12:14.005,foothill,Car,4.255122,0.0,0.0,180.0,-180.0,0.0,0.0,inf,0.0,0.0,0,0,0.7218093913430668,True,35.293953,-120.66802,0.0,0.0,0.0,0.0
690fd7de87825a48788a8a85,2025-10-12 20:12:14.005,foothill,Car,4.255122,0.0,0.0,0.0,-180.0,0.0,0.0,inf,0.0,180.0,0,0,0.7218093913430668,True,35.293953,-120.66802,0.0,0.0,0.0,0.0
690fd7de87825a48788a8a85,2025-10-12 20:12:14.005,foothill,Car,4.255122,0.0,0.0,180.0,-180.0,0.4241749942302704,0.0,inf,0.0,0.0,0,0,0.7218093913430668,True,35.29395,-120.66802,0.0,0.0,0.0,0.0
690fd7de87825a48788a8a85,2025-10-12 20:12:14.005,foothill,Car,4.255122,0.0,0.0,90.0,-90.0,0.0,0.0,inf,0.0,0.0,0,0,0.7218093913430668,True,35.29395,-120.668015,0.0,0.0,0.0,0.0
690fd7de87825a48788a8a85,2025-10-12 20:12:14.005,foothill,Car,4.255122,0.0,0.0,0.0,-90.0,0.0,0.0,inf,0.0,90.0,0,0,0.7218093913430668,True,35.29395,-120.668015,0.0,0.0,0.0,0.0
690fd7de87825a48788a8a85,2025-10-12 20:12:14.005,foothill,Car,4.255122,0.0,0.0,180.0,-180.0,0.0,0.0,inf,0.0,0.0,0,0,0.7218093913430668,True,35.293945,-120.668015,0.0,0.0,0.0,0.0
690fd7de87825a48788a8a85,2025-10-12 20:12:14.005,foothill,Car,4.255122,0.0,0.0,0.0,-180.0,0.0,0.0,inf,0.0,180.0,0,0,0.7218093913430668,True,35.293945,-120.668015,0.0,0.0,0.0,0.0
690fd7de87825a48788a8a85,2025-10-12 20:12:14.005,foothill,Car,4.255122,0.0,0.0,180.0,-180.0,0.4241749942302704,0.0,inf,0.0,0.0,0,0,0.7218093913430668,True,35.29394,-120.668015,0.0,0.0,0.0,0.0
690fd7de87825a48788a8a85,2025-10-12 20:12:14.005,foothill,Car,4.255122,0.0,0.0,180.0,0.0,0.0,0.0,inf,0.0,0.0,0,0,0.7218093913430668,True,35.293938,-120.66801,0.0,0.0,0.0,0.0
690fd7de87825a48788a8a85,2025-10-12 20:12:14.005,foothill,Car,4.255122,0.0,0.0,0.0,-180.0,0.0,0.0,inf,0.0,180.0,0,0,0.7218093913430668,True,35.293938,-120.66801,0.0,0.0,0.0,0.0
690fd7de87825a48788a8a85,2025-10-12 20:12:14.005,foothill,Car,4.255122,0.0,0.0,180.0,-180.0,0.4241749942302704,0.0,inf,0.0,0.0,0,0,0.7218093913430668,True,35.293934,-120.66801,0.0,0.0,0.0,0.0
690fd7de87825a48788a8a85,2025-10-12 20:12:14.005,foothill,Car,4.255122,0.0,0.0,180.0,0.0,0.4241749942302704,0.0,inf,0.0,0.0,0,0,0.7218093913430668,True,35.29393,-120.66801,0.0,0.0,0.0,0.0
690fd7de87825a48788a8a85,2025-10-12 20:12:14.005,foothill,Car,4.255122,0.0,0.0,98.70712,-81.29288,0.4241749942302704,4.206082344055176,inf,0.0,81.29287719726562,0,0,0.7218093913430668,True,35.293926,-120.668,0.0,0.0,0.0,0.0
690fd7de87825a48788a8a85,2025-10-12 20:12:14.005,foothill,Car,4.255122,0.0,0.0,180.0,81.29288,0.4241749942302704,0.0,inf,0.0,0.0,0,0,0.7218093913430668,True,35.293922,-120.668,0.0,0.0,0.0,0.0
690fd7de87825a48788a8a85,2025-10-12 20:12:14.005,foothill,Car,4.255122,0.0,0.0,180.0,0.0,0.0,0.0,inf,0.0,0.0,0,0,0.7218093913430668,True,35.29392,-120.668,0.0,0.0,0.0,0.0
690fd7de87825a48788a8a85,2025-10-12 20:12:14.005,foothill,Car,4.255122,0.0,0.0,0.0,-180.0,0.0,0.0,inf,0.0,180.0,0,0,0.7218093913430668,True,35.29392,-120.668,0.0,0.0,0.0,0.0
690fd7de87825a48788a8a85,2025-10-12 20:12:14.005,foothill,Car,4.255122,0.0,0.0,180.0,-180.0,0.4241749942302704,0.0,inf,0.0,0.0,0,0,0.7218093913430668,True,35.293915,-120.66799,0.0,0.0,0.0,0.0
690fd7de87825a48788a8a85,2025-10-12 20:12:14.005,foothill,Car,4.255122,0.0,0.0,180.0,0.0,0.0,0.0,inf,0.0,0.0,0,0,0.7218093913430668,True,35.29391,-120.66799,0.0,0.0,0.0,0.0
690fd7de87825a48788a8a85,2025-10-12 20:12:14.005,foothill,Car,4.255122,0.0,0.0,0.0,-180.0,0.0,0.0,inf,0.0,180.0,0,0,0.7218093913430668,True,35.29391,-120.66799,0.0,0.0,0.0,0.0
690fd7de87825a48788a8a85,2025-10-12 20:12:14.005,foothill,Car,4.255122,0.0,0.0,180.0,-180.0,0.4241749942302704,0.0,inf,0.0,0.0,0,0,0.7218093913430668,True,35.293907,-120.66799,0.0,0.0,0.0,0.0
690fd7de87825a48788a8a85,2025-10-12 20:12:14.005,foothill,Car,4.255122,0.0,0.0,180.0,0.0,0.0,0.0,inf,0.0,0.0,0,0,0.7218093913430668,True,35.293903,-120.66799,0.0,0.0,0.0,0.0
690fd7de87825a48788a8a85,2025-10-12 20:12:14.005,foothill,Car,4.255122,0.0,0.0,0.0,-180.0,0.0,0.0,inf,0.0,180.0,0,0,0.7218093913430668,True,35.293903,-120.66799,0.0,0.0,0.0,0.0
690fd7de87825a48788a8a85,2025-10-12 20:12:14.005,foothill,Car,4.255122,0.0,0.0,180.0,-180.0,0.0,0.0,inf,0.0,0.0,0,0,0.7218093913430668,True,35.2939,-120.66799,0.0,0.0,0.0,0.0
690fd7de87825a48788a8a85,2025-10-12 20:12:14.005,foothill,Car,4.255122,0.0,0.0,0.0,-180.0,0.0,0.0,inf,0.0,180.0,0,0,0.7218093913430668,True,35.2939,-120.66799,0.0,0.0,0.0,0.0
690fd7de87825a48788a8a85,2025-10-12 20:12:14.005,foothill,Car,4.255122,0.0,0.0,180.0,-180.0,0.4241749942302704,0.0,inf,0.0,0.0,0,0,0.7218093913430668,True,35.293896,-120.66799,0.0,0.0,0.0,0.0
690fd7de87825a48788a8a85,2025-10-12 20:12:14.005,foothill,Car,4.255122,0.0,0.0,107.029724,-72.970276,0.0,0.0,inf,0.0,0.0,0,0,0.7218093913430668,True,35.29389,-120.667984,0.0,0.0,0.0,0.0
690fd7de87825a48788a8a85,2025-10-12 20:12:14.005,foothill,Car,4.255122,0.0,0.0,0.0,-107.029724,0.0,0.0,inf,0.0,107.02972412109376,0,0,0.7218093913430668,True,35.29389,-120.667984,0.0,0.0,0.0,0.0
690fd7de87825a48788a8a85,2025-10-12 20:12:14.005,foothill,Car,4.255122,0.0,0.0,180.0,-180.0,0.4241749942302704,0.0,inf,0.0,0.0,0,0,0.7218093913430668,True,35.293888,-120.667984,0.0,0.0,0.0,0.0
690fd7de87825a48788a8a85,2025-10-12 20:12:14.005,foothill,Car,4.255122,0.0,0.0,180.0,0.0,0.0,0.0,inf,0.0,0.0,0,0,0.7218093913430668,True,35.293884,-120.667984,0.0,0.0,0.0,0.0
690fd7de87825a48788a8a85,2025-10-12 20:12:14.005,foothill,Car,4.255122,0.0,0.0,0.0,-180.0,0.0,0.0,inf,0.0,180.0,0,0,0.7218093913430668,True,35.293884,-120.667984,0.0,0.0,0.0,0.0
690fd7de87825a48788a8a85,2025-10-12 20:12:14.005,foothill,Car,4.255122,0.0,0.0,180.0,-180.0,0.4241749942302704,0.0,inf,0.0,0.0,0,0,0.7218093913430668,True,35.29388,-120.667984,0.0,0.0,0.0,0.0
690fd7de87825a48788a8a85,2025-10-12 20:12:14.005,foothill,Car,4.255122,0.0,0.0,180.0,0.0,0.4241749942302704,0.0,inf,0.0,0.0,0,0,0.7218093913430668,True,35.293877,-120.667984,0.0,0.0,0.0,0.0
690fd7de87825a48788a8a85,2025-10-12 20:12:14.005,foothill,Car,4.255122,0.0,0.0,180.0,0.0,0.0,0.0,inf,0.0,0.0,0,0,0.7218093913430668,True,35.293873,-120.667984,0.0,0.0,0.0,0.0
690fd7de87825a48788a8a85,2025-10-12 20:12:14.005,foothill,Car,4.255122,0.0,0.0,0.0,-180.0,0.0,0.0,inf,0.0,180.0,0,0,0.7218093913430668,True,35.293873,-120.667984,0.0,0.0,0.0,0.0
690fd7de87825a48788a8a85,2025-10-12 20:12:14.005,foothill,Car,4.255122,0.0,0.0,180.0,-180.0,0.4241749942302704,0.0,inf,0.0,0.0,0,0,0.7218093913430668,True,35.29387,-120.66798,0.0,0.0,0.0,0.0
690fd7de87825a48788a8a85,2025-10-12 20:12:14.005,foothill,Car,4.255122,0.0,0.0,180.0,0.0,0.4241749942302704,0.0,inf,0.0,0.0,0,0,0.7218093913430668,True,35.293865,-120.66798,0.0,0.0,0.0,0.0
690fd7de87825a48788a8a85,2025-10-12 20:12:14.005,foothill,Car,4.255122,0.0,0.0,180.0,0.0,0.0,0.0,inf,0.0,0.0,0,0,0.7218093913430668,True,35.29386,-120.66798,0.0,0.0,0.0,0.0
690fd7de87825a48788a8a85,2025-10-12 20:12:14.005,foothill,Car,4.255122,0.0,0.0,0.0,-180.0,0.0,0.0,inf,0.0,180.0,0,0,0.7218093913430668,True,35.29386,-120.66798,0.0,0.0,0.0,0.0
690fd7de87825a48788a8a85,2025-10-12 20:12:14.005,foothill,Car,4.255122,0.0,0.0,180.0,-180.0,0.4241749942302704,5.2110218656825245e-16,inf,0.0,180.0,0,0,0.7218093913430668,True,35.293858,-120.66798,0.0,0.0,0.0,0.0
690fd7de87825a48788a8a85,2025-10-12 20:12:14.005,foothill,Car,4.255122,0.0,0.0,0.0,-180.0,0.4241749942302704,5.2110218656825245e-16,inf,0.0,180.0,0,0,0.7218093913430668,True,35.293854,-120.66798,0.0,0.0,0.0,0.0
690fd7de87825a48788a8a85,2025-10-12 20:12:14.005,foothill,Car,4.255122,0.0,0.0,180.0,-180.0,0.0,0.0,inf,0.0,0.0,0,0,0.7218093913430668,True,35.29385,-120.66798,0.0,0.0,0.0,0.0
690fd7de87825a48788a8a85,2025-10-12 20:12:14.005,foothill,Car,4.255122,0.0,0.0,0.0,-180.0,0.0,0.0,inf,0.0,180.0,0,0,0.7218093913430668,True,35.29385,-120.66798,0.0,0.0,0.0,0.0
690fd7de87825a48788a8a85,2025-10-12 20:12:14.005,foothill,Car,4.255122,0.0,0.0,180.0,-180.0,0.0,0.0,inf,0.0,0.0,0,0,0.7218093913430668,True,35.293846,-120.66798,0.0,0.0,0.0,0.0
690fd7de87825a48788a8a85,2025-10-12 20:12:14.005,foothill,Car,4.255122,0.0,0.0,0.0,-180.0,0.0,0.0,inf,0.0,180.0,0,0,0.7218093913430668,True,35.293846,-120.66798,0.0,0.0,0.0,0.0
690fd7de87825a48788a8a85,2025-10-12 20:12:14.005,foothill,Car,4.255122,0.0,0.0,180.0,-180.0,0.4241749942302704,0.0,inf,0.0,0.0,0,0,0.7218093913430668,True,35.293842,-120.66798,0.0,0.0,0.0,0.0
690fd7de87825a48788a8a85,2025-10-12 20:12:14.005,foothill,Car,4.255122,0.0,0.0,180.0,0.0,0.4241749942302704,0.0,inf,0.0,0.0,0,0,0.7218093913430668,True,35.29384,-120.66798,0.0,0.0,0.0,0.0
690fd7de87825a48788a8a85,2025-10-12 20:12:14.005,foothill,Car,4.255122,0.0,0.0,114.67624,-65.32376,0.0,0.0,inf,0.0,0.0,0,0,0.7218093913430668,True,35.293835,-120.66797,0.0,0.0,0.0,0.0
690fd7de87825a48788a8a85,2025-10-12 20:12:14.005,foothill,Car,4.255122,0.0,0.0,0.0,-114.67624,0.0,0.0,inf,0.0,114.67623901367188,0,0,0.7218093913430668,True,35.293835,-120.66797,0.0,0.0,0.0,0.0
690fd7de87825a48788a8a85,2025-10-12 20:12:14.005,foothill,Car,4.255122,0.0,0.0,180.0,-180.0,0.4241749942302704,3.8665504455566406,inf,0.0,65.32376098632812,0,0,0.7218093913430668,True,35.29383,-120.66797,0.0,0.0,0.0,0.0
690fd7de87825a48788a8a85,2025-10-12 20:12:14.005,foothill,Car,4.255122,0.0,0.0,180.0,0.0,0.0,0.0,inf,0.0,0.0,0,0,0.7218093913430668,True,35.293827,-120.66797,0.0,0.0,0.0,0.0
690fd7de87825a48788a8a85,2025-10-12 20:12:14.005,foothill,Car,4.255122,0.0,0.0,0.0,-180.0,0.0,0.0,inf,0.0,180.0,0,0,0.7218093913430668,True,35.293827,-120.66797,0.0,0.0,0.0,0.0
690fd7de87825a48788a8a86,2025-10-12 20:12:13.603,foothill,Car,9.664984,0.0,0.0,0.0,0.0,0.0,0.0,inf,0.0,0.0,1,0,0.8143844782004143,True,35.294003,-120.6681,0.1,0.0,0.0,0.0
690fd7de87825a48788a8a86,2025-10-12 20:12:13.603,foothill,Car,9.664984,0.0,0.0,0.0,0.0,0.0,0.0,inf,0.0,0.0,0,0,0.8143844782004143,True,35.294003,-120.6681,0.0,0.0,0.0,0.0
690fd7de87825a48788a8a86,2025-10-12 20:12:13.603,foothill,Car,9.664984,0.0,0.0,0.0,0.0,0.6924216151237488,0.0,inf,0.0,0.0,0,0,0.8143844782004143,True,35.294003,-120.66809,0.0,0.0,0.0,0.0
690fd7de87825a48788a8a86,2025-10-12 20:12:13.603,foothill,Car,9.664984,0.0,0.0,90.0,90.0,0.0,0.0,inf,0.0,0.0,0,0,0.8143844782004143,True,35.294003,-120.66808,0.0,0.0,0.0,0.0
690fd7de87825a48788a8a86,2025-10-12 20:12:13.603,foothill,Car,9.664984,0.0,0.0,0.0,-90.0,0.0,0.0,inf,0.0,90.0,0,0,0.8143844782004143,True,35.294003,-120.66808,0.0,0.0,0.0,0.0
690fd7de87825a48788a8a86,2025-10-12 20:12:13.603,foothill,Car,9.664984,0.0,0.0,0.0,0.0,0.6924216151237488,9.664983749389648,inf,0.0,90.0,0,0,0.8143844782004143,True,35.294003,-120.668076,0.0,0.0,0.0,0.0
690fd7de87825a48788a8a86,2025-10-12 20:12:13.603,foothill,Car,9.664984,0.0,0.0,98.70715,98.70715,0.8120173215866089,-14.479665756225586,0.056079838424921,0.0,98.7071533203125,0,0,0.8143844782004143,True,35.294,-120.66807,0.0,0.0,0.0,0.0
690fd7de87825a48788a8a86,2025-10-12 20:12:13.603,foothill,Car,9.664984,0.0,0.0,0.0,-98.70715,0.0,0.0,inf,0.0,0.0,0,0,0.8143844782004143,True,35.294003,-120.66806,0.0,0.0,0.0,0.0
690fd7de87825a48788a8a86,2025-10-12 20:12:13.603,foothill,Car,9.664984,0.0,0.0,0.0,0.0,0.0,0.0,inf,0.0,0.0,0,0,0.8143844782004143,True,35.294003,-120.66806,0.0,0.0,0.0,0.0
690fd7de87825a48788a8a86,2025-10-12 20:12:13.603,foothill,Car,9.664984,0.0,0.0,90.0,90.0,0.6924216151237488,-9.664983749389648,0.0716422945261001,0.0,90.0,0,0,0.8143844782004143,True,35.294003,-120.66805,0.0,0.0,0.0,0.0
690fd7de87825a48788a8a86,2025-10-12 20:12:13.603,foothill,Car,9.664984,0.0,0.0,0.0,-90.0,0.6924216151237488,9.664983749389648,inf,0.0,90.0,0,0,0.8143844782004143,True,35.294003,-120.668045,0.0,0.0,0.0,0.0
690fd7de87825a48788a8a86,2025-10-12 20:12:13.603,foothill,Car,9.664984,0.0,0.0,90.0,90.0,0.6924216151237488,0.0,inf,0.0,0.0,0,0,0.8143844782004143,True,35.294003,-120.66804,0.0,0.0,0.0,0.0
690fd7de87825a48788a8a86,2025-10-12 20:12:13.603,foothill,Car,9.664984,0.0,0.0,90.0,0.0,0.0,0.0,inf,0.0,0.0,0,0,0.8143844782004143,True,35.294003,-120.66803,0.0,0.0,0.0,0.0
690fd7de87825a48788a8a86,2025-10-12 20:12:13.603,foothill,Car,9.664984,0.0,0.0,0.0,-90.0,0.0,0.0,inf,0.0,90.0,0,0,0.8143844782004143,True,35.294003,-120.66803,0.0,0.0,0.0,0.0
690fd7de87825a48788a8a86,2025-10-12 20:12:13.603,foothill,Car,9.664984,0.0,0.0,0.0,0.0,0.6924216151237488,9.664983749389648,inf,0.0,90.0,0,0,0.8143844782004143,True,35.294003,-120.66802,0.0,0.0,0.0,0.0
690fd7de87825a48788a8a86,2025-10-12 20:12:13.603,foothill,Car,9.664984,0.0,0.0,90.0,90.0,0.6924216151237488,9.664983749389648,inf,0.0,90.0,0,0,0.8143844782004143,True,35.294003,-120.668015,0.0,0.0,0.0,0.0
690fd7de87825a48788a8a86,2025-10-12 20:12:13.603,foothill,Car,9.664984,0.0,0.0,0.0,-90.0,0.6924216151237488,9.664983749389648,inf,0.0,90.0,0,0,0.8143844782004143,True,35.294003,-120.66801,0.0,0.0,0.0,0.0
690fd7de87825a48788a8a86,2025-10-12 20:12:13.603,foothill,Car,9.664984,0.0,0.0,90.0,90.0,0.0,0.0,inf,0.0,0.0,0,0,0.8143844782004143,True,35.294003,-120.668,0.0,0.0,0.0,0.0
690fd7de87825a48788a8a86,2025-10-12 20:12:13.603,foothill,Car,9.664984,0.0,0.0,0.0,-90.0,0.0,0.0,inf,0.0,90.0,0,0,0.8143844782004143,True,35.294003,-120.668,0.0,0.0,0.0,0.0
690fd7de87825a48788a8a86,2025-10-12 20:12:13.603,foothill,Car,9.664984,0.0,0.0,0.0,0.0,0.6924216151237488,9.664983749389648,inf,0.0,90.0,0,0,0.8143844782004143,True,35.294003,-120.66799,0.0,0.0,0.0,0.0
690fd7de87825a48788a8a86,2025-10-12 20:12:13.603,foothill,Car,9.664984,0.0,0.0,98.70715,98.70715,0.6924216151237488,11.1281099319458,inf,0.0,98.7071533203125,0,0,0.8143844782004143,True,35.294,-120.667984,0.0,0.0,0.0,0.0
690fd7de87825a48788a8a86,2025-10-12 20:12:13.603,foothill,Car,9.664984,0.0,0.0,0.0,-98.70715,0.6924216151237488,11.1281099319458,inf,0.0,98.7071533203125,0,0,0.8143844782004143,True,35.294,-120.66798,0.0,0.0,0.0,0.0
690fd7de87825a48788a8a86,2025-10-12 20:12:13.603,foothill,Car,9.664984,0.0,0.0,90.0,90.0,0.6924216151237488,0.0,inf,0.0,0.0,0,0,0.8143844782004143,True,35.294,-120.66797,0.0,0.0,0.0,0.0
690fd7de87825a48788a8a86,2025-10-12 20:12:13.603,foothill,Car,9.664984,0.0,0.0,90.0,0.0,0.6924216151237488,0.0,inf,0.0,0.0,0,0,0.8143844782004143,True,35.294,-120.66796,0.0,0.0,0.0,0.0
690fd7de87825a48788a8a86,2025-10-12 20:12:13.603,foothill,Car,9.664984,0.0,0.0,0.0,-90.0,0.6924216151237488,9.664983749389648,inf,0.0,90.0,0,0,0.8143844782004143,True,35.294,-120.66795,0.0,0.0,0.0,0.0
690fd7de87825a48788a8a86,2025-10-12 20:12:13.603,foothill,Car,9.664984,0.0,0.0,90.0,90.0,0.6924216151237488,-9.664983749389648,0.0716422945261001,0.0,90.0,0,0,0.8143844782004143,True,35.294,-120.667946,0.0,0.0,0.0,0.0
690fd7de87825a48788a8a86,2025-10-12 20:12:13.603,foothill,Car,9.664984,0.0,0.0,0.0,-90.0,0.6924216151237488,-9.664983749389648,0.0716422945261001,0.0,90.0,0,0,0.8143844782004143,True,35.294,-120.66794,0.0,0.0,0.0,0.0
690fd7de87825a48788a8a86,2025-10-12 20:12:13.603,foothill,Car,9.664984,0.0,0.0,90.0,90.0,0.0,0.0,inf,0.0,0.0,0,0,0.8143844782004143,True,35.294,-120.66793,0.0,0.0,0.0,0.0
690fd7de87825a48788a8a86,2025-10-12 20:12:13.603,foothill,Car,9.664984,0.0,0.0,0.0,-90.0,0.0,0.0,inf,0.0,90.0,0,0,0.8143844782004143,True,35.294,-120.66793,0.0,0.0,0.0,0.0
690fd7de87825a48788a8a86,2025-10-12 20:12:13.603,foothill,Car,9.664984,0.0,0.0,0.0,0.0,0.6924216151237488,9.664983749389648,inf,0.0,90.0,0,0,0.8143844782004143,True,35.294,-120.66792,0.0,0.0,0.0,0.0
690fd7de87825a48788a8a86,2025-10-12 20:12:13.603,foothill,Car,9.664984,0.0,0.0,90.0,90.0,0.6924216151237488,0.0,inf,0.0,0.0,0,0,0.8143844782004143,True,35.294,-120.667915,0.0,0.0,0.0,0.0
690fd7de87825a48788a8a86,2025-10-12 20:12:13.603,foothill,Car,9.664984,0.0,0.0,90.0,0.0,0.6924216151237488,0.0,inf,0.0,0.0,0,0,0.8143844782004143,True,35.294,-120.66791,0.0,0.0,0.0,0.0
690fd7de87825a48788a8a86,2025-10-12 20:12:13.603,foothill,Car,9.664984,0.0,0.0,0.0,-90.0,0.6924216151237488,-9.664983749389648,0.0716422945261001,0.0,90.0,0,0,0.8143844782004143,True,35.294003,-120.6679,0.0,0.0,0.0,0.0
690fd7de87825a48788a8a86,2025-10-12 20:12:13.603,foothill,Car,9.664984,0.0,0.0,90.0,90.0,0.6924216151237488,9.664983749389648,inf,0.0,90.0,0,0,0.8143844782004143,True,35.294003,-120.66789,0.0,0.0,0.0,0.0
690fd7de87825a48788a8a86,2025-10-12 20:12:13.603,foothill,Car,9.664984,0.0,0.0,0.0,-90.0,0.6924216151237488,9.664983749389648,inf,0.0,90.0,0,0,0.8143844782004143,True,35.294003,-120.667885,0.0,0.0,0.0,0.0
690fd7de87825a48788a8a86,2025-10-12 20:12:13.603,foothill,Car,9.664984,0.0,0.0,90.0,90.0,0.6924216151237488,-9.664983749389648,0.0716422945261001,0.0,90.0,0,0,0.8143844782004143,True,35.294003,-120.66788,0.0,0.0,0.0,0.0
690fd7de87825a48788a8a86,2025-10-12 20:12:13.603,foothill,Car,9.664984,0.0,0.0,0.0,-90.0,0.0,0.0,inf,0.0,0.0,0,0,0.8143844782004143,True,35.294003,-120.66787,0.0,0.0,0.0,0.0
690fd7de87825a48788a8a86,2025-10-12 20:12:13.603,foothill,Car,9.664984,0.0,0.0,0.0,0.0,0.0,0.0,inf,0.0,0.0,0,0,0.8143844782004143,True,35.294003,-120.66787,0.0,0.0,0.0,0.0
690fd7de87825a48788a8a86,2025-10-12 20:12:13.603,foothill,Car,9.664984,0.0,0.0,90.0,90.0,0.6924216151237488,-9.664983749389648,0.0716422945261001,0.0,90.0,0,0,0.8143844782004143,True,35.294003,-120.66786,0.0,0.0,0.0,0.0
690fd7de87825a48788a8a86,2025-10-12 20:12:13.603,foothill,Car,9.664984,0.0,0.0,0.0,-90.0,0.6924216151237488,9.664983749389648,inf,0.0,90.0,0,0,0.8143844782004143,True,35.294003,-120.667854,0.0,0.0,0.0,0.0
690fd7de87825a48788a8a86,2025-10-12 20:12:13.603,foothill,Car,9.664984,0.0,0.0,90.0,90.0,0.6924216151237488,0.0,inf,0.0,0.0,0,0,0.8143844782004143,True,35.294003,-120.66785,0.0,0.0,0.0,0.0
690fd7de87825a48788a8a86,2025-10-12 20:12:13.603,foothill,Car,9.664984,0.0,0.0,90.0,0.0,0.6924216151237488,0.0,inf,0.0,0.0,0,0,0.8143844782004143,True,35.294003,-120.66784,0.0,0.0,0.0,0.0
690fd7de87825a48788a8a86,2025-10-12 20:12:13.603,foothill,Car,9.664984,0.0,0.0,0.0,-90.0,0.6924216151237488,9.664983749389648,inf,0.0,90.0,0,0,0.8143844782004143,True,35.294003,-120.66783,0.0,0.0,0.0,0.0
690fd7de87825a48788a8a86,2025-10-12 20:12:13.603,foothill,Car,9.664984,0.0,0.0,90.0,90.0,0.6924216151237488,9.664983749389648,inf,0.0,90.0,0,0,0.8143844782004143,True,35.294003,-120.66782,0.0,0.0,0.0,0.0
690fd7de87825a48788a8a86,2025-10-12 20:12:13.603,foothill,Car,9.664984,0.0,0.0,0.0,-90.0,0.6924216151237488,9.664983749389648,inf,0.0,90.0,0,0,0.8143844782004143,True,35.294003,-120.667816,0.0,0.0,0.0,0.0
690fd7de87825a48788a8a86,2025-10-12 20:12:13.603,foothill,Car,9.664984,0.0,0.0,90.0,90.0,0.0,0.0,inf,0.0,0.0,0,0,0.8143844782004143,True,35.294003,-120.66781,0.0,0.0,0.0,0.0
690fd7de87825a48788a8a86,2025-10-12 20:12:13.603,foothill,Car,9.664984,0.0,0.0,0.0,-90.0,0.0,0.0,inf,0.0,90.0,0,0,0.8143844782004143,True,35.294003,-120.66781,0.0,0.0,0.0,0.0
690fd7de87825a48788a8a86,2025-10-12 20:12:13.603,foothill,Car,9.664984,0.0,0.0,0.0,0.0,0.6924216151237488,-9.664983749389648,0.0716422945261001,0.0,90.0,0,0,0.8143844782004143,True,35.294003,-120.6678,0.0,0.0,0.0,0.0
690fd7de87825a48788a8a86,2025-10-12 20:12:13.603,foothill,Car,9.664984,0.0,0.0,90.0,90.0,0.6924216151237488,-9.664983749389648,0.0716422945261001,0.0,90.0,0,0,0.8143844782004143,True,35.294003,-120.66779,0.0,0.0,0.0,0.0
690fd7de87825a48788a8a86,2025-10-12 20:12:13.603,foothill,Car,9.664984,0.0,0.0,0.0,-90.0,0.6924216151237488,9.664983749389648,inf,0.0,90.0,0,0,0.8143844782004143,True,35.294003,-120.667786,0.0,0.0,0.0,0.0
690fd7de87825a48788a8a86,2025-10-12 20:12:13.603,foothill,Car,9.664984,0.0,0.0,65.3237,65.3237,0.692421555519104,-4.035046100616455,0.1716018915176391,0.0,24.676300048828125,0,0,0.8143844782004143,True,35.294006,-120.66778,0.0,0.0,0.0,0.0
690fd7de87825a48788a8a86,2025-10-12 20:12:13.603,foothill,Car,9.664984,0.0,0.0,90.0,24.6763,0.0,0.0,inf,0.0,0.0,0,0,0.8143844782004143,True,35.294006,-120.66777,0.0,0.0,0.0,0.0
690fd7de87825a48788a8a86,2025-10-12 20:12:13.603,foothill,Car,9.664984,0.0,0.0,0.0,-90.0,0.0,0.0,inf,0.0,90.0,0,0,0.8143844782004143,True,35.294006,-120.66777,0.0,0.0,0.0,0.0
690fd7de87825a48788a8a86,2025-10-12 20:12:13.603,foothill,Car,9.664984,0.0,0.0,0.0,0.0,0.692421555519104,9.664983749389648,inf,0.0,90.0,0,0,0.8143844782004143,True,35.294006,-120.66776,0.0,0.0,0.0,0.0
690fd7de87825a48788a8a86,2025-10-12 20:12:13.603,foothill,Car,9.664984,0.0,0.0,90.0,90.0,0.692421555519104,9.664983749389648,inf,0.0,90.0,0,0,0.8143844782004143,True,35.294006,-120.667755,0.0,0.0,0.0,0.0
690fd7de87825a48788a8a86,2025-10-12 20:12:13.603,foothill,Car,9.664984,0.0,0.0,0.0,-90.0,0.692421555519104,9.664983749389648,inf,0.0,90.0,0,0,0.8143844782004143,True,35.294006,-120.66775,0.0,0.0,0.0,0.0
690fd7de87825a48788a8a86,2025-10-12 20:12:13.603,foothill,Car,9.664984,0.0,0.0,90.0,90.0,0.692421555519104,-9.664983749389648,0.0716422870755195,0.0,90.0,0,0,0.8143844782004143,True,35.294006,-120.66774,0.0,0.0,0.0,0.0
690fd7de87825a48788a8a86,2025-10-12 20:12:13.603,foothill,Car,9.664984,0.0,0.0,0.0,-90.0,0.692421555519104,9.664983749389648,inf,0.0,90.0,0,0,0.8143844782004143,True,35.294006,-120.66773,0.0,0.0,0.0,0.0
690fd7de87825a48788a8a86,2025-10-12 20:12:13.603,foothill,Car,9.664984,0.0,0.0,81.29285,81.29285,0.0,0.0,inf,0.0,0.0,0,0,0.8143844782004143,True,35.29401,-120.667725,0.0,0.0,0.0,0.0
690fd7de87825a48788a8a86,2025-10-12 20:12:13.603,foothill,Car,9.664984,0.0,0.0,0.0,-81.29285,0.0,0.0,inf,0.0,81.2928466796875,0,0,0.8143844782004143,True,35.29401,-120.667725,0.0,0.0,0.0,0.0
690fd7de87825a48788a8a86,2025-10-12 20:12:13.603,foothill,Car,9.664984,0.0,0.0,0.0,0.0,0.692421555519104,8.201857566833496,inf,0.0,81.2928466796875,0,0,0.8143844782004143,True,35.29401,-120.66772,0.0,0.0,0.0,0.0
690fd7de87825a48788a8a86,2025-10-12 20:12:13.603,foothill,Car,9.664984,0.0,0.0,90.0,90.0,0.692421555519104,-9.664983749389648,0.0716422870755195,0.0,90.0,0,0,0.8143844782004143,True,35.29401,-120.66771,0.0,0.0,0.0,0.0
690fd7de87825a48788a8a86,2025-10-12 20:12:13.603,foothill,Car,9.664984,0.0,0.0,90.0,0.0,0.692421555519104,9.664983749389648,inf,0.0,90.0,0,0,0.8143844782004143,True,35.29401,-120.6677,0.0,0.0,0.0,0.0
690fd7de87825a48788a8a86,2025-10-12 20:12:13.603,foothill,Car,9.664984,0.0,0.0,0.0,-90.0,0.692421555519104,9.664983749389648,inf,0.0,90.0,0,0,0.8143844782004143,True,35.29401,-120.667694,0.0,0.0,0.0,0.0
690fd7de87825a48788a8a86,2025-10-12 20:12:13.603,foothill,Car,9.664984,0.0,0.0,90.0,90.0,0.692421555519104,-9.664983749389648,0.0716422870755195,0.0,90.0,0,0,0.8143844782004143,True,35.29401,-120.66769,0.0,0.0,0.0,0.0
690fd7de87825a48788a8a86,2025-10-12 20:12:13.603,foothill,Car,9.664984,0.0,0.0,0.0,-90.0,0.0,0.0,inf,0.0,0.0,0,0,0.8143844782004143,True,35.29401,-120.66768,0.0,0.0,0.0,0.0
690fd7de87825a48788a8a86,2025-10-12 20:12:13.603,foothill,Car,9.664984,0.0,0.0,0.0,0.0,0.0,0.0,inf,0.0,0.0,0,0,0.8143844782004143,True,35.29401,-120.66768,0.0,0.0,0.0,0.0
690fd7de87825a48788a8a86,2025-10-12 20:12:13.603,foothill,Car,9.664984,0.0,0.0,90.0,90.0,0.692421555519104,-9.664983749389648,0.0716422870755195,0.0,90.0,0,0,0.8143844782004143,True,35.29401,-120.66767,0.0,0.0,0.0,0.0
690fd7de87825a48788a8a86,2025-10-12 20:12:13.603,foothill,Car,9.664984,0.0,0.0,0.0,-90.0,0.692421555519104,9.664983749389648,inf,0.0,90.0,0,0,0.8143844782004143,True,35.29401,-120.66766,0.0,0.0,0.0,0.0
690fd7de87825a48788a8a86,2025-10-12 20:12:13.603,foothill,Car,9.664984,0.0,0.0,90.0,90.0,0.692421555519104,0.0,inf,0.0,0.0,0,0,0.8143844782004143,True,35.29401,-120.667656,0.0,0.0,0.0,0.0
690fd7de87825a48788a8a86,2025-10-12 20:12:13.603,foothill,Car,9.664984,0.0,0.0,90.0,0.0,0.692421555519104,0.0,inf,0.0,0.0,0,0,0.8143844782004143,True,35.29401,-120.66765,0.0,0.0,0.0,0.0
690fd7de87825a48788a8a86,2025-10-12 20:12:13.603,foothill,Car,9.664984,0.0,0.0,0.0,-90.0,0.6924214959144592,-9.664983749389648,0.0716422796249389,0.0,90.0,0,0,0.8143844782004143,True,35.294014,-120.66764,0.0,0.0,0.0,0.0
690fd7de87825a48788a8a86,2025-10-12 20:12:13.603,foothill,Car,9.664984,0.0,0.0,90.0,90.0,0.6924214959144592,9.664983749389648,inf,0.0,90.0,0,0,0.8143844782004143,True,35.294014,-120.66763,0.0,0.0,0.0,0.0
690fd7de87825a48788a8a86,2025-10-12 20:12:13.603,foothill,Car,9.664984,0.0,0.0,0.0,-90.0,0.6924214959144592,9.664983749389648,inf,0.0,90.0,0,0,0.8143844782004143,True,35.294014,-120.667625,0.0,0.0,0.0,0.0
690fd7de87825a48788a8a86,2025-10-12 20:12:13.603,foothill,Car,9.664984,0.0,0.0,90.0,90.0,0.0,0.0,inf,0.0,0.0,0,0,0.8143844782004143,True,35.294014,-120.66762,0.0,0.0,0.0,0.0
690fd7de87825a48788a8a86,2025-10-12 20:12:13.603,foothill,Car,9.664984,0.0,0.0,0.0,-90.0,0.0,0.0,inf,0.0,90.0,0,0,0.8143844782004143,True,35.294014,-120.66762,0.0,0.0,0.0,0.0
690fd7de87825a48788a8a86,2025-10-12 20:12:13.603,foothill,Car,9.664984,0.0,0.0,0.0,0.0,0.6924214959144592,-9.664983749389648,0.0716422796249389,0.0,90.0,0,0,0.8143844782004143,True,35.294014,-120.66761,0.0,0.0,0.0,0.0
690fd7de87825a48788a8a86,2025-10-12 20:12:13.603,foothill,Car,9.664984,0.0,0.0,90.0,90.0,0.6924214959144592,-9.664983749389648,0.0716422796249389,0.0,90.0,0,0,0.8143844782004143,True,35.294014,-120.6676,0.0,0.0,0.0,0.0
690fd7de87825a48788a8a86,2025-10-12 20:12:13.603,foothill,Car,9.664984,0.0,0.0,90.0,0.0,0.8120172023773193,-1.189447283744812,0.6826844811439514,0.0,8.7071533203125,0,0,0.8143844782004143,True,35.294014,-120.66759,0.0,0.0,0.0,0.0
690fd7de87825a48788a8a86,2025-10-12 20:12:13.603,foothill,Car,9.664984,0.0,0.0,98.70715,8.707153,0.692421555519104,11.1281099319458,inf,0.0,98.7071533203125,0,0,0.8143844782004143,True,35.29401,-120.66758,0.0,0.0,0.0,0.0
690fd7de87825a48788a8a86,2025-10-12 20:12:13.603,foothill,Car,9.664984,0.0,0.0,0.0,-98.70715,0.4241749942302704,0.0,inf,0.0,0.0,0,0,0.8143844782004143,True,35.29401,-120.66757,0.0,0.0,0.0,0.0
690fd7de87825a48788a8a86,2025-10-12 20:12:13.603,foothill,Car,9.664984,0.0,0.0,0.0,0.0,0.4241749942302704,0.0,inf,0.0,0.0,0,0,0.8143844782004143,True,35.294014,-120.66757,0.0,0.0,0.0,0.0
690fd7de87825a48788a8a86,2025-10-12 20:12:13.603,foothill,Car,9.664984,0.0,0.0,90.0,90.0,0.6924214959144592,9.664983749389648,inf,0.0,90.0,0,0,0.8143844782004143,True,35.294014,-120.667564,0.0,0.0,0.0,0.0
690fd7de87825a48788a8a86,2025-10-12 20:12:13.603,foothill,Car,9.664984,0.0,0.0,0.0,-90.0,0.6924214959144592,9.664983749389648,inf,0.0,90.0,0,0,0.8143844782004143,True,35.294014,-120.66756,0.0,0.0,0.0,0.0
690fd7de87825a48788a8a86,2025-10-12 20:12:13.603,foothill,Car,9.664984,0.0,0.0,90.0,90.0,0.6924214959144592,-9.664983749389648,0.0716422796249389,0.0,90.0,0,0,0.8143844782004143,True,35.294014,-120.66755,0.0,0.0,0.0,0.0
690fd7de87825a48788a8a86,2025-10-12 20:12:13.603,foothill,Car,9.664984,0.0,0.0,0.0,-90.0,0.6924214959144592,-9.664983749389648,0.0716422796249389,0.0,90.0,0,0,0.8143844782004143,True,35.294014,-120.66754,0.0,0.0,0.0,0.0
690fd7de87825a48788a8a86,2025-10-12 20:12:13.603,foothill,Car,9.664984,0.0,0.0,90.0,90.0,0.6924214959144592,-9.664983749389648,0.0716422796249389,0.0,90.0,0,0,0.8143844782004143,True,35.294014,-120.667534,0.0,0.0,0.0,0.0
690fd7de87825a48788a8a86,2025-10-12 20:12:13.603,foothill,Car,9.664984,0.0,0.0,0.0,-90.0,0.6924214959144592,9.664983749389648,inf,0.0,90.0,0,0,0.8143844782004143,True,35.294014,-120.66753,0.0,0.0,0.0,0.0
690fd7de87825a48788a8a86,2025-10-12 20:12:13.603,foothill,Car,9.664984,0.0,0.0,90.0,90.0,0.0,0.0,inf,0.0,0.0,0,0,0.8143844782004143,True,35.294014,-120.66752,0.0,0.0,0.0,0.0
690fd7de87825a48788a8a86,2025-10-12 20:12:13.603,foothill,Car,9.664984,0.0,0.0,0.0,-90.0,0.0,0.0,inf,0.0,90.0,0,0,0.8143844782004143,True,35.294014,-120.66752,0.0,0.0,0.0,0.0
690fd7de87825a48788a8a86,2025-10-12 20:12:13.603,foothill,Car,9.664984,0.0,0.0,90.0,90.0,0.6924214959144592,0.0,inf,0.0,0.0,0,0,0.8143844782004143,True,35.294014,-120.66751,0.0,0.0,0.0,0.0
690fd7de87825a48788a8a86,2025-10-12 20:12:13.603,foothill,Car,9.664984,0.0,0.0,0.0,-90.0,0.6924214959144592,9.664983749389648,inf,0.0,90.0,0,0,0.8143844782004143,True,35.294014,-120.6675,0.0,0.0,0.0,0.0
690fd7de87825a48788a8a86,2025-10-12 20:12:13.603,foothill,Car,9.664984,0.0,0.0,90.0,90.0,0.6924214959144592,-9.664983749389648,0.0716422796249389,0.0,90.0,0,0,0.8143844782004143,True,35.294014,-120.667496,0.0,0.0,0.0,0.0
690fd7de87825a48788a8a87,2025-10-12 20:12:21.402,foothill,Car,0.0,0.0,0.0,0.0,0.0,,,,,,1,0,0.5,False,35.294067,-120.66767,0.1,0.0,0.0,0.0
690fd7de87825a48788a8a88,2025-10-12 20:12:15.341,foothill,Car,9.88881,0.0,0.0,0.0,0.0,0.8120172619819641,-16.64671516418457,0.0487794280052185,0.0,114.67626953125,1,0,0.8206879193043513,True,35.294006,-120.66811,0.1,0.0,0.0,0.0
690fd7de87825a48788a8a88,2025-10-12 20:12:15.341,foothill,Car,9.88881,0.0,0.0,114.67627,114.67627,0.0,0.0,inf,0.0,0.0,0,0,0.8206879193043513,True,35.294003,-120.668106,0.0,0.0,0.0,0.0
690fd7de87825a48788a8a88,2025-10-12 20:12:15.341,foothill,Car,9.88881,0.0,0.0,0.0,-114.67627,0.0,0.0,inf,0.0,114.67626953125,0,0,0.8206879193043513,True,35.294003,-120.668106,0.0,0.0,0.0,0.0
690fd7de87825a48788a8a88,2025-10-12 20:12:15.341,foothill,Car,9.88881,0.0,0.0,90.0,90.0,0.6924216151237488,4.128486633300781,inf,0.0,24.67626953125,0,0,0.8206879193043513,True,35.294003,-120.6681,0.0,0.0,0.0,0.0
690fd7de87825a48788a8a88,2025-10-12 20:12:15.341,foothill,Car,9.88881,0.0,0.0,0.0,-90.0,0.6924216151237488,9.88881015777588,inf,0.0,90.0,0,0,0.8206879193043513,True,35.294003,-120.66809,0.0,0.0,0.0,0.0
690fd7de87825a48788a8a88,2025-10-12 20:12:15.341,foothill,Car,9.88881,0.0,0.0,65.3237,65.3237,0.692421555519104,5.760318756103516,inf,0.0,65.32369995117188,0,0,0.8206879193043513,True,35.294006,-120.66808,0.0,0.0,0.0,0.0
690fd7de87825a48788a8a88,2025-10-12 20:12:15.341,foothill,Car,9.88881,0.0,0.0,0.0,-65.3237,0.0,0.0,inf,0.0,0.0,0,0,0.8206879193043513,True,35.294006,-120.668076,0.0,0.0,0.0,0.0
690fd7de87825a48788a8a88,2025-10-12 20:12:15.341,foothill,Car,9.88881,0.0,0.0,0.0,0.0,0.0,0.0,inf,0.0,0.0,0,0,0.8206879193043513,True,35.294006,-120.668076,0.0,0.0,0.0,0.0
690fd7de87825a48788a8a88,2025-10-12 20:12:15.341,foothill,Car,9.88881,0.0,0.0,90.0,90.0,0.692421555519104,-9.88881015777588,0.0700207129120826,0.0,90.0,0,0,0.8206879193043513,True,35.294006,-120.66807,0.0,0.0,0.0,0.0
690fd7de87825a48788a8a88,2025-10-12 20:12:15.341,foothill,Car,9.88881,0.0,0.0,180.0,90.0,0.6924216151237488,9.88881015777588,inf,0.0,90.0,0,0,0.8206879193043513,True,35.294003,-120.66806,0.0,0.0,0.0,0.0
690fd7de87825a48788a8a88,2025-10-12 20:12:15.341,foothill,Car,9.88881,0.0,0.0,90.0,-90.0,0.6924216151237488,9.88881015777588,inf,0.0,90.0,0,0,0.8206879193043513,True,35.294003,-120.66805,0.0,0.0,0.0,0.0
690fd7de87825a48788a8a88,2025-10-12 20:12:15.341,foothill,Car,9.88881,0.0,0.0,0.0,-90.0,0.6924216151237488,9.88881015777588,inf,0.0,90.0,0,0,0.8206879193043513,True,35.294003,-120.668045,0.0,0.0,0.0,0.0
690fd7de87825a48788a8a88,2025-10-12 20:12:15.341,foothill,Car,9.88881,0.0,0.0,90.0,90.0,0.0,0.0,inf,0.0,0.0,0,0,0.8206879193043513,True,35.294003,-120.66804,0.0,0.0,0.0,0.0
690fd7de87825a48788a8a88,2025-10-12 20:12:15.341,foothill,Car,9.88881,0.0,0.0,0.0,-90.0,0.0,0.0,inf,0.0,90.0,0,0,0.8206879193043513,True,35.294003,-120.66804,0.0,0.0,0.0,0.0
690fd7de87825a48788a8a88,2025-10-12 20:12:15.341,foothill,Car,9.88881,0.0,0.0,90.0,90.0,0.6924216151237488,0.0,inf,0.0,0.0,0,0,0.8206879193043513,True,35.294003,-120.66803,0.0,0.0,0.0,0.0
690fd7de87825a48788a8a88,2025-10-12 20:12:15.341,foothill,Car,9.88881,0.0,0.0,0.0,-90.0,0.6924216151237488,9.88881015777588,inf,0.0,90.0,0,0,0.8206879193043513,True,35.294003,-120.66802,0.0,0.0,0.0,0.0
690fd7de87825a48788a8a88,2025-10-12 20:12:15.341,foothill,Car,9.88881,0.0,0.0,90.0,90.0,0.6924216151237488,9.88881015777588,inf,0.0,90.0,0,0,0.8206879193043513,True,35.294003,-120.668015,0.0,0.0,0.0,0.0
690fd7de87825a48788a8a88,2025-10-12 20:12:15.341,foothill,Car,9.88881,0.0,0.0,0.0,-90.0,0.6924216151237488,9.88881015777588,inf,0.0,90.0,0,0,0.8206879193043513,True,35.294003,-120.66801,0.0,0.0,0.0,0.0
690fd7de87825a48788a8a88,2025-10-12 20:12:15.341,foothill,Car,9.88881,0.0,0.0,90.0,90.0,0.0,0.0,inf,0.0,0.0,0,0,0.8206879193043513,True,35.294003,-120.668,0.0,0.0,0.0,0.0
690fd7de87825a48788a8a88,2025-10-12 20:12:15.341,foothill,Car,9.88881,0.0,0.0,0.0,-90.0,0.0,0.0,inf,0.0,90.0,0,0,0.8206879193043513,True,35.294003,-120.668,0.0,0.0,0.0,0.0
690fd7de87825a48788a8a88,2025-10-12 20:12:15.341,foothill,Car,9.88881,0.0,0.0,0.0,0.0,0.6924216151237488,-9.88881015777588,0.0700207203626632,0.0,90.0,0,0,0.8206879193043513,True,35.294003,-120.66799,0.0,0.0,0.0,0.0
690fd7de87825a48788a8a88,2025-10-12 20:12:15.341,foothill,Car,9.88881,0.0,0.0,90.0,90.0,0.6924216151237488,-9.88881015777588,0.0700207203626632,0.0,90.0,0,0,0.8206879193043513,True,35.294003,-120.667984,0.0,0.0,0.0,0.0
690fd7de87825a48788a8a88,2025-10-12 20:12:15.341,foothill,Car,9.88881,0.0,0.0,0.0,-90.0,0.6924216151237488,9.88881015777588,inf,0.0,90.0,0,0,0.8206879193043513,True,35.294003,-120.66798,0.0,0.0,0.0,0.0
690fd7de87825a48788a8a88,2025-10-12 20:12:15.341,foothill,Car,9.88881,0.0,0.0,90.0,90.0,0.6924216151237488,0.0,inf,0.0,0.0,0,0,0.8206879193043513,True,35.294003,-120.66797,0.0,0.0,0.0,0.0
690fd7de87825a48788a8a88,2025-10-12 20:12:15.341,foothill,Car,9.88881,0.0,0.0,90.0,0.0,0.6924216151237488,0.0,inf,0.0,0.0,0,0,0.8206879193043513,True,35.294003,-120.66796,0.0,0.0,0.0,0.0
690fd7de87825a48788a8a88,2025-10-12 20:12:15.341,foothill,Car,9.88881,0.0,0.0,0.0,-90.0,0.0,0.0,inf,0.0,0.0,0,0,0.8206879193043513,True,35.294003,-120.66795,0.0,0.0,0.0,0.0
690fd7de87825a48788a8a88,2025-10-12 20:12:15.341,foothill,Car,9.88881,0.0,0.0,0.0,0.0,0.0,0.0,inf,0.0,0.0,0,0,0.8206879193043513,True,35.294003,-120.66795,0.0,0.0,0.0,0.0
690fd7de87825a48788a8a88,2025-10-12 20:12:15.341,foothill,Car,9.88881,0.0,0.0,90.0,90.0,0.6924216151237488,-9.88881015777588,0.0700207203626632,0.0,90.0,0,0,0.8206879193043513,True,35.294003,-120.667946,0.0,0.0,0.0,0.0
690fd7de87825a48788a8a88,2025-10-12 20:12:15.341,foothill,Car,9.88881,0.0,0.0,0.0,-90.0,0.6924216151237488,-9.88881015777588,0.0700207203626632,0.0,90.0,0,0,0.8206879193043513,True,35.294003,-120.66794,0.0,0.0,0.0,0.0
690fd7de87825a48788a8a88,2025-10-12 20:12:15.341,foothill,Car,9.88881,0.0,0.0,90.0,90.0,0.6924216151237488,-9.88881015777588,0.0700207203626632,0.0,90.0,0,0,0.8206879193043513,True,35.294003,-120.66793,0.0,0.0,0.0,0.0
690fd7de87825a48788a8a88,2025-10-12 20:12:15.341,foothill,Car,9.88881,0.0,0.0,0.0,-90.0,0.6924216151237488,9.88881015777588,inf,0.0,90.0,0,0,0.8206879193043513,True,35.294003,-120.66792,0.0,0.0,0.0,0.0
690fd7de87825a48788a8a88,2025-10-12 20:12:15.341,foothill,Car,9.88881,0.0,0.0,90.0,90.0,0.6924216151237488,0.0,inf,0.0,0.0,0,0,0.8206879193043513,True,35.294003,-120.667915,0.0,0.0,0.0,0.0
690fd7de87825a48788a8a88,2025-10-12 20:12:15.341,foothill,Car,9.88881,0.0,0.0,90.0,0.0,0.0,0.0,inf,0.0,0.0,0,0,0.8206879193043513,True,35.294003,-120.66791,0.0,0.0,0.0,0.0
690fd7de87825a48788a8a88,2025-10-12 20:12:15.341,foothill,Car,9.88881,0.0,0.0,0.0,-90.0,0.0,0.0,inf,0.0,90.0,0,0,0.8206879193043513,True,35.294003,-120.66791,0.0,0.0,0.0,0.0
690fd7de87825a48788a8a88,2025-10-12 20:12:15.341,foothill,Car,9.88881,0.0,0.0,0.0,0.0,0.6924216151237488,9.88881015777588,inf,0.0,90.0,0,0,0.8206879193043513,True,35.294003,-120.6679,0.0,0.0,0.0,0.0
690fd7de87825a48788a8a88,2025-10-12 20:12:15.341,foothill,Car,9.88881,0.0,0.0,90.0,90.0,0.6924216151237488,9.88881015777588,inf,0.0,90.0,0,0,0.8206879193043513,True,35.294003,-120.66789,0.0,0.0,0.0,0.0
690fd7de87825a48788a8a88,2025-10-12 20:12:15.341,foothill,Car,9.88881,0.0,0.0,0.0,-90.0,0.6924216151237488,9.88881015777588,inf,0.0,90.0,0,0,0.8206879193043513,True,35.294003,-120.667885,0.0,0.0,0.0,0.0
690fd7de87825a48788a8a88,2025-10-12 20:12:15.341,foothill,Car,9.88881,0.0,0.0,90.0,90.0,0.6924216151237488,-9.88881015777588,0.0700207203626632,0.0,90.0,0,0,0.8206879193043513,True,35.294003,-120.66788,0.0,0.0,0.0,0.0
690fd7de87825a48788a8a88,2025-10-12 20:12:15.341,foothill,Car,9.88881,0.0,0.0,0.0,-90.0,0.6924216151237488,-9.88881015777588,0.0700207203626632,0.0,90.0,0,0,0.8206879193043513,True,35.294003,-120.66787,0.0,0.0,0.0,0.0
690fd7de87825a48788a8a88,2025-10-12 20:12:15.341,foothill,Car,9.88881,0.0,0.0,90.0,90.0,0.6924216151237488,-9.88881015777588,0.0700207203626632,0.0,90.0,0,0,0.8206879193043513,True,35.294003,-120.66786,0.0,0.0,0.0,0.0
690fd7de87825a48788a8a88,2025-10-12 20:12:15.341,foothill,Car,9.88881,0.0,0.0,0.0,-90.0,0.0,0.0,inf,0.0,0.0,0,0,0.8206879193043513,True,35.294003,-120.667854,0.0,0.0,0.0,0.0
690fd7de87825a48788a8a88,2025-10-12 20:12:15.341,foothill,Car,9.88881,0.0,0.0,0.0,0.0,0.0,0.0,inf,0.0,0.0,0,0,0.8206879193043513,True,35.294003,-120.667854,0.0,0.0,0.0,0.0
690fd7de87825a48788a8a88,2025-10-12 20:12:15.341,foothill,Car,9.88881,0.0,0.0,90.0,90.0,0.6924216151237488,-9.88881015777588,0.0700207203626632,0.0,90.0,0,0,0.8206879193043513,True,35.294003,-120.66785,0.0,0.0,0.0,0.0
690fd7de87825a48788a8a88,2025-10-12 20:12:15.341,foothill,Car,9.88881,0.0,0.0,65.3237,-24.6763,0.692421555519104,5.760318756103516,inf,0.0,65.32369995117188,0,0,0.8206879193043513,True,35.294006,-120.66784,0.0,0.0,0.0,0.0
690fd7de87825a48788a8a88,2025-10-12 20:12:15.341,foothill,Car,9.88881,0.0,0.0,0.0,-65.3237,0.0,0.0,inf,0.0,0.0,0,0,0.8206879193043513,True,35.294006,-120.66783,0.0,0.0,0.0,0.0
690fd7de87825a48788a8a88,2025-10-12 20:12:15.341,foothill,Car,9.88881,0.0,0.0,0.0,0.0,0.0,0.0,inf,0.0,0.0,0,0,0.8206879193043513,True,35.294006,-120.66783,0.0,0.0,0.0,0.0
690fd7de87825a48788a8a88,2025-10-12 20:12:15.341,foothill,Car,9.88881,0.0,0.0,90.0,90.0,0.692421555519104,9.88881015777588,inf,0.0,90.0,0,0,0.8206879193043513,True,35.294006,-120.66782,0.0,0.0,0.0,0.0
690fd7de87825a48788a8a88,2025-10-12 20:12:15.341,foothill,Car,9.88881,0.0,0.0,0.0,-90.0,0.692421555519104,-9.88881015777588,0.0700207129120826,0.0,90.0,0,0,0.8206879193043513,True,35.294006,-120.667816,0.0,0.0,0.0,0.0
690fd7de87825a48788a8a88,2025-10-12 20:12:15.341,foothill,Car,9.88881,0.0,0.0,90.0,90.0,0.4241749942302704,-9.88881015777588,0.0428944416344165,0.0,90.0,0,0,0.8206879193043513,True,35.294006,-120.66781,0.0,0.0,0.0,0.0
690fd7de87825a48788a8a88,2025-10-12 20:12:15.341,foothill,Car,9.88881,0.0,0.0,0.0,-90.0,0.4241749942302704,-9.88881015777588,0.0428944416344165,0.0,90.0,0,0,0.8206879193043513,True,35.29401,-120.66781,0.0,0.0,0.0,0.0
690fd7de87825a48788a8a88,2025-10-12 20:12:15.341,foothill,Car,9.88881,0.0,0.0,0.0,0.0,0.692421555519104,-9.88881015777588,0.0700207129120826,0.0,90.0,0,0,0.8206879193043513,True,35.29401,-120.6678,0.0,0.0,0.0,0.0
690fd7de87825a48788a8a88,2025-10-12 20:12:15.341,foothill,Car,9.88881,0.0,0.0,90.0,90.0,0.692421555519104,-9.88881015777588,0.0700207129120826,0.0,90.0,0,0,0.8206879193043513,True,35.29401,-120.66779,0.0,0.0,0.0,0.0
690fd7de87825a48788a8a88,2025-10-12 20:12:15.341,foothill,Car,9.88881,0.0,0.0,0.0,-90.0,0.692421555519104,9.88881015777588,inf,0.0,90.0,0,0,0.8206879193043513,True,35.29401,-120.667786,0.0,0.0,0.0,0.0
690fd7de87825a48788a8a88,2025-10-12 20:12:15.341,foothill,Car,9.88881,0.0,0.0,90.0,90.0,0.692421555519104,0.0,inf,0.0,0.0,0,0,0.8206879193043513,True,35.29401,-120.66778,0.0,0.0,0.0,0.0
690fd7de87825a48788a8a88,2025-10-12 20:12:15.341,foothill,Car,9.88881,0.0,0.0,90.0,0.0,0.692421555519104,0.0,inf,0.0,0.0,0,0,0.8206879193043513,True,35.29401,-120.66777,0.0,0.0,0.0,0.0
690fd7de87825a48788a8a88,2025-10-12 20:12:15.341,foothill,Car,9.88881,0.0,0.0,0.0,-90.0,0.692421555519104,9.88881015777588,inf,0.0,90.0,0,0,0.8206879193043513,True,35.29401,-120.66776,0.0,0.0,0.0,0.0
690fd7de87825a48788a8a88,2025-10-12 20:12:15.341,foothill,Car,9.88881,0.0,0.0,90.0,90.0,0.692421555519104,9.88881015777588,inf,0.0,90.0,0,0,0.8206879193043513,True,35.29401,-120.667755,0.0,0.0,0.0,0.0
690fd7de87825a48788a8a88,2025-10-12 20:12:15.341,foothill,Car,9.88881,0.0,0.0,0.0,-90.0,0.0,0.0,inf,0.0,0.0,0,0,0.8206879193043513,True,35.29401,-120.66775,0.0,0.0,0.0,0.0
690fd7de87825a48788a8a88,2025-10-12 20:12:15.341,foothill,Car,9.88881,0.0,0.0,0.0,0.0,0.0,0.0,inf,0.0,0.0,0,0,0.8206879193043513,True,35.29401,-120.66775,0.0,0.0,0.0,0.0
690fd7de87825a48788a8a88,2025-10-12 20:12:15.341,foothill,Car,9.88881,0.0,0.0,90.0,90.0,0.692421555519104,-9.88881015777588,0.0700207129120826,0.0,90.0,0,0,0.8206879193043513,True,35.29401,-120.66774,0.0,0.0,0.0,0.0
690fd7de87825a48788a8a88,2025-10-12 20:12:15.341,foothill,Car,9.88881,0.0,0.0,0.0,-90.0,0.692421555519104,-9.88881015777588,0.0700207129120826,0.0,90.0,0,0,0.8206879193043513,True,35.29401,-120.66773,0.0,0.0,0.0,0.0
690fd7de87825a48788a8a88,2025-10-12 20:12:15.341,foothill,Car,9.88881,0.0,0.0,90.0,90.0,0.692421555519104,-9.88881015777588,0.0700207129120826,0.0,90.0,0,0,0.8206879193043513,True,35.29401,-120.667725,0.0,0.0,0.0,0.0
690fd7de87825a48788a8a88,2025-10-12 20:12:15.341,foothill,Car,9.88881,0.0,0.0,0.0,-90.0,0.692421555519104,9.88881015777588,inf,0.0,90.0,0,0,0.8206879193043513,True,35.29401,-120.66772,0.0,0.0,0.0,0.0
690fd7de87825a48788a8a88,2025-10-12 20:12:15.341,foothill,Car,9.88881,0.0,0.0,90.0,90.0,0.692421555519104,-9.88881015777588,0.0700207129120826,0.0,90.0,0,0,0.8206879193043513,True,35.29401,-120.66771,0.0,0.0,0.0,0.0
690fd7de87825a48788a8a88,2025-10-12 20:12:15.341,foothill,Car,9.88881,0.0,0.0,90.0,0.0,0.692421555519104,9.88881015777588,inf,0.0,90.0,0,0,0.8206879193043513,True,35.29401,-120.6677,0.0,0.0,0.0,0.0
690fd7de87825a48788a8a88,2025-10-12 20:12:15.341,foothill,Car,9.88881,0.0,0.0,0.0,-90.0,0.692421555519104,9.88881015777588,inf,0.0,90.0,0,0,0.8206879193043513,True,35.29401,-120.667694,0.0,0.0,0.0,0.0
690fd7de87825a48788a8a88,2025-10-12 20:12:15.341,foothill,Car,9.88881,0.0,0.0,81.29285,81.29285,0.6924214959144592,8.391799926757812,inf,0.0,81.2928466796875,0,0,0.8206879193043513,True,35.294014,-120.66769,0.0,0.0,0.0,0.0
690fd7de87825a48788a8a88,2025-10-12 20:12:15.341,foothill,Car,9.88881,0.0,0.0,0.0,-81.29285,0.0,0.0,inf,0.0,0.0,0,0,0.8206879193043513,True,35.294014,-120.66768,0.0,0.0,0.0,0.0
690fd7de87825a48788a8a88,2025-10-12 20:12:15.341,foothill,Car,9.88881,0.0,0.0,0.0,0.0,0.0,0.0,inf,0.0,0.0,0,0,0.8206879193043513,True,35.294014,-120.66768,0.0,0.0,0.0,0.0
690fd7de87825a48788a8a88,2025-10-12 20:12:15.341,foothill,Car,9.88881,0.0,0.0,98.70715,98.70715,0.692421555519104,11.385820388793944,inf,0.0,98.7071533203125,0,0,0.8206879193043513,True,35.29401,-120.66767,0.0,0.0,0.0,0.0
690fd7de87825a48788a8a88,2025-10-12 20:12:15.341,foothill,Car,9.88881,0.0,0.0,0.0,-98.70715,0.692421555519104,11.385820388793944,inf,0.0,98.7071533203125,0,0,0.8206879193043513,True,35.29401,-120.66766,0.0,0.0,0.0,0.0
690fd7de87825a48788a8a88,2025-10-12 20:12:15.341,foothill,Car,9.88881,0.0,0.0,90.0,90.0,0.692421555519104,0.0,inf,0.0,0.0,0,0,0.8206879193043513,True,35.29401,-120.667656,0.0,0.0,0.0,0.0
690fd7de87825a48788a8a88,2025-10-12 20:12:15.341,foothill,Car,9.88881,0.0,0.0,90.0,0.0,0.692421555519104,0.0,inf,0.0,0.0,0,0,0.8206879193043513,True,35.29401,-120.66765,0.0,0.0,0.0,0.0
690fd7de87825a48788a8a88,2025-10-12 20:12:15.341,foothill,Car,9.88881,0.0,0.0,0.0,-90.0,0.692421555519104,9.88881015777588,inf,0.0,90.0,0,0,0.8206879193043513,True,35.29401,-120.66764,0.0,0.0,0.0,0.0
690fd7de87825a48788a8a88,2025-10-12 20:12:15.341,foothill,Car,9.88881,0.0,0.0,90.0,90.0,0.692421555519104,-9.88881015777588,0.0700207129120826,0.0,90.0,0,0,0.8206879193043513,True,35.29401,-120.66763,0.0,0.0,0.0,0.0
690fd7de87825a48788a8a88,2025-10-12 20:12:15.341,foothill,Car,9.88881,0.0,0.0,0.0,-90.0,0.6924214959144592,-9.88881015777588,0.070020705461502,0.0,90.0,0,0,0.8206879193043513,True,35.294014,-120.667625,0.0,0.0,0.0,0.0
690fd7de87825a48788a8a88,2025-10-12 20:12:15.341,foothill,Car,9.88881,0.0,0.0,90.0,90.0,0.4241749942302704,9.88881015777588,inf,0.0,90.0,0,0,0.8206879193043513,True,35.294014,-120.66762,0.0,0.0,0.0,0.0
690fd7de87825a48788a8a88,2025-10-12 20:12:15.341,foothill,Car,9.88881,0.0,0.0,180.0,90.0,0.4241749942302704,9.88881015777588,inf,0.0,90.0,0,0,0.8206879193043513,True,35.29401,-120.66762,0.0,0.0,0.0,0.0
690fd7de87825a48788a8a88,2025-10-12 20:12:15.341,foothill,Car,9.88881,0.0,0.0,0.0,-180.0,0.692421555519104,19.77762031555176,inf,0.0,180.0,0,0,0.8206879193043513,True,35.29401,-120.66761,0.0,0.0,0.0,0.0
690fd7de87825a48788a8a88,2025-10-12 20:12:15.341,foothill,Car,9.88881,0.0,0.0,81.29285,81.29285,0.8120172023773193,-2.0497350692749023,0.3961571455001831,0.0,81.2928466796875,0,0,0.8206879193043513,True,35.294014,-120.6676,0.0,0.0,0.0,0.0
690fd7de87825a48788a8a88,2025-10-12 20:12:15.341,foothill,Car,9.88881,0.0,0.0,180.0,98.70715,0.8120172023773193,-4.602789402008057,0.1764184981584549,0.0,98.7071533203125,0,0,0.8206879193043513,True,35.29401,-120.667595,0.0,0.0,0.0,0.0
690fd7de87825a48788a8a88,2025-10-12 20:12:15.341,foothill,Car,9.88881,0.0,0.0,81.29285,-98.70715,0.6924214959144592,-1.4970098733901978,0.4625363647937774,0.0,8.7071533203125,0,0,0.8206879193043513,True,35.294014,-120.66759,0.0,0.0,0.0,0.0
690fd7de87825a48788a8a88,2025-10-12 20:12:15.341,foothill,Car,9.88881,0.0,0.0,90.0,8.707153,0.6924214959144592,-1.4970098733901978,0.4625363647937774,0.0,8.7071533203125,0,0,0.8206879193043513,True,35.294014,-120.66758,0.0,0.0,0.0,0.0
690fd7de87825a48788a8a88,2025-10-12 20:12:15.341,foothill,Car,9.88881,0.0,0.0,0.0,-90.0,0.0,0.0,inf,0.0,0.0,0,0,0.8206879193043513,True,35.294014,-120.66757,0.0,0.0,0.0,0.0
690fd7de87825a48788a8a88,2025-10-12 20:12:15.341,foothill,Car,9.88881,0.0,0.0,0.0,0.0,0.0,0.0,inf,0.0,0.0,0,0,0.8206879193043513,True,35.294014,-120.66757,0.0,0.0,0.0,0.0
690fd7de87825a48788a8a88,2025-10-12 20:12:15.341,foothill,Car,9.88881,0.0,0.0,90.0,90.0,0.6924214959144592,9.88881015777588,inf,0.0,90.0,0,0,0.8206879193043513,True,35.294014,-120.667564,0.0,0.0,0.0,0.0
690fd7de87825a48788a8a88,2025-10-12 20:12:15.341,foothill,Car,9.88881,0.0,0.0,0.0,-90.0,0.0,0.0,inf,0.0,0.0,0,0,0.8206879193043513,True,35.294014,-120.66756,0.0,0.0,0.0,0.0
690fd7de87825a48788a8a88,2025-10-12 20:12:15.341,foothill,Car,9.88881,0.0,0.0,0.0,0.0,0.0,0.0,inf,0.0,0.0,0,0,0.8206879193043513,True,35.294014,-120.66756,0.0,0.0,0.0,0.0
690fd7de87825a48788a8a88,2025-10-12 20:12:15.341,foothill,Car,9.88881,0.0,0.0,90.0,90.0,0.6924214959144592,-9.88881015777588,0.070020705461502,0.0,90.0,0,0,0.8206879193043513,True,35.294014,-120.66755,0.0,0.0,0.0,0.0
690fd7de87825a48788a8a88,2025-10-12 20:12:15.341,foothill,Car,9.88881,0.0,0.0,0.0,-90.0,0.6924214959144592,-9.88881015777588,0.070020705461502,0.0,90.0,0,0,0.8206879193043513,True,35.294014,-120.66754,0.0,0.0,0.0,0.0
690fd7de87825a48788a8a88,2025-10-12 20:12:15.341,foothill,Car,9.88881,0.0,0.0,90.0,90.0,0.6924214959144592,-9.88881015777588,0.070020705461502,0.0,90.0,0,0,0.8206879193043513,True,35.294014,-120.667534,0.0,0.0,0.0,0.0
690fd7de87825a48788a8a88,2025-10-12 20:12:15.341,foothill,Car,9.88881,0.0,0.0,0.0,-90.0,0.6924214959144592,9.88881015777588,inf,0.0,90.0,0,0,0.8206879193043513,True,35.294014,-120.66753,0.0,0.0,0.0,0.0
690fd7de87825a48788a8a88,2025-10-12 20:12:15.341,foothill,Car,9.88881,0.0,0.0,90.0,90.0,0.0,0.0,inf,0.0,0.0,0,0,0.8206879193043513,True,35.294014,-120.66752,0.0,0.0,0.0,0.0
690fd7de87825a48788a8a88,2025-10-12 20:12:15.341,foothill,Car,9.88881,0.0,0.0,0.0,-90.0,0.0,0.0,inf,0.0,90.0,0,0,0.8206879193043513,True,35.294014,-120.66752,0.0,0.0,0.0,0.0
690fd7de87825a48788a8a88,2025-10-12 20:12:15.341,foothill,Car,9.88881,0.0,0.0,90.0,90.0,0.6924214959144592,0.0,inf,0.0,0.0,0,0,0.8206879193043513,True,35.294014,-120.66751,0.0,0.0,0.0,0.0
690fd7de87825a48788a8a89,2025-10-12 20:11:49.940,foothill,Car,0.0,0.0,0.0,0.0,0.0,0.0,0.0,inf,0.0,0.0,1,0,0.8454037315381615,True,35.294064,-120.66754,0.1,0.0,0.0,0.0
690fd7de87825a48788a8a89,2025-10-12 20:11:49.940,foothill,Car,0.0,0.0,0.0,0.0,0.0,0.0,0.0,inf,0.0,0.0,0,0,0.8454037315381615,True,35.294064,-120.66755,0.0,0.0,0.0,0.0
690fd7de87825a48788a8a89,2025-10-12 20:11:49.940,foothill,Car,0.0,0.0,0.0,0.0,0.0,0.0,0.0,inf,0.0,0.0,0,0,0.8454037315381615,True,35.294064,-120.66755,0.0,0.0,0.0,0.0
690fd7de87825a48788a8a89,2025-10-12 20:11:49.940,foothill,Car,0.0,0.0,0.0,0.0,0.0,0.0,0.0,inf,0.0,0.0,0,0,0.8454037315381615,True,35.294064,-120.66755,0.0,0.0,0.0,0.0
690fd7de87825a48788a8a89,2025-10-12 20:11:49.940,foothill,Car,0.0,0.0,0.0,0.0,0.0,0.0,0.0,inf,0.0,0.0,0,0,0.8454037315381615,True,35.294064,-120.66755,0.0,0.0,0.0,0.0
690fd7de87825a48788a8a89,2025-10-12 20:11:49.940,foothill,Car,0.0,0.0,0.0,0.0,0.0,0.0,0.0,inf,0.0,0.0,0,0,0.8454037315381615,True,35.294064,-120.66755,0.0,0.0,0.0,0.0
690fd7de87825a48788a8a89,2025-10-12 20:11:49.940,foothill,Car,0.0,0.0,0.0,0.0,0.0,0.0,0.0,inf,0.0,0.0,0,0,0.8454037315381615,True,35.294064,-120.66755,0.0,0.0,0.0,0.0
690fd7de87825a48788a8a89,2025-10-12 20:11:49.940,foothill,Car,0.0,0.0,0.0,0.0,0.0,0.0,0.0,inf,0.0,0.0,0,0,0.8454037315381615,True,35.294064,-120.66755,0.0,0.0,0.0,0.0
690fd7de87825a48788a8a89,2025-10-12 20:11:49.940,foothill,Car,0.0,0.0,0.0,0.0,0.0,0.0,0.0,inf,0.0,0.0,0,0,0.8454037315381615,True,35.294064,-120.66755,0.0,0.0,0.0,0.0
690fd7de87825a48788a8a89,2025-10-12 20:11:49.940,foothill,Car,0.0,0.0,0.0,0.0,0.0,0.0,0.0,inf,0.0,0.0,0,0,0.8454037315381615,True,35.294064,-120.66755,0.0,0.0,0.0,0.0
690fd7de87825a48788a8a89,2025-10-12 20:11:49.940,foothill,Car,0.0,0.0,0.0,0.0,0.0,0.0,0.0,inf,0.0,0.0,0,0,0.8454037315381615,True,35.294064,-120.66755,0.0,0.0,0.0,0.0
690fd7de87825a48788a8a89,2025-10-12 20:11:49.940,foothill,Car,0.0,0.0,0.0,0.0,0.0,0.0,0.0,inf,0.0,0.0,0,0,0.8454037315381615,True,35.294064,-120.66755,0.0,0.0,0.0,0.0
690fd7de87825a48788a8a89,2025-10-12 20:11:49.940,foothill,Car,0.0,0.0,0.0,0.0,0.0,0.0,0.0,inf,0.0,0.0,0,0,0.8454037315381615,True,35.294064,-120.66755,0.0,0.0,0.0,0.0
690fd7de87825a48788a8a89,2025-10-12 20:11:49.940,foothill,Car,0.0,0.0,0.0,0.0,0.0,0.0,0.0,inf,0.0,0.0,0,0,0.8454037315381615,True,35.294064,-120.66755,0.0,0.0,0.0,0.0
690fd7de87825a48788a8a89,2025-10-12 20:11:49.940,foothill,Car,0.0,0.0,0.0,0.0,0.0,0.0,0.0,inf,0.0,0.0,0,0,0.8454037315381615,True,35.294064,-120.66755,0.0,0.0,0.0,0.0
690fd7de87825a48788a8a89,2025-10-12 20:11:49.940,foothill,Car,0.0,0.0,0.0,0.0,0.0,0.0,0.0,inf,0.0,0.0,0,0,0.8454037315381615,True,35.294064,-120.66755,0.0,0.0,0.0,0.0
690fd7de87825a48788a8a89,2025-10-12 20:11:49.940,foothill,Car,0.0,0.0,0.0,0.0,0.0,0.0,0.0,inf,0.0,0.0,0,0,0.8454037315381615,True,35.294064,-120.66755,0.0,0.0,0.0,0.0
690fd7de87825a48788a8a89,2025-10-12 20:11:49.940,foothill,Car,0.0,0.0,0.0,0.0,0.0,0.0,0.0,inf,0.0,0.0,0,0,0.8454037315381615,True,35.294064,-120.66755,0.0,0.0,0.0,0.0
690fd7de87825a48788a8a89,2025-10-12 20:11:49.940,foothill,Car,0.0,0.0,0.0,0.0,0.0,0.0,0.0,inf,0.0,0.0,0,0,0.8454037315381615,True,35.294064,-120.66755,0.0,0.0,0.0,0.0
690fd7de87825a48788a8a89,2025-10-12 20:11:49.940,foothill,Car,0.0,0.0,0.0,0.0,0.0,0.0,0.0,inf,0.0,0.0,0,0,0.8454037315381615,True,35.294064,-120.66755,0.0,0.0,0.0,0.0
690fd7de87825a48788a8a89,2025-10-12 20:11:49.940,foothill,Car,0.0,0.0,0.0,0.0,0.0,0.0,0.0,inf,0.0,0.0,0,0,0.8454037315381615,True,35.294064,-120.66755,0.0,0.0,0.0,0.0
690fd7de87825a48788a8a89,2025-10-12 20:11:49.940,foothill,Car,0.0,0.0,0.0,0.0,0.0,0.0,0.0,inf,0.0,0.0,0,0,0.8454037315381615,True,35.294064,-120.66755,0.0,0.0,0.0,0.0
690fd7de87825a48788a8a89,2025-10-12 20:11:49.940,foothill,Car,0.0,0.0,0.0,0.0,0.0,0.0,0.0,inf,0.0,0.0,0,0,0.8454037315381615,True,35.294064,-120.66755,0.0,0.0,0.0,0.0
690fd7de87825a48788a8a89,2025-10-12 20:11:49.940,foothill,Car,0.0,0.0,0.0,0.0,0.0,0.0,0.0,inf,0.0,0.0,0,0,0.8454037315381615,True,35.294064,-120.66755,0.0,0.0,0.0,0.0
690fd7de87825a48788a8a89,2025-10-12 20:11:49.940,foothill,Car,0.0,0.0,0.0,0.0,0.0,0.0,0.0,inf,0.0,0.0,0,0,0.8454037315381615,True,35.294064,-120.66755,0.0,0.0,0.0,0.0
690fd7de87825a48788a8a89,2025-10-12 20:11:49.940,foothill,Car,0.0,0.0,0.0,0.0,0.0,0.0,0.0,inf,0.0,0.0,0,0,0.8454037315381615,True,35.294064,-120.66755,0.0,0.0,0.0,0.0
690fd7de87825a48788a8a89,2025-10-12 20:11:49.940,foothill,Car,0.0,0.0,0.0,0.0,0.0,0.0,0.0,inf,0.0,0.0,0,0,0.8454037315381615,True,35.294064,-120.66755,0.0,0.0,0.0,0.0
690fd7de87825a48788a8a89,2025-10-12 20:11:49.940,foothill,Car,0.0,0.0,0.0,0.0,0.0,0.0,0.0,inf,0.0,0.0,0,0,0.8454037315381615,True,35.294064,-120.66755,0.0,0.0,0.0,0.0
690fd7de87825a48788a8a89,2025-10-12 20:11:49.940,foothill,Car,0.0,0.0,0.0,0.0,0.0,0.0,0.0,inf,0.0,0.0,0,0,0.8454037315381615,True,35.294064,-120.66755,0.0,0.0,0.0,0.0
690fd7de87825a48788a8a89,2025-10-12 20:11:49.940,foothill,Car,0.0,0.0,0.0,0.0,0.0,0.0,0.0,inf,0.0,0.0,0,0,0.8454037315381615,True,35.294064,-120.66755,0.0,0.0,0.0,0.0
690fd7de87825a48788a8a89,2025-10-12 20:11:49.940,foothill,Car,0.0,0.0,0.0,0.0,0.0,0.0,0.0,inf,0.0,0.0,0,0,0.8454037315381615,True,35.294064,-120.66755,0.0,0.0,0.0,0.0
690fd7de87825a48788a8a89,2025-10-12 20:11:49.940,foothill,Car,0.0,0.0,0.0,0.0,0.0,0.0,0.0,inf,0.0,0.0,0,0,0.8454037315381615,True,35.294064,-120.66755,0.0,0.0,0.0,0.0
690fd7de87825a48788a8a89,2025-10-12 20:11:49.940,foothill,Car,0.0,0.0,0.0,0.0,0.0,0.0,0.0,inf,0.0,0.0,0,0,0.8454037315381615,True,35.294064,-120.66755,0.0,0.0,0.0,0.0
690fd7de87825a48788a8a89,2025-10-12 20:11:49.940,foothill,Car,0.0,0.0,0.0,0.0,0.0,0.0,0.0,inf,0.0,0.0,0,0,0.8454037315381615,True,35.294064,-120.66755,0.0,0.0,0.0,0.0
690fd7de87825a48788a8a89,2025-10-12 20:11:49.940,foothill,Car,0.0,0.0,0.0,0.0,0.0,0.0,0.0,inf,0.0,0.0,0,0,0.8454037315381615,True,35.294064,-120.66755,0.0,0.0,0.0,0.0
690fd7de87825a48788a8a89,2025-10-12 20:11:49.940,foothill,Car,0.0,0.0,0.0,0.0,0.0,0.0,0.0,inf,0.0,0.0,0,0,0.8454037315381615,True,35.294064,-120.66755,0.0,0.0,0.0,0.0
690fd7de87825a48788a8a89,2025-10-12 20:11:49.940,foothill,Car,0.0,0.0,0.0,0.0,0.0,0.0,0.0,inf,0.0,0.0,0,0,0.8454037315381615,True,35.294064,-120.66755,0.0,0.0,0.0,0.0
690fd7de87825a48788a8a89,2025-10-12 20:11:49.940,foothill,Car,0.0,0.0,0.0,0.0,0.0,0.0,0.0,inf,0.0,0.0,0,0,0.8454037315381615,True,35.294064,-120.66755,0.0,0.0,0.0,0.0
690fd7de87825a48788a8a89,2025-10-12 20:11:49.940,foothill,Car,0.0,0.0,0.0,0.0,0.0,0.0,0.0,inf,0.0,0.0,0,0,0.8454037315381615,True,35.294064,-120.66755,0.0,0.0,0.0,0.0
690fd7de87825a48788a8a89,2025-10-12 20:11:49.940,foothill,Car,0.0,0.0,0.0,0.0,0.0,0.0,0.0,inf,0.0,0.0,0,0,0.8454037315381615,True,35.294064,-120.66755,0.0,0.0,0.0,0.0
690fd7de87825a48788a8a89,2025-10-12 20:11:49.940,foothill,Car,0.0,0.0,0.0,0.0,0.0,0.0,0.0,inf,0.0,0.0,0,0,0.8454037315381615,True,35.294064,-120.66755,0.0,0.0,0.0,0.0
690fd7de87825a48788a8a89,2025-10-12 20:11:49.940,foothill,Car,0.0,0.0,0.0,0.0,0.0,0.0,0.0,inf,0.0,0.0,0,0,0.8454037315381615,True,35.294064,-120.66755,0.0,0.0,0.0,0.0
690fd7de87825a48788a8a89,2025-10-12 20:11:49.940,foothill,Car,0.0,0.0,0.0,0.0,0.0,0.0,0.0,inf,0.0,0.0,0,0,0.8454037315381615,True,35.294064,-120.66755,0.0,0.0,0.0,0.0
690fd7de87825a48788a8a89,2025-10-12 20:11:49.940,foothill,Car,0.0,0.0,0.0,0.0,0.0,0.0,0.0,inf,0.0,0.0,0,0,0.8454037315381615,True,35.294064,-120.66755,0.0,0.0,0.0,0.0
690fd7de87825a48788a8a89,2025-10-12 20:11:49.940,foothill,Car,0.0,0.0,0.0,0.0,0.0,0.0,0.0,inf,0.0,0.0,0,0,0.8454037315381615,True,35.294064,-120.66755,0.0,0.0,0.0,0.0
690fd7de87825a48788a8a89,2025-10-12 20:11:49.940,foothill,Car,0.0,0.0,0.0,0.0,0.0,0.0,0.0,inf,0.0,0.0,0,0,0.8454037315381615,True,35.294064,-120.66755,0.0,0.0,0.0,0.0
690fd7de87825a48788a8a89,2025-10-12 20:11:49.940,foothill,Car,0.0,0.0,0.0,0.0,0.0,0.0,0.0,inf,0.0,0.0,0,0,0.8454037315381615,True,35.294064,-120.66755,0.0,0.0,0.0,0.0
690fd7de87825a48788a8a89,2025-10-12 20:11:49.940,foothill,Car,0.0,0.0,0.0,0.0,0.0,0.0,0.0,inf,0.0,0.0,0,0,0.8454037315381615,True,35.294064,-120.66755,0.0,0.0,0.0,0.0
690fd7de87825a48788a8a89,2025-10-12 20:11:49.940,foothill,Car,0.0,0.0,0.0,0.0,0.0,0.0,0.0,inf,0.0,0.0,0,0,0.8454037315381615,True,35.294064,-120.66755,0.0,0.0,0.0,0.0
690fd7de87825a48788a8a89,2025-10-12 20:11:49.940,foothill,Car,0.0,0.0,0.0,0.0,0.0,0.0,0.0,inf,0.0,0.0,0,0,0.8454037315381615,True,35.294064,-120.66755,0.0,0.0,0.0,0.0
690fd7de87825a48788a8a89,2025-10-12 20:11:49.940,foothill,Car,0.0,0.0,0.0,0.0,0.0,0.0,0.0,inf,0.0,0.0,0,0,0.8454037315381615,True,35.294064,-120.66755,0.0,0.0,0.0,0.0
690fd7de87825a48788a8a89,2025-10-12 20:11:49.940,foothill,Car,0.0,0.0,0.0,0.0,0.0,0.0,0.0,inf,0.0,0.0,0,0,0.8454037315381615,True,35.294064,-120.66755,0.0,0.0,0.0,0.0
690fd7de87825a48788a8a89,2025-10-12 20:11:49.940,foothill,Car,0.0,0.0,0.0,0.0,0.0,0.0,0.0,inf,0.0,0.0,0,0,0.8454037315381615,True,35.294064,-120.66755,0.0,0.0,0.0,0.0
690fd7de87825a48788a8a89,2025-10-12 20:11:49.940,foothill,Car,0.0,0.0,0.0,0.0,0.0,0.0,0.0,inf,0.0,0.0,0,0,0.8454037315381615,True,35.294064,-120.66755,0.0,0.0,0.0,0.0
690fd7de87825a48788a8a89,2025-10-12 20:11:49.940,foothill,Car,0.0,0.0,0.0,0.0,0.0,0.0,0.0,inf,0.0,0.0,0,0,0.8454037315381615,True,35.294064,-120.66755,0.0,0.0,0.0,0.0
690fd7de87825a48788a8a89,2025-10-12 20:11:49.940,foothill,Car,0.0,0.0,0.0,0.0,0.0,0.0,0.0,inf,0.0,0.0,0,0,0.8454037315381615,True,35.294064,-120.66755,0.0,0.0,0.0,0.0
690fd7de87825a48788a8a89,2025-10-12 20:11:49.940,foothill,Car,0.0,0.0,0.0,0.0,0.0,0.0,0.0,inf,0.0,0.0,0,0,0.8454037315381615,True,35.294064,-120.66755,0.0,0.0,0.0,0.0
690fd7de87825a48788a8a89,2025-10-12 20:11:49.940,foothill,Car,0.0,0.0,0.0,0.0,0.0,0.0,0.0,inf,0.0,0.0,0,0,0.8454037315381615,True,35.294064,-120.66755,0.0,0.0,0.0,0.0
690fd7de87825a48788a8a89,2025-10-12 20:11:49.940,foothill,Car,0.0,0.0,0.0,0.0,0.0,0.0,0.0,inf,0.0,0.0,0,0,0.8454037315381615,True,35.294064,-120.66755,0.0,0.0,0.0,0.0
690fd7de87825a48788a8a89,2025-10-12 20:11:49.940,foothill,Car,0.0,0.0,0.0,0.0,0.0,0.0,0.0,inf,0.0,0.0,0,0,0.8454037315381615,True,35.294064,-120.66755,0.0,0.0,0.0,0.0
690fd7de87825a48788a8a89,2025-10-12 20:11:49.940,foothill,Car,0.0,0.0,0.0,0.0,0.0,0.0,0.0,inf,0.0,0.0,0,0,0.8454037315381615,True,35.294064,-120.66755,0.0,0.0,0.0,0.0
690fd7de87825a48788a8a89,2025-10-12 20:11:49.940,foothill,Car,0.0,0.0,0.0,0.0,0.0,0.0,0.0,inf,0.0,0.0,0,0,0.8454037315381615,True,35.294064,-120.66755,0.0,0.0,0.0,0.0
690fd7de87825a48788a8a89,2025-10-12 20:11:49.940,foothill,Car,0.0,0.0,0.0,0.0,0.0,0.0,0.0,inf,0.0,0.0,0,0,0.8454037315381615,True,35.294064,-120.66755,0.0,0.0,0.0,0.0
690fd7de87825a48788a8a89,2025-10-12 20:11:49.940,foothill,Car,0.0,0.0,0.0,0.0,0.0,0.0,0.0,inf,0.0,0.0,0,0,0.8454037315381615,True,35.294064,-120.66755,0.0,0.0,0.0,0.0
690fd7de87825a48788a8a89,2025-10-12 20:11:49.940,foothill,Car,0.0,0.0,0.0,0.0,0.0,0.0,0.0,inf,0.0,0.0,0,0,0.8454037315381615,True,35.294064,-120.66755,0.0,0.0,0.0,0.0
690fd7de87825a48788a8a89,2025-10-12 20:11:49.940,foothill,Car,0.0,0.0,0.0,0.0,0.0,0.0,0.0,inf,0.0,0.0,0,0,0.8454037315381615,True,35.294064,-120.66755,0.0,0.0,0.0,0.0
690fd7de87825a48788a8a89,2025-10-12 20:11:49.940,foothill,Car,0.0,0.0,0.0,0.0,0.0,0.0,0.0,inf,0.0,0.0,0,0,0.8454037315381615,True,35.294064,-120.66755,0.0,0.0,0.0,0.0
690fd7de87825a48788a8a89,2025-10-12 20:11:49.940,foothill,Car,0.0,0.0,0.0,0.0,0.0,0.0,0.0,inf,0.0,0.0,0,0,0.8454037315381615,True,35.294064,-120.66755,0.0,0.0,0.0,0.0
690fd7de87825a48788a8a89,2025-10-12 20:11:49.940,foothill,Car,0.0,0.0,0.0,0.0,0.0,0.0,0.0,inf,0.0,0.0,0,0,0.8454037315381615,True,35.294064,-120.66755,0.0,0.0,0.0,0.0
690fd7de87825a48788a8a89,2025-10-12 20:11:49.940,foothill,Car,0.0,0.0,0.0,0.0,0.0,0.0,0.0,inf,0.0,0.0,0,0,0.8454037315381615,True,35.294064,-120.66754,0.0,0.0,0.0,0.0
690fd7de87825a48788a8a89,2025-10-12 20:11:49.940,foothill,Car,0.0,0.0,0.0,0.0,0.0,0.0,0.0,inf,0.0,0.0,0,0,0.8454037315381615,True,35.294064,-120.66754,0.0,0.0,0.0,0.0
690fd7de87825a48788a8a89,2025-10-12 20:11:49.940,foothill,Car,0.0,0.0,0.0,0.0,0.0,0.0,0.0,inf,0.0,0.0,0,0,0.8454037315381615,True,35.294064,-120.66754,0.0,0.0,0.0,0.0
690fd7de87825a48788a8a89,2025-10-12 20:11:49.940,foothill,Car,0.0,0.0,0.0,0.0,0.0,0.0,0.0,inf,0.0,0.0,0,0,0.8454037315381615,True,35.294064,-120.66754,0.0,0.0,0.0,0.0
690fd7de87825a48788a8a89,2025-10-12 20:11:49.940,foothill,Car,0.0,0.0,0.0,0.0,0.0,0.0,0.0,inf,0.0,0.0,0,0,0.8454037315381615,True,35.294064,-120.66754,0.0,0.0,0.0,0.0
690fd7de87825a48788a8a89,2025-10-12 20:11:49.940,foothill,Car,0.0,0.0,0.0,0.0,0.0,0.0,0.0,inf,0.0,0.0,0,0,0.8454037315381615,True,35.294064,-120.66754,0.0,0.0,0.0,0.0
690fd7de87825a48788a8a89,2025-10-12 20:11:49.940,foothill,Car,0.0,0.0,0.0,0.0,0.0,0.0,0.0,inf,0.0,0.0,0,0,0.8454037315381615,True,35.294064,-120.66754,0.0,0.0,0.0,0.0
690fd7de87825a48788a8a89,2025-10-12 20:11:49.940,foothill,Car,0.0,0.0,0.0,0.0,0.0,0.0,0.0,inf,0.0,0.0,0,0,0.8454037315381615,True,35.294064,-120.66754,0.0,0.0,0.0,0.0
690fd7de87825a48788a8a89,2025-10-12 20:11:49.940,foothill,Car,0.0,0.0,0.0,0.0,0.0,0.0,0.0,inf,0.0,0.0,0,0,0.8454037315381615,True,35.294064,-120.66754,0.0,0.0,0.0,0.0
690fd7de87825a48788a8a89,2025-10-12 20:11:49.940,foothill,Car,0.0,0.0,0.0,0.0,0.0,0.0,0.0,inf,0.0,0.0,0,0,0.8454037315381615,True,35.294064,-120.66754,0.0,0.0,0.0,0.0
690fd7de87825a48788a8a89,2025-10-12 20:11:49.940,foothill,Car,0.0,0.0,0.0,0.0,0.0,0.0,0.0,inf,0.0,0.0,0,0,0.8454037315381615,True,35.294064,-120.66754,0.0,0.0,0.0,0.0
690fd7de87825a48788a8a89,2025-10-12 20:11:49.940,foothill,Car,0.0,0.0,0.0,0.0,0.0,0.0,0.0,inf,0.0,0.0,0,0,0.8454037315381615,True,35.294064,-120.66754,0.0,0.0,0.0,0.0
690fd7de87825a48788a8a89,2025-10-12 20:11:49.940,foothill,Car,0.0,0.0,0.0,0.0,0.0,0.0,0.0,inf,0.0,0.0,0,0,0.8454037315381615,True,35.294064,-120.66754,0.0,0.0,0.0,0.0
690fd7de87825a48788a8a89,2025-10-12 20:11:49.940,foothill,Car,0.0,0.0,0.0,0.0,0.0,0.0,0.0,inf,0.0,0.0,0,0,0.8454037315381615,True,35.294064,-120.66754,0.0,0.0,0.0,0.0
690fd7de87825a48788a8a89,2025-10-12 20:11:49.940,foothill,Car,0.0,0.0,0.0,0.0,0.0,0.0,0.0,inf,0.0,0.0,0,0,0.8454037315381615,True,35.294064,-120.66754,0.0,0.0,0.0,0.0
690fd7de87825a48788a8a89,2025-10-12 20:11:49.940,foothill,Car,0.0,0.0,0.0,0.0,0.0,0.0,0.0,inf,0.0,0.0,0,0,0.8454037315381615,True,35.294064,-120.66754,0.0,0.0,0.0,0.0
690fd7de87825a48788a8a89,2025-10-12 20:11:49.940,foothill,Car,0.0,0.0,0.0,0.0,0.0,0.0,0.0,inf,0.0,0.0,0,0,0.8454037315381615,True,35.294064,-120.66754,0.0,0.0,0.0,0.0
690fd7de87825a48788a8a89,2025-10-12 20:11:49.940,foothill,Car,0.0,0.0,0.0,0.0,0.0,0.0,0.0,inf,0.0,0.0,0,0,0.8454037315381615,True,35.294064,-120.66754,0.0,0.0,0.0,0.0
690fd7de87825a48788a8a89,2025-10-12 20:11:49.940,foothill,Car,0.0,0.0,0.0,0.0,0.0,0.0,0.0,inf,0.0,0.0,0,0,0.8454037315381615,True,35.294064,-120.66754,0.0,0.0,0.0,0.0
690fd7de87825a48788a8a89,2025-10-12 20:11:49.940,foothill,Car,0.0,0.0,0.0,0.0,0.0,0.0,0.0,inf,0.0,0.0,0,0,0.8454037315381615,True,35.294064,-120.66754,0.0,0.0,0.0,0.0
690fd7de87825a48788a8a89,2025-10-12 20:11:49.940,foothill,Car,0.0,0.0,0.0,0.0,0.0,0.0,0.0,inf,0.0,0.0,0,0,0.8454037315381615,True,35.294064,-120.66754,0.0,0.0,0.0,0.0
690fd7de87825a48788a8a89,2025-10-12 20:11:49.940,foothill,Car,0.0,0.0,0.0,0.0,0.0,0.0,0.0,inf,0.0,0.0,0,0,0.8454037315381615,True,35.294064,-120.66754,0.0,0.0,0.0,0.0
690fd7de87825a48788a8a89,2025-10-12 20:11:49.940,foothill,Car,0.0,0.0,0.0,0.0,0.0,0.0,0.0,inf,0.0,0.0,0,0,0.8454037315381615,True,35.294064,-120.66754,0.0,0.0,0.0,0.0
690fd7de87825a48788a8a89,2025-10-12 20:11:49.940,foothill,Car,0.0,0.0,0.0,0.0,0.0,0.0,0.0,inf,0.0,0.0,0,0,0.8454037315381615,True,35.294064,-120.66754,0.0,0.0,0.0,0.0
690fd7de87825a48788a8a89,2025-10-12 20:11:49.940,foothill,Car,0.0,0.0,0.0,0.0,0.0,0.0,0.0,inf,0.0,0.0,0,0,0.8454037315381615,True,35.294064,-120.66754,0.0,0.0,0.0,0.0
690fd7de87825a48788a8a89,2025-10-12 20:11:49.940,foothill,Car,0.0,0.0,0.0,0.0,0.0,0.0,0.0,inf,0.0,0.0,0,0,0.8454037315381615,True,35.294064,-120.66754,0.0,0.0,0.0,0.0
690fd7de87825a48788a8a89,2025-10-12 20:11:49.940,foothill,Car,0.0,0.0,0.0,0.0,0.0,0.0,0.0,inf,0.0,0.0,0,0,0.8454037315381615,True,35.294064,-120.66754,0.0,0.0,0.0,0.0
690fd7de87825a48788a8a89,2025-10-12 20:11:49.940,foothill,Car,0.0,0.0,0.0,0.0,0.0,0.0,0.0,inf,0.0,0.0,0,0,0.8454037315381615,True,35.294064,-120.66754,0.0,0.0,0.0,0.0
690fd7de87825a48788a8a89,2025-10-12 20:11:49.940,foothill,Car,0.0,0.0,0.0,0.0,0.0,0.0,0.0,inf,0.0,0.0,0,0,0.8454037315381615,True,35.294064,-120.66754,0.0,0.0,0.0,0.0
690fd7de87825a48788a8a89,2025-10-12 20:11:49.940,foothill,Car,0.0,0.0,0.0,0.0,0.0,0.0,0.0,inf,0.0,0.0,0,0,0.8454037315381615,True,35.294064,-120.66754,0.0,0.0,0.0,0.0
690fd7de87825a48788a8a89,2025-10-12 20:11:49.940,foothill,Car,0.0,0.0,0.0,0.0,0.0,0.0,0.0,inf,0.0,0.0,0,0,0.8454037315381615,True,35.294064,-120.66754,0.0,0.0,0.0,0.0
690fd7de87825a48788a8a89,2025-10-12 20:11:49.940,foothill,Car,0.0,0.0,0.0,0.0,0.0,0.0,0.0,inf,0.0,0.0,0,0,0.8454037315381615,True,35.294064,-120.66754,0.0,0.0,0.0,0.0
690fd7de87825a48788a8a89,2025-10-12 20:11:49.940,foothill,Car,0.0,0.0,0.0,0.0,0.0,0.0,0.0,inf,0.0,0.0,0,0,0.8454037315381615,True,35.294064,-120.66754,0.0,0.0,0.0,0.0
690fd7de87825a48788a8a89,2025-10-12 20:11:49.940,foothill,Car,0.0,0.0,0.0,0.0,0.0,0.0,0.0,inf,0.0,0.0,0,0,0.8454037315381615,True,35.294064,-120.66754,0.0,0.0,0.0,0.0
690fd7de87825a48788a8a89,2025-10-12 20:11:49.940,foothill,Car,0.0,0.0,0.0,0.0,0.0,0.0,0.0,inf,0.0,0.0,0,0,0.8454037315381615,True,35.294064,-120.66754,0.0,0.0,0.0,0.0
690fd7de87825a48788a8a89,2025-10-12 20:11:49.940,foothill,Car,0.0,0.0,0.0,0.0,0.0,0.0,0.0,inf,0.0,0.0,0,0,0.8454037315381615,True,35.294064,-120.66754,0.0,0.0,0.0,0.0
690fd7de87825a48788a8a89,2025-10-12 20:11:49.940,foothill,Car,0.0,0.0,0.0,0.0,0.0,0.0,0.0,inf,0.0,0.0,0,0,0.8454037315381615,True,35.294064,-120.66754,0.0,0.0,0.0,0.0
690fd7de87825a48788a8a89,2025-10-12 20:11:49.940,foothill,Car,0.0,0.0,0.0,0.0,0.0,0.0,0.0,inf,0.0,0.0,0,0,0.8454037315381615,True,35.294064,-120.66754,0.0,0.0,0.0,0.0
690fd7de87825a48788a8a89,2025-10-12 20:11:49.940,foothill,Car,0.0,0.0,0.0,0.0,0.0,0.0,0.0,inf,0.0,0.0,0,0,0.8454037315381615,True,35.294064,-120.66754,0.0,0.0,0.0,0.0
690fd7de87825a48788a8a89,2025-10-12 20:11:49.940,foothill,Car,0.0,0.0,0.0,0.0,0.0,0.0,0.0,inf,0.0,0.0,0,0,0.8454037315381615,True,35.294064,-120.66754,0.0,0.0,0.0,0.0
690fd7de87825a48788a8a89,2025-10-12 20:11:49.940,foothill,Car,0.0,0.0,0.0,0.0,0.0,0.0,0.0,inf,0.0,0.0,0,0,0.8454037315381615,True,35.294064,-120.66754,0.0,0.0,0.0,0.0
690fd7de87825a48788a8a89,2025-10-12 20:11:49.940,foothill,Car,0.0,0.0,0.0,0.0,0.0,0.0,0.0,inf,0.0,0.0,0,0,0.8454037315381615,True,35.294064,-120.66754,0.0,0.0,0.0,0.0
690fd7de87825a48788a8a89,2025-10-12 20:11:49.940,foothill,Car,0.0,0.0,0.0,0.0,0.0,0.0,0.0,inf,0.0,0.0,0,0,0.8454037315381615,True,35.294064,-120.66754,0.0,0.0,0.0,0.0
690fd7de87825a48788a8a89,2025-10-12 20:11:49.940,foothill,Car,0.0,0.0,0.0,0.0,0.0,0.0,0.0,inf,0.0,0.0,0,0,0.8454037315381615,True,35.294064,-120.66754,0.0,0.0,0.0,0.0
690fd7de87825a48788a8a89,2025-10-12 20:11:49.940,foothill,Car,0.0,0.0,0.0,0.0,0.0,0.0,0.0,inf,0.0,0.0,0,0,0.8454037315381615,True,35.294064,-120.66754,0.0,0.0,0.0,0.0
690fd7de87825a48788a8a89,2025-10-12 20:11:49.940,foothill,Car,0.0,0.0,0.0,0.0,0.0,0.0,0.0,inf,0.0,0.0,0,0,0.8454037315381615,True,35.294064,-120.66754,0.0,0.0,0.0,0.0
690fd7de87825a48788a8a89,2025-10-12 20:11:49.940,foothill,Car,0.0,0.0,0.0,0.0,0.0,0.0,0.0,inf,0.0,0.0,0,0,0.8454037315381615,True,35.294064,-120.66754,0.0,0.0,0.0,0.0
690fd7de87825a48788a8a89,2025-10-12 20:11:49.940,foothill,Car,0.0,0.0,0.0,0.0,0.0,0.0,0.0,inf,0.0,0.0,0,0,0.8454037315381615,True,35.294064,-120.66754,0.0,0.0,0.0,0.0
690fd7de87825a48788a8a89,2025-10-12 20:11:49.940,foothill,Car,0.0,0.0,0.0,0.0,0.0,0.0,0.0,inf,0.0,0.0,0,0,0.8454037315381615,True,35.294064,-120.66754,0.0,0.0,0.0,0.0
690fd7de87825a48788a8a89,2025-10-12 20:11:49.940,foothill,Car,0.0,0.0,0.0,0.0,0.0,0.0,0.0,inf,0.0,0.0,0,0,0.8454037315381615,True,35.294064,-120.66754,0.0,0.0,0.0,0.0
690fd7de87825a48788a8a89,2025-10-12 20:11:49.940,foothill,Car,0.0,0.0,0.0,0.0,0.0,0.0,0.0,inf,0.0,0.0,0,0,0.8454037315381615,True,35.294064,-120.66754,0.0,0.0,0.0,0.0
690fd7de87825a48788a8a89,2025-10-12 20:11:49.940,foothill,Car,0.0,0.0,0.0,0.0,0.0,0.0,0.0,inf,0.0,0.0,0,0,0.8454037315381615,True,35.294064,-120.66754,0.0,0.0,0.0,0.0
690fd7de87825a48788a8a89,2025-10-12 20:11:49.940,foothill,Car,0.0,0.0,0.0,0.0,0.0,0.0,0.0,inf,0.0,0.0,0,0,0.8454037315381615,True,35.294064,-120.66754,0.0,0.0,0.0,0.0
690fd7de87825a48788a8a89,2025-10-12 20:11:49.940,foothill,Car,0.0,0.0,0.0,0.0,0.0,0.0,0.0,inf,0.0,0.0,0,0,0.8454037315381615,True,35.294064,-120.66754,0.0,0.0,0.0,0.0
690fd7de87825a48788a8a89,2025-10-12 20:11:49.940,foothill,Car,0.0,0.0,0.0,0.0,0.0,0.0,0.0,inf,0.0,0.0,0,0,0.8454037315381615,True,35.294064,-120.66754,0.0,0.0,0.0,0.0
690fd7de87825a48788a8a89,2025-10-12 20:11:49.940,foothill,Car,0.0,0.0,0.0,0.0,0.0,0.0,0.0,inf,0.0,0.0,0,0,0.8454037315381615,True,35.294064,-120.66754,0.0,0.0,0.0,0.0
690fd7de87825a48788a8a89,2025-10-12 20:11:49.940,foothill,Car,0.0,0.0,0.0,0.0,0.0,0.0,0.0,inf,0.0,0.0,0,0,0.8454037315381615,True,35.294064,-120.66754,0.0,0.0,0.0,0.0
690fd7de87825a48788a8a89,2025-10-12 20:11:49.940,foothill,Car,0.0,0.0,0.0,0.0,0.0,0.0,0.0,inf,0.0,0.0,0,0,0.8454037315381615,True,35.294064,-120.66754,0.0,0.0,0.0,0.0
690fd7de87825a48788a8a89,2025-10-12 20:11:49.940,foothill,Car,0.0,0.0,0.0,0.0,0.0,0.0,0.0,inf,0.0,0.0,0,0,0.8454037315381615,True,35.294064,-120.66754,0.0,0.0,0.0,0.0
690fd7de87825a48788a8a89,2025-10-12 20:11:49.940,foothill,Car,0.0,0.0,0.0,0.0,0.0,0.0,0.0,inf,0.0,0.0,0,0,0.8454037315381615,True,35.294064,-120.66754,0.0,0.0,0.0,0.0
690fd7de87825a48788a8a89,2025-10-12 20:11:49.940,foothill,Car,0.0,0.0,0.0,0.0,0.0,0.0,0.0,inf,0.0,0.0,0,0,0.8454037315381615,True,35.294064,-120.66754,0.0,0.0,0.0,0.0
690fd7de87825a48788a8a89,2025-10-12 20:11:49.940,foothill,Car,0.0,0.0,0.0,0.0,0.0,0.0,0.0,inf,0.0,0.0,0,0,0.8454037315381615,True,35.294064,-120.66754,0.0,0.0,0.0,0.0
690fd7de87825a48788a8a89,2025-10-12 20:11:49.940,foothill,Car,0.0,0.0,0.0,0.0,0.0,0.0,0.0,inf,0.0,0.0,0,0,0.8454037315381615,True,35.294064,-120.66754,0.0,0.0,0.0,0.0
690fd7de87825a48788a8a89,2025-10-12 20:11:49.940,foothill,Car,0.0,0.0,0.0,0.0,0.0,0.0,0.0,inf,0.0,0.0,0,0,0.8454037315381615,True,35.294064,-120.66754,0.0,0.0,0.0,0.0
690fd7de87825a48788a8a89,2025-10-12 20:11:49.940,foothill,Car,0.0,0.0,0.0,0.0,0.0,0.0,0.0,inf,0.0,0.0,0,0,0.8454037315381615,True,35.294064,-120.66754,0.0,0.0,0.0,0.0
690fd7de87825a48788a8a89,2025-10-12 20:11:49.940,foothill,Car,0.0,0.0,0.0,0.0,0.0,0.0,0.0,inf,0.0,0.0,0,0,0.8454037315381615,True,35.294064,-120.66754,0.0,0.0,0.0,0.0
690fd7de87825a48788a8a89,2025-10-12 20:11:49.940,foothill,Car,0.0,0.0,0.0,0.0,0.0,0.0,0.0,inf,0.0,0.0,0,0,0.8454037315381615,True,35.294064,-120.66754,0.0,0.0,0.0,0.0
690fd7de87825a48788a8a89,2025-10-12 20:11:49.940,foothill,Car,0.0,0.0,0.0,0.0,0.0,0.0,0.0,inf,0.0,0.0,0,0,0.8454037315381615,True,35.294064,-120.66754,0.0,0.0,0.0,0.0
690fd7de87825a48788a8a89,2025-10-12 20:11:49.940,foothill,Car,0.0,0.0,0.0,0.0,0.0,0.0,0.0,inf,0.0,0.0,0,0,0.8454037315381615,True,35.294064,-120.66754,0.0,0.0,0.0,0.0
690fd7de87825a48788a8a89,2025-10-12 20:11:49.940,foothill,Car,0.0,0.0,0.0,0.0,0.0,0.0,0.0,inf,0.0,0.0,0,0,0.8454037315381615,True,35.294064,-120.66754,0.0,0.0,0.0,0.0
690fd7de87825a48788a8a89,2025-10-12 20:11:49.940,foothill,Car,0.0,0.0,0.0,0.0,0.0,0.0,0.0,inf,0.0,0.0,0,0,0.8454037315381615,True,35.294064,-120.66754,0.0,0.0,0.0,0.0
690fd7de87825a48788a8a89,2025-10-12 20:11:49.940,foothill,Car,0.0,0.0,0.0,0.0,0.0,0.0,0.0,inf,0.0,0.0,0,0,0.8454037315381615,True,35.294064,-120.66754,0.0,0.0,0.0,0.0
690fd7de87825a48788a8a89,2025-10-12 20:11:49.940,foothill,Car,0.0,0.0,0.0,0.0,0.0,0.0,0.0,inf,0.0,0.0,0,0,0.8454037315381615,True,35.294064,-120.66754,0.0,0.0,0.0,0.0
690fd7de87825a48788a8a89,2025-10-12 20:11:49.940,foothill,Car,0.0,0.0,0.0,0.0,0.0,0.0,0.0,inf,0.0,0.0,0,0,0.8454037315381615,True,35.294064,-120.66754,0.0,0.0,0.0,0.0
690fd7de87825a48788a8a89,2025-10-12 20:11:49.940,foothill,Car,0.0,0.0,0.0,0.0,0.0,0.0,0.0,inf,0.0,0.0,0,0,0.8454037315381615,True,35.294064,-120.66754,0.0,0.0,0.0,0.0
690fd7de87825a48788a8a89,2025-10-12 20:11:49.940,foothill,Car,0.0,0.0,0.0,0.0,0.0,0.0,0.0,inf,0.0,0.0,0,0,0.8454037315381615,True,35.294064,-120.66754,0.0,0.0,0.0,0.0
690fd7de87825a48788a8a89,2025-10-12 20:11:49.940,foothill,Car,0.0,0.0,0.0,0.0,0.0,0.0,0.0,inf,0.0,0.0,0,0,0.8454037315381615,True,35.294064,-120.66754,0.0,0.0,0.0,0.0
690fd7de87825a48788a8a89,2025-10-12 20:11:49.940,foothill,Car,0.0,0.0,0.0,0.0,0.0,0.0,0.0,inf,0.0,0.0,0,0,0.8454037315381615,True,35.294064,-120.66754,0.0,0.0,0.0,0.0
690fd7de87825a48788a8a89,2025-10-12 20:11:49.940,foothill,Car,0.0,0.0,0.0,0.0,0.0,0.0,0.0,inf,0.0,0.0,0,0,0.8454037315381615,True,35.294064,-120.66754,0.0,0.0,0.0,0.0
690fd7de87825a48788a8a89,2025-10-12 20:11:49.940,foothill,Car,0.0,0.0,0.0,0.0,0.0,0.0,0.0,inf,0.0,0.0,0,0,0.8454037315381615,True,35.294064,-120.66754,0.0,0.0,0.0,0.0
690fd7de87825a48788a8a89,2025-10-12 20:11:49.940,foothill,Car,0.0,0.0,0.0,0.0,0.0,0.0,0.0,inf,0.0,0.0,0,0,0.8454037315381615,True,35.294064,-120.66754,0.0,0.0,0.0,0.0
690fd7de87825a48788a8a89,2025-10-12 20:11:49.940,foothill,Car,0.0,0.0,0.0,0.0,0.0,0.0,0.0,inf,0.0,0.0,0,0,0.8454037315381615,True,35.294064,-120.66754,0.0,0.0,0.0,0.0
690fd7de87825a48788a8a89,2025-10-12 20:11:49.940,foothill,Car,0.0,0.0,0.0,0.0,0.0,0.0,0.0,inf,0.0,0.0,0,0,0.8454037315381615,True,35.294064,-120.66754,0.0,0.0,0.0,0.0
690fd7de87825a48788a8a89,2025-10-12 20:11:49.940,foothill,Car,0.0,0.0,0.0,0.0,0.0,0.0,0.0,inf,0.0,0.0,0,0,0.8454037315381615,True,35.294064,-120.66754,0.0,0.0,0.0,0.0
690fd7de87825a48788a8a89,2025-10-12 20:11:49.940,foothill,Car,0.0,0.0,0.0,0.0,0.0,0.0,0.0,inf,0.0,0.0,0,0,0.8454037315381615,True,35.294064,-120.66754,0.0,0.0,0.0,0.0
690fd7de87825a48788a8a89,2025-10-12 20:11:49.940,foothill,Car,0.0,0.0,0.0,0.0,0.0,0.0,0.0,inf,0.0,0.0,0,0,0.8454037315381615,True,35.294064,-120.66754,0.0,0.0,0.0,0.0
690fd7de87825a48788a8a89,2025-10-12 20:11:49.940,foothill,Car,0.0,0.0,0.0,0.0,0.0,0.0,0.0,inf,0.0,0.0,0,0,0.8454037315381615,True,35.294064,-120.66754,0.0,0.0,0.0,0.0
690fd7de87825a48788a8a89,2025-10-12 20:11:49.940,foothill,Car,0.0,0.0,0.0,0.0,0.0,0.0,0.0,inf,0.0,0.0,0,0,0.8454037315381615,True,35.294064,-120.66754,0.0,0.0,0.0,0.0
690fd7de87825a48788a8a89,2025-10-12 20:11:49.940,foothill,Car,0.0,0.0,0.0,0.0,0.0,0.0,0.0,inf,0.0,0.0,0,0,0.8454037315381615,True,35.294064,-120.66754,0.0,0.0,0.0,0.0
690fd7de87825a48788a8a89,2025-10-12 20:11:49.940,foothill,Car,0.0,0.0,0.0,0.0,0.0,0.0,0.0,inf,0.0,0.0,0,0,0.8454037315381615,True,35.294064,-120.66754,0.0,0.0,0.0,0.0
690fd7de87825a48788a8a89,2025-10-12 20:11:49.940,foothill,Car,0.0,0.0,0.0,0.0,0.0,0.0,0.0,inf,0.0,0.0,0,0,0.8454037315381615,True,35.294064,-120.66754,0.0,0.0,0.0,0.0
690fd7de87825a48788a8a89,2025-10-12 20:11:49.940,foothill,Car,0.0,0.0,0.0,0.0,0.0,0.0,0.0,inf,0.0,0.0,0,0,0.8454037315381615,True,35.294064,-120.66754,0.0,0.0,0.0,0.0
690fd7de87825a48788a8a89,2025-10-12 20:11:49.940,foothill,Car,0.0,0.0,0.0,0.0,0.0,0.0,0.0,inf,0.0,0.0,0,0,0.8454037315381615,True,35.294064,-120.66754,0.0,0.0,0.0,0.0
690fd7de87825a48788a8a89,2025-10-12 20:11:49.940,foothill,Car,0.0,0.0,0.0,0.0,0.0,0.0,0.0,inf,0.0,0.0,0,0,0.8454037315381615,True,35.294064,-120.66754,0.0,0.0,0.0,0.0
690fd7de87825a48788a8a89,2025-10-12 20:11:49.940,foothill,Car,0.0,0.0,0.0,0.0,0.0,0.0,0.0,inf,0.0,0.0,0,0,0.8454037315381615,True,35.294064,-120.66754,0.0,0.0,0.0,0.0
690fd7de87825a48788a8a89,2025-10-12 20:11:49.940,foothill,Car,0.0,0.0,0.0,0.0,0.0,0.0,0.0,inf,0.0,0.0,0,0,0.8454037315381615,True,35.294064,-120.66754,0.0,0.0,0.0,0.0
690fd7de87825a48788a8a89,2025-10-12 20:11:49.940,foothill,Car,0.0,0.0,0.0,0.0,0.0,0.0,0.0,inf,0.0,0.0,0,0,0.8454037315381615,True,35.294064,-120.66754,0.0,0.0,0.0,0.0
690fd7de87825a48788a8a89,2025-10-12 20:11:49.940,foothill,Car,0.0,0.0,0.0,0.0,0.0,0.0,0.0,inf,0.0,0.0,0,0,0.8454037315381615,True,35.294064,-120.66754,0.0,0.0,0.0,0.0
690fd7de87825a48788a8a89,2025-10-12 20:11:49.940,foothill,Car,0.0,0.0,0.0,0.0,0.0,0.0,0.0,inf,0.0,0.0,0,0,0.8454037315381615,True,35.294064,-120.66754,0.0,0.0,0.0,0.0
690fd7de87825a48788a8a89,2025-10-12 20:11:49.940,foothill,Car,0.0,0.0,0.0,0.0,0.0,0.0,0.0,inf,0.0,0.0,0,0,0.8454037315381615,True,35.294064,-120.66754,0.0,0.0,0.0,0.0
690fd7de87825a48788a8a89,2025-10-12 20:11:49.940,foothill,Car,0.0,0.0,0.0,0.0,0.0,0.0,0.0,inf,0.0,0.0,0,0,0.8454037315381615,True,35.294064,-120.66754,0.0,0.0,0.0,0.0
690fd7de87825a48788a8a89,2025-10-12 20:11:49.940,foothill,Car,0.0,0.0,0.0,0.0,0.0,0.0,0.0,inf,0.0,0.0,0,0,0.8454037315381615,True,35.294064,-120.66754,0.0,0.0,0.0,0.0
690fd7de87825a48788a8a89,2025-10-12 20:11:49.940,foothill,Car,0.0,0.0,0.0,0.0,0.0,0.0,0.0,inf,0.0,0.0,0,0,0.8454037315381615,True,35.294064,-120.66754,0.0,0.0,0.0,0.0
690fd7de87825a48788a8a89,2025-10-12 20:11:49.940,foothill,Car,0.0,0.0,0.0,0.0,0.0,0.0,0.0,inf,0.0,0.0,0,0,0.8454037315381615,True,35.294064,-120.66754,0.0,0.0,0.0,0.0
690fd7de87825a48788a8a89,2025-10-12 20:11:49.940,foothill,Car,0.0,0.0,0.0,0.0,0.0,0.0,0.0,inf,0.0,0.0,0,0,0.8454037315381615,True,35.294064,-120.66754,0.0,0.0,0.0,0.0
690fd7de87825a48788a8a89,2025-10-12 20:11:49.940,foothill,Car,0.0,0.0,0.0,0.0,0.0,0.0,0.0,inf,0.0,0.0,0,0,0.8454037315381615,True,35.294064,-120.66754,0.0,0.0,0.0,0.0
690fd7de87825a48788a8a89,2025-10-12 20:11:49.940,foothill,Car,0.0,0.0,0.0,0.0,0.0,0.0,0.0,inf,0.0,0.0,0,0,0.8454037315381615,True,35.294064,-120.66754,0.0,0.0,0.0,0.0
690fd7de87825a48788a8a89,2025-10-12 20:11:49.940,foothill,Car,0.0,0.0,0.0,0.0,0.0,0.0,0.0,inf,0.0,0.0,0,0,0.8454037315381615,True,35.294064,-120.66754,0.0,0.0,0.0,0.0
690fd7de87825a48788a8a89,2025-10-12 20:11:49.940,foothill,Car,0.0,0.0,0.0,0.0,0.0,0.0,0.0,inf,0.0,0.0,0,0,0.8454037315381615,True,35.294064,-120.66754,0.0,0.0,0.0,0.0
690fd7de87825a48788a8a89,2025-10-12 20:11:49.940,foothill,Car,0.0,0.0,0.0,0.0,0.0,0.0,0.0,inf,0.0,0.0,0,0,0.8454037315381615,True,35.294064,-120.66754,0.0,0.0,0.0,0.0
690fd7de87825a48788a8a89,2025-10-12 20:11:49.940,foothill,Car,0.0,0.0,0.0,0.0,0.0,0.0,0.0,inf,0.0,0.0,0,0,0.8454037315381615,True,35.294064,-120.66754,0.0,0.0,0.0,0.0
690fd7de87825a48788a8a89,2025-10-12 20:11:49.940,foothill,Car,0.0,0.0,0.0,0.0,0.0,0.0,0.0,inf,0.0,0.0,0,0,0.8454037315381615,True,35.294064,-120.66754,0.0,0.0,0.0,0.0
690fd7de87825a48788a8a89,2025-10-12 20:11:49.940,foothill,Car,0.0,0.0,0.0,0.0,0.0,0.0,0.0,inf,0.0,0.0,0,0,0.8454037315381615,True,35.294064,-120.66754,0.0,0.0,0.0,0.0
690fd7de87825a48788a8a89,2025-10-12 20:11:49.940,foothill,Car,0.0,0.0,0.0,0.0,0.0,0.0,0.0,inf,0.0,0.0,0,0,0.8454037315381615,True,35.294064,-120.66754,0.0,0.0,0.0,0.0
690fd7de87825a48788a8a89,2025-10-12 20:11:49.940,foothill,Car,0.0,0.0,0.0,0.0,0.0,0.0,0.0,inf,0.0,0.0,0,0,0.8454037315381615,True,35.294064,-120.66754,0.0,0.0,0.0,0.0
690fd7de87825a48788a8a89,2025-10-12 20:11:49.940,foothill,Car,0.0,0.0,0.0,0.0,0.0,0.0,0.0,inf,0.0,0.0,0,0,0.8454037315381615,True,35.294064,-120.66754,0.0,0.0,0.0,0.0
690fd7de87825a48788a8a89,2025-10-12 20:11:49.940,foothill,Car,0.0,0.0,0.0,0.0,0.0,0.0,0.0,inf,0.0,0.0,0,0,0.8454037315381615,True,35.294064,-120.66754,0.0,0.0,0.0,0.0
690fd7de87825a48788a8a89,2025-10-12 20:11:49.940,foothill,Car,0.0,0.0,0.0,0.0,0.0,0.0,0.0,inf,0.0,0.0,0,0,0.8454037315381615,True,35.294064,-120.66754,0.0,0.0,0.0,0.0
690fd7de87825a48788a8a89,2025-10-12 20:11:49.940,foothill,Car,0.0,0.0,0.0,0.0,0.0,0.0,0.0,inf,0.0,0.0,0,0,0.8454037315381615,True,35.294064,-120.66754,0.0,0.0,0.0,0.0
690fd7de87825a48788a8a89,2025-10-12 20:11:49.940,foothill,Car,0.0,0.0,0.0,0.0,0.0,0.0,0.0,inf,0.0,0.0,0,0,0.8454037315381615,True,35.294064,-120.66754,0.0,0.0,0.0,0.0
690fd7de87825a48788a8a89,2025-10-12 20:11:49.940,foothill,Car,0.0,0.0,0.0,0.0,0.0,0.0,0.0,inf,0.0,0.0,0,0,0.8454037315381615,True,35.294064,-120.66754,0.0,0.0,0.0,0.0
690fd7de87825a48788a8a89,2025-10-12 20:11:49.940,foothill,Car,0.0,0.0,0.0,0.0,0.0,0.0,0.0,inf,0.0,0.0,0,0,0.8454037315381615,True,35.294064,-120.66754,0.0,0.0,0.0,0.0
690fd7de87825a48788a8a89,2025-10-12 20:11:49.940,foothill,Car,0.0,0.0,0.0,0.0,0.0,0.0,0.0,inf,0.0,0.0,0,0,0.8454037315381615,True,35.294064,-120.66754,0.0,0.0,0.0,0.0
690fd7de87825a48788a8a89,2025-10-12 20:11:49.940,foothill,Car,0.0,0.0,0.0,0.0,0.0,0.0,0.0,inf,0.0,0.0,0,0,0.8454037315381615,True,35.294064,-120.66754,0.0,0.0,0.0,0.0
690fd7de87825a48788a8a89,2025-10-12 20:11:49.940,foothill,Car,0.0,0.0,0.0,0.0,0.0,0.0,0.0,inf,0.0,0.0,0,0,0.8454037315381615,True,35.294064,-120.66754,0.0,0.0,0.0,0.0
690fd7de87825a48788a8a89,2025-10-12 20:11:49.940,foothill,Car,0.0,0.0,0.0,0.0,0.0,0.0,0.0,inf,0.0,0.0,0,0,0.8454037315381615,True,35.294064,-120.66754,0.0,0.0,0.0,0.0
690fd7de87825a48788a8a89,2025-10-12 20:11:49.940,foothill,Car,0.0,0.0,0.0,0.0,0.0,0.0,0.0,inf,0.0,0.0,0,0,0.8454037315381615,True,35.294064,-120.66754,0.0,0.0,0.0,0.0
690fd7de87825a48788a8a89,2025-10-12 20:11:49.940,foothill,Car,0.0,0.0,0.0,0.0,0.0,0.0,0.0,inf,0.0,0.0,0,0,0.8454037315381615,True,35.294064,-120.66754,0.0,0.0,0.0,0.0
690fd7de87825a48788a8a89,2025-10-12 20:11:49.940,foothill,Car,0.0,0.0,0.0,0.0,0.0,0.0,0.0,inf,0.0,0.0,0,0,0.8454037315381615,True,35.294064,-120.66754,0.0,0.0,0.0,0.0
690fd7de87825a48788a8a89,2025-10-12 20:11:49.940,foothill,Car,0.0,0.0,0.0,0.0,0.0,0.0,0.0,inf,0.0,0.0,0,0,0.8454037315381615,True,35.294064,-120.66754,0.0,0.0,0.0,0.0
690fd7de87825a48788a8a89,2025-10-12 20:11:49.940,foothill,Car,0.0,0.0,0.0,0.0,0.0,0.0,0.0,inf,0.0,0.0,0,0,0.8454037315381615,True,35.294064,-120.66754,0.0,0.0,0.0,0.0
690fd7de87825a48788a8a89,2025-10-12 20:11:49.940,foothill,Car,0.0,0.0,0.0,0.0,0.0,0.0,0.0,inf,0.0,0.0,0,0,0.8454037315381615,True,35.294064,-120.66754,0.0,0.0,0.0,0.0
690fd7de87825a48788a8a89,2025-10-12 20:11:49.940,foothill,Car,0.0,0.0,0.0,0.0,0.0,0.0,0.0,inf,0.0,0.0,0,0,0.8454037315381615,True,35.294064,-120.66754,0.0,0.0,0.0,0.0
690fd7de87825a48788a8a89,2025-10-12 20:11:49.940,foothill,Car,0.0,0.0,0.0,0.0,0.0,0.0,0.0,inf,0.0,0.0,0,0,0.8454037315381615,True,35.294064,-120.66754,0.0,0.0,0.0,0.0
690fd7de87825a48788a8a89,2025-10-12 20:11:49.940,foothill,Car,0.0,0.0,0.0,0.0,0.0,0.0,0.0,inf,0.0,0.0,0,0,0.8454037315381615,True,35.294064,-120.66754,0.0,0.0,0.0,0.0
690fd7de87825a48788a8a89,2025-10-12 20:11:49.940,foothill,Car,0.0,0.0,0.0,0.0,0.0,0.0,0.0,inf,0.0,0.0,0,0,0.8454037315381615,True,35.294064,-120.66754,0.0,0.0,0.0,0.0
690fd7de87825a48788a8a89,2025-10-12 20:11:49.940,foothill,Car,0.0,0.0,0.0,0.0,0.0,0.0,0.0,inf,0.0,0.0,0,0,0.8454037315381615,True,35.294064,-120.66754,0.0,0.0,0.0,0.0
690fd7de87825a48788a8a89,2025-10-12 20:11:49.940,foothill,Car,0.0,0.0,0.0,0.0,0.0,0.0,0.0,inf,0.0,0.0,0,0,0.8454037315381615,True,35.294064,-120.66754,0.0,0.0,0.0,0.0
690fd7de87825a48788a8a89,2025-10-12 20:11:49.940,foothill,Car,0.0,0.0,0.0,0.0,0.0,0.0,0.0,inf,0.0,0.0,0,0,0.8454037315381615,True,35.294064,-120.66754,0.0,0.0,0.0,0.0
690fd7de87825a48788a8a89,2025-10-12 20:11:49.940,foothill,Car,0.0,0.0,0.0,0.0,0.0,0.0,0.0,inf,0.0,0.0,0,0,0.8454037315381615,True,35.294064,-120.66754,0.0,0.0,0.0,0.0
690fd7de87825a48788a8a89,2025-10-12 20:11:49.940,foothill,Car,0.0,0.0,0.0,0.0,0.0,0.0,0.0,inf,0.0,0.0,0,0,0.8454037315381615,True,35.294064,-120.66754,0.0,0.0,0.0,0.0
690fd7de87825a48788a8a89,2025-10-12 20:11:49.940,foothill,Car,0.0,0.0,0.0,0.0,0.0,0.0,0.0,inf,0.0,0.0,0,0,0.8454037315381615,True,35.294064,-120.66754,0.0,0.0,0.0,0.0
690fd7de87825a48788a8a89,2025-10-12 20:11:49.940,foothill,Car,0.0,0.0,0.0,0.0,0.0,0.0,0.0,inf,0.0,0.0,0,0,0.8454037315381615,True,35.294064,-120.66754,0.0,0.0,0.0,0.0
690fd7de87825a48788a8a89,2025-10-12 20:11:49.940,foothill,Car,0.0,0.0,0.0,0.0,0.0,0.0,0.0,inf,0.0,0.0,0,0,0.8454037315381615,True,35.294064,-120.66754,0.0,0.0,0.0,0.0
690fd7de87825a48788a8a89,2025-10-12 20:11:49.940,foothill,Car,0.0,0.0,0.0,0.0,0.0,0.0,0.0,inf,0.0,0.0,0,0,0.8454037315381615,True,35.294064,-120.66754,0.0,0.0,0.0,0.0
690fd7de87825a48788a8a89,2025-10-12 20:11:49.940,foothill,Car,0.0,0.0,0.0,0.0,0.0,0.0,0.0,inf,0.0,0.0,0,0,0.8454037315381615,True,35.294064,-120.66754,0.0,0.0,0.0,0.0
690fd7de87825a48788a8a89,2025-10-12 20:11:49.940,foothill,Car,0.0,0.0,0.0,0.0,0.0,0.0,0.0,inf,0.0,0.0,0,0,0.8454037315381615,True,35.294064,-120.66754,0.0,0.0,0.0,0.0
690fd7de87825a48788a8a89,2025-10-12 20:11:49.940,foothill,Car,0.0,0.0,0.0,0.0,0.0,0.0,0.0,inf,0.0,0.0,0,0,0.8454037315381615,True,35.294064,-120.66754,0.0,0.0,0.0,0.0
690fd7de87825a48788a8a89,2025-10-12 20:11:49.940,foothill,Car,0.0,0.0,0.0,0.0,0.0,0.0,0.0,inf,0.0,0.0,0,0,0.8454037315381615,True,35.294064,-120.66754,0.0,0.0,0.0,0.0
690fd7de87825a48788a8a89,2025-10-12 20:11:49.940,foothill,Car,0.0,0.0,0.0,0.0,0.0,0.0,0.0,inf,0.0,0.0,0,0,0.8454037315381615,True,35.294064,-120.66754,0.0,0.0,0.0,0.0
690fd7de87825a48788a8a89,2025-10-12 20:11:49.940,foothill,Car,0.0,0.0,0.0,0.0,0.0,0.0,0.0,inf,0.0,0.0,0,0,0.8454037315381615,True,35.294064,-120.66754,0.0,0.0,0.0,0.0
690fd7de87825a48788a8a89,2025-10-12 20:11:49.940,foothill,Car,0.0,0.0,0.0,0.0,0.0,0.0,0.0,inf,0.0,0.0,0,0,0.8454037315381615,True,35.294064,-120.66754,0.0,0.0,0.0,0.0
690fd7de87825a48788a8a89,2025-10-12 20:11:49.940,foothill,Car,0.0,0.0,0.0,0.0,0.0,0.0,0.0,inf,0.0,0.0,0,0,0.8454037315381615,True,35.294064,-120.66754,0.0,0.0,0.0,0.0
690fd7de87825a48788a8a89,2025-10-12 20:11:49.940,foothill,Car,0.0,0.0,0.0,0.0,0.0,0.0,0.0,inf,0.0,0.0,0,0,0.8454037315381615,True,35.294064,-120.66754,0.0,0.0,0.0,0.0
690fd7de87825a48788a8a89,2025-10-12 20:11:49.940,foothill,Car,0.0,0.0,0.0,0.0,0.0,0.0,0.0,inf,0.0,0.0,0,0,0.8454037315381615,True,35.294064,-120.66754,0.0,0.0,0.0,0.0
690fd7de87825a48788a8a89,2025-10-12 20:11:49.940,foothill,Car,0.0,0.0,0.0,0.0,0.0,0.0,0.0,inf,0.0,0.0,0,0,0.8454037315381615,True,35.294064,-120.66754,0.0,0.0,0.0,0.0
690fd7de87825a48788a8a89,2025-10-12 20:11:49.940,foothill,Car,0.0,0.0,0.0,0.0,0.0,0.0,0.0,inf,0.0,0.0,0,0,0.8454037315381615,True,35.294064,-120.66754,0.0,0.0,0.0,0.0
690fd7de87825a48788a8a89,2025-10-12 20:11:49.940,foothill,Car,0.0,0.0,0.0,0.0,0.0,0.0,0.0,inf,0.0,0.0,0,0,0.8454037315381615,True,35.294064,-120.66754,0.0,0.0,0.0,0.0
690fd7de87825a48788a8a89,2025-10-12 20:11:49.940,foothill,Car,0.0,0.0,0.0,0.0,0.0,0.0,0.0,inf,0.0,0.0,0,0,0.8454037315381615,True,35.294064,-120.66754,0.0,0.0,0.0,0.0
690fd7de87825a48788a8a89,2025-10-12 20:11:49.940,foothill,Car,0.0,0.0,0.0,0.0,0.0,0.0,0.0,inf,0.0,0.0,0,0,0.8454037315381615,True,35.294064,-120.66754,0.0,0.0,0.0,0.0
690fd7de87825a48788a8a89,2025-10-12 20:11:49.940,foothill,Car,0.0,0.0,0.0,0.0,0.0,0.0,0.0,inf,0.0,0.0,0,0,0.8454037315381615,True,35.294064,-120.66754,0.0,0.0,0.0,0.0
690fd7de87825a48788a8a89,2025-10-12 20:11:49.940,foothill,Car,0.0,0.0,0.0,0.0,0.0,0.0,0.0,inf,0.0,0.0,0,0,0.8454037315381615,True,35.294064,-120.66754,0.0,0.0,0.0,0.0
690fd7de87825a48788a8a89,2025-10-12 20:11:49.940,foothill,Car,0.0,0.0,0.0,0.0,0.0,0.0,0.0,inf,0.0,0.0,0,0,0.8454037315381615,True,35.294064,-120.66754,0.0,0.0,0.0,0.0
690fd7de87825a48788a8a89,2025-10-12 20:11:49.940,foothill,Car,0.0,0.0,0.0,0.0,0.0,0.0,0.0,inf,0.0,0.0,0,0,0.8454037315381615,True,35.294064,-120.66754,0.0,0.0,0.0,0.0
690fd7de87825a48788a8a89,2025-10-12 20:11:49.940,foothill,Car,0.0,0.0,0.0,0.0,0.0,0.0,0.0,inf,0.0,0.0,0,0,0.8454037315381615,True,35.294064,-120.66754,0.0,0.0,0.0,0.0
690fd7de87825a48788a8a89,2025-10-12 20:11:49.940,foothill,Car,0.0,0.0,0.0,0.0,0.0,0.0,0.0,inf,0.0,0.0,0,0,0.8454037315381615,True,35.294064,-120.66754,0.0,0.0,0.0,0.0
690fd7de87825a48788a8a89,2025-10-12 20:11:49.940,foothill,Car,0.0,0.0,0.0,0.0,0.0,0.0,0.0,inf,0.0,0.0,0,0,0.8454037315381615,True,35.294064,-120.66754,0.0,0.0,0.0,0.0
690fd7de87825a48788a8a89,2025-10-12 20:11:49.940,foothill,Car,0.0,0.0,0.0,0.0,0.0,0.0,0.0,inf,0.0,0.0,0,0,0.8454037315381615,True,35.294064,-120.66754,0.0,0.0,0.0,0.0
690fd7de87825a48788a8a89,2025-10-12 20:11:49.940,foothill,Car,0.0,0.0,0.0,0.0,0.0,0.0,0.0,inf,0.0,0.0,0,0,0.8454037315381615,True,35.294064,-120.66754,0.0,0.0,0.0,0.0
690fd7de87825a48788a8a89,2025-10-12 20:11:49.940,foothill,Car,0.0,0.0,0.0,0.0,0.0,0.0,0.0,inf,0.0,0.0,0,0,0.8454037315381615,True,35.294064,-120.66754,0.0,0.0,0.0,0.0
690fd7de87825a48788a8a89,2025-10-12 20:11:49.940,foothill,Car,0.0,0.0,0.0,0.0,0.0,0.0,0.0,inf,0.0,0.0,0,0,0.8454037315381615,True,35.294064,-120.66754,0.0,0.0,0.0,0.0
690fd7de87825a48788a8a89,2025-10-12 20:11:49.940,foothill,Car,0.0,0.0,0.0,0.0,0.0,0.0,0.0,inf,0.0,0.0,0,0,0.8454037315381615,True,35.294064,-120.66754,0.0,0.0,0.0,0.0
690fd7de87825a48788a8a89,2025-10-12 20:11:49.940,foothill,Car,0.0,0.0,0.0,0.0,0.0,0.0,0.0,inf,0.0,0.0,0,0,0.8454037315381615,True,35.294064,-120.66754,0.0,0.0,0.0,0.0
690fd7de87825a48788a8a89,2025-10-12 20:11:49.940,foothill,Car,0.0,0.0,0.0,0.0,0.0,0.0,0.0,inf,0.0,0.0,0,0,0.8454037315381615,True,35.294064,-120.66754,0.0,0.0,0.0,0.0
690fd7de87825a48788a8a89,2025-10-12 20:11:49.940,foothill,Car,0.0,0.0,0.0,0.0,0.0,0.0,0.0,inf,0.0,0.0,0,0,0.8454037315381615,True,35.294064,-120.66754,0.0,0.0,0.0,0.0
690fd7de87825a48788a8a89,2025-10-12 20:11:49.940,foothill,Car,0.0,0.0,0.0,0.0,0.0,0.0,0.0,inf,0.0,0.0,0,0,0.8454037315381615,True,35.294064,-120.66754,0.0,0.0,0.0,0.0
690fd7de87825a48788a8a89,2025-10-12 20:11:49.940,foothill,Car,0.0,0.0,0.0,0.0,0.0,0.0,0.0,inf,0.0,0.0,0,0,0.8454037315381615,True,35.294064,-120.66754,0.0,0.0,0.0,0.0
690fd7de87825a48788a8a89,2025-10-12 20:11:49.940,foothill,Car,0.0,0.0,0.0,0.0,0.0,0.0,0.0,inf,0.0,0.0,0,0,0.8454037315381615,True,35.294064,-120.66754,0.0,0.0,0.0,0.0
690fd7de87825a48788a8a89,2025-10-12 20:11:49.940,foothill,Car,0.0,0.0,0.0,0.0,0.0,0.0,0.0,inf,0.0,0.0,0,0,0.8454037315381615,True,35.294064,-120.66754,0.0,0.0,0.0,0.0
690fd7de87825a48788a8a89,2025-10-12 20:11:49.940,foothill,Car,0.0,0.0,0.0,0.0,0.0,0.0,0.0,inf,0.0,0.0,0,0,0.8454037315381615,True,35.294064,-120.66754,0.0,0.0,0.0,0.0
690fd7de87825a48788a8a89,2025-10-12 20:11:49.940,foothill,Car,0.0,0.0,0.0,0.0,0.0,0.0,0.0,inf,0.0,0.0,0,0,0.8454037315381615,True,35.294064,-120.66754,0.0,0.0,0.0,0.0
690fd7de87825a48788a8a89,2025-10-12 20:11:49.940,foothill,Car,0.0,0.0,0.0,0.0,0.0,0.0,0.0,inf,0.0,0.0,0,0,0.8454037315381615,True,35.294064,-120.66754,0.0,0.0,0.0,0.0
690fd7de87825a48788a8a89,2025-10-12 20:11:49.940,foothill,Car,0.0,0.0,0.0,0.0,0.0,0.0,0.0,inf,0.0,0.0,0,0,0.8454037315381615,True,35.294064,-120.66754,0.0,0.0,0.0,0.0
690fd7de87825a48788a8a89,2025-10-12 20:11:49.940,foothill,Car,0.0,0.0,0.0,0.0,0.0,0.0,0.0,inf,0.0,0.0,0,0,0.8454037315381615,True,35.294064,-120.66754,0.0,0.0,0.0,0.0
690fd7de87825a48788a8a89,2025-10-12 20:11:49.940,foothill,Car,0.0,0.0,0.0,0.0,0.0,0.0,0.0,inf,0.0,0.0,0,0,0.8454037315381615,True,35.294064,-120.66754,0.0,0.0,0.0,0.0
690fd7de87825a48788a8a89,2025-10-12 20:11:49.940,foothill,Car,0.0,0.0,0.0,0.0,0.0,0.0,0.0,inf,0.0,0.0,0,0,0.8454037315381615,True,35.294064,-120.66754,0.0,0.0,0.0,0.0
690fd7de87825a48788a8a89,2025-10-12 20:11:49.940,foothill,Car,0.0,0.0,0.0,0.0,0.0,0.0,0.0,inf,0.0,0.0,0,0,0.8454037315381615,True,35.294064,-120.66754,0.0,0.0,0.0,0.0
690fd7de87825a48788a8a89,2025-10-12 20:11:49.940,foothill,Car,0.0,0.0,0.0,0.0,0.0,0.0,0.0,inf,0.0,0.0,0,0,0.8454037315381615,True,35.294064,-120.66754,0.0,0.0,0.0,0.0
690fd7de87825a48788a8a89,2025-10-12 20:11:49.940,foothill,Car,0.0,0.0,0.0,0.0,0.0,0.0,0.0,inf,0.0,0.0,0,0,0.8454037315381615,True,35.294064,-120.66754,0.0,0.0,0.0,0.0
690fd7de87825a48788a8a89,2025-10-12 20:11:49.940,foothill,Car,0.0,0.0,0.0,0.0,0.0,0.0,0.0,inf,0.0,0.0,0,0,0.8454037315381615,True,35.294064,-120.66754,0.0,0.0,0.0,0.0
690fd7de87825a48788a8a89,2025-10-12 20:11:49.940,foothill,Car,0.0,0.0,0.0,0.0,0.0,0.0,0.0,inf,0.0,0.0,0,0,0.8454037315381615,True,35.294064,-120.66754,0.0,0.0,0.0,0.0
690fd7de87825a48788a8a89,2025-10-12 20:11:49.940,foothill,Car,0.0,0.0,0.0,0.0,0.0,0.0,0.0,inf,0.0,0.0,0,0,0.8454037315381615,True,35.294064,-120.66754,0.0,0.0,0.0,0.0
690fd7de87825a48788a8a89,2025-10-12 20:11:49.940,foothill,Car,0.0,0.0,0.0,0.0,0.0,0.0,0.0,inf,0.0,0.0,0,0,0.8454037315381615,True,35.294064,-120.66754,0.0,0.0,0.0,0.0
690fd7de87825a48788a8a89,2025-10-12 20:11:49.940,foothill,Car,0.0,0.0,0.0,0.0,0.0,0.0,0.0,inf,0.0,0.0,0,0,0.8454037315381615,True,35.294064,-120.66754,0.0,0.0,0.0,0.0
690fd7de87825a48788a8a89,2025-10-12 20:11:49.940,foothill,Car,0.0,0.0,0.0,0.0,0.0,0.0,0.0,inf,0.0,0.0,0,0,0.8454037315381615,True,35.294064,-120.66754,0.0,0.0,0.0,0.0
690fd7de87825a48788a8a89,2025-10-12 20:11:49.940,foothill,Car,0.0,0.0,0.0,0.0,0.0,0.0,0.0,inf,0.0,0.0,0,0,0.8454037315381615,True,35.294064,-120.66754,0.0,0.0,0.0,0.0
690fd7de87825a48788a8a89,2025-10-12 20:11:49.940,foothill,Car,0.0,0.0,0.0,0.0,0.0,0.0,0.0,inf,0.0,0.0,0,0,0.8454037315381615,True,35.294064,-120.66754,0.0,0.0,0.0,0.0
690fd7de87825a48788a8a89,2025-10-12 20:11:49.940,foothill,Car,0.0,0.0,0.0,0.0,0.0,0.0,0.0,inf,0.0,0.0,0,0,0.8454037315381615,True,35.294064,-120.66754,0.0,0.0,0.0,0.0
690fd7de87825a48788a8a89,2025-10-12 20:11:49.940,foothill,Car,0.0,0.0,0.0,0.0,0.0,0.0,0.0,inf,0.0,0.0,0,0,0.8454037315381615,True,35.294064,-120.66754,0.0,0.0,0.0,0.0
690fd7de87825a48788a8a89,2025-10-12 20:11:49.940,foothill,Car,0.0,0.0,0.0,0.0,0.0,0.0,0.0,inf,0.0,0.0,0,0,0.8454037315381615,True,35.294064,-120.66754,0.0,0.0,0.0,0.0
690fd7de87825a48788a8a89,2025-10-12 20:11:49.940,foothill,Car,0.0,0.0,0.0,0.0,0.0,0.0,0.0,inf,0.0,0.0,0,0,0.8454037315381615,True,35.294064,-120.66754,0.0,0.0,0.0,0.0
690fd7de87825a48788a8a89,2025-10-12 20:11:49.940,foothill,Car,0.0,0.0,0.0,0.0,0.0,0.0,0.0,inf,0.0,0.0,0,0,0.8454037315381615,True,35.294064,-120.66754,0.0,0.0,0.0,0.0
690fd7de87825a48788a8a89,2025-10-12 20:11:49.940,foothill,Car,0.0,0.0,0.0,0.0,0.0,0.0,0.0,inf,0.0,0.0,0,0,0.8454037315381615,True,35.294064,-120.66754,0.0,0.0,0.0,0.0
690fd7de87825a48788a8a89,2025-10-12 20:11:49.940,foothill,Car,0.0,0.0,0.0,0.0,0.0,0.0,0.0,inf,0.0,0.0,0,0,0.8454037315381615,True,35.294064,-120.66754,0.0,0.0,0.0,0.0
690fd7de87825a48788a8a89,2025-10-12 20:11:49.940,foothill,Car,0.0,0.0,0.0,0.0,0.0,0.0,0.0,inf,0.0,0.0,0,0,0.8454037315381615,True,35.294064,-120.66754,0.0,0.0,0.0,0.0
690fd7de87825a48788a8a89,2025-10-12 20:11:49.940,foothill,Car,0.0,0.0,0.0,0.0,0.0,0.0,0.0,inf,0.0,0.0,0,0,0.8454037315381615,True,35.294064,-120.66754,0.0,0.0,0.0,0.0
690fd7de87825a48788a8a89,2025-10-12 20:11:49.940,foothill,Car,0.0,0.0,0.0,0.0,0.0,0.0,0.0,inf,0.0,0.0,0,0,0.8454037315381615,True,35.294064,-120.66754,0.0,0.0,0.0,0.0
690fd7de87825a48788a8a89,2025-10-12 20:11:49.940,foothill,Car,0.0,0.0,0.0,0.0,0.0,0.0,0.0,inf,0.0,0.0,0,0,0.8454037315381615,True,35.294064,-120.66754,0.0,0.0,0.0,0.0
690fd7de87825a48788a8a89,2025-10-12 20:11:49.940,foothill,Car,0.0,0.0,0.0,0.0,0.0,0.0,0.0,inf,0.0,0.0,0,0,0.8454037315381615,True,35.294064,-120.66754,0.0,0.0,0.0,0.0
690fd7de87825a48788a8a89,2025-10-12 20:11:49.940,foothill,Car,0.0,0.0,0.0,0.0,0.0,0.0,0.0,inf,0.0,0.0,0,0,0.8454037315381615,True,35.294064,-120.66754,0.0,0.0,0.0,0.0
690fd7de87825a48788a8a89,2025-10-12 20:11:49.940,foothill,Car,0.0,0.0,0.0,0.0,0.0,0.0,0.0,inf,0.0,0.0,0,0,0.8454037315381615,True,35.294064,-120.66754,0.0,0.0,0.0,0.0
690fd7de87825a48788a8a89,2025-10-12 20:11:49.940,foothill,Car,0.0,0.0,0.0,0.0,0.0,0.0,0.0,inf,0.0,0.0,0,0,0.8454037315381615,True,35.294064,-120.66754,0.0,0.0,0.0,0.0
690fd7de87825a48788a8a89,2025-10-12 20:11:49.940,foothill,Car,0.0,0.0,0.0,0.0,0.0,0.0,0.0,inf,0.0,0.0,0,0,0.8454037315381615,True,35.294064,-120.66754,0.0,0.0,0.0,0.0
690fd7de87825a48788a8a89,2025-10-12 20:11:49.940,foothill,Car,0.0,0.0,0.0,0.0,0.0,0.0,0.0,inf,0.0,0.0,0,0,0.8454037315381615,True,35.294064,-120.66754,0.0,0.0,0.0,0.0
690fd7de87825a48788a8a89,2025-10-12 20:11:49.940,foothill,Car,0.0,0.0,0.0,0.0,0.0,0.0,0.0,inf,0.0,0.0,0,0,0.8454037315381615,True,35.294064,-120.66754,0.0,0.0,0.0,0.0
690fd7de87825a48788a8a89,2025-10-12 20:11:49.940,foothill,Car,0.0,0.0,0.0,0.0,0.0,0.0,0.0,inf,0.0,0.0,0,0,0.8454037315381615,True,35.294064,-120.66754,0.0,0.0,0.0,0.0
690fd7de87825a48788a8a89,2025-10-12 20:11:49.940,foothill,Car,0.0,0.0,0.0,0.0,0.0,0.0,0.0,inf,0.0,0.0,0,0,0.8454037315381615,True,35.294064,-120.66754,0.0,0.0,0.0,0.0
690fd7de87825a48788a8a89,2025-10-12 20:11:49.940,foothill,Car,0.0,0.0,0.0,0.0,0.0,0.0,0.0,inf,0.0,0.0,0,0,0.8454037315381615,True,35.294064,-120.66754,0.0,0.0,0.0,0.0
690fd7de87825a48788a8a89,2025-10-12 20:11:49.940,foothill,Car,0.0,0.0,0.0,0.0,0.0,0.0,0.0,inf,0.0,0.0,0,0,0.8454037315381615,True,35.294064,-120.66754,0.0,0.0,0.0,0.0
690fd7de87825a48788a8a89,2025-10-12 20:11:49.940,foothill,Car,0.0,0.0,0.0,0.0,0.0,0.0,0.0,inf,0.0,0.0,0,0,0.8454037315381615,True,35.294064,-120.66754,0.0,0.0,0.0,0.0
690fd7de87825a48788a8a89,2025-10-12 20:11:49.940,foothill,Car,0.0,0.0,0.0,0.0,0.0,0.0,0.0,inf,0.0,0.0,0,0,0.8454037315381615,True,35.294064,-120.66754,0.0,0.0,0.0,0.0
690fd7de87825a48788a8a89,2025-10-12 20:11:49.940,foothill,Car,0.0,0.0,0.0,0.0,0.0,0.0,0.0,inf,0.0,0.0,0,0,0.8454037315381615,True,35.294064,-120.66754,0.0,0.0,0.0,0.0
690fd7de87825a48788a8a89,2025-10-12 20:11:49.940,foothill,Car,0.0,0.0,0.0,0.0,0.0,0.0,0.0,inf,0.0,0.0,0,0,0.8454037315381615,True,35.294064,-120.66754,0.0,0.0,0.0,0.0
690fd7de87825a48788a8a89,2025-10-12 20:11:49.940,foothill,Car,0.0,0.0,0.0,0.0,0.0,0.0,0.0,inf,0.0,0.0,0,0,0.8454037315381615,True,35.294064,-120.66754,0.0,0.0,0.0,0.0
690fd7de87825a48788a8a89,2025-10-12 20:11:49.940,foothill,Car,0.0,0.0,0.0,0.0,0.0,0.0,0.0,inf,0.0,0.0,0,0,0.8454037315381615,True,35.294064,-120.66754,0.0,0.0,0.0,0.0
690fd7de87825a48788a8a89,2025-10-12 20:11:49.940,foothill,Car,0.0,0.0,0.0,0.0,0.0,0.0,0.0,inf,0.0,0.0,0,0,0.8454037315381615,True,35.294064,-120.66754,0.0,0.0,0.0,0.0
690fd7de87825a48788a8a89,2025-10-12 20:11:49.940,foothill,Car,0.0,0.0,0.0,0.0,0.0,0.0,0.0,inf,0.0,0.0,0,0,0.8454037315381615,True,35.294064,-120.66754,0.0,0.0,0.0,0.0
690fd7de87825a48788a8a89,2025-10-12 20:11:49.940,foothill,Car,0.0,0.0,0.0,0.0,0.0,0.0,0.0,inf,0.0,0.0,0,0,0.8454037315381615,True,35.294064,-120.66754,0.0,0.0,0.0,0.0
690fd7de87825a48788a8a89,2025-10-12 20:11:49.940,foothill,Car,0.0,0.0,0.0,0.0,0.0,0.0,0.0,inf,0.0,0.0,0,0,0.8454037315381615,True,35.294064,-120.66754,0.0,0.0,0.0,0.0
690fd7de87825a48788a8a89,2025-10-12 20:11:49.940,foothill,Car,0.0,0.0,0.0,0.0,0.0,0.0,0.0,inf,0.0,0.0,0,0,0.8454037315381615,True,35.294064,-120.66754,0.0,0.0,0.0,0.0
690fd7de87825a48788a8a89,2025-10-12 20:11:49.940,foothill,Car,0.0,0.0,0.0,0.0,0.0,0.0,0.0,inf,0.0,0.0,0,0,0.8454037315381615,True,35.294064,-120.66754,0.0,0.0,0.0,0.0
690fd7de87825a48788a8a89,2025-10-12 20:11:49.940,foothill,Car,0.0,0.0,0.0,0.0,0.0,0.0,0.0,inf,0.0,0.0,0,0,0.8454037315381615,True,35.294064,-120.66754,0.0,0.0,0.0,0.0
690fd7de87825a48788a8a89,2025-10-12 20:11:49.940,foothill,Car,0.0,0.0,0.0,0.0,0.0,0.0,0.0,inf,0.0,0.0,0,0,0.8454037315381615,True,35.294064,-120.66754,0.0,0.0,0.0,0.0
690fd7de87825a48788a8a89,2025-10-12 20:11:49.940,foothill,Car,0.0,0.0,0.0,0.0,0.0,0.0,0.0,inf,0.0,0.0,0,0,0.8454037315381615,True,35.294064,-120.66754,0.0,0.0,0.0,0.0
690fd7de87825a48788a8a89,2025-10-12 20:11:49.940,foothill,Car,0.0,0.0,0.0,0.0,0.0,0.0,0.0,inf,0.0,0.0,0,0,0.8454037315381615,True,35.294064,-120.66754,0.0,0.0,0.0,0.0
690fd7de87825a48788a8a89,2025-10-12 20:11:49.940,foothill,Car,0.0,0.0,0.0,0.0,0.0,0.0,0.0,inf,0.0,0.0,0,0,0.8454037315381615,True,35.294064,-120.66754,0.0,0.0,0.0,0.0
690fd7de87825a48788a8a89,2025-10-12 20:11:49.940,foothill,Car,0.0,0.0,0.0,0.0,0.0,0.0,0.0,inf,0.0,0.0,0,0,0.8454037315381615,True,35.294064,-120.66754,0.0,0.0,0.0,0.0
690fd7de87825a48788a8a89,2025-10-12 20:11:49.940,foothill,Car,0.0,0.0,0.0,0.0,0.0,0.0,0.0,inf,0.0,0.0,0,0,0.8454037315381615,True,35.294064,-120.66754,0.0,0.0,0.0,0.0
690fd7de87825a48788a8a89,2025-10-12 20:11:49.940,foothill,Car,0.0,0.0,0.0,0.0,0.0,0.0,0.0,inf,0.0,0.0,0,0,0.8454037315381615,True,35.294064,-120.66754,0.0,0.0,0.0,0.0
690fd7de87825a48788a8a89,2025-10-12 20:11:49.940,foothill,Car,0.0,0.0,0.0,0.0,0.0,0.0,0.0,inf,0.0,0.0,0,0,0.8454037315381615,True,35.294064,-120.66754,0.0,0.0,0.0,0.0
690fd7de87825a48788a8a89,2025-10-12 20:11:49.940,foothill,Car,0.0,0.0,0.0,0.0,0.0,0.0,0.0,inf,0.0,0.0,0,0,0.8454037315381615,True,35.294064,-120.66754,0.0,0.0,0.0,0.0
690fd7de87825a48788a8a89,2025-10-12 20:11:49.940,foothill,Car,0.0,0.0,0.0,0.0,0.0,0.0,0.0,inf,0.0,0.0,0,0,0.8454037315381615,True,35.294064,-120.66754,0.0,0.0,0.0,0.0
690fd7de87825a48788a8a89,2025-10-12 20:11:49.940,foothill,Car,0.0,0.0,0.0,0.0,0.0,0.0,0.0,inf,0.0,0.0,0,0,0.8454037315381615,True,35.294064,-120.66754,0.0,0.0,0.0,0.0
690fd7de87825a48788a8a89,2025-10-12 20:11:49.940,foothill,Car,0.0,0.0,0.0,0.0,0.0,0.0,0.0,inf,0.0,0.0,0,0,0.8454037315381615,True,35.294064,-120.66754,0.0,0.0,0.0,0.0
690fd7de87825a48788a8a8a,2025-10-12 20:12:18.272,foothill,Car,8.833867,0.0,0.0,0.0,0.0,0.0,0.0,inf,0.0,0.0,1,0,0.7892356253369452,True,35.294003,-120.668106,0.1,0.0,0.0,0.0
690fd7de87825a48788a8a8a,2025-10-12 20:12:18.272,foothill,Car,8.833867,0.0,0.0,0.0,0.0,0.0,0.0,inf,0.0,0.0,0,0,0.7892356253369452,True,35.294003,-120.668106,0.0,0.0,0.0,0.0
690fd7de87825a48788a8a8a,2025-10-12 20:12:18.272,foothill,Car,8.833867,0.0,0.0,90.0,90.0,0.6924216151237488,-8.833867073059082,0.0783826187252998,0.0,90.0,0,0,0.7892356253369452,True,35.294003,-120.6681,0.0,0.0,0.0,0.0
690fd7de87825a48788a8a8a,2025-10-12 20:12:18.272,foothill,Car,8.833867,0.0,0.0,0.0,-90.0,0.6924216151237488,8.833867073059082,inf,0.0,90.0,0,0,0.7892356253369452,True,35.294003,-120.66809,0.0,0.0,0.0,0.0
690fd7de87825a48788a8a8a,2025-10-12 20:12:18.272,foothill,Car,8.833867,0.0,0.0,90.0,90.0,0.6924216151237488,8.833867073059082,inf,0.0,90.0,0,0,0.7892356253369452,True,35.294003,-120.66808,0.0,0.0,0.0,0.0
690fd7de87825a48788a8a8a,2025-10-12 20:12:18.272,foothill,Car,8.833867,0.0,0.0,0.0,-90.0,0.6924216151237488,8.833867073059082,inf,0.0,90.0,0,0,0.7892356253369452,True,35.294003,-120.668076,0.0,0.0,0.0,0.0